# m1 q z
9.533628389920623647e+01 4.953066766887280759e-01 3.253942681274492599e-01
8.597166127895090426e+01 5.414441148468120968e-01 4.274236333540853972e-01
6.998981257936829081e+01 8.415523418588353177e-01 5.096652024208281340e-01
6.091890102205957191e+01 7.482545078338415090e-01 8.231590591638793253e-01
7.516095609396519706e+01 4.488594541382068814e-01 8.263218385250014064e-01
6.799434994411390676e+01 6.666900887505173845e-01 7.340090590903119994e-01
9.079217126394050297e+01 4.613761283408359670e-01 4.858256755071228561e-01
7.887562127974005932e+01 4.350108789132294262e-01 6.404073243840118224e-01
8.447387189850952893e+01 4.404168317557676793e-01 4.912728105993764416e-01
1.058248665377027891e+02 2.395207823489005905e-01 4.161753919426512405e-01
6.288100076746663802e+01 6.844204671696753062e-01 6.872681540925678068e-01
8.139287292062154222e+01 3.789559448889060489e-01 4.694434799781830314e-01
6.349926386195085115e+01 7.195293962587981929e-01 6.386584801993132610e-01
6.405515175065045241e+01 5.991271425050337385e-01 8.275343964141559372e-01
8.660857602812937728e+01 6.158339679414942536e-01 3.247940126178311404e-01
1.040242537809648127e+02 1.928912289994882123e-01 3.562373474812142171e-01
6.636898854385879076e+01 5.331229371803570816e-01 7.362292515434422091e-01
8.505658526495622596e+01 5.147785962915758518e-01 3.228396487236733226e-01
7.735858921341277039e+01 5.483679452682209687e-01 5.577488696326836637e-01
5.875465912257723744e+01 7.910576947265957060e-01 7.448960081125798327e-01
5.909835950658924020e+01 6.776556944306068031e-01 7.725681728060712627e-01
8.779261870386768862e+01 3.301576249813382713e-01 6.714685041323928960e-01
6.944053797049130594e+01 7.170676032781633236e-01 5.556917596704922246e-01
7.214618814277697822e+01 6.072650023149747112e-01 5.050355952494901546e-01
7.196129164458564276e+01 4.603628915411260292e-01 6.738888489650093350e-01
9.946356347877238591e+01 5.118106503271009355e-01 2.221214464245542808e-01
7.854628290552979308e+01 3.288079869788561038e-01 4.943289498606985299e-01
5.750032700544448971e+01 7.156097094420124094e-01 6.733938833506162291e-01
9.166023797499273940e+01 2.218280647406841444e-01 4.758318498687863496e-01
6.924626642178475322e+01 4.312651088295343937e-01 6.567023407019780823e-01
5.109014093780628230e+01 9.764988578417423959e-01 6.092859471164565610e-01
7.633954940503465991e+01 6.966807053697647856e-01 5.771950426203666940e-01
7.206926669963212362e+01 6.374322122851723282e-01 5.730494948860294091e-01
7.711756793137594457e+01 6.040351759181180613e-01 5.688297117619881549e-01
6.372646761907076751e+01 7.505128323302481252e-01 8.223732902545646262e-01
5.365841089664510832e+01 6.544606645205722772e-01 1.185833009414602568e+00
6.347674316455247379e+01 8.154566327157313221e-01 6.479390223239306357e-01
7.966041725191934120e+01 3.477508301737670116e-01 4.868352476546585206e-01
6.797615753917325776e+01 6.931831135819535028e-01 7.272634923046766842e-01
6.570109786752786363e+01 6.059583855167243183e-01 7.071072597611726129e-01
6.963065421357040918e+01 7.999584734641091988e-01 4.891992557412835341e-01
7.781248155708701120e+01 4.836265540001376539e-01 5.822290985648183037e-01
7.397313491245135708e+01 4.890674342153901177e-01 6.352022486332195017e-01
5.642314472377027101e+01 7.355994666709527730e-01 8.801907617456836697e-01
6.374413806196322696e+01 8.223946924841538664e-01 5.354265466625308667e-01
7.878731985118672299e+01 4.341070416598294957e-01 7.019863572843935140e-01
7.529110720688076697e+01 3.326938024582104525e-01 7.930933369746212547e-01
8.651164676515401197e+01 5.677879873150910583e-01 3.662086996271797790e-01
7.178121819148627480e+01 4.786483713381379235e-01 4.222958106126256106e-01
7.127209203731347031e+01 4.270148124244315113e-01 7.607840061491500938e-01
7.193186538512360073e+01 5.405243209435917073e-01 5.772375262250922789e-01
7.824164704745419385e+01 7.219874949680658016e-01 4.399348973293173981e-01
6.778107636374429035e+01 6.289062453759561855e-01 6.778365627610432043e-01
8.326630433335608927e+01 3.763552908202512648e-01 5.767512979548421459e-01
6.982622456328627436e+01 5.209712518773043088e-01 7.636108506658650930e-01
8.457309619274610668e+01 3.525827913332914010e-01 4.890837026494712081e-01
8.484647813847197995e+01 3.739396406788829674e-01 3.235310700983163312e-01
7.164977371348942370e+01 5.048606579260840332e-01 5.470927283768588500e-01
5.991507712197655877e+01 5.719899716824872193e-01 1.000961640406054176e+00
8.242009314546348264e+01 4.205490364940426273e-01 3.019446970571167954e-01
6.538286862052738968e+01 6.258680173457346063e-01 8.270491280746183893e-01
8.507434674826895105e+01 2.716484657010188597e-01 3.956319373564282094e-01
6.804127167217238537e+01 5.301045199101324101e-01 8.232189854024701825e-01
8.934550856376705497e+01 6.168520947609646976e-01 3.437989872944915981e-01
8.099482547073638727e+01 4.829752165563749311e-01 3.419631950776970686e-01
7.276348971161387169e+01 5.448466565036971243e-01 9.111345477867790477e-01
5.679857554121347363e+01 7.458339820149093580e-01 7.360824296646298892e-01
7.109688580849103801e+01 6.619946485296931415e-01 5.370550281909834966e-01
7.600765096871531057e+01 5.102874892332743828e-01 4.498584805593413005e-01
7.614323234480691838e+01 7.503215726848887490e-01 3.939965942956071276e-01
8.037134258217993477e+01 4.034291952439246209e-01 6.187749361640322299e-01
7.258004985283112376e+01 5.346101162878343915e-01 5.996543606841489016e-01
8.355846351607162603e+01 4.360653834639808824e-01 3.936091335683815085e-01
8.980828685508404874e+01 5.025801938419366399e-01 3.733212155566508206e-01
8.107535366574501268e+01 3.423332860570974523e-01 6.743356978375710797e-01
9.142788687216003041e+01 6.021857086424947658e-01 2.878269849800337843e-01
7.534544474178444773e+01 6.611282325772692703e-01 5.155452360670721434e-01
7.116729042222469559e+01 3.888073780031980342e-01 9.334199071270694592e-01
7.807302310977689785e+01 5.213953771193577946e-01 5.899617892967496946e-01
5.414103058279174263e+01 8.215310526988065520e-01 9.081485427047142345e-01
7.465882713961877926e+01 5.895610696950138729e-01 6.007539241181243383e-01
9.052045315940576131e+01 4.314417366452410474e-01 2.879046621103662495e-01
6.972770067420118778e+01 7.889674579593587422e-01 4.008044031603120727e-01
7.687577801991875504e+01 2.919397588608905192e-01 6.036984113677431596e-01
7.802309080178518741e+01 6.157035174133661526e-01 3.584911945163858360e-01
6.566884233589479436e+01 4.494604534697476117e-01 1.020862300543758261e+00
7.064786945821475683e+01 4.615476266205571498e-01 6.725924459066747740e-01
8.159135042685394978e+01 5.827651185543816226e-01 3.399848203157965210e-01
7.529033385902232567e+01 3.342528940575008045e-01 8.009818789571639952e-01
1.087496716976074111e+02 2.099013222931008504e-01 3.945854695630805486e-01
1.135048333666799465e+02 1.643060825435522232e-01 3.934115686346963403e-01
7.303220744640347561e+01 6.009026947013660358e-01 5.595562559680374859e-01
7.966487220550077097e+01 5.214924994603731268e-01 5.140011041396476132e-01
9.161902282302945366e+01 1.488367879001651906e-01 2.151442250288640168e-01
8.366704215978874970e+01 2.719240275720303801e-01 3.152906480677776235e-01
6.718445544172317341e+01 4.869342804840774419e-01 4.281960973140128135e-01
8.630675880475727979e+01 3.515118118785756640e-01 5.921496274379833835e-01
6.954589284853688014e+01 5.521206793114992184e-01 6.735500417706298260e-01
6.656103349919075640e+01 5.567680852788713386e-01 8.505344079458603268e-01
9.107615272142058416e+01 3.287384632544356755e-01 4.869080746718805197e-01
7.506847978945913269e+01 4.825096071079567617e-01 5.267698188805463033e-01
7.595203257748374881e+01 5.031484366625001980e-01 4.758173265203074487e-01
4.541505087840668864e+01 8.571724594321088464e-01 1.065722839866782623e+00
7.168509537748977323e+01 6.752727287253396105e-01 7.254525654986737626e-01
8.333350384608644390e+01 7.580085946747999737e-01 3.871003941833336404e-01
6.806104363284320868e+01 6.943955230524930800e-01 6.705474963089823603e-01
6.907526734625088238e+01 5.267161846232664146e-01 6.163509386912668919e-01
8.470214562392496305e+01 4.138057412261500478e-01 2.227217212524304213e-01
7.563492887858521385e+01 3.158386179998136645e-01 5.894456977321670399e-01
8.915512606823605779e+01 1.818141209941217251e-01 4.045568192655772943e-01
6.277289244774080146e+01 6.495529893862513893e-01 6.890846373410598469e-01
7.186735405614810190e+01 5.823445620095195618e-01 6.957106784959089518e-01
8.751517634999713380e+01 4.007010508544732175e-01 4.988911306563625359e-01
9.199046068111778141e+01 2.817775340878738155e-01 2.870549553867474124e-01
7.823743377005413890e+01 6.028444008466629089e-01 4.375804196406193891e-01
8.239900273089487825e+01 3.626888512493128269e-01 6.334653929238274195e-01
7.350515282804472861e+01 4.816054446787126908e-01 4.399873687368877073e-01
8.930092463706914430e+01 1.910447113194786162e-01 5.054326785171480152e-01
8.545885320077276504e+01 4.271912424760594407e-01 5.966742051678789460e-01
6.320494577211823639e+01 6.397721520134785900e-01 7.030595287268579519e-01
6.323768880999244857e+01 6.065611992763526583e-01 7.659065170647945120e-01
7.502605284902854521e+01 3.837857253287764725e-01 6.142544724142590118e-01
5.354200442694856577e+01 9.827654221081555397e-01 6.075419594760240738e-01
6.640730549050037723e+01 5.948540538462235849e-01 1.009198433840707843e+00
7.205869352925223836e+01 7.433842983487155553e-01 5.852390487293948063e-01
6.802336184063952373e+01 5.779880019822415393e-01 8.659833523176549974e-01
6.855752515186428298e+01 5.461538724689570801e-01 6.699966885311361420e-01
9.937753756172180886e+01 4.199037780031161793e-01 2.272391865308129033e-01
5.540364152570136014e+01 8.654482323305439095e-01 8.467784923854747570e-01
7.920894743683810191e+01 2.666446244804749899e-01 6.904613578670513174e-01
5.085933334937804062e+01 7.235255657696112452e-01 1.001788064615589002e+00
8.656622629287041093e+01 4.212683441523756844e-01 4.055484037934502517e-01
8.534595188240004404e+01 1.885017459320960376e-01 3.707596495807393144e-01
9.558690011013874255e+01 6.538200583030426838e-01 3.655975612199230396e-01
6.157427517109186255e+01 9.051391870597194078e-01 5.898113463907471710e-01
9.586248150104682964e+01 2.013746477656826461e-01 6.477668933307316745e-01
5.313578834385330651e+01 9.597300844089017291e-01 1.071676314092572246e+00
8.596782463046764633e+01 4.815729592735459308e-01 3.796267747528065395e-01
5.883306282159086464e+01 8.342364602394238826e-01 7.568889069646655976e-01
7.846762108176119455e+01 6.274355918260516862e-01 5.867970440162270096e-01
8.349483453221377260e+01 4.097294078766711700e-01 7.024024090897924566e-01
9.226188283423192615e+01 2.432135456698699683e-01 4.229075284220588649e-01
8.485805243268049480e+01 5.270301249622368900e-01 4.179797339036678272e-01
6.590942052833044329e+01 8.711051616574209122e-01 4.840618271058328981e-01
6.498047125053172124e+01 5.045309041664719496e-01 9.362126259768306369e-01
9.670984181246994638e+01 4.016072823466163011e-01 3.257900808399802894e-01
7.076515203177287106e+01 4.499590906778909161e-01 8.036295844182121950e-01
6.006067949108897608e+01 9.152908593487124600e-01 6.861292194088711716e-01
8.674283042471255101e+01 6.441627094065085490e-01 2.923331604500628012e-01
6.594353062387006048e+01 5.976025785624733411e-01 6.960850807357307213e-01
8.746975887425631413e+01 3.016363044828265227e-01 5.822150615383797634e-01
8.137363632598729168e+01 5.316306579732712478e-01 6.008322785759278029e-01
7.291470006040326268e+01 5.017497828451418229e-01 7.779430236345900029e-01
9.007879744360849372e+01 3.493295829961895471e-01 4.219360122948556668e-01
7.154856683144429041e+01 4.028085290773379956e-01 7.081996051176748797e-01
7.220198835650211322e+01 6.034753994118022824e-01 7.560180033175074588e-01
5.426800673408605746e+01 7.911772050360480479e-01 1.118158348336734553e+00
8.260647406612771704e+01 4.420856179599112479e-01 6.154542257724996412e-01
8.014092942157265043e+01 3.802674966430811265e-01 5.321806824593188212e-01
6.411900516454724652e+01 7.945667512635194996e-01 6.159495017322204058e-01
6.470408281046348975e+01 5.578129413541145221e-01 8.003151899560847493e-01
5.633655824469564521e+01 8.333815584531987231e-01 6.824138457830822846e-01
8.521407058416410507e+01 6.050395415470292138e-01 4.815930675174962539e-01
6.256896516773318950e+01 4.110034425828184013e-01 8.211850191385664521e-01
5.839706289308080756e+01 7.254502787747336701e-01 1.237539574974937162e+00
7.734703576709326001e+01 9.181148357418654760e-01 3.724578985509092166e-01
7.009435850324722139e+01 6.061150786474618357e-01 9.565091543181107880e-01
7.325920155045280069e+01 4.554503614153098678e-01 5.843056979154356290e-01
7.747234112673302775e+01 7.913178265839616587e-01 3.211035883622670450e-01
9.338685897073804654e+01 2.886053311212982142e-01 7.755582608417282975e-01
6.756681127085450100e+01 4.315048500584122704e-01 7.272839229527259253e-01
7.153822796847006771e+01 6.153782645850101041e-01 8.189943324636286270e-01
8.450846368459087898e+01 4.541066282858031156e-01 4.627850429028950718e-01
6.774780680487332063e+01 6.406670250058001947e-01 6.607055098147766037e-01
6.091068737896002006e+01 8.098945075360680645e-01 6.295683230108204409e-01
7.759698406650132085e+01 5.424062361810617627e-01 5.953219157666513883e-01
8.173873480369014999e+01 4.697790297947783134e-01 6.328492968659761297e-01
6.606117787867808033e+01 4.747650053435839013e-01 8.134656094045871200e-01
6.339287814682064948e+01 7.535757944040067935e-01 7.055019885323059459e-01
7.166028916674336813e+01 4.199213251948109571e-01 6.289866740532484846e-01
6.829228691721844768e+01 4.415177706038223016e-01 7.001462751782067118e-01
9.357589194010880362e+01 4.579470376123130348e-01 3.705068207861059171e-01
8.087375602971232524e+01 5.608256661640294016e-01 3.774761514240106974e-01
7.975003185622827573e+01 5.216779348153197660e-01 5.142642052112287310e-01
6.116505887533234187e+01 6.749607353879749638e-01 9.553998646852522869e-01
8.323246773483229788e+01 4.931209432962659900e-01 2.470861061698930161e-01
7.991337605445856695e+01 6.176654625605406679e-01 4.985199081895481665e-01
7.472692333690127953e+01 5.448100278469951707e-01 5.989376348236437053e-01
9.885459817560990814e+01 3.826226723972001031e-01 2.838970664899920227e-01
6.547891068435900763e+01 7.820037232018459683e-01 6.063327157625316710e-01
9.018750164790158408e+01 5.837611181045783137e-01 3.713911498083740104e-01
6.612106123838303517e+01 6.042798357944800802e-01 9.740473443701196388e-01
7.074929068133535282e+01 4.894988230068172408e-01 5.724118114779278566e-01
8.280117024888519950e+01 3.659456673230639390e-01 6.428624997103139505e-01
7.970680329345751147e+01 2.829829619260912921e-01 6.197606688690385779e-01
5.928433008375661473e+01 8.252330769401252653e-01 6.995638586502563872e-01
7.903261464649531831e+01 5.737129724831900868e-01 4.548179898541682697e-01
6.472505847808157853e+01 8.290877861563638040e-01 7.654884477446770585e-01
7.775799423675883304e+01 6.196039475832409993e-01 4.585656511487671838e-01
8.924332177572352975e+01 2.996497207076961322e-01 4.476722487974972853e-01
6.614160314770036564e+01 4.335002954397570440e-01 5.685891290239853957e-01
6.565851193786865281e+01 6.368945968132049273e-01 8.816672029713066294e-01
7.899816920971292689e+01 7.788424384921903698e-01 4.147062138969601630e-01
7.144442892907764531e+01 4.302898511650198876e-01 6.234696904599256184e-01
6.170035591091812677e+01 5.178118951723380547e-01 8.419194346906058168e-01
9.139457259981762149e+01 5.798972587085384767e-01 2.389697775854586481e-01
8.190550446972733312e+01 7.364458119336928510e-01 3.659488001269712298e-01
8.100029289443969560e+01 3.246710222830782588e-01 4.477789463371665279e-01
5.867908911756410362e+01 7.671515443957694913e-01 6.994237563453801210e-01
8.171317373546568774e+01 4.656357853113133327e-01 5.059670655931325367e-01
6.615159057655317554e+01 8.162647734933696775e-01 5.645652355438919301e-01
7.341379108463146963e+01 3.664699074720563221e-01 4.758572580962364129e-01
7.948821507742330539e+01 4.091261564060677536e-01 4.709376227589441855e-01
9.829459768695916466e+01 2.485043519884322094e-01 4.355780413780281357e-01
5.889622140366680014e+01 6.668493201068010912e-01 8.027193406172005163e-01
7.256497270421942858e+01 5.466922212461488018e-01 4.471806527616552507e-01
9.468615783885381632e+01 4.017896699253848403e-01 3.741527058450140331e-01
7.238559805192036833e+01 4.789844299325845545e-01 7.668143761389165647e-01
9.113422221814899160e+01 4.674709719155913934e-01 4.143341078724605553e-01
7.445266606984959878e+01 5.954293261807409587e-01 5.385341629276492181e-01
8.697317885366447854e+01 2.310991431224776183e-01 3.232154883879876928e-01
6.470722702880148347e+01 8.613203937913070929e-01 5.117543238290057639e-01
8.638268306231682914e+01 2.197874201106622682e-01 6.088160370008377509e-01
7.198068925074673530e+01 4.862194971352132855e-01 5.277510596533572240e-01
9.109154968739342451e+01 3.556114967224523471e-01 5.441406913632584885e-01
6.745231729396672904e+01 6.975971093010018276e-01 8.393041720668582562e-01
6.330731990384428087e+01 7.922866323229647012e-01 6.785793438629474927e-01
6.338967515161848354e+01 4.512403535906913121e-01 8.023271059943432038e-01
6.367119633029756898e+01 7.492028742859471180e-01 7.039291614473925929e-01
7.321022307908594939e+01 5.039500893112445201e-01 6.168721736656369581e-01
6.183852041990078874e+01 6.289782969338634233e-01 6.195581371577764118e-01
8.593347281252862047e+01 4.964185130695386583e-01 4.369890186584485803e-01
7.745914503630083914e+01 2.430880659911038577e-01 4.307570225474420256e-01
7.854807906983734256e+01 4.741840638694731491e-01 4.538510954241562478e-01
8.011915429381592446e+01 4.635552037047896423e-01 6.104418470401169472e-01
8.470489158577012745e+01 5.716416184103979559e-01 4.379571531409752194e-01
7.306611094652886607e+01 3.720449698844011110e-01 6.145405918601319906e-01
6.657105766646481015e+01 6.828442715574224442e-01 5.448730014634860508e-01
8.028422289262323375e+01 4.976308363435133497e-01 5.235511126505784096e-01
7.237184312588895807e+01 7.638739743806011173e-01 5.434966686376143663e-01
7.397866063556872973e+01 5.510704019313373836e-01 7.494930310077745350e-01
8.707998552212859522e+01 5.325109061605116656e-01 4.657106439018843247e-01
5.259887326774036609e+01 9.275594813304545161e-01 9.956608932310975213e-01
7.096350628664025351e+01 4.128636239949965425e-01 7.001080965717714211e-01
8.081723432168557508e+01 2.666376778440550654e-01 3.758428175664516591e-01
7.078772989404959048e+01 5.074518384012252081e-01 7.349132156472628630e-01
7.064642716544736345e+01 4.288539820759159626e-01 6.387292432609883441e-01
7.245178310265211508e+01 5.182445920950884410e-01 7.340608802582433423e-01
5.614899408465453234e+01 9.376886491398299661e-01 8.486723735778075595e-01
8.584636940359922619e+01 4.584538379170715050e-01 2.977243137449243071e-01
6.178028462158696499e+01 4.853535904352664354e-01 8.554035836139449733e-01
7.981873921314515030e+01 5.929754249016416789e-01 3.624222271623795399e-01
7.020374203618037257e+01 5.169618485236237015e-01 7.411447969819052739e-01
6.637234603915976550e+01 5.664108498338621400e-01 7.273556653466464184e-01
6.972008376001026875e+01 4.908032862061086354e-01 6.440300221077269738e-01
7.875991169744003173e+01 2.667491256897742691e-01 2.355928139691280954e-01
5.999981263615494953e+01 9.918935716775045819e-01 6.745128039974553902e-01
7.606290308303817937e+01 4.801355463147675140e-01 6.913682279797210839e-01
7.195297605670056384e+01 2.387364035942542984e-01 4.341983340402919000e-01
6.703227206818895922e+01 8.632034009855642509e-01 5.375322200246422932e-01
7.198622958136154182e+01 4.746543294676718872e-01 5.003060379555546167e-01
5.766154601545955671e+01 5.540596719970398709e-01 9.891296404686069632e-01
5.668917537864803791e+01 8.123917271344046620e-01 1.015232555806422132e+00
8.352765742364310597e+01 4.742960030114785064e-01 4.885436684253969819e-01
7.539827830497961259e+01 4.756904424464110104e-01 5.401784158048826834e-01
7.469368932616245615e+01 6.133803948315885712e-01 5.528251262982066816e-01
9.341685340789283032e+01 3.684939240730997212e-01 3.407098867382586382e-01
6.648690638895726579e+01 7.803462778436957015e-01 5.949552607916436253e-01
6.758157825619001358e+01 7.529347261277613557e-01 4.232827499822149342e-01
6.609320901522545455e+01 4.662514718945873771e-01 6.939370307726864251e-01
7.230599310734270091e+01 4.496166296281581265e-01 4.959634152383060046e-01
7.306986869822553388e+01 7.329308673758350157e-01 4.759359914834588312e-01
7.144592707980304169e+01 4.130369108871901340e-01 7.799121784623194165e-01
8.657907030842656582e+01 4.743855587308406507e-01 6.170602903080109058e-01
7.748564204234892827e+01 7.657589985738806337e-01 4.701752791854651448e-01
7.846768141378817063e+01 2.340210029615924225e-01 6.186233889554945131e-01
6.898652103026870464e+01 5.109530824134133065e-01 7.260390978395259154e-01
8.274600035199746628e+01 4.265536444798039284e-01 4.922411981514491219e-01
8.574468868232622754e+01 5.130249126750621169e-01 2.763127224234060431e-01
6.477631836429553402e+01 7.907401630817788574e-01 7.576143903586564088e-01
7.687418331827372242e+01 5.486666876692677386e-01 6.114423470275627270e-01
7.172339608565616231e+01 5.274014222502748650e-01 8.011941977757792710e-01
6.457155123971860178e+01 5.138931021511070618e-01 6.116779103285270303e-01
8.878773662186547710e+01 2.650389468786927827e-01 2.888299150030103624e-01
6.533758859074241343e+01 5.058303428899590948e-01 7.523836747190310037e-01
7.491447671184704404e+01 5.196104412246415061e-01 7.675025293021778827e-01
7.910820368826666993e+01 6.228387252480434011e-01 4.335319712388321367e-01
6.935192146657026058e+01 4.241714315607568175e-01 7.661326477848600103e-01
6.615042751238082985e+01 5.396296377092882901e-01 7.078028260683593142e-01
1.074625958233319096e+02 2.058175045485016730e-01 6.137742947093522972e-01
6.551728550880578439e+01 4.789577182898053231e-01 8.464398055938843202e-01
8.178887411680352670e+01 3.905470046003879925e-01 6.540778230081912836e-01
8.473969724219236355e+01 4.759934208105817133e-01 7.978120851376164779e-01
7.371900649787225746e+01 5.035418449253166173e-01 5.921566460458788095e-01
8.785440648251355356e+01 4.015127459604680427e-01 3.357149094986352500e-01
6.193019766293089390e+01 6.642158143628684730e-01 9.785331389136953106e-01
7.687730932219149338e+01 3.726320547282174767e-01 6.933843343477367194e-01
8.229361558758792228e+01 7.307932748107716092e-01 3.915079948671864596e-01
7.793447201354599940e+01 5.505066600322016113e-01 4.260746139217829742e-01
7.563620075629218320e+01 5.601826166619936487e-01 2.812714050717496361e-01
6.152116264824515213e+01 5.771490503189268262e-01 1.026514855873748910e+00
7.596818834417169342e+01 5.048362470882205022e-01 5.648489080436692733e-01
6.451343140786781305e+01 5.864996264709469997e-01 6.305133303123675592e-01
1.085974574025775752e+02 2.740383734828878426e-01 3.232816133107861423e-01
7.622787069770501489e+01 3.422427277961015424e-01 7.826173551920032612e-01
7.967786038993443753e+01 5.419335924881525379e-01 3.866169222266852556e-01
7.813697098213238235e+01 3.603895238503064813e-01 6.442885619791898222e-01
6.867442341264793981e+01 6.108670205971707956e-01 9.122160584659013693e-01
6.246874312675734586e+01 6.789767505208585963e-01 8.804776919707485439e-01
6.705675467849177096e+01 8.556572814231453439e-01 4.125970630271732498e-01
7.361956086956584500e+01 3.203327054613459013e-01 5.605591912363337981e-01
1.107373264226983309e+02 1.981799815201815973e-01 2.328632521130919453e-01
7.676081330411867043e+01 3.756955456209185029e-01 5.941734399007945200e-01
6.285210977603077254e+01 6.140074582488810329e-01 7.304138387445145986e-01
6.617630471035506901e+01 5.850468249284813682e-01 6.494619272288512102e-01
6.776601602934773894e+01 6.886807292488524856e-01 6.888309750157077804e-01
8.227695162659449579e+01 5.587030502527007281e-01 3.456881507757684213e-01
7.893164476263918061e+01 5.620388906259872197e-01 4.701068079140604539e-01
6.242751594507602420e+01 6.431589567499771398e-01 8.298417203951162779e-01
7.369464528184401786e+01 4.497315385677514987e-01 5.620510170822872187e-01
6.388683392280572804e+01 5.091128156343910360e-01 7.536906791786976978e-01
8.233118088549821323e+01 2.825629497129099610e-01 4.593790506000957619e-01
8.050952286650671397e+01 5.888079131755030726e-01 3.658776685595772626e-01
6.568391254567269755e+01 5.108161339393159084e-01 8.751861339506767923e-01
6.899208059068224941e+01 8.858179311710343562e-01 5.615826468709338437e-01
5.782722311421163397e+01 7.962196638469173360e-01 6.661396047118280928e-01
6.627275874839310177e+01 7.698543818165223263e-01 5.820030563513969302e-01
6.832441440258435250e+01 5.631691103130971321e-01 6.413150429725347212e-01
8.661371895795771536e+01 7.097312902740130491e-01 2.447559120893929019e-01
6.939218001772782429e+01 6.108148534198869495e-01 6.419624453017517274e-01
6.630711771296248003e+01 5.784219420683752722e-01 7.058000595060345272e-01
8.589881046323822034e+01 7.345643851515767375e-01 4.714528849230420482e-01
4.537487154143438772e+01 9.598569371661451743e-01 9.582748983835115419e-01
6.251896252783182462e+01 7.629260373074595591e-01 6.589647795689360654e-01
8.501699691866417652e+01 2.802076155022304449e-01 6.479712367790558813e-01
7.570361997549777300e+01 6.573715066517621386e-01 5.216574141547898336e-01
8.706200007978846145e+01 4.973808367629836691e-01 4.278617482578079834e-01
6.474616313738651741e+01 6.018583719566621415e-01 9.706456070192397423e-01
9.741280095277778628e+01 3.280440587467471358e-01 2.712530284311888140e-01
7.845010935253236539e+01 4.353122260937843380e-01 4.803535939910559827e-01
8.277892558350566787e+01 2.754539294405319860e-01 3.396457962145822407e-01
8.192887313976865471e+01 3.029240834521514381e-01 5.557389562835757246e-01
9.614158292436592035e+01 2.429772927723296561e-01 2.300206350853751802e-01
5.202312111914992698e+01 7.286922337856225340e-01 8.857947611992635917e-01
8.117264391562039805e+01 4.972607137662503618e-01 5.876471298567552681e-01
8.351644732058024090e+01 2.950724118774687432e-01 7.373861851521440469e-01
6.825515718337122451e+01 4.361609878372414428e-01 7.952348142010519094e-01
7.388368324836839918e+01 4.938128937558189935e-01 6.661914763531059380e-01
7.377550069032727720e+01 4.664323639348909589e-01 9.057739134562149408e-01
6.012855595598917802e+01 9.123880845055282185e-01 5.956770307579073442e-01
6.406460851823381120e+01 5.728385657781838169e-01 8.485086566978411460e-01
7.492334898771460416e+01 5.143438510117229745e-01 5.979735416274889470e-01
5.900558413961736193e+01 6.181798581797715020e-01 1.042128683275184153e+00
6.742525812737744673e+01 5.518911940292574592e-01 6.276403578956750717e-01
8.085490636317844348e+01 2.859546929532781334e-01 5.213072899264472593e-01
7.335536165356468530e+01 3.961054465374408973e-01 7.534648910270220767e-01
9.553813051346375573e+01 3.535711859474739427e-01 3.970085639407838207e-01
8.053043454923430033e+01 6.958383047183979153e-01 2.357071252231474623e-01
8.253101921907129679e+01 3.054440953291363003e-01 5.358134290693855606e-01
7.630753693431981333e+01 7.557700844248598226e-01 6.954458353892812861e-01
9.912406164500276873e+01 5.628493728617706138e-01 2.478492855728692268e-01
9.477585019999040128e+01 4.114574624949318693e-01 3.243739346124641099e-01
7.523749256057942603e+01 3.696615610550206266e-01 6.398581798789843011e-01
8.651858505157676404e+01 4.180170770140422265e-01 3.678800952392215495e-01
6.854495674808039496e+01 8.447120590053049938e-01 4.468536041633792144e-01
7.335528759915024466e+01 6.435204199160490246e-01 4.860075273571449750e-01
6.770507917951465515e+01 4.881651916428628724e-01 7.761213442885059877e-01
9.109247678137181481e+01 4.782955406925847863e-01 5.101944687659597522e-01
6.390844125928337860e+01 7.046215964302037227e-01 5.361389190664325177e-01
6.896000130752462098e+01 5.080671676865824438e-01 9.560341579894414688e-01
6.306566412487573814e+01 9.144000407499131011e-01 4.270712938517424173e-01
7.407484148308185468e+01 5.288822332957375805e-01 6.793020021915431306e-01
9.481481152670747292e+01 3.066614749944796547e-01 3.040528449640788056e-01
7.937512356080080167e+01 4.808068219547412259e-01 6.745905270232148698e-01
9.664945680643882042e+01 2.529438904948639322e-01 3.293928801096647763e-01
6.320084844723324125e+01 5.319765432856221610e-01 7.702978749640899681e-01
7.663708696127827125e+01 3.495952929040004875e-01 7.890822370025069032e-01
6.100040420152571130e+01 9.586064812565585624e-01 6.980594387668404011e-01
8.617229594372936674e+01 4.254393570853957085e-01 8.038044342733164926e-01
8.081587400312953662e+01 4.888595963552304080e-01 5.748487119201157736e-01
7.318672440531730672e+01 7.507081685730625509e-01 3.954737647971580672e-01
8.299828324748278874e+01 3.675460943274935222e-01 4.277948437930033099e-01
8.165818223353285532e+01 4.803054710206344224e-01 6.140767061331005028e-01
6.290013451930079214e+01 6.409787617277902250e-01 8.465786724269132035e-01
5.921612542213745201e+01 6.946560887608735912e-01 1.137230743164297175e+00
6.043707819644109946e+01 6.433144564718445979e-01 7.555561262804412204e-01
9.063126818395021189e+01 2.239873109460421841e-01 3.112970523876772977e-01
6.552911150537238427e+01 6.809497395734659397e-01 6.051547906253567088e-01
6.612667937395265483e+01 5.472509563056251469e-01 7.853452381147162376e-01
7.115786334220359777e+01 5.246318752844424393e-01 7.168823746036186995e-01
4.917424898455491444e+01 8.478962835857154490e-01 1.079390264114679976e+00
6.674143945615890061e+01 9.255338806255245521e-01 5.470227632714388388e-01
7.895187639031904325e+01 3.687775572398306889e-01 6.943972045032223983e-01
6.057183373386612857e+01 9.077554529347142687e-01 5.499741119092450559e-01
7.336883603522015562e+01 4.024389513147966779e-01 6.967358836560354485e-01
8.996274553096566251e+01 2.608119723267657286e-01 6.613661392406424699e-01
5.503914092143558179e+01 7.262449384746845205e-01 8.304451732931946717e-01
7.315995030881965988e+01 5.024960241034081010e-01 8.599585754928502634e-01
8.849451840635433086e+01 4.565655664667145341e-01 3.326644087512494186e-01
9.270582217027624949e+01 3.441176836076230150e-01 5.203853649137089032e-01
6.763512355713608315e+01 4.562205116012561512e-01 6.177479127087285304e-01
6.194166679175933155e+01 6.525074554727171572e-01 7.884283404515308735e-01
7.136031326581723988e+01 5.921896693396134781e-01 8.965106043940589409e-01
6.622484348472791282e+01 6.306076941720488716e-01 6.558334555714144809e-01
6.371028051436923079e+01 4.918393484312439945e-01 6.180755359271965510e-01
7.976836026395424994e+01 4.811527638636383108e-01 4.765478026330608463e-01
5.961200896914820646e+01 7.889583234772276077e-01 8.807967822874248620e-01
7.520463207139978579e+01 5.203337138650929727e-01 4.990979406055185419e-01
8.070163308998999696e+01 2.931968789985832102e-01 5.734834906234089758e-01
8.293542875488047628e+01 3.633027072731176421e-01 4.755096488779718689e-01
5.925165490671484037e+01 8.209501626377863071e-01 7.703048483366773391e-01
8.181724949262245161e+01 3.527896950672687049e-01 4.251967530671391104e-01
7.237900504238905341e+01 6.588071190623381312e-01 7.375546339910440397e-01
1.018780450930960484e+02 2.139357629602633426e-01 2.696977240136037013e-01
7.971068990115178110e+01 4.811775119643771914e-01 5.593599483254577676e-01
6.501089026859381192e+01 6.813971332859330987e-01 7.386020921618045021e-01
6.017628960127663618e+01 6.638743567136297097e-01 8.893068306464236850e-01
6.413549624618346456e+01 5.543767263408436730e-01 5.610091061994031403e-01
7.457078324331904184e+01 3.680471611592676107e-01 7.532135151850049004e-01
6.009091602976643287e+01 7.982922158457917972e-01 8.152635047455299988e-01
5.979900533747050417e+01 5.457523602295795140e-01 8.791952955088537802e-01
7.398439561177120538e+01 7.320267609509314433e-01 5.708467476118374018e-01
6.242131183582088028e+01 6.905669662739937209e-01 8.926391130579834909e-01
9.151936883521661059e+01 5.674930749128407337e-01 3.554697391855765609e-01
7.887085512245354835e+01 6.235491218588150586e-01 3.320067810830887867e-01
6.818852984334910161e+01 6.117906871502687416e-01 6.551438182485528339e-01
7.039885779961196022e+01 5.092815347471559839e-01 7.083803931340288962e-01
7.667241934819574567e+01 4.779138416433664771e-01 5.625953730276834763e-01
7.559164337008951406e+01 4.084031723594026553e-01 5.282868313613027222e-01
8.732050949561583764e+01 2.752310222757706759e-01 6.958713909922650265e-01
8.082392616495957327e+01 4.245851985259601613e-01 7.696447966536732466e-01
1.097987584425209207e+02 3.402567670265165822e-01 3.577742608377357247e-01
5.711726000725830943e+01 8.146875978682462938e-01 9.913172980660217570e-01
7.550344786225413429e+01 5.014637048454735346e-01 5.606819030186417363e-01
6.655063001428131031e+01 6.046038221578418081e-01 7.521162056061295731e-01
5.946626838834350082e+01 6.422777372110586303e-01 9.968033278463698243e-01
9.422888483870254106e+01 2.763766242772202064e-01 6.346783447239878750e-01
7.321844389358338390e+01 3.818773584485478101e-01 3.884592272806645652e-01
7.385605181589937729e+01 4.844204427221761589e-01 7.787505561386786068e-01
8.020937633578704151e+01 3.743314209473344034e-01 7.356670170383350360e-01
6.317841152658549220e+01 6.330084237467138442e-01 8.545329387318308934e-01
6.050442086195459979e+01 7.476244771690245816e-01 8.166706983711421453e-01
8.515190234862696173e+01 3.373392056149289719e-01 3.726434704242660989e-01
6.306783744055571361e+01 8.000059010526365810e-01 6.128961161208301700e-01
6.155088886917653923e+01 7.143432751655365287e-01 7.666371704676774312e-01
7.488867569115402034e+01 3.718668702532380022e-01 6.727786811012396173e-01
7.138414526553822270e+01 4.516814892341262655e-01 7.527184600938762182e-01
9.743264216577694015e+01 3.138877232600635891e-01 3.531252600007401821e-01
6.019726573991817986e+01 7.310324353240024164e-01 7.529878808049382810e-01
6.762114885984040313e+01 7.160085717797409766e-01 7.762643733889834641e-01
9.991742157618287479e+01 2.870717985082973933e-01 4.362679720424438856e-01
7.427860461774540113e+01 4.181354839672403734e-01 5.612101664048267935e-01
7.526034138439965204e+01 2.776925008201355238e-01 6.365985659532286123e-01
8.059470501820987920e+01 3.584858278220873773e-01 7.345092739270699944e-01
9.471572669333612282e+01 1.938114740657031210e-01 2.702797562335349513e-01
7.090951729255181135e+01 5.138415715761386338e-01 6.773030021538726242e-01
6.886134900431929395e+01 7.617875473398822983e-01 5.813229512055717585e-01
6.271658095758755280e+01 6.051138195182818036e-01 6.578502749481712764e-01
8.176950438639022423e+01 4.409344716274947173e-01 4.906662674881925867e-01
6.752296527040606122e+01 5.912459001094060307e-01 5.209645211685609567e-01
8.108839970606233294e+01 3.883222218369573042e-01 3.643762806516053221e-01
7.282394338844697756e+01 2.718428301934046054e-01 3.689001548894445537e-01
7.322873990481693340e+01 3.615575071791813921e-01 7.633832489710584701e-01
7.388815986744130271e+01 3.766243771605344848e-01 6.857618425027858233e-01
7.783891144866265677e+01 4.523191556540240299e-01 4.900572897600575795e-01
6.938612452020728938e+01 5.283275546695804792e-01 9.418880906880905401e-01
6.744222712213831983e+01 5.958837952785130954e-01 7.914066461053964607e-01
9.463334865294982023e+01 4.179516068145084362e-01 3.580316890327027157e-01
8.293264143360046603e+01 4.933366699137307076e-01 5.583670250399991319e-01
6.094413564162273644e+01 7.101323970496213889e-01 6.624330403229767850e-01
8.746922870415950513e+01 2.360338703480543421e-01 3.508992117842441583e-01
6.097778305651854680e+01 5.777825517132094690e-01 9.661115387651842967e-01
7.749459263183435098e+01 3.829437041153384569e-01 6.116392412951763280e-01
7.327572954498378976e+01 7.254254270851598907e-01 2.379910676952123605e-01
7.653266254097427179e+01 3.708291118553194710e-01 7.188605853595033679e-01
8.528233807231815433e+01 4.042086892500033057e-01 4.034305705449059976e-01
6.275899785528653041e+01 6.580467090677032393e-01 7.028188859871542515e-01
1.110106528624106659e+02 3.398268624246777447e-01 3.239554297552452167e-01
7.811359486746729885e+01 4.607888435934806570e-01 5.536763145611337533e-01
6.429306036938652369e+01 5.920736203756206129e-01 8.899372659925292028e-01
8.328006374432008840e+01 3.347325526048337552e-01 6.620960970672875590e-01
8.708798178868751449e+01 4.656004710762777221e-01 4.190686945435712074e-01
5.148249514404442095e+01 6.642530009669539437e-01 1.236864241487879434e+00
6.715456007649910930e+01 3.683879763462416523e-01 7.712196387509662188e-01
7.461084190965314633e+01 3.920834865386898516e-01 8.990039130092878361e-01
9.715097539030735163e+01 3.913538230041694876e-01 4.005277685270658972e-01
9.731139548671413309e+01 1.941159544458818387e-01 5.721494789920673618e-01
7.833552814854819246e+01 8.045355644716780663e-01 3.021789758405786230e-01
7.509502425172391327e+01 9.134610588961341593e-01 2.718795312750386106e-01
5.730889629851237999e+01 6.494456795949121730e-01 7.857933335924709439e-01
9.096786712225822669e+01 6.090313386949980368e-01 3.136866204509923262e-01
6.319119168582938073e+01 6.737187541636332488e-01 5.529695078680044729e-01
7.572974425742941662e+01 6.494462097309051662e-01 5.784508767904409376e-01
5.228247170387147946e+01 9.444429492220987044e-01 8.828343246377007292e-01
6.016768158014642154e+01 9.374183490460885615e-01 6.096785290103217125e-01
8.424798858108559330e+01 4.102556057280462021e-01 4.357238823491765278e-01
7.179185536976136461e+01 6.159294502797477699e-01 6.353070531911473307e-01
5.607409190706649582e+01 6.767758384775014457e-01 8.612698973040917583e-01
6.098964744634215407e+01 7.632375139487295179e-01 8.504230479186910552e-01
8.764940969420591443e+01 4.313297673871208104e-01 3.901418087095823717e-01
1.071100454426116357e+02 2.361310747783306740e-01 5.609428369365409006e-01
8.689368950174295492e+01 2.302006119906357673e-01 7.270011300478460559e-01
7.208790916419927441e+01 6.581874374510683356e-01 7.446552914106822074e-01
9.054264594465495009e+01 6.978483336961363026e-01 2.643337550567657068e-01
7.753498869643770774e+01 3.515044714829403949e-01 6.552130619855188742e-01
6.784190146032634061e+01 8.038810682605552760e-01 5.809706206946489981e-01
1.057241914315208646e+02 3.304982759496499223e-01 3.093661987336001618e-01
7.323742058850434944e+01 5.267068089954953791e-01 6.873266618190080335e-01
7.598165896193620483e+01 3.509779152098745914e-01 5.453122039542732669e-01
7.608523756648177994e+01 5.687326399164404078e-01 5.939509922398789055e-01
7.786834041342912371e+01 5.128870322065679499e-01 5.663165073308121800e-01
7.838309856690648303e+01 3.440618053932894549e-01 6.087548501993864658e-01
7.385453828789907504e+01 6.773575178593989055e-01 4.099774391068911061e-01
8.434717278198836254e+01 4.463168563694444591e-01 6.704727478633444315e-01
9.251134167702940658e+01 3.155233118813786652e-01 5.163331137950020189e-01
7.888201661227887485e+01 3.839916264585064853e-01 5.593874027903932289e-01
8.422251870843496135e+01 4.072681550688085905e-01 4.616945412929443493e-01
7.518530009182966012e+01 7.136592912337709205e-01 5.891303680088957329e-01
5.328276550589384186e+01 8.321153098760869504e-01 9.776267866437257092e-01
6.465757186802774470e+01 5.763868930677323865e-01 6.132494320656231013e-01
8.565467677471512786e+01 3.951963330466198299e-01 3.210551814176335617e-01
6.630668041934170276e+01 4.251710486967176239e-01 1.003608258339102388e+00
7.415433693850108909e+01 8.979672690873528040e-01 3.669923137705908833e-01
8.558555245347812956e+01 3.055095326150984447e-01 8.248175782693001334e-01
7.526509170073923372e+01 4.592214543340759070e-01 6.440954237838394381e-01
8.156316809827427505e+01 2.959438506515278400e-01 5.642454701056557331e-01
7.473065869005303341e+01 3.978169258554216103e-01 5.075751946434166051e-01
9.066517918781352137e+01 6.329567355643213045e-01 2.423278488389972174e-01
9.013742793121156183e+01 2.116217423851745050e-01 2.949879353484691213e-01
8.068176273291005884e+01 4.813639924313750096e-01 4.973356058991577622e-01
7.469603532967745707e+01 5.549279304937919655e-01 5.634693125124331514e-01
8.507762228209554678e+01 3.109950872117221987e-01 4.116128849963530123e-01
8.313390942936403860e+01 3.167519702839743934e-01 4.745204996730248981e-01
8.707217927723581852e+01 3.345701872933768972e-01 4.188303965578269450e-01
8.253686086250843346e+01 2.694194352893875544e-01 6.822546047003860137e-01
5.962050672565320042e+01 9.923694875338668897e-01 5.347872622203851956e-01
7.662492667132619317e+01 3.930283476562067557e-01 8.600728709732426980e-01
7.394983984577478964e+01 5.846379805361863191e-01 5.922684615007679509e-01
8.536982693138870104e+01 5.033481553827796606e-01 5.030732159018618255e-01
7.868855649455286994e+01 5.144757271535168597e-01 6.049354640048583143e-01
7.046779897204952192e+01 3.669842297070057269e-01 6.512677840344972546e-01
7.624937149217582544e+01 5.639842668381738200e-01 5.915065599369766502e-01
8.098523347486040791e+01 3.805562081657519746e-01 6.998213603901140001e-01
6.987027620503914704e+01 5.272830175449310097e-01 5.478848558494370247e-01
8.266361405176196797e+01 2.873449215873083440e-01 4.355432757734282734e-01
8.320332790303181980e+01 2.706268044615128820e-01 4.133223688439895405e-01
7.821003411572237951e+01 4.438252455399301910e-01 4.010441065628515545e-01
8.298028327414824901e+01 6.651235525594302311e-01 2.442648008242710445e-01
8.942345196585704059e+01 6.102998328960200780e-01 3.101164724359812275e-01
6.020687075382180353e+01 6.825902567024637602e-01 7.520772751281075141e-01
6.414638700279795103e+01 9.044849926742652979e-01 4.732715311694941640e-01
6.801597137797200787e+01 7.690223281058256033e-01 5.944205731439369256e-01
6.593460726748563161e+01 8.597891799020698222e-01 5.810534046545716702e-01
7.263640872381085956e+01 4.857012066028547626e-01 6.174485970463811091e-01
7.687428115144665242e+01 5.152988743706294894e-01 5.958954630858305235e-01
7.334604252196372443e+01 7.914042417490295689e-01 4.438273894379687889e-01
7.132275491322205596e+01 6.588026060613800805e-01 6.616634890579791151e-01
6.958834918328190611e+01 6.333946082229841013e-01 4.224476193468442720e-01
8.356833664561123953e+01 3.162877415024606953e-01 4.706505456345758120e-01
6.485377871384504544e+01 6.635218385423027332e-01 7.080881122989797216e-01
7.581032108953949944e+01 4.594305521990937891e-01 6.804666972005052328e-01
7.053826867393753730e+01 3.407902548549157640e-01 5.126245066334219613e-01
8.191600266072300940e+01 7.120097409931570587e-01 4.663392698951376314e-01
6.678126393231917746e+01 5.243267614408732014e-01 9.886663543643398055e-01
8.615259319531270421e+01 5.158290195107175791e-01 3.107189452281834408e-01
7.511373121597135594e+01 3.558808359580303282e-01 7.204326053309102473e-01
8.426445755071702592e+01 3.084787780808950775e-01 6.891525813736728567e-01
7.259099469195018628e+01 6.417820301217257439e-01 4.706850690328429065e-01
6.275505585401481312e+01 6.473215786086984336e-01 7.719246413621693170e-01
6.867649955089920866e+01 4.363218890830112828e-01 7.595913256236456190e-01
6.314629542252361460e+01 6.037825722171679121e-01 7.666336018546234810e-01
6.319195491461871228e+01 7.864690272151314554e-01 6.469287955585788508e-01
7.807346221797097030e+01 8.226156599487990384e-01 3.229070352308247571e-01
1.074255278585614519e+02 3.445830723265083106e-01 2.618109569346723231e-01
7.193252392107487481e+01 4.022159547212227904e-01 6.660653116447659006e-01
8.002568325643893843e+01 4.231143473381870357e-01 3.901701361377229449e-01
8.835886102174688972e+01 4.605966840622486291e-01 5.363422405428879269e-01
7.909295819801677396e+01 4.186654124990936698e-01 6.521686263445480858e-01
7.030747606098593394e+01 8.430077261089687912e-01 6.592921279260416378e-01
6.747733326815398414e+01 5.886251342835593370e-01 6.075515378201230554e-01
6.323385803739770950e+01 9.161413104847112576e-01 7.229061422986674534e-01
8.241950792618753496e+01 3.150179815276136219e-01 9.758883580198219887e-01
6.329816513475660855e+01 4.041666849537821071e-01 7.565199727610518732e-01
8.089994787949510169e+01 4.607937130278094151e-01 4.856530670248777604e-01
7.034976789490649196e+01 4.999885634083262032e-01 9.727232362668943866e-01
7.803487738909609561e+01 7.376200655006193152e-01 4.385537560454180195e-01
8.021066219147802201e+01 3.349035962350378481e-01 5.386311684060105520e-01
7.770583762603430955e+01 2.249116953246611816e-01 5.397443242122730300e-01
7.716958743140467902e+01 5.612820235339017749e-01 4.991636437464634368e-01
8.113695137092268794e+01 3.750691185829276297e-01 4.619675432739098198e-01
8.183477274046377659e+01 4.574435074025325343e-01 3.876249043441458708e-01
8.560550542418461362e+01 5.111276814730340012e-01 6.676394442418487341e-01
8.569327532091530486e+01 3.394886594331842922e-01 6.212487682807218414e-01
8.363076773603245329e+01 2.555411842504030084e-01 5.422502239445923244e-01
6.887703053530225361e+01 4.994706677096688585e-01 7.601386193835965033e-01
5.910565123313291025e+01 8.540437659220961875e-01 7.168734486159855646e-01
7.787126197620854384e+01 3.819864189488059170e-01 7.349064319400226974e-01
6.301286024448956624e+01 5.264852793818555199e-01 8.087856037127937325e-01
7.565650301185645787e+01 4.069800725353676651e-01 8.236220194149983520e-01
8.784626844702789583e+01 4.767266727073166122e-01 3.909065277197617538e-01
7.496364374075147907e+01 8.374884998547464932e-01 5.591388783467833301e-01
6.472151717289216322e+01 6.473215786086984336e-01 7.180875031211683135e-01
7.377784261627483886e+01 5.353391061566835640e-01 5.253338802931702967e-01
8.644968367230887907e+01 5.391369142528257274e-01 2.636185787075380205e-01
7.629135563958290334e+01 5.379821187157861617e-01 5.901376374301841032e-01
6.714480678067423014e+01 7.435027634787716444e-01 5.834447300800622571e-01
6.134924074507998171e+01 7.456930918913846629e-01 9.521508296269012295e-01
7.481087715423709028e+01 4.561797110066733163e-01 4.425137921698875099e-01
6.124049611327392029e+01 7.958197744415564934e-01 6.939150829221655270e-01
7.305907816347112771e+01 5.709699794580191945e-01 6.401544782865787875e-01
6.412084866298586405e+01 4.419458264386429969e-01 7.987121447701250876e-01
8.235491381543829448e+01 6.669727542673300480e-01 2.384830974548232951e-01
7.210546527866964084e+01 4.872781324508434486e-01 5.908396345889067591e-01
7.066837358007158798e+01 4.489155559791166983e-01 5.766537968953819870e-01
6.048423422039792285e+01 5.279705315120308828e-01 9.851976181048289760e-01
7.197356215053710571e+01 3.339840788663679949e-01 6.319774956348613859e-01
5.340457326528879634e+01 8.568755081517313021e-01 8.021145832776865880e-01
8.941213607943321051e+01 4.305033592144669741e-01 3.864281739016015016e-01
7.422004330490830171e+01 2.944926539307399227e-01 5.509483547428328798e-01
7.820146553159565883e+01 6.181556417521945068e-01 4.024851075519323973e-01
8.017202105519481847e+01 4.284641986333251329e-01 3.988991219744307815e-01
6.998656724900847337e+01 9.394090886281933894e-01 5.265518596923964845e-01
8.779387607975181140e+01 5.677879873150910583e-01 3.462552253902161925e-01
8.952755235779784471e+01 3.907369538595691916e-01 3.375960363552145682e-01
7.426061709944306699e+01 4.399896774451530490e-01 5.534287239578390416e-01
8.525649446783712904e+01 4.012717139687953516e-01 4.160427526624860817e-01
7.371581061260023660e+01 5.759768489441770001e-01 5.120960163217449512e-01
8.022457815978661699e+01 3.018190535110940043e-01 6.200712028436772272e-01
7.726018438815594891e+01 3.561370190179668493e-01 4.227487732568072087e-01
8.097226243777485877e+01 2.901910767176346106e-01 6.498660109755373115e-01
6.948815807003464329e+01 7.542463434481696538e-01 5.867343915053498948e-01
7.526329806400788414e+01 4.605634439758418130e-01 5.650322933954321503e-01
9.048715213071032792e+01 2.155560614095315131e-01 4.377763876072425786e-01
6.084330107012346645e+01 5.878793501484066431e-01 9.869451928954326991e-01
7.267372671000570961e+01 6.105731528421196597e-01 5.568440993804009143e-01
7.067896505844237254e+01 3.477534942856162492e-01 8.522700532867266698e-01
5.435780064000210388e+01 7.518139295947516842e-01 9.255465843132679726e-01
7.502357648371194898e+01 7.546072700259744970e-01 4.447075571746317846e-01
6.173090643908589925e+01 9.354728121713927758e-01 7.623867339851295721e-01
5.837030247491445323e+01 8.779014598649519385e-01 6.296309043295997832e-01
9.552616571047543914e+01 3.785046796814776626e-01 2.396319702209594171e-01
8.043786523008620293e+01 4.485736994662051225e-01 5.996382900521510795e-01
8.332645787880719013e+01 5.172186809314898159e-01 4.260535595943150122e-01
6.205874536111619477e+01 9.222883618906407843e-01 6.181980286804695801e-01
1.008556024980388628e+02 2.882601141560676705e-01 2.485838715668471921e-01
9.084039186137131594e+01 3.203017981720176488e-01 2.954474156905093074e-01
9.791571102540181926e+01 5.466123356598351357e-01 2.341873268602148728e-01
9.211881151634663922e+01 5.672571270424890955e-01 3.634138979383996215e-01
7.155719319712166282e+01 4.221425536398456524e-01 5.635130959413279239e-01
7.155558511858475867e+01 7.903036401710967773e-01 4.216959884268373093e-01
5.964710451461633767e+01 7.650454801176296282e-01 7.156026247212623481e-01
5.993054179259362968e+01 8.234953693563668020e-01 6.441502944443202594e-01
9.144437865523278219e+01 3.465104179290662834e-01 4.208097367917625342e-01
5.859977595556465246e+01 8.736932079947936636e-01 8.216113232011800216e-01
7.293917960673873324e+01 4.418858856025160153e-01 6.617713097931092747e-01
5.939092361181033652e+01 6.100768549396166085e-01 7.472813165410342462e-01
8.686817142348800758e+01 2.125346196690981737e-01 4.179408405182232777e-01
8.013886204971677785e+01 2.777004836564022638e-01 5.444781325197755040e-01
6.583377519742909101e+01 4.720987980456290423e-01 7.516557755388880713e-01
7.205328498164911366e+01 4.716254409660865510e-01 6.827470412095447694e-01
8.206792361771894662e+01 4.903472031238048090e-01 3.878826181268631990e-01
7.380181387739001764e+01 4.577247063691181062e-01 7.274767703029222377e-01
6.542067912158789511e+01 5.933091168490577383e-01 9.187992734551768681e-01
6.238187458398947882e+01 8.553020044961423540e-01 4.882685342030732567e-01
6.925384663676440766e+01 4.944430658537229406e-01 7.900556474358891856e-01
8.339116363711423219e+01 5.152882991179323913e-01 3.320936053128731302e-01
6.919486949896298711e+01 7.459197377108255367e-01 5.373470087940196427e-01
8.259782536938149633e+01 5.503793548091990839e-01 3.470120008975943748e-01
7.391805846979281114e+01 4.605622657664730779e-01 6.701637371201075721e-01
6.979371642289514455e+01 4.902497323515718208e-01 8.940088833721109296e-01
6.848947201752085334e+01 6.217005491799899586e-01 7.107181063217339334e-01
7.785795766763659742e+01 6.096078813993787149e-01 4.571703855547614714e-01
5.070445505227514360e+01 8.581562821969880295e-01 9.250568815399082823e-01
6.808397155387802968e+01 6.305051269884693887e-01 4.414037877939672727e-01
6.540563532421293758e+01 7.147461957053876658e-01 6.648184535541382667e-01
7.783319541663107088e+01 3.797441691495174743e-01 6.381036941451436739e-01
5.385868223936196131e+01 8.503959749323366513e-01 8.145307585799482775e-01
7.882145470951586219e+01 6.693192667618244052e-01 4.150896188143318177e-01
9.338089516153358716e+01 4.456695523890786270e-01 3.066103237990666086e-01
7.561420813779660932e+01 4.038146413284259273e-01 4.585180468087747818e-01
8.285969146339550662e+01 7.210467772243788209e-01 2.979809063377936162e-01
6.895311332131031179e+01 6.961432028765919267e-01 5.720069272886365574e-01
5.843139793299000218e+01 7.751105193908460755e-01 7.463387235650331686e-01
8.415316579912472150e+01 2.860617477263175945e-01 6.786403333450404807e-01
6.759879833069466315e+01 4.975232203400111186e-01 8.449460323501589709e-01
6.907006303468109820e+01 7.179325886131340262e-01 5.631428474603840106e-01
6.712284890023482831e+01 5.147872239455894006e-01 9.832477294975481286e-01
6.583226128536578869e+01 6.004527963538275337e-01 6.563444617690266103e-01
6.711605621611592198e+01 5.020772910474332607e-01 7.905835508265417477e-01
9.023162484348191015e+01 2.362571336380711040e-01 4.924546436949787109e-01
9.063540017698669260e+01 5.843743020888627626e-01 3.767890441978298810e-01
7.782055735100294669e+01 5.115364268459361430e-01 4.998168314936269341e-01
8.328592854234616993e+01 4.441733323581393833e-01 5.410123684791745546e-01
8.122539743216918851e+01 4.893392694039239155e-01 5.822311362521703781e-01
7.823378020174848757e+01 3.395925486473971300e-01 7.343597869969685776e-01
6.950615287433576839e+01 5.966832655745683001e-01 7.295928396772159985e-01
6.776219060871652289e+01 4.747135108983349672e-01 5.591568130399763303e-01
9.092411163438288213e+01 4.205467402965943347e-01 3.806756472416834014e-01
9.142131517844661914e+01 3.762306211891079943e-01 3.546296102516087179e-01
7.396961551347101249e+01 3.984161525644166479e-01 4.334692429777128875e-01
7.520380202423272920e+01 7.137483005212403864e-01 3.684267633124427843e-01
7.766123003365207467e+01 4.598116132313896376e-01 5.059140833573223528e-01
7.597406421000914634e+01 5.743195568480413682e-01 4.182292635436987704e-01
6.764790973165636956e+01 5.977464339496646462e-01 8.589792536176614757e-01
5.643750121249637886e+01 8.732681640304614801e-01 8.846544664752723497e-01
7.179830905485503934e+01 7.261154208433956425e-01 5.051222744940865317e-01
6.875046108352917429e+01 5.815017974151664992e-01 8.163762212433827159e-01
7.675996876891180420e+01 2.873223337593566740e-01 5.395642121813104541e-01
6.112180068469594119e+01 7.380091503347048221e-01 8.851089473613366065e-01
6.831837133475178803e+01 7.018633304923980187e-01 6.951861593680572771e-01
6.554978625827598648e+01 6.706263592408462371e-01 5.080191373427529467e-01
8.423091584499780993e+01 5.090256591698764099e-01 4.772062613199741232e-01
7.697558192642543418e+01 2.990880103632033160e-01 7.745745620866180126e-01
7.205751116834353809e+01 4.156663306296844440e-01 6.421283330500373587e-01
9.906894764619006821e+01 3.160654074186877160e-01 3.513177708987686998e-01
7.613943957971700627e+01 2.842317568933279692e-01 5.393222906023074081e-01
7.236682666170021605e+01 3.548671850178730658e-01 5.485030085682021106e-01
8.120495493708305901e+01 2.732083256995755938e-01 7.722597759645415394e-01
5.942336273920921030e+01 6.511456063097653679e-01 8.741087214314890996e-01
7.661188431640776741e+01 5.067714193753888319e-01 5.552380778933067029e-01
8.906995578948449577e+01 2.927096302175214992e-01 5.843935892515438324e-01
4.677218323446652448e+01 9.593565475499000739e-01 9.137933717837982694e-01
7.524022326663741467e+01 4.440101502766089503e-01 6.767620286686151232e-01
8.430133897588180503e+01 4.098617197453084393e-01 6.575556564744967636e-01
8.628133116154214122e+01 3.152411365998368242e-01 7.301675068529399626e-01
7.598751910635296269e+01 4.620461201135327989e-01 8.750129813907366882e-01
6.403072394898426012e+01 5.851659578633482406e-01 9.588363509330511958e-01
6.596199305820847769e+01 8.461046214518466169e-01 5.313430326587647023e-01
7.603673748238132646e+01 4.902676134338442848e-01 3.985561944689993696e-01
7.071371924027957334e+01 8.216779351794878394e-01 5.273422770992987063e-01
6.964411803254773758e+01 4.701078516510353578e-01 5.948550411716038155e-01
7.185757724774232713e+01 4.715399166239034323e-01 6.919363170493548765e-01
7.683689396847984199e+01 3.386686053308997080e-01 8.354954107717855738e-01
8.428973028006322465e+01 3.338436950476537657e-01 4.979407101147371728e-01
7.938244376060980301e+01 5.406867307400492484e-01 4.781905170918059889e-01
1.001826039364938765e+02 5.510147047816683630e-01 2.594602793987532685e-01
7.453035243748843186e+01 5.826053536513147169e-01 5.819151608203034787e-01
9.671003221750088130e+01 1.688343217872012858e-01 5.420276961948020666e-01
8.405933106876634042e+01 3.463820042711058811e-01 4.980258684064831076e-01
8.106879130576550097e+01 4.398817338688049694e-01 3.376890623640935174e-01
7.690247424894110395e+01 6.806960223716846947e-01 4.501219551920537243e-01
1.011732342752221285e+02 4.599342648071482187e-01 3.545370718631770668e-01
8.887868813543134650e+01 2.343828331794720332e-01 4.565532728547763153e-01
6.941526436793418497e+01 8.547188776711739377e-01 5.373638936712302749e-01
6.295461338324520995e+01 5.729149073272465920e-01 8.008157466221129672e-01
7.690762697931671710e+01 3.878486007395725021e-01 5.682435609189465664e-01
7.582411482886466558e+01 6.791738041399330017e-01 6.085792116328070378e-01
8.038786934956841890e+01 4.158412336057046299e-01 4.414216563365268020e-01
6.618150901514728446e+01 5.634672555986770526e-01 8.296560641143908565e-01
6.937032052671048632e+01 5.589543304197526208e-01 6.385583943917536587e-01
9.213200928592981143e+01 3.679381505685536125e-01 3.153712483814431478e-01
6.254631936337020193e+01 5.635248909862498046e-01 8.180862734844995821e-01
9.405943689555755327e+01 2.476467535824546651e-01 3.380148582856821737e-01
8.529439985774850186e+01 3.466425355568855671e-01 4.362912175116193114e-01
7.584425535982997246e+01 4.500931997571202547e-01 6.027237310257596015e-01
6.772390612605525462e+01 9.524277566033445552e-01 6.011608912922666859e-01
7.581771094587028870e+01 7.326272450532546054e-01 4.010908083767704135e-01
8.703435689195954694e+01 3.977186150429716238e-01 3.653653728501791709e-01
6.290440882117200516e+01 7.377758354316185097e-01 4.898093630265203391e-01
5.395700228890615335e+01 6.788790897760550447e-01 1.082558868212913028e+00
5.746286211203103989e+01 8.398794691299875659e-01 5.922661992822140231e-01
8.113531188015019779e+01 4.866331027524956054e-01 5.818467791668082700e-01
7.212175721049109711e+01 3.967952653132525986e-01 3.771401366397914567e-01
7.674684883641914723e+01 5.814305390782508187e-01 7.253914929069830153e-01
5.185666101014817286e+01 7.285544426560304210e-01 9.323891432993210993e-01
7.502344637451012943e+01 4.096178021214999521e-01 6.135547732713576563e-01
7.662861540656321324e+01 5.259237506899320236e-01 4.922386825340385741e-01
6.951947128491563888e+01 7.925909149039749302e-01 4.770863921186470624e-01
7.960160104825318683e+01 2.906298367139549810e-01 6.200103050128102922e-01
7.255600965696281435e+01 3.950041208297077056e-01 5.736074983568966168e-01
7.957694221717243011e+01 5.831519145968456774e-01 5.136885529385644134e-01
7.510356172368182115e+01 4.829534970010150308e-01 6.642477899057281920e-01
8.168879158525545847e+01 4.635829335855565225e-01 3.575808828344644863e-01
8.013183270725842533e+01 5.388514734600068357e-01 3.203564767778435685e-01
5.967010124307556396e+01 8.359035043157405642e-01 8.690660119174791198e-01
7.997997425325088727e+01 3.127924636179876261e-01 5.628079443979934204e-01
6.710918493991724176e+01 5.819473853511279993e-01 1.034523582000328457e+00
7.078414516564669157e+01 5.206647373215351760e-01 6.675154044836860701e-01
5.801054565318251122e+01 5.919500058832180001e-01 8.796992773756623363e-01
7.529629647569029771e+01 5.276363023027449417e-01 5.905141310684164369e-01
5.967559167826092192e+01 9.845093527841679570e-01 7.394853892652891725e-01
7.456103994345502883e+01 3.748283672450073434e-01 7.796688375007745364e-01
7.066645754618093633e+01 6.034503843834418957e-01 8.486336487691727992e-01
6.850149798953225400e+01 5.802583184705432107e-01 6.782858431596365811e-01
9.158866460326734682e+01 5.261261545848191501e-01 2.565218106564948197e-01
5.433104411578980830e+01 9.274784399907520793e-01 9.512016967231893272e-01
5.326652594948675556e+01 9.131643581175066249e-01 7.221807283570341740e-01
5.303867139908755490e+01 8.800967301663573661e-01 9.215841273803805356e-01
5.811266161037252687e+01 5.929506334178454852e-01 9.168710954823895420e-01
6.984664372142562172e+01 6.173745620849406812e-01 6.062053422629444244e-01
7.925376059459837563e+01 3.680436693734968623e-01 4.614511913433016477e-01
9.709374286325645187e+01 5.029231778721765522e-01 2.399767449757604920e-01
7.142117099868870866e+01 3.740160139241560655e-01 5.420045860905671198e-01
6.677709708890876072e+01 6.070401952462821660e-01 7.748019353110590091e-01
1.038787301601190904e+02 3.999960575789096584e-01 3.760481754590966341e-01
6.947160014818420848e+01 4.197023243524855007e-01 7.164401096316833639e-01
6.109840568285331130e+01 6.546321725286068371e-01 7.649336050035923096e-01
7.998492747870953679e+01 4.229624546151353193e-01 6.767596386251625296e-01
7.448135002594518994e+01 3.675403743659039213e-01 8.827253511906576477e-01
6.618988067916416185e+01 4.660142846989689391e-01 8.261581531966580849e-01
6.700725057291464282e+01 5.509849149186816231e-01 7.603000915340559773e-01
8.613205047293193672e+01 3.388806700619421686e-01 4.329623637147226867e-01
7.286327884417650580e+01 8.447687550358935482e-01 4.427151438976399955e-01
7.153513491983402162e+01 5.004628620254576443e-01 5.947867843379537334e-01
5.366149696363139299e+01 9.989219600738791227e-01 5.929681610869467212e-01
7.768007909484087747e+01 3.570073783992355199e-01 5.660909776441908070e-01
5.638158203827362769e+01 6.560029528775673802e-01 9.620753438573824701e-01
9.580437137463589181e+01 4.357144043942198786e-01 3.367238971525723934e-01
6.724001808896714749e+01 5.459549736817842502e-01 8.519065453334857541e-01
8.428044420534887138e+01 3.155387736915618024e-01 6.634285433904220097e-01
8.308393933851178303e+01 4.677786799927635131e-01 3.408022256256593718e-01
1.000998798966820118e+02 3.688760920025653256e-01 3.825620080331657569e-01
6.766826049074013838e+01 5.868090555661860108e-01 9.225201837324483733e-01
8.241985800635426074e+01 3.461204241808853443e-01 7.146845928110597823e-01
1.063271882159414474e+02 3.985433957910484715e-01 2.966431688586672055e-01
9.226559883939957274e+01 2.044668381088413922e-01 4.642259567848448509e-01
7.239176040221354924e+01 4.377880547136402400e-01 5.955328163160907851e-01
6.373835462095275517e+01 7.922866323229647012e-01 6.672278432330858156e-01
6.105580775246723135e+01 6.523981747363436501e-01 8.561539206116575151e-01
8.266356052667428855e+01 3.457754473325740929e-01 6.642332906977413964e-01
6.829370414006298518e+01 5.382495778497010663e-01 5.659357530365690669e-01
7.695062406406910327e+01 6.880942666112480621e-01 4.737423889071414318e-01
7.509465590596288109e+01 6.841196794883166454e-01 4.436871726724909148e-01
7.000652299371539300e+01 6.544199903668961316e-01 7.713728632936279750e-01
6.526041580881165771e+01 9.067345753481778070e-01 6.044177299434980721e-01
9.445391513625803270e+01 4.006761300357019051e-01 5.532637217536451324e-01
8.020031207577468990e+01 3.650092184545727925e-01 6.392948620657262770e-01
6.631910728235155261e+01 6.122842869202754779e-01 5.845956682396606929e-01
8.719066121797526137e+01 3.147125347028977838e-01 4.394707052156063276e-01
7.980144792306690249e+01 3.060684549264758303e-01 7.573431602895540626e-01
6.978990956323654871e+01 4.260043295321240819e-01 6.678723327699479517e-01
6.821058900171836115e+01 4.960175025187579245e-01 8.090203087832972262e-01
6.765853746608773633e+01 5.116883287556073245e-01 7.161517621729032168e-01
7.876475754308258104e+01 6.384558941305914503e-01 6.003238134474835341e-01
7.487049409300267655e+01 5.282209837372522365e-01 5.138148801924392606e-01
8.798634497002275623e+01 5.164062632880042081e-01 4.163278754136388593e-01
9.044305482667147089e+01 3.889206538932025725e-01 2.628652740302282464e-01
8.959731745450920926e+01 3.057967142597944887e-01 6.201824747719358877e-01
8.775335671531412629e+01 2.651663684472093108e-01 4.681080544531287524e-01
8.416444188158747863e+01 3.988640226752259710e-01 4.642092843194740026e-01
6.176946123177748404e+01 6.886885424894023666e-01 7.328363523739196417e-01
8.473817414453291974e+01 5.275978187627032856e-01 2.826451602631611104e-01
7.529965312731101790e+01 8.292292412321363715e-01 4.745888247145726435e-01
8.555943889011057024e+01 2.220034366133580295e-01 4.712631260703356584e-01
7.081326104984877645e+01 5.436310509176325301e-01 5.800246103569621781e-01
7.071302726624786317e+01 7.055674208727684693e-01 5.615905607974968072e-01
8.046163712489365594e+01 4.894860365668793900e-01 5.442130489166777663e-01
6.451523182068144990e+01 6.497051150715174028e-01 8.025472863265799006e-01
7.321027269673122362e+01 7.616259976930895848e-01 6.149052333335308651e-01
7.923446661674074676e+01 3.452983993135965157e-01 7.024635052828301918e-01
6.400488267060744363e+01 6.642652584279211680e-01 7.690441451923879512e-01
7.062807818241573443e+01 4.889646804097804167e-01 5.556563210944559517e-01
8.893859843852354174e+01 4.019654484874373157e-01 3.056792496334463927e-01
7.377765001973743608e+01 3.466861395239723143e-01 5.114516911739828142e-01
9.228304839914247282e+01 5.148482467808482843e-01 3.588685982129131147e-01
9.747019926427667258e+01 3.328845582926679425e-01 6.847161015254009664e-01
5.956167063120708605e+01 8.008639945445106267e-01 7.276799871959899191e-01
7.214795384949916013e+01 6.939577627269090110e-01 6.801824572464757468e-01
8.429015464313101802e+01 4.152551630296825724e-01 4.963340897213685543e-01
7.818863837554573593e+01 2.668129737056857964e-01 5.964407592452641849e-01
7.027660592674936879e+01 7.186060921080494879e-01 7.170673180021648330e-01
8.450562559635106652e+01 3.775971038206166752e-01 4.934015719735783123e-01
7.231633639684011428e+01 5.808620288222912098e-01 6.616285652061917322e-01
6.005592860859650983e+01 8.031985078225231112e-01 7.355736888045071309e-01
8.367448623522841444e+01 2.264655266666048550e-01 5.908199894086675341e-01
7.189710824498395425e+01 4.847273802246151453e-01 7.042485369052520205e-01
7.941894495726792513e+01 5.473027283115302621e-01 5.968191360766492704e-01
7.081946823952659997e+01 4.722564604627530471e-01 8.793665328484358001e-01
7.196108157980950182e+01 4.728991527891355240e-01 8.093921627360555204e-01
7.450979587303365292e+01 4.919831937675705480e-01 7.230174893000519409e-01
5.982898590508799685e+01 5.528322111573726882e-01 1.216306647238869720e+00
5.193875650745808770e+01 9.763663040097763091e-01 9.289225526091738905e-01
8.173449145538600646e+01 4.615722846688623537e-01 5.435030222386983967e-01
7.937475499370960108e+01 3.566771499842250059e-01 7.741005876110073070e-01
6.204366194200723328e+01 9.584948623094280418e-01 6.162118933225286810e-01
6.627100998195811599e+01 4.815566499636900200e-01 7.666670495667233798e-01
8.080481916300784917e+01 4.727087735619449615e-01 5.508206079494849527e-01
6.808591765430615794e+01 5.933341870054160694e-01 7.894155235345095001e-01
6.243817636954934613e+01 5.274016152671699986e-01 8.877327216158277245e-01
6.802606516473635168e+01 6.719456641138102926e-01 6.878286779473419266e-01
8.217020069427375972e+01 3.492720522352463219e-01 5.819498810486670726e-01
8.056243365060868200e+01 5.015275333005653202e-01 6.417083454525815966e-01
6.823986074967700688e+01 5.522700018515604992e-01 5.970876997771207284e-01
8.188008716863035374e+01 5.916770853347262937e-01 4.772593555279014410e-01
6.834595434744194620e+01 6.868300707656761483e-01 6.050455194278331339e-01
5.329762586374043565e+01 8.377155601721848477e-01 7.981815100490553538e-01
7.794702477036987887e+01 3.002979113989731608e-01 5.197309256205557837e-01
6.321333306824285359e+01 6.699188773850053291e-01 8.591948053199720547e-01
7.633112211454815110e+01 3.980409828324671939e-01 6.730244481023907044e-01
6.064121365952723153e+01 8.186336753659296805e-01 6.424019657578959874e-01
7.760037694073191972e+01 5.142698473989516517e-01 6.551007537386458468e-01
7.919762508736673112e+01 5.256745225623272733e-01 4.781702757626725697e-01
6.889041799520359177e+01 6.992151847120466890e-01 6.772123102950791118e-01
7.597060657697372221e+01 6.979563835489130952e-01 3.183265272239347299e-01
6.789769753159390575e+01 4.196714610673853985e-01 5.071220311990140006e-01
7.331555788603057522e+01 8.094909533932838075e-01 4.982937103666404410e-01
8.039319957320293497e+01 7.055340338096218744e-01 2.953465479148682515e-01
6.259559590298846388e+01 6.153758153403855458e-01 8.776297072802434762e-01
6.386665610075651500e+01 6.686336847590225174e-01 6.401327629920189333e-01
7.266925752935148353e+01 4.218200186933301898e-01 6.341996394705007312e-01
6.426197959167838292e+01 6.987561182156066808e-01 7.688939554251112973e-01
6.364022066322294080e+01 5.005520121866927630e-01 1.086430864383594042e+00
7.606927219008038321e+01 3.026577880415939892e-01 4.985078433776133355e-01
7.909110779623743781e+01 4.075903277440275363e-01 5.663792323277047069e-01
7.941483327570455231e+01 3.821048971466091126e-01 6.601723968081888438e-01
6.597968032825600915e+01 5.062672818572411249e-01 6.404248438106704411e-01
7.637374856000555212e+01 3.708782774703223151e-01 6.182792281712321536e-01
7.242280013135309957e+01 3.749636588468569509e-01 8.677289980232362199e-01
8.877500297821255515e+01 4.791957566700826288e-01 4.074475811198665642e-01
7.456162184400628234e+01 4.947900035411311181e-01 6.838425333927037331e-01
9.441080359026979352e+01 2.717919851838342393e-01 3.713591723520192622e-01
6.055638027271494650e+01 6.946815891692720291e-01 6.717157826655953956e-01
6.993335551462615740e+01 4.601498191748327748e-01 8.429348660876576638e-01
7.555570507642526934e+01 5.583183248994524339e-01 6.348187783773915349e-01
8.943038665605517679e+01 3.849132457531081464e-01 4.376128950199852374e-01
8.605481621216974020e+01 3.325731692654175786e-01 6.235943022326951857e-01
7.665950105959987582e+01 4.366472396560595604e-01 7.044391026488373564e-01
5.958446411435926393e+01 4.503214417284575055e-01 8.800157957437708678e-01
8.518568254309735721e+01 7.065398315647878347e-01 3.688863630400940896e-01
8.187837630158428226e+01 3.832424463146223426e-01 5.218056443257157451e-01
6.391170011946621088e+01 5.899874443642010302e-01 9.949905067699775785e-01
8.471563174859191747e+01 3.608608109006873343e-01 3.139853294736708600e-01
9.914021927778860288e+01 5.319295804356988233e-01 2.270307281663504206e-01
8.013888603745992611e+01 5.874315725793358700e-01 3.206573484611860980e-01
8.228216598063607989e+01 2.342620274457611895e-01 7.088610068132433772e-01
6.371409865586112886e+01 7.541597990990047684e-01 8.959868338615768479e-01
7.856506655640096426e+01 5.431411376490140608e-01 5.308295289734789035e-01
6.547423212876908849e+01 5.293251545327867236e-01 6.351417878653450311e-01
7.567766952493501265e+01 4.475198462410830413e-01 8.310491766956847881e-01
6.410342484300309707e+01 5.982814374767955190e-01 4.451351571838691457e-01
7.463185540019179598e+01 5.302876841865906687e-01 5.572389282376357666e-01
7.671117284933539793e+01 5.172025452785515842e-01 5.952543984028217938e-01
7.150634073336908614e+01 4.135813283233875648e-01 8.897083177681063271e-01
8.148340150794066972e+01 3.317936341318867832e-01 4.673672653360290141e-01
7.863189891105888307e+01 4.476911898678766488e-01 5.745764562288320221e-01
8.597756240547501250e+01 2.108542286690477108e-01 4.617826797028659613e-01
9.010982835760178489e+01 3.027634925945223987e-01 3.503465386132750825e-01
8.751566841807880337e+01 3.158512593762611842e-01 4.627856898502533123e-01
6.629489966816785795e+01 6.084695456687756465e-01 5.685192592567077652e-01
7.865990410053588278e+01 5.194850898651711679e-01 4.221195873524269948e-01
6.401814608783118388e+01 5.213291630945989796e-01 9.874789029225427006e-01
7.754850532365991000e+01 2.430880659911038577e-01 4.291083401113043871e-01
6.621858439626643644e+01 6.993183607292179360e-01 6.314348858931604358e-01
9.349903557544709543e+01 2.122119925996331091e-01 5.716083772093386584e-01
6.688468068366043440e+01 6.522710212743664249e-01 7.265204864707607291e-01
7.621340039276509515e+01 4.780094810722448906e-01 6.933541089129423574e-01
6.832040918272775798e+01 5.678741690320522340e-01 5.909745489737247004e-01
7.760352616111097745e+01 4.701067127938396983e-01 6.742924553671272303e-01
7.905905789053593935e+01 6.981144898995379489e-01 3.920603384301011851e-01
1.069241718118792051e+02 2.708716821037577271e-01 3.999985872558464717e-01
7.830832966677448326e+01 5.047906092340526119e-01 4.893892907152812000e-01
6.593864257331497924e+01 5.434334722527581762e-01 8.165878277799990537e-01
8.427808163780126449e+01 5.890428603676702846e-01 2.339021652533962159e-01
6.603874134640206250e+01 5.671182101381546659e-01 7.798432347680743781e-01
5.779414755359763944e+01 6.471000553900650987e-01 8.883167753096228303e-01
1.107454072632395849e+02 1.830883160838621682e-01 1.942001701296218463e-01
7.683861142546309964e+01 7.674089042583421838e-01 5.573446192929241150e-01
1.004101025362109425e+02 6.446664281770541072e-01 2.507236874384147218e-01
7.467965342564629339e+01 5.071459496340279260e-01 5.991111872941000671e-01
6.742350573728928964e+01 7.688830556010197714e-01 7.695310537585665633e-01
6.882427541322425668e+01 5.750888230090959174e-01 7.457888203948005446e-01
7.811196447746810634e+01 5.512451193891055867e-01 4.256734216546529392e-01
7.579571251297950596e+01 6.547060374200988075e-01 4.048840068794692937e-01
8.985957130751532418e+01 3.078451685963580209e-01 6.048087614709771742e-01
8.705039505266240951e+01 1.483670742041471036e-01 3.364659327106332420e-01
7.673820026545983808e+01 5.189229696271384640e-01 3.418974089375018677e-01
8.375646179978575390e+01 4.771081133838537269e-01 5.885921781302744238e-01
4.934571885585963713e+01 8.515372097707729626e-01 1.147277472385135111e+00
5.419084375375934570e+01 8.127916295402487501e-01 8.463111193385242093e-01
8.906333406551527787e+01 2.368262456526902537e-01 5.471496596614308094e-01
7.327034384984956716e+01 3.454856618687547898e-01 7.823654302682009343e-01
5.210744488634421856e+01 9.955059464304910621e-01 7.884365895184582973e-01
7.728624846687927175e+01 4.682311176273940001e-01 4.298271433927672858e-01
8.288537547137561035e+01 6.244807252289233945e-01 3.234194129976335486e-01
7.124098266058061313e+01 4.569634683454389390e-01 6.820315934691609794e-01
9.123323364208206954e+01 5.526942916198450684e-01 3.461384075684821870e-01
7.506499535439537851e+01 8.283199038283738380e-01 3.950898704754781665e-01
6.324022287279078114e+01 6.844465673788915350e-01 6.962696164445798530e-01
6.948627305526308362e+01 4.959448740093864716e-01 6.963260402654996017e-01
7.908896954958996162e+01 5.464422078281528927e-01 4.951851457491915909e-01
5.752364491618548215e+01 7.006257474314184774e-01 9.859268017953076724e-01
8.523578882802837597e+01 7.890232856031105246e-01 2.927962300031215492e-01
7.981112407164521017e+01 6.428931864831789467e-01 5.889756309638111142e-01
6.413459661417637392e+01 4.672048650283184834e-01 1.019082884519498577e+00
5.546893725177694989e+01 7.078052603268487619e-01 1.120925097372544865e+00
8.355257828170394419e+01 2.388912815253004529e-01 5.288697725458078036e-01
8.138261618208142067e+01 4.487305954052936419e-01 6.068327682864121941e-01
9.651442599235144826e+01 3.669193302754004127e-01 3.720057304382045071e-01
8.165272797926265014e+01 2.971370649137910491e-01 5.106642620027816992e-01
6.287483659198559138e+01 7.350764405066773088e-01 6.116417406441018167e-01
9.522889310922134598e+01 1.749611847472081483e-01 4.826649081604845737e-01
9.124174378866430857e+01 5.400768278883584239e-01 1.837017689906471907e-01
6.271899567927462016e+01 5.549055524281316654e-01 9.779104694222227057e-01
4.779113523976628386e+01 9.079142056199885902e-01 1.167587849851651427e+00
7.964474812260790770e+01 5.167283367125460325e-01 5.263298023326364872e-01
5.892655564513410837e+01 6.255520740581503869e-01 6.023596718495362046e-01
6.848515479944359186e+01 2.848722625956672805e-01 5.871787135257802159e-01
8.007478890336517452e+01 5.037069919870809098e-01 5.487776137023607781e-01
8.129833750140321058e+01 2.185538796754317170e-01 3.813771662564152121e-01
8.923816397919303256e+01 2.301910582315524756e-01 4.968874018790055413e-01
7.005710011892307421e+01 7.814281514734411349e-01 5.190339608221864465e-01
6.264993003775368408e+01 7.439830418846954396e-01 8.362883780183512084e-01
1.045905826686681621e+02 3.271434136401745740e-01 3.369124091797703335e-01
9.789466638343132843e+01 3.466886908738249784e-01 3.048030224334121741e-01
5.970044161969791219e+01 5.744131145601545363e-01 9.924778081951121100e-01
7.147513329313753161e+01 7.420569595834138887e-01 5.204825085519640959e-01
8.277957298205528502e+01 3.096477824936514356e-01 6.022562922862524371e-01
7.909565589112003181e+01 5.795401505913759799e-01 3.810408030929920975e-01
6.844728071199109820e+01 6.271042537718671817e-01 6.389876605651020336e-01
6.884324972736123982e+01 6.928318543715418221e-01 5.064454036076301291e-01
8.927108390934576221e+01 2.299900169883211665e-01 6.471544699586256888e-01
8.030318998216188220e+01 2.545286572382114976e-01 5.659313683366073988e-01
6.596439697070898944e+01 7.267355207340640000e-01 6.882092260676878626e-01
7.507632872784876099e+01 4.528071803273099327e-01 6.492821460756875718e-01
7.607893841789336875e+01 3.608855381670362239e-01 5.177196130939185625e-01
6.724876688968970484e+01 6.626520694207377327e-01 7.399342896108964673e-01
7.419555082539933721e+01 5.777988843502689376e-01 5.600324824765127163e-01
7.138340130841822884e+01 7.676937623210022821e-01 5.226379785556994895e-01
8.371697664962469787e+01 3.816650405148271918e-01 4.596827928106227978e-01
7.626636471100901815e+01 4.319435758540979275e-01 7.226505116809643914e-01
7.700539480246730761e+01 7.866195985048437533e-01 3.625667646611910322e-01
8.350542965362896553e+01 4.607266273113855837e-01 3.451935610954438016e-01
8.893052561527474609e+01 5.208298495632294189e-01 3.493458430371632617e-01
8.167051680290686022e+01 7.052631142915747331e-01 4.044276336300492991e-01
7.467840119974708557e+01 3.896990318710946144e-01 5.411426982353267912e-01
7.287370694280586747e+01 5.764690075811403913e-01 6.284984558804460608e-01
7.230768859215071132e+01 5.945428456395395189e-01 5.890378827414727292e-01
7.185254273621396237e+01 6.872428610026728446e-01 6.219834430521913315e-01
7.317270485283805215e+01 3.280094703049634686e-01 6.104934641780499494e-01
8.290480250665497408e+01 3.944591290513143056e-01 4.516809548497460747e-01
7.423525207109155133e+01 3.696099345262703895e-01 7.425414548913474855e-01
9.267430089973480278e+01 4.066429256407314008e-01 3.711957895896322857e-01
9.119201421372345351e+01 4.666845138461768183e-01 4.343133319120887070e-01
7.152919112614819142e+01 4.406490568714620526e-01 8.687445268938166487e-01
8.135831209686362797e+01 4.306113841383351626e-01 6.652020305848302950e-01
6.761797766418418121e+01 4.471126021107669768e-01 9.035947588046623347e-01
9.202979513262536670e+01 4.069562675481436242e-01 5.171610822212141523e-01
7.783113821064566196e+01 8.304741538093231012e-01 3.747119090030252564e-01
6.614511614219721025e+01 5.538888175945145820e-01 7.768954183958033388e-01
8.329145734457418371e+01 2.716484657010188597e-01 4.255060381573897432e-01
8.217217134512749510e+01 5.108346901263355333e-01 4.626860355553514270e-01
7.204180561433261687e+01 5.880647373520541121e-01 6.731828382996558613e-01
7.357181614776817469e+01 3.739213138668541214e-01 8.762389309649226687e-01
8.594129560771659726e+01 3.844332049334298063e-01 3.954484931263279046e-01
7.443030147242809846e+01 7.873894249660451372e-01 3.931251275834618530e-01
7.033507290208942209e+01 5.373535531465074566e-01 7.718148005116823862e-01
6.229117363134638197e+01 7.081591832343674398e-01 7.831054293604875483e-01
8.403348722841354856e+01 2.209590781423517170e-01 3.637768417677443300e-01
7.749224101217012617e+01 7.267984003579748276e-01 5.365466976273237654e-01
8.135676628477331462e+01 6.828713054728239307e-01 5.585196522893352000e-01
6.863974072485287081e+01 8.148556224414403859e-01 5.065556815533741597e-01
7.656699661231563425e+01 3.770357432134916476e-01 1.005594538680783634e+00
4.155542073912775436e+01 9.171765788420679355e-01 1.121796153830234788e+00
7.198847754246787645e+01 6.084368005277929203e-01 5.763157735833853712e-01
6.105141290357511252e+01 4.770341158485019717e-01 8.374102313572211465e-01
8.102532456143522666e+01 5.580486533824894346e-01 5.088018318978597687e-01
7.359506885363641970e+01 5.673370513312804286e-01 6.087411986460073976e-01
6.939956925771140561e+01 5.013873635220257308e-01 7.535740885435535663e-01
8.308997022190807513e+01 5.259526802493853515e-01 5.797873451791214494e-01
5.326136425457322332e+01 9.122372016793182103e-01 9.289281239482207742e-01
7.629291068218121552e+01 5.215524748596856996e-01 7.579029894798929856e-01
7.625577683530644890e+01 4.851080740903955246e-01 5.382228719404753559e-01
7.046375314608602025e+01 5.273785102430735838e-01 6.903226553855431602e-01
8.131594070458703527e+01 5.141079148675534727e-01 2.866944087310486777e-01
7.138254246917051660e+01 5.039175107891029626e-01 5.010269906860786993e-01
8.997079351726053176e+01 2.944610657377557672e-01 2.808538153606280341e-01
7.935381909225507968e+01 3.765770710362625340e-01 4.629773912890369769e-01
9.832434377620378996e+01 1.577915412661112793e-01 4.859960275482331782e-01
7.083877846001618650e+01 3.967952653132525986e-01 4.020818644638001205e-01
5.949585281936045789e+01 8.008864949054808058e-01 7.774874344158965167e-01
8.080788070423889735e+01 5.086203397319026820e-01 3.005010160465109159e-01
7.313388466559368339e+01 5.868165412000124759e-01 5.192878647515762891e-01
6.732564418723519850e+01 4.750131716532469128e-01 7.826174776632833785e-01
7.322555414372652649e+01 5.287563487977853249e-01 6.352029659850092491e-01
9.190156448058682770e+01 4.066938007368780528e-01 4.703465492660229841e-01
7.723925175102736773e+01 5.238102115281388915e-01 6.320870836779732826e-01
8.571264882499264104e+01 4.737290142947866434e-01 4.468140768091766191e-01
7.079343490853413812e+01 6.120541541949207076e-01 5.219457179197911634e-01
8.217950441264932238e+01 3.415996836068059817e-01 5.029504400960063126e-01
6.981102877903971660e+01 5.331197358243535689e-01 7.784981038096230321e-01
1.181446906680025393e+02 2.164774350976507444e-01 2.399062180809587719e-01
6.523070882914267088e+01 5.117588340730409024e-01 9.438415167637873582e-01
6.942908036318580400e+01 3.272983697256245939e-01 7.201648782221121703e-01
9.165730757076025270e+01 3.575605944903057498e-01 5.856781245689750559e-01
7.591097967562707538e+01 4.746487951590551702e-01 4.925054622709518215e-01
9.170045044697859282e+01 5.118185281185122504e-01 3.842527374076645796e-01
5.600515902894671427e+01 7.302805161157565061e-01 8.266184762437049915e-01
7.440527126391195623e+01 3.220794781804008355e-01 5.857532623876364752e-01
8.424352056872798755e+01 4.223664998555903827e-01 4.556735206285825179e-01
7.798091548573040654e+01 4.686947381896840459e-01 5.332035743284712082e-01
8.971288830405863735e+01 5.823352702085670130e-01 3.994855913093027788e-01
8.682302011763520966e+01 4.094005164381989692e-01 4.632266965156098260e-01
6.738625859812241004e+01 6.486506551898402195e-01 6.243251741294808532e-01
4.885077801725007163e+01 9.250554851511393339e-01 7.455666011431267837e-01
6.616247874520513506e+01 5.125643976903950794e-01 6.142016596010357876e-01
7.205913459742004079e+01 4.211709030177571700e-01 6.569681602642679641e-01
6.519415045690743682e+01 5.355989820314871475e-01 6.661516921515641121e-01
7.931351409871089686e+01 5.850020535466299298e-01 6.572979670257435014e-01
7.134364641085215908e+01 5.132215886457029974e-01 7.307097751589376466e-01
9.388535257409995438e+01 3.059726556343621562e-01 5.219716881283352761e-01
6.410432608991612824e+01 5.650237088755771797e-01 9.283827737355644372e-01
7.570387594572153489e+01 3.300477982723901138e-01 4.713196031005293385e-01
7.967747689567889324e+01 4.521671209841186534e-01 5.853068379261862075e-01
7.238710958340078605e+01 6.747266767946912269e-01 7.327322940210249103e-01
7.582155805054597408e+01 5.184005457401810180e-01 6.233886460924429329e-01
7.698258821004878882e+01 3.621486890775248435e-01 7.172286634716253939e-01
7.835570054069104629e+01 4.228741901726041919e-01 6.618078514813685587e-01
7.115515557958349291e+01 4.060899496419039245e-01 5.761473369821741297e-01
1.169969667402421152e+02 3.233209508832977086e-01 3.232354765819481779e-01
6.683552828699730242e+01 6.056021564272805469e-01 8.080964564512973514e-01
7.305297531024720570e+01 4.565632599031990702e-01 7.152694912820445339e-01
6.936208800905372129e+01 4.615250598851895480e-01 8.017175751652610982e-01
7.274276515485827588e+01 7.235804775530948474e-01 5.033946559118280817e-01
8.689870836750287708e+01 2.959087719962489871e-01 7.123227594035870247e-01
7.920117940040779558e+01 5.112969029391005726e-01 6.776930590338715588e-01
6.677512704881554839e+01 5.519120271741215777e-01 7.899124042260512457e-01
6.612956415025973911e+01 6.124226664786723839e-01 4.717273453126609173e-01
9.539550295009098591e+01 4.738242168943105903e-01 2.936822929243051994e-01
9.951207282483532879e+01 1.852777103691470861e-01 5.278971968507069068e-01
6.180810410506218489e+01 7.637942242877583388e-01 7.942646309165093399e-01
7.878070691336721154e+01 6.999003703198624082e-01 3.661587022377270073e-01
5.363235599359217787e+01 6.714883444253522127e-01 1.163980429717271781e+00
7.201268447982897669e+01 5.400054448965211362e-01 6.871989603180093109e-01
5.868617681213958548e+01 9.726234458708495900e-01 7.361920989977864815e-01
7.387457272874557646e+01 6.206363387833921941e-01 5.012462226392859765e-01
5.476857342854972899e+01 7.912101905996485884e-01 8.453047348984108478e-01
7.258131323933159251e+01 4.991549141128212019e-01 6.691012671181680860e-01
7.556926044537325993e+01 6.889685378467990118e-01 4.128884023298773354e-01
7.023271917017355293e+01 3.734329407634480735e-01 7.155102168351735736e-01
6.823582392169089417e+01 3.342335955978655293e-01 6.545796404178308991e-01
6.206762993883496904e+01 4.993567916913035920e-01 7.803849459862769455e-01
8.595329573498743514e+01 3.631190248191177306e-01 4.473689713826861092e-01
8.189832690263041570e+01 6.071804537446124916e-01 3.644475042944840815e-01
8.447688475090504312e+01 7.323255679627408421e-01 3.709852973011468769e-01
9.181520883115784670e+01 4.955805767846722110e-01 2.655012495299561293e-01
5.958039719829444891e+01 7.609318244879673676e-01 9.544146699701762104e-01
8.456376313757969854e+01 5.975665343450256017e-01 3.402438915359907168e-01
7.862506055336642419e+01 7.148280145648855388e-01 2.732389847214554690e-01
7.988292956781504017e+01 7.226054986354117915e-01 3.345758752320358020e-01
7.393830670892273815e+01 6.057327844743233269e-01 4.770560237728762032e-01
7.284874700846287965e+01 7.009243192180378834e-01 6.508990106800099928e-01
8.592936682105866453e+01 7.097312902740130491e-01 2.546693025852173609e-01
6.181830561702283688e+01 5.880572116989277731e-01 7.185340119186743868e-01
8.715584589388409142e+01 4.823113723972412004e-01 3.229450223764537276e-01
6.439849352493891388e+01 6.949055840400025774e-01 8.889055269516310531e-01
7.745233503023516164e+01 4.900940615800206679e-01 6.280215713130484767e-01
7.473060994876357199e+01 5.671070403489419931e-01 4.745749321930699538e-01
9.033446418589002747e+01 4.059664947644087141e-01 4.211574085501398335e-01
7.985071116453040929e+01 3.166733014951772507e-01 8.169934019798074099e-01
6.453436231875272711e+01 6.535543334004257909e-01 6.967391005437657547e-01
8.442297131977015567e+01 2.963008062218053795e-01 5.487087886311603491e-01
8.214589382306282062e+01 9.525003803938970615e-01 2.577868267197081509e-01
8.166237721999567611e+01 3.768918413673907342e-01 8.233166114826638848e-01
6.703178401618106363e+01 5.610065286136447504e-01 6.395287827293608673e-01
9.438162076231084541e+01 3.676639156517128582e-01 3.851586373912290751e-01
5.702570281658008611e+01 7.442081358441990924e-01 9.224104840278714024e-01
8.614638960377202181e+01 5.642759954207450246e-01 4.795653574663720220e-01
7.994224496843416716e+01 5.225515939576389490e-01 5.267515009131301662e-01
5.894232628438927435e+01 7.274523369920543603e-01 9.226227606600897468e-01
8.716867453486045747e+01 1.872714970418072888e-01 6.205748399820663064e-01
8.366962578392701744e+01 7.255986712053897891e-01 3.059126756419084381e-01
7.356855690215333254e+01 4.195869942905525174e-01 8.466443629395564718e-01
9.002925389749994167e+01 4.059664947644087141e-01 4.259753076633008284e-01
6.688079709097839043e+01 6.503502169452110016e-01 7.054535646545470051e-01
7.255263529864990346e+01 7.529102639405748087e-01 3.818602412098295318e-01
7.091398090980536040e+01 5.874009127947751319e-01 7.435988483823208206e-01
7.617982624567865457e+01 5.923377025956988451e-01 4.604657521972528311e-01
7.016331083376225308e+01 6.033883005212912209e-01 6.060794813330976361e-01
9.914005521309692881e+01 4.495496412050346557e-01 2.907004490131750440e-01
6.314931910798231485e+01 6.336090567302907761e-01 6.756415312591752542e-01
8.476654778545751867e+01 2.473325766400483738e-01 7.319323938918799177e-01
5.775877962840525015e+01 8.151010418925249690e-01 8.992365292803382593e-01
7.728682640162135442e+01 3.357146027256163179e-01 5.467243054405289682e-01
6.270374684935410414e+01 8.023391056512531039e-01 5.153205325758517530e-01
7.472213429890602754e+01 5.907169636270406254e-01 7.497157124518415428e-01
8.266600193145229980e+01 6.731166461115618560e-01 2.830865682013061768e-01
9.318066825222152261e+01 2.155139759852161274e-01 5.328526206387070863e-01
6.689321711825324712e+01 7.362161233512907188e-01 7.287645552327332021e-01
7.752444899200726525e+01 3.837857253287764725e-01 5.622315660910972568e-01
7.012766581974702262e+01 4.858059488992625408e-01 6.636766925613983847e-01
8.068889767229858023e+01 6.461054932312582100e-01 2.903096483501232394e-01
9.424372716714759690e+01 3.608178379395178270e-01 5.234135258671103186e-01
5.839680582450863255e+01 7.862281447051487904e-01 7.414665480643791717e-01
7.870021361477573407e+01 4.266636342388480108e-01 5.022976373614165269e-01
6.751237854199959543e+01 5.980935515407689307e-01 8.298065088610647733e-01
7.747029573629698973e+01 5.181345925730609370e-01 4.569631481167467091e-01
7.371217308808792268e+01 4.630400894933057176e-01 7.649353950183477302e-01
8.763449290486765619e+01 4.728095239981621178e-01 4.685174317216677653e-01
7.341887111597877436e+01 5.449376209986690478e-01 6.437048806193386152e-01
5.924304228011348528e+01 7.698447802460204326e-01 9.277567145997676068e-01
7.925645051397096097e+01 5.199095588676756474e-01 3.426504924431192922e-01
8.474108962809232537e+01 5.643070770048123075e-01 5.153022025023830111e-01
7.344235301159578455e+01 4.146866999011637467e-01 6.328240397611344381e-01
7.706581853657552017e+01 5.588847865909051249e-01 5.967032352423400354e-01
7.270527563125057213e+01 6.241027821724779434e-01 6.364111282029171202e-01
7.166754607530189958e+01 4.595006715812021691e-01 7.294710952612037946e-01
7.925319238673500877e+01 5.805044535087863222e-01 3.844898513177402166e-01
8.871310763528057919e+01 2.415871975699011021e-01 5.108553675631357649e-01
9.408446132999984002e+01 2.967683017875314411e-01 3.455161477750556820e-01
7.234708644105639053e+01 6.236263873506942002e-01 4.634812750303244910e-01
8.512295073588313699e+01 4.948222174010648011e-01 4.318329783600090566e-01
8.795721767470388386e+01 2.921096379051516534e-01 5.087372045487590366e-01
8.410610064869760549e+01 5.762635420948204468e-01 4.497227532226359403e-01
7.502084037395191274e+01 5.302876841865906687e-01 5.491646046147686810e-01
8.355309708208407926e+01 2.978924863202953022e-01 3.671879944375978644e-01
6.592508685762572895e+01 5.892426197882064676e-01 9.393364949659211982e-01
7.780928803648467351e+01 5.685608987429957573e-01 4.026287280937818069e-01
1.124645343429883582e+02 3.521461873330501424e-01 3.089062199995615265e-01
7.022782528118966638e+01 5.938840746878293331e-01 9.131391679839148123e-01
7.209382295650431161e+01 4.102111636083383139e-01 7.537744573886240307e-01
6.811320966466564641e+01 5.986100738471724636e-01 3.503699698912686178e-01
6.063105523736126656e+01 7.374112486578466852e-01 6.896937513106167206e-01
7.481225749149382409e+01 4.520884922158851515e-01 7.148786698956084429e-01
7.990572976200847677e+01 5.702295146583830077e-01 3.640413119357239768e-01
9.072280278981652657e+01 4.037273072973954768e-01 3.549884363778019192e-01
7.677026538797694855e+01 3.889390539003008129e-01 6.300368700017487944e-01
7.378731762637576708e+01 5.187827777872213719e-01 7.192997795163887931e-01
5.631150302582678080e+01 7.264488310543010252e-01 8.306602034654226863e-01
6.712226125362965945e+01 5.510849644113867685e-01 6.936579497017393292e-01
5.385392854188787481e+01 7.240853068054867725e-01 9.906576766276038448e-01
7.687665148995408515e+01 3.752345163021273411e-01 7.239458134512228860e-01
8.274251453896884811e+01 6.712738651967297132e-01 4.002921384815026351e-01
7.800039940158850982e+01 4.552511185019276763e-01 4.261299309168574134e-01
7.140166307571469417e+01 6.042485098427466950e-01 6.378457670796519041e-01
7.691033095671363640e+01 3.515096105932818960e-01 9.391673416989473333e-01
8.180249829149504137e+01 4.996546807336431639e-01 6.418369257502949399e-01
7.723064663168433697e+01 5.788810669915611662e-01 4.242041445847691827e-01
7.656406797144620668e+01 5.486699241025815299e-01 4.752968354106753557e-01
9.617621002997337598e+01 3.287661261372419874e-01 4.108901375550454982e-01
7.025059207323748467e+01 6.739528387530069331e-01 4.460572916647687625e-01
7.348919058506309909e+01 3.790908679886865196e-01 5.921566144294539979e-01
6.905593073251128544e+01 3.202702732658448403e-01 3.971287203539149435e-01
8.184537880030381984e+01 2.590623034084280629e-01 5.522427434400173363e-01
7.538727647004169796e+01 6.292898225307972382e-01 3.820254400769302894e-01
7.786076794559063785e+01 6.420349060606899139e-01 6.735039933463087269e-01
6.926705957562828075e+01 5.679287863027924210e-01 6.981641921543809692e-01
6.657654280044734207e+01 5.659975764988331992e-01 5.183493255815002643e-01
7.397783696478080628e+01 7.196646048526896822e-01 4.714840643082176541e-01
6.831375248344659212e+01 7.045577217108467405e-01 4.853724490887967313e-01
9.092843617723973182e+01 3.851154062628643904e-01 2.203470605360677015e-01
8.015601230256655185e+01 5.780243166162127855e-01 4.857946034693601534e-01
6.649544142182796236e+01 6.765204039674347358e-01 5.462219183227111641e-01
7.983790786072094647e+01 5.936817839779094941e-01 5.573930928131316520e-01
6.467474345151057946e+01 5.679160612823428433e-01 6.783478109853420257e-01
8.514070071941470985e+01 4.222826316944513492e-01 2.757013022576082495e-01
9.958702222434884277e+01 2.699063419997921320e-01 4.530686198006332321e-01
6.889807164296563258e+01 5.458758966744892138e-01 9.955871592997910247e-01
9.116131435346244416e+01 4.652195138838791100e-01 3.178047314040865490e-01
6.522467911566216969e+01 4.627092827091713323e-01 8.888245107587093852e-01
6.620234662871257569e+01 6.094383423431196656e-01 7.952819347951008977e-01
7.043008611574474287e+01 7.212537973223904775e-01 6.103141528411903938e-01
7.828563959295708230e+01 3.448964370982214867e-01 5.941813377628079040e-01
7.673765138473096670e+01 3.737745264866526029e-01 6.973394723368626646e-01
7.311452216797469816e+01 6.325049579839617797e-01 5.953234003687264408e-01
7.845035218112211339e+01 5.411009939047590755e-01 4.569284229129737529e-01
6.742651310830063949e+01 6.337092533175023856e-01 6.796331254476195571e-01
7.303980325183569278e+01 3.606601153696230577e-01 5.947055431494125965e-01
8.940267018067609683e+01 3.815559640409550979e-01 3.878493965726077519e-01
7.532087327420602207e+01 7.665550184992149241e-01 4.316602098583625091e-01
7.655563354490519146e+01 5.040582930931287731e-01 4.957227016922722829e-01
8.745043926384379063e+01 5.586399494511744557e-01 2.864784552695730513e-01
8.831845493898674704e+01 1.923253619278969540e-01 4.188948558151267543e-01
7.076847005687922376e+01 4.988795949988073519e-01 5.539439285088304521e-01
6.294226868162161281e+01 9.430144424412776338e-01 7.947814409203962649e-01
9.547026393817948531e+01 4.141783154248653287e-01 3.482789363027188889e-01
5.819220119187865237e+01 7.666676251577679846e-01 9.162080463536743657e-01
8.346858300488376869e+01 4.257177825590198750e-01 4.365589851111154052e-01
6.615635189200256150e+01 8.491990740074972788e-01 6.473316655116241325e-01
6.467871790942987786e+01 6.384235347676291417e-01 8.687838078924066121e-01
6.958623971510483841e+01 6.986709436199648460e-01 4.276944862994089824e-01
8.272675963761318485e+01 6.391532204699281738e-01 4.052457000240797247e-01
6.520302066698866383e+01 6.186337084392692365e-01 6.309810705744103299e-01
7.927919305482036805e+01 6.492853894465567821e-01 5.638731289948079040e-01
6.984208574574624606e+01 4.921996831857868848e-01 8.881746364210078015e-01
8.015025827993625285e+01 4.329736621303507116e-01 6.167171705986665975e-01
8.540053667037636842e+01 4.092155992926202468e-01 6.457007535466879888e-01
7.016375601165205467e+01 5.793283822798878102e-01 7.193776871137385065e-01
6.432029933767786645e+01 6.348711387149997831e-01 7.623341641946089764e-01
7.840402780950937256e+01 4.974741896851552769e-01 4.181607893551524402e-01
1.033649676856646806e+02 4.346088170605152956e-01 2.358278251362437572e-01
5.527790861885990381e+01 8.005162934492828786e-01 9.342445936558065878e-01
7.940746504491892210e+01 3.786769930438496079e-01 7.103312350164325828e-01
9.746570171235174485e+01 3.254351041217953266e-01 2.720541260675680695e-01
8.247564547408238411e+01 3.423508417424721562e-01 7.859580408993882550e-01
8.657110820620680158e+01 3.921645696600314923e-01 4.858831008428030618e-01
7.953025940214634204e+01 3.108509360988824799e-01 6.911999347388566584e-01
6.222725978043162343e+01 4.687132272036081959e-01 9.535676045501499942e-01
8.078561024757989628e+01 3.472505814742799513e-01 5.216490225572841810e-01
8.041172303201147997e+01 4.455420020915653589e-01 5.643736614725943790e-01
7.769790267408507134e+01 3.897429424108432294e-01 7.100012822708884341e-01
7.466308083865231993e+01 8.223885573327927023e-01 3.907722624930137223e-01
8.587277229009244195e+01 4.952522561058732564e-01 5.294523610223496046e-01
1.066234713597176267e+02 1.847435941191345743e-01 2.819643677365845646e-01
7.843315464481280230e+01 3.789814248338897462e-01 6.196765452940755647e-01
7.742472745117480315e+01 8.606589245054623305e-01 3.698726118574974242e-01
7.961128230379712534e+01 3.426224183923179401e-01 4.147885716674925560e-01
7.788904428696099558e+01 6.635140843364202290e-01 3.745991670773176629e-01
8.647687989826764010e+01 6.780700215528830954e-01 2.626452573627220399e-01
6.902395607959594770e+01 5.382495778497010663e-01 5.493686408948036393e-01
7.066274604054278541e+01 4.536503265548605945e-01 9.613968178834545464e-01
6.427676261361591514e+01 7.087411771933640470e-01 7.069068071890635130e-01
7.206624459545056993e+01 7.712056346023948850e-01 3.758474159285495331e-01
7.083395045809963619e+01 6.388846495785487356e-01 5.394587520209831455e-01
7.010296298675413595e+01 5.188856190872888074e-01 6.632964572897748212e-01
7.172086487743732164e+01 4.159443477377784415e-01 9.204041355679291048e-01
6.604170530498184633e+01 6.559414384708993628e-01 6.462380103068863235e-01
6.816042153239477841e+01 3.547809679626491852e-01 7.521369831279183238e-01
6.999850916015797964e+01 3.878382768596988495e-01 5.602159019385469785e-01
7.648868883441535615e+01 3.420598980312836712e-01 8.199916754234956029e-01
8.073555643572071006e+01 5.370772584838674479e-01 5.595702199258488774e-01
7.498865926054480724e+01 4.553923315626422497e-01 7.269056292988962387e-01
8.985943946479400779e+01 5.787315371725314517e-01 3.002601052865739861e-01
6.573939511937970792e+01 4.963283105783686255e-01 7.946186640552704850e-01
5.944456488105619485e+01 5.877170544918657313e-01 8.818070495555221378e-01
7.279150260530502692e+01 5.310741045819190598e-01 6.364583918636727011e-01
7.901402604305053501e+01 6.314133312313354729e-01 5.710540457601703812e-01
8.217642305644916689e+01 6.561614531334082345e-01 3.821057218972487290e-01
6.880868556238668532e+01 7.054146161097845091e-01 6.419000310750486715e-01
5.798744120406972513e+01 8.129671992321517715e-01 8.610198892245576330e-01
9.958163944843549586e+01 5.809830320599067566e-01 3.616526073356347570e-01
8.392306009778509690e+01 6.781645394444841823e-01 2.626006685477013658e-01
7.156895450760846700e+01 4.586775104844607043e-01 6.527158502910848092e-01
6.317498357499523109e+01 4.282231930915343376e-01 9.404565271497531409e-01
8.084352315887974783e+01 2.505573236411621219e-01 4.508827511632475527e-01
8.600741163683011337e+01 3.528551640707105475e-01 3.329070804598178723e-01
7.429195373147737769e+01 5.769308134140297417e-01 6.403090994763388499e-01
8.289280233729293457e+01 7.719730669814603985e-01 3.990130930115498020e-01
6.487278129027569662e+01 9.063717137477197427e-01 3.272910746704987273e-01
8.748192900175438069e+01 4.803863202666872612e-01 4.789409969339043505e-01
6.332458072037714913e+01 4.427975859381890200e-01 8.589920947896751979e-01
8.337647644784152590e+01 5.295764141957043369e-01 3.652258031462242704e-01
7.384552152323446705e+01 4.348838434027508248e-01 5.192305729577024742e-01
9.068135071280786974e+01 5.836233903676432133e-01 2.281246125761028365e-01
9.756188594447033324e+01 4.856039734521390150e-01 2.031092961593983504e-01
6.271408744432297766e+01 8.964935794320240126e-01 5.938154034693987615e-01
8.659376398653316187e+01 2.962384911690837397e-01 4.118069279286000195e-01
9.166802641994013356e+01 6.783809525690045472e-01 1.807064622080144234e-01
9.060280871855398743e+01 5.089417222549479369e-01 4.203780266525666276e-01
8.602042865432670737e+01 3.633027072731176421e-01 4.225926012692870493e-01
6.542798807447526599e+01 6.714344978747117665e-01 7.382144950608360290e-01
7.421344277549034985e+01 4.068921747695321556e-01 5.966634876911312002e-01
8.587412869491038236e+01 4.759160268713423791e-01 3.839772151355539953e-01
6.078352752041472939e+01 5.984695196200050527e-01 9.701952419929252835e-01
7.114231571644494068e+01 3.439370316307927555e-01 8.096691245708854678e-01
7.186474576036539474e+01 4.065816848858290200e-01 8.037870066315231377e-01
6.957523285471796726e+01 4.550438853834811170e-01 9.543422647584793861e-01
7.823533476600421466e+01 6.895951449632731212e-01 5.026015273832312724e-01
6.952510819549820553e+01 6.436405790560602025e-01 5.253081218465527336e-01
7.212990241503598554e+01 3.389725431386512167e-01 4.832353077779713568e-01
6.426507194884194973e+01 6.809547058737818181e-01 6.114765133791011387e-01
7.610028872437521841e+01 3.425065263977905561e-01 7.094236832175325747e-01
8.483164759033955704e+01 3.288793390968065555e-01 7.736077300422091740e-01
7.576375356516408033e+01 3.665188842848254858e-01 5.890664467727776410e-01
7.508611146298643746e+01 7.273509325548163096e-01 5.215923645039123313e-01
7.859202054404734383e+01 4.504219732933322784e-01 5.570724833009945698e-01
8.345466414028553004e+01 8.174134893418103509e-01 3.339318778201430526e-01
8.012382898114644547e+01 4.028880281838668198e-01 6.679435071903744303e-01
4.742849397008521350e+01 9.766012846709388739e-01 1.059393874478679054e+00
6.442337406436725189e+01 5.433525956257825307e-01 7.163943521521332070e-01
7.048116609456302228e+01 7.411200001752510369e-01 4.778421592533186879e-01
8.760160476893550197e+01 5.485170066353854956e-01 6.016672094579410546e-01
6.760926169725837553e+01 3.908851252162488521e-01 9.806001504325296825e-01
8.808227945086653676e+01 4.550922430456886825e-01 3.714017245912066834e-01
8.293052550948789303e+01 3.343505530143675575e-01 7.649987081809364042e-01
7.280782991954058048e+01 3.685943589948771359e-01 7.662039362586657854e-01
7.517580015949626215e+01 6.686553452097677708e-01 5.281518148885794295e-01
8.640706344186789067e+01 3.611663359133929219e-01 6.275499711270875469e-01
7.576929351424344361e+01 6.159771428160041307e-01 4.426379790822250748e-01
9.297365131316280440e+01 5.348071003947495461e-01 3.590522041894385619e-01
5.712185317697193909e+01 6.421991867041424440e-01 8.411525990111965445e-01
8.438014497935516545e+01 3.814888459672043930e-01 7.427161995286347684e-01
6.919666140497889728e+01 3.596401138477120507e-01 5.374527220059881483e-01
6.961829839769804096e+01 5.922774798428398491e-01 7.323030407064672342e-01
9.687366957885546981e+01 3.725590990663817381e-01 4.491831596157068729e-01
6.980349321513207883e+01 5.706440740795303279e-01 9.235767455389904956e-01
8.708869158621371298e+01 4.950060199224233237e-01 4.469014592634750205e-01
5.668733764707069867e+01 6.641997482086533511e-01 1.074697671899965457e+00
7.132683062167673427e+01 5.054645831108256493e-01 8.311240559726685850e-01
6.436433271111248189e+01 8.964935794320240126e-01 5.529513687637693797e-01
6.924775904199096033e+01 4.906148691547425056e-01 9.405621053722909020e-01
6.219044397172788763e+01 5.751323183151882956e-01 8.131634891310685065e-01
6.959494489984297161e+01 6.701108722661720529e-01 4.986993717600962106e-01
7.119054924531401696e+01 6.910603608538703480e-01 7.631894309561588763e-01
7.703518802027790002e+01 3.332070948758166784e-01 5.964994424015611640e-01
6.493893988039897636e+01 8.851489067123973209e-01 5.565995480906366089e-01
9.483720189611791795e+01 3.254351041217953266e-01 3.073102699621399481e-01
8.624113330532836130e+01 2.156864152399646517e-01 5.347409148582452643e-01
7.839920504092637543e+01 3.711862910882626210e-01 4.559863722650844831e-01
7.884924001555960160e+01 2.594550474656729944e-01 5.440319481811168867e-01
7.635965745884405464e+01 4.633258381692241801e-01 6.382777629063376423e-01
1.000038929552899702e+02 1.790167124184401937e-01 4.807667394469771760e-01
8.130835415461993421e+01 5.744354585989374096e-01 3.707974480724665622e-01
7.039782880571917190e+01 5.771442343075832149e-01 8.078411847276546487e-01
5.596957006667314261e+01 6.176069262924461789e-01 9.623462139852826391e-01
7.531353786786351634e+01 5.307356306161807868e-01 5.159266656737352408e-01
6.429143959037619993e+01 5.402457243044580526e-01 8.735243216772623498e-01
6.798311397805142064e+01 5.114713388459192211e-01 7.923564218499041800e-01
9.880557417519840158e+01 3.575418003203090778e-01 4.247572791386218238e-01
7.599350459875905983e+01 6.427289387668349008e-01 6.857836619747608164e-01
7.775278581545592260e+01 5.675960414577919666e-01 4.927374801829906836e-01
7.560789893162011310e+01 6.770791412294905331e-01 4.622690105436236263e-01
7.798742296537007235e+01 4.188859669096328120e-01 6.107950178789950391e-01
6.217253555867475256e+01 8.283821740052826899e-01 6.815470659034112977e-01
5.577808538378217662e+01 8.840224841748987039e-01 9.030825002651249322e-01
7.243687694252017195e+01 6.576409146642577808e-01 6.117426517640421890e-01
7.737049233029244988e+01 4.804594933412819624e-01 3.223660207615677842e-01
7.500839839986230118e+01 5.265904201705666754e-01 3.558163767263324839e-01
8.449869216524227511e+01 5.341097932061268372e-01 5.480287662967958662e-01
6.438711761984099269e+01 5.803617800804810045e-01 8.350594091106287031e-01
8.840783324378752184e+01 3.379817307019486461e-01 3.965546897146131067e-01
6.694093676126576042e+01 7.366959473608819531e-01 6.689150690373790731e-01
7.274098075604241842e+01 5.351391667611687941e-01 7.175182264244409636e-01
7.093790980107684163e+01 7.959994892204362849e-01 5.972311990048727592e-01
1.120427906537681935e+02 1.334361133292671087e-01 3.386089320171618011e-01
7.608501727467994158e+01 3.743284244681362449e-01 5.501717425368094494e-01
8.467209595501144292e+01 4.886132461719712716e-01 4.771087603358994955e-01
8.360337019521332991e+01 4.747606378516588399e-01 5.008727119746879675e-01
6.906895377583899176e+01 4.392481769927295554e-01 1.124393068116934069e+00
6.642689546787545396e+01 6.342800206177614530e-01 8.211405630818114920e-01
7.915072922996094462e+01 7.516709742467359012e-01 5.048024537406503587e-01
6.045470843511355241e+01 9.993188432856969783e-01 6.040700430267089693e-01
9.754021968985345836e+01 6.151581623701676271e-01 2.128926797992430620e-01
5.418568744309584417e+01 7.489177216924249869e-01 1.078460785689507428e+00
8.100759971090978695e+01 3.958858018504499698e-01 6.905260109408808411e-01
6.606494795839617495e+01 4.979462931198889719e-01 7.330325218180001601e-01
5.264587628924546436e+01 8.583874384473527686e-01 9.543164966548621786e-01
8.765156896145960275e+01 3.916516758370578444e-01 5.424650685979323095e-01
7.244219354458108739e+01 4.355623443758196434e-01 6.912441109032355646e-01
7.067646518115371634e+01 6.084625772422121992e-01 5.984170184601922404e-01
7.722964879748877820e+01 5.132629842353976235e-01 5.963188567659750694e-01
1.044941009711997708e+02 1.234224150045766244e-01 5.140702967939124735e-01
5.270300554770617651e+01 9.175003558257464054e-01 9.971735544316909783e-01
6.863794337915429367e+01 9.006726417009685015e-01 4.450142299505926435e-01
8.632001767650594104e+01 3.681472599515208666e-01 5.696898805004084743e-01
9.310083266299557181e+01 2.391684905463398736e-01 3.990461963611438012e-01
6.208104675079752610e+01 7.104139966676976670e-01 7.710304735781158270e-01
7.065583592806382285e+01 4.833449909062703664e-01 7.040285519214631860e-01
6.458271895766111470e+01 5.574045633971149716e-01 7.919378481669118175e-01
5.200554617427878412e+01 7.229502729097563307e-01 1.024029240056219203e+00
7.739151745605009580e+01 5.336444431728377680e-01 5.351844789094173382e-01
7.756894860577524753e+01 4.899650233993843584e-01 5.162608011067528757e-01
8.120089180364193737e+01 4.132096629272587474e-01 6.791453873179301715e-01
8.981917269103331591e+01 3.673888047753703368e-01 3.098195281532212242e-01
8.248147771844624287e+01 3.699946230459831842e-01 7.264220965637981919e-01
9.298912244102056945e+01 4.153439932636343035e-01 3.950170251823888479e-01
8.761403570729370927e+01 3.194459188615083045e-01 5.376172841020018245e-01
6.676702440460461219e+01 5.787083767379028743e-01 6.955649950044912044e-01
6.780090871597413127e+01 7.473371516722238095e-01 6.440402220736991534e-01
8.431024589989144147e+01 5.189430471868402561e-01 3.707665806959003496e-01
7.177484006549336470e+01 4.746017494468754427e-01 6.845508040519520110e-01
7.832026108263998765e+01 2.982379557082724397e-01 7.688431537624738077e-01
7.308054477267890547e+01 6.099430210039690214e-01 7.273024510570790246e-01
6.608131739054530840e+01 5.845968979752242944e-01 5.825943170097684920e-01
6.802227764820037237e+01 5.258692583476073379e-01 6.786759485789588542e-01
8.494193655449852542e+01 4.354063580955629953e-01 5.041112570734609388e-01
7.249382329537574776e+01 6.712745711957766037e-01 4.368300534541335045e-01
7.953421350753406216e+01 6.447562352656512896e-01 4.175573254946984281e-01
8.418096438766842482e+01 4.185412522815623593e-01 5.357219069389781430e-01
8.334978028089994950e+01 3.544187859526120588e-01 6.125649988021640846e-01
7.077530728037002916e+01 4.786439601789325704e-01 7.037167271837331262e-01
6.687605650347468611e+01 4.727645821172172802e-01 6.518228649390166440e-01
7.715978319296509369e+01 4.768498456607272451e-01 5.813737482246642552e-01
7.294964077530015345e+01 8.025932114346536750e-01 4.147183904070241289e-01
7.084760463167907574e+01 6.054868850259380597e-01 5.807870366991794153e-01
7.646867139971023164e+01 7.085651398399924750e-01 4.432124402281159559e-01
6.426203029161844427e+01 5.379601449851232342e-01 7.777095867338101876e-01
6.983370861397672513e+01 5.886926600888837680e-01 5.679049711748190843e-01
5.875442588684892087e+01 8.943930196070781768e-01 7.498778676984534375e-01
8.456333395672407960e+01 5.509794340671484436e-01 2.714102384201070306e-01
8.928406170794852414e+01 3.072328465795349794e-01 4.436980724551443656e-01
7.324667078544605658e+01 6.143002958822382231e-01 5.719554068462662233e-01
6.045198426590783924e+01 5.921577852956499965e-01 8.266694031705076329e-01
8.235657079351480547e+01 5.102464360774485730e-01 4.927558805696533595e-01
6.434332392112530385e+01 7.637055730155017930e-01 7.076543682971543348e-01
9.432447853581436448e+01 2.462296838749014616e-01 3.954795426272995074e-01
6.590888354470830279e+01 5.729289628078830798e-01 6.328553908663164806e-01
7.776102083447104008e+01 6.964055551867264215e-01 3.327447808924776651e-01
8.117920833711397677e+01 5.199095588676756474e-01 3.108493479016349315e-01
7.348519918916289839e+01 3.649999525998625649e-01 7.864716407368338436e-01
7.959733173680609752e+01 3.974752876309624039e-01 9.257833959422374637e-01
7.432846467085936126e+01 3.711760001670059150e-01 8.019848850341877444e-01
4.682261864309754884e+01 8.826552548020006883e-01 1.160998060595956893e+00
7.154806181826084810e+01 5.215417831101246682e-01 7.896673628688921642e-01
7.824617416191487962e+01 4.322339299586847594e-01 4.069052809697613071e-01
7.891711784116904482e+01 2.918931510423271036e-01 3.712115295521673519e-01
9.517861036417905041e+01 3.517156890623547860e-01 3.213274014801714706e-01
8.774596264131290013e+01 6.663120165242873982e-01 4.607031181589995028e-01
8.452637065835742192e+01 3.471819352339809428e-01 7.356029737952027858e-01
8.053957467091390754e+01 3.159263268664867508e-01 6.800891457410974672e-01
7.344336990284629962e+01 6.726893663747398611e-01 4.561079191514479381e-01
8.786762788897881649e+01 4.278095476337697156e-01 3.829651108864456921e-01
6.837969376640830887e+01 4.809262157438392027e-01 8.164375089353023141e-01
8.005179208360397070e+01 4.894860365668793900e-01 5.521190313353143697e-01
6.363966718932627487e+01 5.034347270630943338e-01 8.139188578367914095e-01
6.865809685492250480e+01 6.707550977058113206e-01 7.200491509785461597e-01
7.820160759977223108e+01 4.148774117258453575e-01 7.597695360859163527e-01
7.124637494824432338e+01 5.203953140049462078e-01 4.825404431005830275e-01
7.130348385396065680e+01 6.209239467658171918e-01 6.724371297141014114e-01
9.256251246133503230e+01 3.395158860824863956e-01 3.242576516551279875e-01
7.490366867155222508e+01 4.181354839672403734e-01 5.481820147433039692e-01
9.840852520270657067e+01 5.459678391956871435e-01 3.218288287655161617e-01
6.214911726987283203e+01 5.691938414093384857e-01 7.970469432575848501e-01
8.509779748932261612e+01 7.323255679627408421e-01 3.609819569046543442e-01
7.346460456509075243e+01 3.832613784568650872e-01 7.358431407700462001e-01
8.764000353765740670e+01 4.621985057007725883e-01 4.439929676503422407e-01
4.806467918317215293e+01 8.488042272511979736e-01 1.212195458937870285e+00
7.655381692306072239e+01 4.512723090211351318e-01 4.417158540695531599e-01
7.199826813365024236e+01 5.091461774228215331e-01 9.198284644959066059e-01
7.172567742314696204e+01 7.198754862418258460e-01 5.234465281836400141e-01
7.102965819136935011e+01 5.381752294154725780e-01 7.088453783533529284e-01
7.010953032687265818e+01 4.069559562311574896e-01 5.646262779913771013e-01
8.045487734241277167e+01 4.783755753715930314e-01 4.804092020528032414e-01
1.104271515238114176e+02 1.187883888387582104e-01 3.291572007925137600e-01
8.132727956395058300e+01 2.849408938966747629e-01 4.644392117766046324e-01
7.413501823627115073e+01 3.798473297048049480e-01 7.727356078980566201e-01
7.200706585509063018e+01 5.827555768667872504e-01 6.897858309055804327e-01
1.071411277316216086e+02 2.491453533123864639e-01 3.119007708807927104e-01
6.071385791901570173e+01 7.069292450799861127e-01 7.844911400422682757e-01
9.316351921336968189e+01 4.184896957615488189e-01 4.088239966825069072e-01
7.920692165939061624e+01 2.554008041834631704e-01 7.238268920159774966e-01
7.346421719461824296e+01 2.977393936762834370e-01 6.883831886376977627e-01
6.473958479485597195e+01 6.958632114937474133e-01 7.222610731661913697e-01
6.777463241676224470e+01 5.102420876702880026e-01 8.737657540682449708e-01
7.150361642540940466e+01 3.707365562404434378e-01 5.276950062755668691e-01
8.006650361830116935e+01 4.180618130737629445e-01 6.260617803564770822e-01
5.926811617357854090e+01 8.820488362490315204e-01 6.232659194754754939e-01
7.432138864846872650e+01 4.714235974393445328e-01 4.588059510807090402e-01
7.310146693801139861e+01 6.634486217080022286e-01 6.326116544209200443e-01
5.593374982225541459e+01 9.015242101624000304e-01 1.015425534991058365e+00
6.330032738965866201e+01 6.928644948480580101e-01 8.826035938248120161e-01
7.046107406743024626e+01 5.993176164084390578e-01 6.422367810704211477e-01
8.940938460071627958e+01 2.214203977158070991e-01 4.778105843257628438e-01
7.375336549696662303e+01 6.417820301217257439e-01 4.475067181047397424e-01
7.781237046474559804e+01 6.503675420481808134e-01 5.579359601635393018e-01
7.611800391878540495e+01 3.428055370298228599e-01 8.163581037792889683e-01
7.894633341511695335e+01 2.916470933204330929e-01 7.147419403558764595e-01
7.368972494138890283e+01 4.780714468835677855e-01 7.534896600009696188e-01
8.723417806268072638e+01 6.144775346127828719e-01 3.389035230423536049e-01
6.644870202374929136e+01 5.205584600057100442e-01 7.193198958651878527e-01
6.615716575920929188e+01 7.463793100857144536e-01 4.633321736219767062e-01
7.096226828096149575e+01 5.091037884767007915e-01 6.812523105824916936e-01
7.952670732582100754e+01 5.592774221383761679e-01 5.752633402261884132e-01
7.458116198520909279e+01 4.834160879362897068e-01 8.096601965942420431e-01
8.044313958350834071e+01 3.102437598173070077e-01 6.526185051030598538e-01
7.494784088248171372e+01 4.047993660974233410e-01 7.003027953777377634e-01
8.659923403024114918e+01 3.450267435208177469e-01 3.505653301201234195e-01
5.382827349270775130e+01 7.160141131664883307e-01 1.005989886000314915e+00
7.375010912298083099e+01 4.243711006477045578e-01 7.843459885971699741e-01
7.780084248639431621e+01 3.462716649219251819e-01 5.675773030515891548e-01
7.390324145557833901e+01 4.412755409204677792e-01 7.233132051175730215e-01
8.104323915240838971e+01 4.845947680793141199e-01 4.201748188674770401e-01
6.288063268427266195e+01 5.157938856305125386e-01 8.732058431905159734e-01
7.599844347772862818e+01 5.916172496653961943e-01 5.773676168363474082e-01
8.637416771847378527e+01 2.594403867617309789e-01 4.396004739615983481e-01
6.950867310350840000e+01 6.137767831095798376e-01 6.686836110399332345e-01
7.909601480643986804e+01 1.818371147310570424e-01 4.206425919735044539e-01
6.338580094383807051e+01 6.440121800287725851e-01 7.914232664081753965e-01
7.721420384216673938e+01 5.911615101033018682e-01 6.040447586158216309e-01
7.357254564310798628e+01 6.857914728675218452e-01 6.230988133822344954e-01
5.114420469101882105e+01 7.766654171488996949e-01 1.049306723070686287e+00
6.560885235210405142e+01 4.706934935048321944e-01 8.608049168860323341e-01
6.466766800226756118e+01 6.609834766430341402e-01 8.016778764313409189e-01
9.566225305600094941e+01 3.424302987271125032e-01 3.852253417683625947e-01
6.133232210877944368e+01 9.243103505867258374e-01 7.928790314985372234e-01
7.503350903337418742e+01 4.921107542879091801e-01 6.726259498448722285e-01
5.877233905074498210e+01 7.552270737891315644e-01 7.336678018432503112e-01
7.047561408675794326e+01 5.256158576669451854e-01 6.593626037748522295e-01
6.844778499578701769e+01 7.084036409984324489e-01 5.584570642502447724e-01
6.877265885628862918e+01 5.654995284506484365e-01 8.082865970077219853e-01
8.529728535594398409e+01 4.710452217194355251e-01 5.017369239802442760e-01
9.207995968901173001e+01 4.903278017078663842e-01 2.892088729496427035e-01
6.361041623760662844e+01 5.609686711936192616e-01 7.499814344540035593e-01
6.656102932957739426e+01 7.587279287399988359e-01 7.926376864370054953e-01
7.323870085150939246e+01 4.731917042958505015e-01 9.483549529946481149e-01
9.474436062499582079e+01 5.309811637112401561e-01 2.596017031831668320e-01
7.479472612389827191e+01 6.208438415063542992e-01 4.609797354741751452e-01
8.223587500238285486e+01 1.962180267798216138e-01 5.281455253833174934e-01
6.621399359392293604e+01 5.723415539234107952e-01 6.661090172987190750e-01
6.014439666079707081e+01 6.518208811782584267e-01 7.993276149929735563e-01
7.618280631011100468e+01 6.963483692502961953e-01 4.309607639331664020e-01
9.205261646651727858e+01 3.346121488941168898e-01 3.346124163087124681e-01
6.125121493102572856e+01 7.553384456034323291e-01 5.684942458486158534e-01
6.447319659534201719e+01 8.258285585197612244e-01 5.490880640580549921e-01
7.434870850838905199e+01 4.336606436480231475e-01 6.191191292797131318e-01
8.253559589300961363e+01 4.781275764627737068e-01 4.465869091629498522e-01
7.160624537168308734e+01 5.049929948650593303e-01 5.088133083940455936e-01
7.522404773938021094e+01 5.282602047805857737e-01 5.998035122850222667e-01
9.904489330857072105e+01 3.641953464502992177e-01 3.279665747228792672e-01
8.962109899963746784e+01 4.746887957665590352e-01 4.393788416105410821e-01
9.411982240593926008e+01 3.046913176312529004e-01 3.950273038416594051e-01
6.705208889014278384e+01 8.004637439739665794e-01 6.461696726327610385e-01
6.188579300646107129e+01 7.745532614891714740e-01 5.179101343713593542e-01
8.047119467424163020e+01 5.350944985156084188e-01 6.425646192384880662e-01
9.603598283176597761e+01 3.443635326260851004e-01 5.222770621659307277e-01
6.232114613217141397e+01 6.597315547892588228e-01 7.945346850761392243e-01
7.519690463945245540e+01 4.798364241011803810e-01 7.392943177750621597e-01
6.891650296780784402e+01 5.998217911839666128e-01 6.149642232564398459e-01
6.866308591993156085e+01 4.787826692840280174e-01 7.806044957242126436e-01
6.402357428240740944e+01 5.665414011636626945e-01 7.351983588765204081e-01
7.754914194226358859e+01 4.804521679072225604e-01 4.472661209851755415e-01
5.230041920840159975e+01 9.079142056199885902e-01 9.807008365182172671e-01
8.287667771115157223e+01 6.286443679893569669e-01 4.530649014354578008e-01
6.797549442375735396e+01 4.930510154743858453e-01 5.095640413790233358e-01
7.956923816579161723e+01 5.338495744634300655e-01 4.701531097555503025e-01
6.368334572681042971e+01 7.037471833134970600e-01 7.648280998779671824e-01
7.252790208376286785e+01 5.601708900482712528e-01 6.917432573237383142e-01
6.276128369536663598e+01 4.781468508342985868e-01 8.587993720547041354e-01
8.417708829729367892e+01 3.594563396875105066e-01 5.450829050871915937e-01
5.346568157005913235e+01 6.869211033970936686e-01 9.287490643891664899e-01
7.802942767506675636e+01 7.688167905871968744e-01 3.504525171616877932e-01
8.546684353724344874e+01 3.399211009702371444e-01 5.157287337702007868e-01
7.295647466989692020e+01 6.461300977374930810e-01 4.698425900138321065e-01
7.353526349141306184e+01 5.993445831098928034e-01 5.241373703671086126e-01
6.511392736668805981e+01 5.268397675790099655e-01 8.540514897376620951e-01
7.002324912767949172e+01 5.145386984358234495e-01 7.242202740527761140e-01
7.972805761708096384e+01 3.122503767433974509e-01 8.438200972082997575e-01
6.597406383822148257e+01 7.051763833926734115e-01 5.730316451029415781e-01
8.974202206124130043e+01 4.216180554619716747e-01 4.397824954172046552e-01
6.443152155981178453e+01 5.848195460743834673e-01 9.475867209337469621e-01
1.039948412118445731e+02 3.345118835116686618e-01 2.554544273101170826e-01
7.314722898449511490e+01 7.319035870500195662e-01 4.445251835986276934e-01
6.121430177429901676e+01 6.875636359226932059e-01 7.899749794612687115e-01
7.451367119688526941e+01 4.763115805726156338e-01 8.182751554647442749e-01
5.240878745392213034e+01 9.465237144202817143e-01 1.004281229372703255e+00
8.704556138890251304e+01 3.733968861720486365e-01 4.727346813026778727e-01
7.812006977362742077e+01 7.151983392316997312e-01 3.020369724274948320e-01
7.423244104456175307e+01 4.748928253956836709e-01 6.699394213573555135e-01
5.260924234677122513e+01 8.961072361281297027e-01 8.978680850726423746e-01
8.728334260727821459e+01 3.257238210409835188e-01 5.482418447790012861e-01
5.394114250008378519e+01 8.782811429216091925e-01 9.413871394172302898e-01
7.191308089275733550e+01 6.357090319573724946e-01 6.399613179747868363e-01
7.285196709092704737e+01 4.911500425417657523e-01 5.078732286763600889e-01
6.853405135484206312e+01 7.056786921688594783e-01 6.068345670438335393e-01
7.301886300832080678e+01 5.725817277123009807e-01 7.144978954733051113e-01
9.639821187564302818e+01 2.832693903588018869e-01 4.590868526099530778e-01
6.889318213390058077e+01 8.241006094575292762e-01 5.118088505577972347e-01
7.963792352116311690e+01 5.722753032079939128e-01 6.612271126922899533e-01
7.965107715044966596e+01 5.108346901263355333e-01 5.089825754741981179e-01
9.266584242282544892e+01 3.876564289710615618e-01 4.194321610788701027e-01
7.958818274047388286e+01 3.127385145838888492e-01 8.195862634298369809e-01
6.434626019090468674e+01 6.820507463109755086e-01 9.206952589867509751e-01
9.478495570539362802e+01 4.506639003015274203e-01 2.207734934752475786e-01
8.247961245834463284e+01 2.443760182820065296e-01 6.342644128251717639e-01
6.751237963888441129e+01 7.394547070154868784e-01 7.680127313256946975e-01
7.345940653878264470e+01 6.533263180981547791e-01 5.535062337421000622e-01
8.157570297730696041e+01 3.744130446781833710e-01 4.838982685735987999e-01
8.231351020396141394e+01 3.319230088421816216e-01 5.167526543088393209e-01
7.819641320539864182e+01 3.035760879869040529e-01 3.971607525396520511e-01
7.054479184748501552e+01 4.613145679540028854e-01 7.869543749417470258e-01
7.954520260307626245e+01 7.529599204615828878e-01 5.486632378157010326e-01
6.812007626748375344e+01 7.090584815477712910e-01 5.884923052902331086e-01
9.072902465738977185e+01 2.248820542294837355e-01 3.844940511625645763e-01
6.545230803437604550e+01 4.229800844950278860e-01 7.659976267897666835e-01
1.021547850024683584e+02 5.719894348912253346e-01 2.601629822432540151e-01
7.542790079142235982e+01 4.193563972560606090e-01 6.496777726683201637e-01
9.964240921998553802e+01 2.273726176890657757e-01 3.205410182168345612e-01
7.907632372308239610e+01 3.586041376810465420e-01 7.419898070653758726e-01
7.837678533399629544e+01 3.429440347335623307e-01 5.060684776429529297e-01
8.475413897457292478e+01 5.228072144223595563e-01 2.881296075141218660e-01
7.993990299600874039e+01 2.639473051679648852e-01 7.106865568355343887e-01
7.303242218974163791e+01 4.479309368138751357e-01 7.202637534811898723e-01
6.541870302231222922e+01 5.817994973156462857e-01 4.270148793071480431e-01
8.472961405661526157e+01 7.640262447867850470e-01 3.794271157115611248e-01
7.281563708214135033e+01 5.312468891270771820e-01 6.921950571522670348e-01
6.866569225145946120e+01 5.829557097494812989e-01 5.447389699940453633e-01
7.447744903292388585e+01 4.389673039313666258e-01 4.944805477726947340e-01
8.563773391296062698e+01 7.055652145227362393e-01 2.687034348119948235e-01
8.373973535104823895e+01 4.408965001236165859e-01 5.979714967838296591e-01
7.606127994730906039e+01 5.172130706805888600e-01 5.830058050279730564e-01
8.281639874160892134e+01 5.092831645591923140e-01 5.366271461047972258e-01
7.323565499013682256e+01 3.403252173148698101e-01 4.659842772374053754e-01
8.310032433006688279e+01 5.640275024795026182e-01 3.904461282848997739e-01
6.641496812571770647e+01 4.496997315412270546e-01 6.595070696149090139e-01
7.997831157136627667e+01 4.789204610055632916e-01 5.014571411581050242e-01
4.921019024166020017e+01 9.235515803717099237e-01 9.381654293183002702e-01
6.395339612371888904e+01 4.295766645382265159e-01 6.695687726973570397e-01
6.807053128535790165e+01 6.829605438365601300e-01 5.996667608231401880e-01
8.984562361072102021e+01 3.146625841261025402e-01 5.191652590510327236e-01
1.018391095076684820e+02 2.825475734103080061e-01 4.880914034854333394e-01
8.699356177114538013e+01 3.040299672438798728e-01 6.373605271075946099e-01
7.161106651333477657e+01 2.910698600035049322e-01 6.088992125114394138e-01
9.433518805753858771e+01 2.951024300123805122e-01 1.781031858651264677e-01
1.117863101521518274e+02 2.288836721773421790e-01 3.363976371191654824e-01
7.901615617599767916e+01 4.515373379371286910e-01 4.221472252571897843e-01
8.745044384496168277e+01 5.526942916198450684e-01 4.043674846294252334e-01
6.897457133962635112e+01 6.262428385126302954e-01 4.978108474217286528e-01
7.698017494384475867e+01 4.482965188219002473e-01 6.687798245737972547e-01
7.110046361289640515e+01 4.989944353130441046e-01 8.390759729153345337e-01
5.839672600808206937e+01 7.386502484845769434e-01 8.017991926003843473e-01
6.066660051973508416e+01 8.947206479540834589e-01 4.675171838534278312e-01
6.829745580971513164e+01 4.854072098799698809e-01 8.393992004238923776e-01
7.022731019540674424e+01 9.883828796035472042e-01 4.586819128348222918e-01
6.173776793326026535e+01 5.257476508525552594e-01 6.707957266110935457e-01
7.067052342670494625e+01 5.435775530648540022e-01 7.800194625464396125e-01
6.408438052309837474e+01 6.467421832578613694e-01 7.883115937239374427e-01
8.687356712368656986e+01 5.078910024430423054e-01 5.533994827745203349e-01
8.055990662169936911e+01 4.302509167351149522e-01 4.436575302825341849e-01
7.945341741919249046e+01 2.790143769776565752e-01 5.788371328680401717e-01
6.918174580687283992e+01 5.047840614345990851e-01 8.148289410912045172e-01
6.010525485889181851e+01 6.624683752552809057e-01 6.335264302444600926e-01
7.409615541080653145e+01 3.716499537443049284e-01 6.962877851239787086e-01
6.719494660965894184e+01 5.339289499341927092e-01 7.605716965735253021e-01
8.165143898977531478e+01 6.031705547113058730e-01 4.007528990125861501e-01
8.151382021936555589e+01 4.761280586798077308e-01 4.259534963016018971e-01
5.704847859610483596e+01 9.851841397518174004e-01 4.043089236584548885e-01
6.990560312019516687e+01 4.765423482453784998e-01 6.803838611533751246e-01
8.434000334203855687e+01 3.462965461931654110e-01 6.544502621770590389e-01
7.344716014364232137e+01 4.299609244446417899e-01 5.090788576229186013e-01
8.905265287381293149e+01 4.612484839412105964e-01 3.009092095341840412e-01
7.946916225327071004e+01 3.822850147686226996e-01 5.465917024850144301e-01
7.911708880714733993e+01 3.859840151833047739e-01 7.104540998922064254e-01
6.648123271185907868e+01 5.940443938789367051e-01 8.649971135425038593e-01
8.342166906362349721e+01 2.981828020419350356e-01 5.148038639062292310e-01
6.122098389931864659e+01 5.096649424254316996e-01 7.030145180515110503e-01
8.011486363951016187e+01 4.713198143859924083e-01 5.279152768878545565e-01
7.546712668332426688e+01 6.659750746530742616e-01 5.168265754946680390e-01
8.510316497073743847e+01 5.214004032981873760e-01 5.055693004934304069e-01
6.604903522279145989e+01 7.354875053569909227e-01 8.467168924250592088e-01
7.483135623039011364e+01 4.121015817859956520e-01 7.132534703842999813e-01
9.377373739693790355e+01 5.685147407931634422e-01 3.453450833416701893e-01
7.387554976322185496e+01 4.632417047731224313e-01 6.736338617145295471e-01
7.970323822950724946e+01 5.477473082581125752e-01 4.662362886717555388e-01
8.184946604422339078e+01 5.461455068166962690e-01 4.637310596215463709e-01
7.462048513763753022e+01 4.041137417675130239e-01 5.517614840848363844e-01
8.677797159141742611e+01 5.014574444349211291e-01 2.215321677466224326e-01
9.565161924315583519e+01 4.324770189983998536e-01 3.999457966132779485e-01
7.278901326290097984e+01 4.586090387795093704e-01 6.823120327699473409e-01
7.999857588761138061e+01 3.438624409520807945e-01 6.447732360819535824e-01
7.509893274100755889e+01 4.807306787228490808e-01 7.488393422622782181e-01
7.040817713146513768e+01 4.383517868455663602e-01 5.651802222622921423e-01
8.335405461208750921e+01 3.942916690211032416e-01 6.542665533080186391e-01
7.500446025320191268e+01 3.499523355026733507e-01 8.650104472327503347e-01
6.067982569803974258e+01 6.751808034882622600e-01 9.950042167622004108e-01
7.041332238648958253e+01 3.509626955941788640e-01 7.138627864860649375e-01
7.730225005357601731e+01 4.203702308018928413e-01 6.138471415165990264e-01
8.070189607079736049e+01 3.919018514399273401e-01 4.876207319588028999e-01
6.568004274627091377e+01 7.806878870358661127e-01 6.583198629941213742e-01
9.558873723988399718e+01 4.524488324217793567e-01 4.418313084058563267e-01
9.713353737274341881e+01 1.754707432076955953e-01 5.113926980694875057e-01
7.868489878556665928e+01 5.880034773178501872e-01 4.633389938195553448e-01
6.722974308744024086e+01 5.295233317158786202e-01 7.677747176994280665e-01
5.878829355397515855e+01 7.070210535994756462e-01 6.814870697891866058e-01
6.925259641096965879e+01 6.503722702649517018e-01 6.717775450881495747e-01
8.757989122086188161e+01 4.583220179357574420e-01 3.041080910489685762e-01
7.767635022545753998e+01 3.815851785815264074e-01 5.869527087315763447e-01
6.394170771222989202e+01 7.912105690096036259e-01 7.493861928327684163e-01
6.662221713282731628e+01 5.630358734452697300e-01 7.790472971849895512e-01
8.162773308463805222e+01 3.978237548999674078e-01 5.397856821409868777e-01
6.323729547522643202e+01 8.119410402766052970e-01 6.713760083904439790e-01
7.641425287416804224e+01 6.598542915026213151e-01 1.897489823381779961e-01
7.922360547274166720e+01 3.829107603125730397e-01 6.686786213253194111e-01
8.060559568088594062e+01 3.579710123032047719e-01 7.573799431651936365e-01
5.921813515416832985e+01 9.895833570075994734e-01 5.957057381886832204e-01
5.514043286403744304e+01 8.374781384318241706e-01 1.108656621671315179e+00
7.145538373649885955e+01 6.874520375402286554e-01 4.624482929391228736e-01
7.715487496951185165e+01 5.849399483116507481e-01 3.931204701904810750e-01
7.607688542267297294e+01 7.020785409456825610e-01 5.035220785717432479e-01
9.690136050362599462e+01 5.796614345194762707e-01 2.157009104695927770e-01
7.910690601455648618e+01 4.291018603510769469e-01 7.495650113134818548e-01
7.275356485854973698e+01 3.475488886385809661e-01 5.784682397398909215e-01
6.213026541067016950e+01 7.983939792475088781e-01 6.845465679757297695e-01
7.531557736927607039e+01 6.703440480629807574e-01 4.664986043796031101e-01
8.069941088261526829e+01 5.478304038288053235e-01 4.228100292927919335e-01
9.134143255713081544e+01 7.140977047787565590e-01 2.179414557749486669e-01
1.074661180284539341e+02 1.504739154240906929e-01 2.298571438747286644e-01
9.637448440279985107e+01 2.347626759112508288e-01 4.682161312064946901e-01
6.000150761186550596e+01 5.802908108392120790e-01 8.280511028949295582e-01
8.504695500597047442e+01 2.074398235113015798e-01 3.983305754078401151e-01
9.002596190912790064e+01 3.112680369079824927e-01 3.134835907380214559e-01
5.859708500363218064e+01 7.267568499504704072e-01 7.427208507743807697e-01
6.515293511668831172e+01 6.220833115922962397e-01 7.623072257950765929e-01
6.961659954668604655e+01 6.486391232968893306e-01 7.596468021859785757e-01
7.779971474459634351e+01 5.650751408779540741e-01 6.679329085719816206e-01
8.368266650293583098e+01 4.420400392248555743e-01 4.420685095837765255e-01
5.839647586151176029e+01 5.760973394267286940e-01 7.899992566495692703e-01
7.532074042449934836e+01 6.259758229267329277e-01 5.267016947323766018e-01
7.492693505131221343e+01 3.779353795773168767e-01 8.201082598864090079e-01
7.480372576787242167e+01 5.769991144828604535e-01 7.331088988434166787e-01
9.706492539907776518e+01 1.869782256199270243e-01 5.251683579561123860e-01
7.775199349367096602e+01 8.562808198063632803e-01 2.252598219819635372e-01
6.499730494636155242e+01 4.562678359194765054e-01 8.482531506657495779e-01
6.609680246126585246e+01 5.868128981905579300e-01 8.747143829718293517e-01
9.224371944755938557e+01 3.993140109427262274e-01 4.748711409340696243e-01
6.491963112094563826e+01 7.551298195728163298e-01 5.679741296207935219e-01
8.317778234100123314e+01 4.747606378516588399e-01 5.085520847465672123e-01
6.643141304633338962e+01 6.327556225121860889e-01 6.220128321061765275e-01
7.110641204587025754e+01 4.668437846709866390e-01 9.389738627535216819e-01
5.639930879453809354e+01 5.675329153331758469e-01 8.749726272266518112e-01
9.586978204990180075e+01 3.542078487820872201e-01 2.611912527681549689e-01
7.460310163626940039e+01 5.825164312816537571e-01 4.073827625328397817e-01
1.151568357839792043e+02 1.754287202537666845e-01 4.107969589247537634e-01
6.568611347448234028e+01 6.070790255708031768e-01 6.951459192697363454e-01
8.820401444331055529e+01 7.744947739831113953e-01 2.589454755989443746e-01
7.679503029654190982e+01 5.766091213766175727e-01 6.861656538799819627e-01
6.073676642968926842e+01 6.161176855575469791e-01 1.101810063365350478e+00
7.377677647922517679e+01 7.265650284473117448e-01 5.019328379877863178e-01
7.889800269098527963e+01 3.415687438232841711e-01 5.665878560705627232e-01
6.610724392595133736e+01 9.349786584388593003e-01 6.016239881846031645e-01
7.440891577216146402e+01 6.522705490709247433e-01 6.492852517162753800e-01
8.194448552536159980e+01 5.566941489410782706e-01 3.818234509840481850e-01
7.720611232722812645e+01 3.955736716911071871e-01 8.146165577557715753e-01
6.962095202396530169e+01 4.948778755692324616e-01 8.591253522816051369e-01
7.126472184890967299e+01 4.591228954993588629e-01 6.504663409775660599e-01
6.136071913149136492e+01 8.947767177011118900e-01 6.348805765200403739e-01
9.009474680644721900e+01 4.535926496511540895e-01 4.583652005452912293e-01
6.922927332261355104e+01 5.240220776039518080e-01 8.059827805299059067e-01
6.618029205795664893e+01 6.643627944371509608e-01 7.108624866577322177e-01
8.009926089045882236e+01 2.591668085836695279e-01 3.972377441352371585e-01
9.039396435847919520e+01 4.135135283814436180e-01 2.812972545375450051e-01
5.999437108929151208e+01 7.512487938580137969e-01 8.061780460144403193e-01
5.679044267714737515e+01 9.320207253034618056e-01 6.963646103399924181e-01
7.494479427090908530e+01 6.361850614061416165e-01 5.863572509943155708e-01
8.244324640508499158e+01 5.632617692657694297e-01 4.271192164638054067e-01
8.165949449794888437e+01 3.439209895061032807e-01 9.376721081217248566e-01
6.588078424142459255e+01 5.133962368459694670e-01 7.617322652475720934e-01
1.015079088577603841e+02 1.941709784857379995e-01 5.143679774625111722e-01
7.269394694954758052e+01 5.363724680063706174e-01 5.955472296435129209e-01
6.243689549866062549e+01 6.795997105287997497e-01 7.939969582764915268e-01
8.072430180540226274e+01 3.334437826463230170e-01 5.245316914198858704e-01
7.069714101020987584e+01 5.706440740795303279e-01 8.992617577933674777e-01
7.618398531233823689e+01 4.450671149936039073e-01 7.496138192225545449e-01
8.372115283151914866e+01 4.898288776001566425e-01 4.101463042384827506e-01
8.864337608378599498e+01 4.619234084421739994e-01 4.273368730199760823e-01
7.558583610855717438e+01 4.412021593835983024e-01 4.639982847857096471e-01
9.483471446338785427e+01 3.535711859474739427e-01 4.073705737968773555e-01
6.790940654756676054e+01 9.994429714120081076e-01 3.113508282055135190e-01
7.272788500035171921e+01 7.836510219705503655e-01 4.219719907155604077e-01
7.240613779326821486e+01 5.066635134668751039e-01 7.747649093023264433e-01
6.649246198344462755e+01 5.060312789521973498e-01 5.757578793345530244e-01
8.095765019266872287e+01 3.899248537143970017e-01 5.659409807136783765e-01
6.590283490528605626e+01 4.078222482051034326e-01 4.438705821785258188e-01
9.195743828097739936e+01 5.061032010201046427e-01 2.461689117011095773e-01
8.551059607251761463e+01 4.104944232294855944e-01 4.896990434099649514e-01
6.129403864811378355e+01 7.184021686868246048e-01 8.169368852603855480e-01
6.933622382417735253e+01 4.214790095544894699e-01 6.414852048676471519e-01
8.226046935801235804e+01 3.732066416844941337e-01 5.110296390907038688e-01
7.514430827439706206e+01 4.705354461509830832e-01 6.491508611906512405e-01
8.537240125250234257e+01 4.476288621875282869e-01 4.169570754903954568e-01
8.072527514486181133e+01 3.185922787982579663e-01 8.123516797865991679e-01
7.458209185930635954e+01 6.641343783450799343e-01 3.897499623274890967e-01
7.109207934981490951e+01 4.010468051657550825e-01 7.434696616593018392e-01
5.960140925508598286e+01 6.999432093369302166e-01 8.251399587833365690e-01
8.809993953142628698e+01 4.403175154276368075e-01 4.281785173399775268e-01
8.788409925816526425e+01 4.240228433050851065e-01 2.909102460713116067e-01
7.727224315593771564e+01 4.996558135891946417e-01 4.526506247400965965e-01
9.685047895887238667e+01 2.394042730238583050e-01 2.539800106824812720e-01
6.297384700247673095e+01 6.156837702337562002e-01 7.401981614349193439e-01
1.004976291375327833e+02 1.884726400104714261e-01 3.376913750004484904e-01
6.811682299548793651e+01 5.420053898102659140e-01 7.702049562254579262e-01
6.963754961318180392e+01 6.624551623909425979e-01 7.485038583064251849e-01
6.773893901962242126e+01 7.497954367744806836e-01 5.954993646595110324e-01
8.310032937415324739e+01 4.086393030399134707e-01 4.459727889945243606e-01
7.172583861387701631e+01 6.628661177007638683e-01 5.635606240928183741e-01
6.905396985163693557e+01 4.643361260970526039e-01 7.019861795206618904e-01
8.341287968210411918e+01 1.573089726732631588e-01 3.023929399234453474e-01
8.372972031085443234e+01 6.247089188769668899e-01 5.282419975848622329e-01
8.441038872812436011e+01 4.451627214377527064e-01 5.618839636238958102e-01
7.447190076405084369e+01 5.537608650684666678e-01 5.343990998097913891e-01
9.398808126033746646e+01 4.228817078877835089e-01 3.755127874293031076e-01
6.697808423020036628e+01 5.676248593994656089e-01 8.477294147115356227e-01
7.411245469720026335e+01 6.085801606956665610e-01 3.804427953270490548e-01
4.700846136205430525e+01 9.060346361549379557e-01 9.973897689920442344e-01
7.319670214648539286e+01 6.092417287322512420e-01 7.706117566742693992e-01
8.365604299298863111e+01 4.148520845600654483e-01 6.070887901224827354e-01
6.873937735570135033e+01 4.114866360577799642e-01 8.289934291277399891e-01
8.451688937030263560e+01 3.873400070053247823e-01 5.587708769082068150e-01
9.324305191288475214e+01 3.451864600859402832e-01 4.352040914579508590e-01
8.278043853042986200e+01 3.157826527194036448e-01 4.171638545509886997e-01
7.203514965874467180e+01 7.941362726431867580e-01 5.229941214506025338e-01
8.531141446756276991e+01 6.320625358176358288e-01 4.337079939656187100e-01
5.774493132442703569e+01 7.047079335156856139e-01 1.019944181937082028e+00
7.365780827894526794e+01 6.328283111671548777e-01 7.854935908932229038e-01
8.418253145421871864e+01 6.033376733353202903e-01 2.801992832979136039e-01
7.774667292812870301e+01 3.388923019303897721e-01 6.496798488214863276e-01
7.718117456041007074e+01 4.051834380374079725e-01 6.095446411029151745e-01
7.427294927318284579e+01 5.018552390139594532e-01 7.597960023340379898e-01
7.378506923641755577e+01 4.098388280532944683e-01 5.998641907402252338e-01
7.806837528463157128e+01 6.821452514477638340e-01 3.770831955290348536e-01
9.331593551054402269e+01 3.084407444543061372e-01 4.099318594545872663e-01
7.979778142988989487e+01 5.615479772643428014e-01 3.906181732321677980e-01
7.883076120303030621e+01 6.783242313945150315e-01 4.387306048508767820e-01
6.544150547162992382e+01 6.272274650906953797e-01 9.192034647461468921e-01
9.797881302469775733e+01 5.174801338195228473e-01 4.061403668215962659e-01
6.917629298889301026e+01 9.322645184304877430e-01 4.757265422819632050e-01
6.838183356870122509e+01 5.669176517723821807e-01 6.050423302101741729e-01
5.968282250255688837e+01 6.830707257294998946e-01 1.098072547592036541e+00
7.591922343283589214e+01 3.440564257528592740e-01 6.386917007289969472e-01
8.130893788371990638e+01 3.014705283836912053e-01 5.862562381633967812e-01
7.880041153574345003e+01 2.621787174288062738e-01 4.187159215128979373e-01
7.261978706988546151e+01 4.237571223310634960e-01 6.482810610769295101e-01
8.290218789949798861e+01 3.364366051997629281e-01 6.038816450785737810e-01
6.926403291529722139e+01 8.770828969812081155e-01 4.208961533305744518e-01
5.800416980418127366e+01 7.108622511722547666e-01 9.306341570477882907e-01
9.866433095328072511e+01 3.837042030910829404e-01 5.835148439178403645e-01
8.063487122648672312e+01 3.037995866246268606e-01 7.028115504447886019e-01
8.887699133477804025e+01 5.535204566680914651e-01 4.220885132286803509e-01
9.643758546984405200e+01 2.597541658288668454e-01 4.184029087435076621e-01
9.170160287806616850e+01 3.314812145432264878e-01 4.162239401098368208e-01
7.397898980920174949e+01 3.541493786979765801e-01 6.231138532986283396e-01
8.167366786691181346e+01 2.952216924081536575e-01 5.063685132424019519e-01
8.536322438636611309e+01 5.462290650757291033e-01 6.729090038651992511e-01
6.223389116086397621e+01 7.984907285475866257e-01 6.700809635965986333e-01
7.063339426484381534e+01 6.016991242728304545e-01 7.848463329698300850e-01
8.567235775810389953e+01 5.493611101492517079e-01 4.434940198117109933e-01
1.057520168484752361e+02 1.472509522216485234e-01 3.880798082835231755e-01
9.581343042590512482e+01 4.265124487258293851e-01 3.790932639105323854e-01
7.921385712613816565e+01 3.840149023085485669e-01 3.921515614840998531e-01
7.444932016850034984e+01 5.869599436439992823e-01 6.437017005410087256e-01
7.942225217217949762e+01 3.128727813528687784e-01 5.317870578332858367e-01
6.342115640557410927e+01 7.749637339034938233e-01 6.438788361735185983e-01
6.878639319217566594e+01 4.847836116210983426e-01 8.653156844769044342e-01
8.302537823807648465e+01 4.652835766850446086e-01 5.264038600492157993e-01
8.156393751549525462e+01 6.585444174931336381e-01 4.013612612739407282e-01
7.825326532369254551e+01 4.494303416603029899e-01 6.425395632213305452e-01
1.065551768979104139e+02 1.508391839127713741e-01 3.047406684729784265e-01
7.703069964467202624e+01 4.328534150006229098e-01 5.512152525347030485e-01
6.846328980132751951e+01 6.744388748579038806e-01 5.174789719780479302e-01
6.233272151353529722e+01 5.981668418406866916e-01 8.036959572452723188e-01
7.231711518538914163e+01 3.013132004088170945e-01 5.525204482199891354e-01
7.231180622079369869e+01 5.930023461979431199e-01 5.214412365295602036e-01
7.877076967658736351e+01 3.746746140156533289e-01 5.701714466793154079e-01
9.233457173539282792e+01 3.635916819373493092e-01 4.607441618365208380e-01
6.769111449181532691e+01 8.604193810429102696e-01 3.792853744794176807e-01
8.235360840282731942e+01 3.870041672875361161e-01 4.751722930698442648e-01
5.919366689219867794e+01 8.314825015531753793e-01 6.252030458996478135e-01
8.885697726449274114e+01 2.618404604176503558e-01 5.184043093644062905e-01
8.755897679695492286e+01 3.409124934789241612e-01 4.006630698112343403e-01
7.669293414160588895e+01 6.096902542264180935e-01 3.022742153948718147e-01
6.067624069247556662e+01 5.976106492236408219e-01 9.273765315100443996e-01
8.556547299378151195e+01 2.982702562414857872e-01 5.194864916264345656e-01
6.665971373933959399e+01 4.344779231586042290e-01 7.860618544186123158e-01
1.021631348394016783e+02 3.117585135249432704e-01 3.292879034244341474e-01
9.183270067134426995e+01 2.208430849010341035e-01 6.151705950407446721e-01
7.775450200326947936e+01 4.247652061349961872e-01 5.152431471012710595e-01
7.210241076015122985e+01 4.364691820110612741e-01 8.183852297321534408e-01
7.246164398740920376e+01 4.438027044988309688e-01 5.419883700260867965e-01
7.215673125667571242e+01 6.308011479186683701e-01 6.459059156939711555e-01
8.259425853328929179e+01 5.200488086084035233e-01 4.286707620297730004e-01
5.235604384184031090e+01 8.915505826377795318e-01 8.537592333406633927e-01
8.226332862347024388e+01 4.121219256410335041e-01 4.854306895192784799e-01
7.802170900004337284e+01 6.724333022037055629e-01 3.265696130897189908e-01
7.631166545698712866e+01 4.972716398163189999e-01 5.558962019711025659e-01
6.098371846176435440e+01 7.802381970159192326e-01 8.480673875803536044e-01
6.155353989713464813e+01 6.892473090030210026e-01 7.915914759186327698e-01
7.071541162106628065e+01 6.716905145676949074e-01 5.787129140900375557e-01
7.440803405432237128e+01 6.877461422255263246e-01 4.947170955450679863e-01
6.753317346112335429e+01 5.011107782810509947e-01 7.031338398455972971e-01
9.125498601950582156e+01 1.999013992713170595e-01 3.198402498119149451e-01
6.959701938629751794e+01 6.000506419336907316e-01 6.473399515944330274e-01
7.468243665217100613e+01 6.642945557263070233e-01 6.335154259620372486e-01
9.130647937019345761e+01 4.861998899010190889e-01 3.545728445031401943e-01
6.728721773748171131e+01 5.115060276503551329e-01 1.008627005057441517e+00
7.284899797326247040e+01 5.257841146416429856e-01 5.826182686639256314e-01
7.794504774013387305e+01 2.463423235756754537e-01 4.947874649293271254e-01
9.962257756404282816e+01 2.263218436350508955e-01 4.054923446856179003e-01
9.007315339231207929e+01 5.927088909504339975e-01 2.608163363959013492e-01
7.293312205965736439e+01 9.401062433536480079e-01 3.485569494560786241e-01
7.327939273099262607e+01 4.561138617053610012e-01 3.713171625182050128e-01
6.863865847762448880e+01 4.702123711560495800e-01 7.772282465212011493e-01
7.438148275253757902e+01 4.092504689470689572e-01 6.277088396320344987e-01
8.772815416292681334e+01 3.358409322648873152e-01 6.129840276789904063e-01
1.006384428226265584e+02 1.161224060665941860e-01 3.504184656340382786e-01
7.165471571435840303e+01 4.369135782194137341e-01 8.982790119979287002e-01
7.163627224103527169e+01 3.687083632573479042e-01 6.179456516257683107e-01
1.000365650141672518e+02 2.615234557969874363e-01 3.636457090917504797e-01
9.199294951244371532e+01 1.268242600651776075e-01 4.543269919860533634e-01
8.190034608146129358e+01 5.582284965663788512e-01 4.069050904473190955e-01
7.971824865655383974e+01 4.219292389820952782e-01 3.728234601062519471e-01
5.957312317639102162e+01 6.992382077743923841e-01 9.216743236204700818e-01
6.044714804470827119e+01 7.966897269065723597e-01 8.442233391646031260e-01
8.085986036378326958e+01 3.588944808946631926e-01 6.302644409046482821e-01
7.798857010066842577e+01 6.292301378187378225e-01 3.618160570054781977e-01
8.858222234941985107e+01 3.365811410847214802e-01 7.326662547561568761e-01
8.446493930912866688e+01 2.231837422439610918e-01 6.413008310741475926e-01
8.176605223100330022e+01 3.336838415648984424e-01 7.825531967297235658e-01
8.279645705558451141e+01 3.131164973677798002e-01 6.764224645960500437e-01
6.742523367682389335e+01 7.370511120715360631e-01 7.253567539864728131e-01
6.745049137088081181e+01 6.654490801102848074e-01 6.347966272879450589e-01
8.088397805361918813e+01 5.637682715838562286e-01 4.657940748968604772e-01
6.209815431078430947e+01 6.729192901456954035e-01 8.163043164285319619e-01
7.769794658367185036e+01 3.755032232580379770e-01 5.952304435111921421e-01
9.475933583608969002e+01 2.536874654332276213e-01 2.714231676326318565e-01
6.196609897704463776e+01 6.737853313298654001e-01 8.848665346202183590e-01
8.938296798375269248e+01 4.579841982648048537e-01 3.054280967876861763e-01
7.167281792885086134e+01 5.049146607977188506e-01 5.483918241745390221e-01
7.709363002735420878e+01 5.558349369984978416e-01 3.709717323888633844e-01
6.276651750916918360e+01 7.695140482072886368e-01 5.839384647339310730e-01
7.444309152199650725e+01 7.958613750347361959e-01 4.040046203951880299e-01
7.427803902034514749e+01 2.766030321815084458e-01 6.335475454084753544e-01
8.738309926463453792e+01 4.966968836841206270e-01 3.822325084582840482e-01
6.681222110817468263e+01 5.491549800654598190e-01 7.731289605480315963e-01
7.348430498799565669e+01 5.276983809718163165e-01 5.743628007144495617e-01
7.629275660964660233e+01 7.860160379692691102e-01 5.627613215113163037e-01
7.467593237697710151e+01 5.353627794465714018e-01 7.519589063491510794e-01
6.058789025204347212e+01 6.010334670942641955e-01 9.911542187169531948e-01
7.791214317068153150e+01 4.549706847553077194e-01 3.863575838099561621e-01
6.682744642960872739e+01 6.275339381965856500e-01 5.241327915732145737e-01
7.385502155571553828e+01 3.914692340771990242e-01 7.882742771598203468e-01
6.473436585970873125e+01 7.135216618572263192e-01 5.031303982658279494e-01
8.884064606652022178e+01 5.601737209008280649e-01 2.093099808699597775e-01
5.997113706328690341e+01 5.905174089826690231e-01 9.958521085688035734e-01
6.928854975676398453e+01 7.045053217268625323e-01 6.507850389394589374e-01
6.082839587823049499e+01 7.091890191498259055e-01 8.314913463341840894e-01
8.468385581664379913e+01 4.929280079293816841e-01 5.031985372228652276e-01
7.383660681987554142e+01 4.205136696482971170e-01 6.939263699989394185e-01
7.692158617807685062e+01 3.202021929106722564e-01 7.233428527211839265e-01
8.385910640793973414e+01 2.901709309333243003e-01 9.043717962033820390e-01
6.912667885575962146e+01 5.597748109511210268e-01 7.512371697834572259e-01
7.653844310167195886e+01 6.067621028170833153e-01 5.608658233260519488e-01
7.979338866638951799e+01 3.413765889513481477e-01 5.776456029780911994e-01
7.555462363730623565e+01 3.940818857265236952e-01 4.837969412095489696e-01
7.689189829700224266e+01 3.018269700507359432e-01 5.601948700180306995e-01
6.702868953275668673e+01 7.137612802910562326e-01 6.534024712921502331e-01
9.543462528046060811e+01 3.733349282391595914e-01 4.921955807083548406e-01
9.621588479226785751e+01 6.500180468445730941e-01 1.877348512894427279e-01
6.497667433823234262e+01 6.257843029212654118e-01 6.398268112659596385e-01
6.334807444102002449e+01 6.129443318958546216e-01 6.787847120956436164e-01
8.958935420706920638e+01 5.440150680981954423e-01 3.690452099803134822e-01
5.209961514079066092e+01 8.310762713297030757e-01 1.039652070531944084e+00
7.956481526091070577e+01 4.016815806003177780e-01 7.307440613394603490e-01
6.590914131809206822e+01 3.909673586559991310e-01 7.557020660401694290e-01
7.802534145680071731e+01 4.169641413394570284e-01 6.563171276354932138e-01
7.311752877270320994e+01 3.889775820835446596e-01 7.105850086411305000e-01
7.106854086025029460e+01 9.745117930962975406e-01 3.339704431151817032e-01
8.596396233475847737e+01 2.753141713203870466e-01 3.431767151232780200e-01
6.061436973946496920e+01 5.393422117156325690e-01 1.153948859392791126e+00
8.948374879548600802e+01 4.007271528474822819e-01 7.322830398953810160e-01
6.741711911458230588e+01 6.251132273464603539e-01 6.946977900195728806e-01
7.283706193802622408e+01 3.901376513755234754e-01 7.004950168892668527e-01
8.193306050860287826e+01 7.166699919315157041e-01 3.864865867867056104e-01
6.659376012307545523e+01 8.917354134300625734e-01 5.877615859614264693e-01
7.439240695793108671e+01 2.864450772522179611e-01 5.752774843574107733e-01
8.740469700248532092e+01 4.193373889873523996e-01 3.894285579053320401e-01
1.121180235211881353e+02 2.561549572706314781e-01 2.805116224529040081e-01
8.074045589738423701e+01 3.300077799789614130e-01 4.772346743598667729e-01
7.662386330652371669e+01 5.084691888603283250e-01 6.317277362380596673e-01
6.474725198564331663e+01 5.535257031559017715e-01 7.274371514120900883e-01
6.657983329705059816e+01 5.790049334472335829e-01 7.959616473642681100e-01
1.006364586140590376e+02 2.077484883829352758e-01 2.376674726316654884e-01
5.282972831239698053e+01 9.916598986692398698e-01 6.217471424638416622e-01
7.880438021208351529e+01 5.402382630039010980e-01 5.323598004178495824e-01
6.854555168227784634e+01 5.143128269774489558e-01 7.097125320235001533e-01
6.144959361433993905e+01 6.095864096655115860e-01 8.349226665091648014e-01
8.144569294377261315e+01 5.121778948744064586e-01 3.342550718633618412e-01
1.121294492498235087e+02 3.178268178963963853e-01 3.013447291333272715e-01
7.440211213684906966e+01 5.502815875718666261e-01 5.473690382004268162e-01
7.492822155020994046e+01 3.809544145421905337e-01 8.232703118598431180e-01
6.993367393618963490e+01 3.805420702698428248e-01 7.103046525107553633e-01
8.791535230674163870e+01 5.840810605408868206e-01 4.636357325118609096e-01
8.084401095387968894e+01 4.581332363726398627e-01 5.445286823210071514e-01
5.348492192398266099e+01 6.826518454499058697e-01 1.045817903509777214e+00
8.840090731043449068e+01 3.820136635004195425e-01 4.327056457804520639e-01
6.709300602053889406e+01 4.786626371886829601e-01 6.872990792818982619e-01
7.998510775524204064e+01 4.796244192135447060e-01 5.400299022029014795e-01
7.143649396875464674e+01 5.785229535448046523e-01 4.823950608336558532e-01
7.265739785680005980e+01 3.895861001575782190e-01 6.320807645534846086e-01
7.641360365219446749e+01 3.388181912856783051e-01 8.481501461928537822e-01
6.012967863491901710e+01 8.370178560516008393e-01 6.427772494997301411e-01
7.511394630840898401e+01 5.348998667133862961e-01 5.985085033967364465e-01
6.776018454656119161e+01 8.148740170631809665e-01 5.217341918596013484e-01
8.227310471720859653e+01 3.311999220691293488e-01 4.183013855814657900e-01
7.123608335821019466e+01 4.417467220140175455e-01 6.659756520272072100e-01
8.312622139377457131e+01 5.722480264375656711e-01 2.943536611707292527e-01
8.605809540267819102e+01 3.630051183955853022e-01 4.983338849419199357e-01
9.180287988761371309e+01 3.583127717094611864e-01 3.694022562528145315e-01
7.424057001500632680e+01 7.760459553709390113e-01 5.281368193752442597e-01
8.699303514353809419e+01 5.078388782002232205e-01 2.377880241927788352e-01
8.188826824919887315e+01 4.890398202173264486e-01 7.586759247402694584e-01
8.073363055544575673e+01 4.757016609424936093e-01 5.669180264272724035e-01
8.610428069034016119e+01 3.671880183788125418e-01 6.725866379701748166e-01
6.427297419257887157e+01 6.071619900979847717e-01 8.345562953726556321e-01
7.541151017283726787e+01 6.898288606430200698e-01 5.340860397476722143e-01
9.470423681730584065e+01 4.115104432743154073e-01 3.560052854636305275e-01
8.861938448115309086e+01 5.804417587042706161e-01 1.905161660877230378e-01
8.351968569796498798e+01 6.531959068197311646e-01 3.958545769346260568e-01
6.584868445539483162e+01 6.816489456145958803e-01 9.009527810110126156e-01
7.625829484901748856e+01 4.790759841145231235e-01 5.768624661630504802e-01
1.121482955393764485e+02 1.607248195905174037e-01 3.200037188059710602e-01
6.725350087215512929e+01 5.163872996074815314e-01 7.594106048500312012e-01
9.701540436874107343e+01 2.413538029158278087e-01 4.923307206992432739e-01
6.803479088858007628e+01 5.083022022155262443e-01 7.731489173091989908e-01
8.708501593921272388e+01 2.396006051127213821e-01 4.182772343801665627e-01
7.715893725713723938e+01 4.812124787807899873e-01 7.897440958606125605e-01
7.467546436005369515e+01 4.173176337104024802e-01 6.236459426166710562e-01
6.953155371601972945e+01 4.772118387845190601e-01 8.688792287589328645e-01
9.658490260380088444e+01 4.025589890847788843e-01 3.395537376107968797e-01
6.995400007218862015e+01 6.573809471903211410e-01 6.586615653157136263e-01
6.951049222424713037e+01 7.448444157007380051e-01 5.386878272411154134e-01
8.879623631890055435e+01 2.348218145867568274e-01 6.038906211765149301e-01
8.108160348065641188e+01 6.586615617219068186e-01 4.382558887262628100e-01
7.818064948789508151e+01 5.789645297225918252e-01 5.662021653134765575e-01
7.222399605641119535e+01 4.942568528370700487e-01 7.137143038508000359e-01
6.999657150563405139e+01 6.497629866691997380e-01 8.022790623840097002e-01
6.842334382479232602e+01 5.524724858809146877e-01 8.694224205001283012e-01
7.785171409742727633e+01 6.790735313736155909e-01 3.182812172370348414e-01
7.608012842890755678e+01 2.989246582178884948e-01 4.989693501026257194e-01
8.918090780818552332e+01 3.696863831914417031e-01 3.610438268498908365e-01
7.528631658607997679e+01 5.899800441026769038e-01 4.127265724654496926e-01
9.006891742441932536e+01 5.783339003367473641e-01 3.819554476576871305e-01
7.640378510920626809e+01 5.962971255194423614e-01 3.350616099536337100e-01
5.851112015899213503e+01 7.954191384189537306e-01 8.526906587501570378e-01
9.317985275212407714e+01 4.335134906317090198e-01 4.050780113996719778e-01
7.017855084347230843e+01 4.158778205850653387e-01 8.364260850715945494e-01
8.879733497166989764e+01 3.703408133944866565e-01 3.991888380676322789e-01
6.212996153067530969e+01 8.008517863025670369e-01 7.867827067463397661e-01
7.039274491412274415e+01 3.655436057302920427e-01 5.911519490605214866e-01
6.966366133173012543e+01 4.918425971807682262e-01 9.170007835007030206e-01
6.330738760663684417e+01 6.734453033541959455e-01 6.484596383904116523e-01
6.408105418955591404e+01 7.443204104353190464e-01 6.702022474268363172e-01
7.659282079285719647e+01 5.859889192008772563e-01 8.023336592367464881e-01
8.071714909550775019e+01 5.773101919949066296e-01 4.259326610377094924e-01
8.348894143979018168e+01 2.738965599191698908e-01 7.019621398541930901e-01
7.571973872793395799e+01 4.207974371018101678e-01 5.194406333568881706e-01
1.039641615438486895e+02 2.523766441824447093e-01 2.427363421728447879e-01
7.031568487044131643e+01 4.474085419153129295e-01 9.299494129704235501e-01
8.187954167084940593e+01 5.983965826157136014e-01 3.287310239291573177e-01
6.598129299255562330e+01 7.416718178907983905e-01 5.832099830292407638e-01
6.271301714436099672e+01 6.857954207944871872e-01 7.526004032299125068e-01
7.890885267471537645e+01 5.242865940217080745e-01 4.967072865028088757e-01
7.213832549993655618e+01 5.978845735472304579e-01 6.087446360306243420e-01
9.899926295208334182e+01 2.799715521645891325e-01 3.480726762234734317e-01
8.045132911112338547e+01 7.133298907124445698e-01 2.528424694167947795e-01
7.084701854139832733e+01 6.415019245644469903e-01 7.024955783543069820e-01
7.798412168869441530e+01 3.901362288845680037e-01 5.909519501487848769e-01
7.247172687628795984e+01 4.597503957728121815e-01 6.533973195631805897e-01
6.535784443783731490e+01 6.665684337548981597e-01 7.866003439091461269e-01
6.830660547126957738e+01 5.030440177463662010e-01 7.869968416840364966e-01
6.000908852180104702e+01 5.692948934111430326e-01 9.881427952905347256e-01
9.199877295454167836e+01 2.683141025659555035e-01 5.443849805447960044e-01
7.889502088739959618e+01 6.137256991537207718e-01 4.571225775868780206e-01
7.666480208545677044e+01 4.648972374621975212e-01 5.889639179047556627e-01
7.698801695795565081e+01 4.663476286283159133e-01 6.685765200497810756e-01
1.026848907118323382e+02 2.523766441824447093e-01 2.582186233868347114e-01
6.192049962586359158e+01 5.980818118291064689e-01 9.980563691225421419e-01
7.387383544090296539e+01 5.389884573385923527e-01 4.604335820640758636e-01
8.219358777433556895e+01 3.347460036731338962e-01 6.560214965414489230e-01
7.862927130091252081e+01 4.051885144038906983e-01 5.058989000340151643e-01
6.813298337466414978e+01 3.690661612915380196e-01 7.552207604459603152e-01
6.573083693673459038e+01 9.571459170956645446e-01 5.416157724376564619e-01
7.604816041287809014e+01 3.067787680482426116e-01 7.542553501427811113e-01
7.666526449782901409e+01 3.718340256308260705e-01 6.691518964942777536e-01
1.021367226160724329e+02 3.809375267409188526e-01 3.447163008000237450e-01
6.323726126129731284e+01 7.984795132229056680e-01 6.172617030978028163e-01
9.639216686564229519e+01 4.966337407310695284e-01 2.258184289736402395e-01
6.576182513851428268e+01 7.204197017823862348e-01 8.709092782207373817e-01
6.342098728933166285e+01 6.033559040007544505e-01 8.522846999921070976e-01
7.328364736655269951e+01 3.806959333300402593e-01 7.498011490045554117e-01
1.036583662773414858e+02 2.131536666820402215e-01 5.675817801893984216e-01
6.694504066434514300e+01 5.735339420658618348e-01 6.567503728666962415e-01
6.848507683060610418e+01 6.494078496116064692e-01 9.729262841214348922e-01
7.472529783446780982e+01 7.553220131003819393e-01 4.264989516912892076e-01
6.661325055327600353e+01 6.222863666228174440e-01 7.931645492883083737e-01
7.590383702975175595e+01 8.304153707633510351e-01 4.165526490468062781e-01
7.167900872338125851e+01 3.900586318212341252e-01 7.344334173688068512e-01
8.760656284981807573e+01 1.686318050416006908e-01 3.343895485721141703e-01
7.905878237166402300e+01 4.829240097674573073e-01 4.541492959978130073e-01
8.911103632580497447e+01 2.146883370251119749e-01 3.973659672688502620e-01
5.685974849954813237e+01 8.147893249039465102e-01 7.886472510753544940e-01
7.206899291269466801e+01 8.724051440965600035e-01 4.677754633790199845e-01
6.877526538547490986e+01 9.247638103624694628e-01 5.719451572915700277e-01
7.777912364178546056e+01 3.955842403960447284e-01 5.745862525405902588e-01
5.996513715382556597e+01 6.692475185719886088e-01 8.687002049549032989e-01
5.563342051819244460e+01 7.158248614574956870e-01 9.205975534013317585e-01
6.106911929411398177e+01 8.539507730376089123e-01 7.493481692712424813e-01
6.151882193048682268e+01 6.698819222589298406e-01 7.499211220950944279e-01
8.353042257221000000e+01 5.553228974569259790e-01 3.685109829735912501e-01
7.517122271966358937e+01 6.789824295279945909e-01 4.600784006543295890e-01
8.231549555200969337e+01 4.839101378556345812e-01 5.562784954409998317e-01
6.260592775204605687e+01 8.239432170152584112e-01 5.608037424333442988e-01
7.513607929698092391e+01 2.818996002315977134e-01 7.760562952587244379e-01
8.780883156478165574e+01 3.736587020698202144e-01 5.201025596232238257e-01
7.427256831827969563e+01 8.170642926403696160e-01 3.260782380616592535e-01
6.845190736064691350e+01 5.941913178199770273e-01 7.733981598248396150e-01
9.098594303741008105e+01 4.133975765246122314e-01 4.440265969006512159e-01
6.298606321898818550e+01 8.183736164049788542e-01 6.406941786970302699e-01
5.582037994656361946e+01 8.078001062424353673e-01 8.658344178957901871e-01
9.351452823264908432e+01 3.535403508194945310e-01 3.700297135182049613e-01
6.077703775175435652e+01 6.664323429743541638e-01 6.224559126113105023e-01
6.680083385321128731e+01 5.672513575076451042e-01 6.544899570558441182e-01
7.313222542018030481e+01 4.968059223115474099e-01 7.490488068511318431e-01
7.498852350773256603e+01 3.693625135348837518e-01 5.187504193021410526e-01
6.076088691450983958e+01 7.279221138685086911e-01 4.426580629802525646e-01
8.547825128442913467e+01 5.164062632880042081e-01 4.578856160982834322e-01
7.601818629042149666e+01 3.755601395875819426e-01 6.512516104093435398e-01
7.901857751307518640e+01 4.018526193676498770e-01 3.754551820317559852e-01
7.008323481617956929e+01 6.543308476400173657e-01 6.569529315322515384e-01
5.448482625194743889e+01 9.776739484810120784e-01 9.576352252184421321e-01
7.549432953282821757e+01 5.892556169793028431e-01 5.662529605404572619e-01
8.480439770506372099e+01 5.563523661441289736e-01 3.494759549714681057e-01
7.092616834687549954e+01 4.519947343683017316e-01 6.042844273219718509e-01
8.804384127835326979e+01 3.675195456134988659e-01 4.877359491044386819e-01
7.425278732105051915e+01 3.178662978168674269e-01 6.193387464217574578e-01
8.420270960287452056e+01 2.919256759817493441e-01 2.863506730190876759e-01
6.011039936156802099e+01 8.392384220567935538e-01 8.031893613179431624e-01
7.340237443454651611e+01 5.680571791162261075e-01 7.358625681387777062e-01
6.309443312609575827e+01 4.713760190147172069e-01 7.358071159655897864e-01
9.108981002368209090e+01 3.520172280152584765e-01 5.798115476818983538e-01
7.928352993825417627e+01 6.260261434953219295e-01 4.553331441798759149e-01
7.505439927635345043e+01 5.906655290824759375e-01 5.669818205790125853e-01
8.571574966317304245e+01 4.211556161208444005e-01 4.033000329309592846e-01
8.378061335105839191e+01 3.342995704153120529e-01 6.536430475040100330e-01
6.975119202322449041e+01 5.722355497067355135e-01 4.834448350367706038e-01
8.432997919706477319e+01 5.678634768451459314e-01 4.927358786294497861e-01
7.969283356880397662e+01 5.376331854727827153e-01 4.558867175334667121e-01
5.204599299192124562e+01 8.815458057084660792e-01 9.224051568032248793e-01
9.036546736883701669e+01 1.939925741698528272e-01 4.374242019385543023e-01
7.071470689689034828e+01 6.738349971254201654e-01 5.294915136278319778e-01
6.601005305540201107e+01 7.914004792026374524e-01 6.607485827885816176e-01
9.044056939043380794e+01 3.215916822836276667e-01 5.045049423071559236e-01
7.117989965354492199e+01 7.438898165845773125e-01 4.927712926204246280e-01
7.747991738340279255e+01 3.054420979503122413e-01 5.759072547876332715e-01
6.949083234181689761e+01 8.965278141225937469e-01 4.698831831288922123e-01
6.527701938632868917e+01 5.772967207254869892e-01 9.177631598350052267e-01
5.333266439463388053e+01 9.186859276953577291e-01 1.008933411326847329e+00
7.509925010967006642e+01 8.593916814737356802e-01 3.529352866462312499e-01
7.096529568422977263e+01 7.824360105157235346e-01 5.270442871534258833e-01
8.826136779259489629e+01 3.521001074143194076e-01 5.258962351535441115e-01
6.077564851557086456e+01 6.139864429661522349e-01 1.076395119440513248e+00
8.966717566682009988e+01 2.465386165051587364e-01 5.008839440873456006e-01
4.674296957845184153e+01 9.465168111078113844e-01 1.316788647450197747e+00
7.872900864261237075e+01 3.535101610315758425e-01 4.883600668915743515e-01
7.735994633055659619e+01 3.474579417128939585e-01 4.803253105902077769e-01
9.266645833611657679e+01 3.634202698402803078e-01 3.332464179174329799e-01
5.965686071423890979e+01 6.515033650299990597e-01 6.877558709035653806e-01
7.319472259241818790e+01 5.215148793420876228e-01 5.347675749758525887e-01
6.090490079660018097e+01 8.221410274305378518e-01 7.532385873730230719e-01
6.156910885684823853e+01 5.647160783916941318e-01 9.857335464402030567e-01
8.347010566747380267e+01 5.536688832522329573e-01 4.237242826396608320e-01
6.797548155229000599e+01 6.105305008569184011e-01 6.335669727885909763e-01
7.502084763660602107e+01 3.934138641805198788e-01 4.996636578150751018e-01
6.489164873697292535e+01 5.677582060957307997e-01 1.045113116621613214e+00
7.928933356962745904e+01 3.818625293430262246e-01 7.090635524256450051e-01
8.148511741002431563e+01 4.745253823643811319e-01 4.045665120563141648e-01
7.548867530753722122e+01 3.389412240244724095e-01 6.915053919552525130e-01
6.889199549131470235e+01 6.651639507895391601e-01 7.126466221247899080e-01
6.108913732133929386e+01 6.269161588864514689e-01 9.846461842942192400e-01
8.129262147329284005e+01 5.986493797940516393e-01 3.394634362495098645e-01
5.802437986099575085e+01 6.796211880131317606e-01 1.202930714365470166e+00
6.758930317783055841e+01 6.632102155581611758e-01 7.751929137694686389e-01
7.652110443914757809e+01 5.449357181364324898e-01 5.335914915414237125e-01
7.502495142843081055e+01 6.800687370611558924e-01 5.131004279040873861e-01
9.024800351663850506e+01 3.146625841261025402e-01 5.123919061768347216e-01
7.677719842749810653e+01 3.344335159110422007e-01 8.698975992465950435e-01
9.055688505273501221e+01 6.191848463567298788e-01 3.314456693574699409e-01
7.360891552239246494e+01 4.826544981701010317e-01 6.719808755202788531e-01
6.591149947549128285e+01 4.927140701086179519e-01 9.825733924725565949e-01
6.056067385120255864e+01 6.466096492953663510e-01 9.704566091131701100e-01
8.708307733771614778e+01 5.079066612904575839e-01 5.702443700132022730e-01
6.190252296356334938e+01 5.389762384216685298e-01 1.027085827161385856e+00
6.203856294344389255e+01 5.246970739370409031e-01 1.005447942828698871e+00
7.899088561057517666e+01 8.023848603764665022e-01 3.640446427188214762e-01
6.614227940050157883e+01 4.964189848716546449e-01 6.445740215453555910e-01
8.202263584849755773e+01 2.533019495387722753e-01 7.081779058879151822e-01
6.628887301870227589e+01 6.104331813110559501e-01 8.353077564866586702e-01
6.318401807197327713e+01 8.891499561326304812e-01 7.273279238266606717e-01
8.442902696967068721e+01 5.774494209506487730e-01 4.592719992233760817e-01
8.201639191831252163e+01 5.779273730344025584e-01 3.912621317743939509e-01
9.992141579376206550e+01 4.498404995453548771e-01 3.230539355902454224e-01
1.010646500225056883e+02 3.416600044759742216e-01 2.644171505385080057e-01
7.340959058803177584e+01 5.143844906392156524e-01 5.773325659673833599e-01
6.706358050894058920e+01 5.767790506232274295e-01 6.857353171270091918e-01
9.059824067436909445e+01 3.981594730014161865e-01 4.769102635240739518e-01
6.686754769017700539e+01 4.917503942919568272e-01 7.400774496558024662e-01
7.189959151836524143e+01 8.280932699389168539e-01 4.403631824283231744e-01
7.032800338807379603e+01 3.556374055394436740e-01 6.734712843574096608e-01
8.923900181272755106e+01 4.903263026131507440e-01 6.026649493067482988e-01
6.006183413664986404e+01 6.294595359857600991e-01 8.558120512600180252e-01
7.755471453566258333e+01 4.656112677950609569e-01 6.355223748932358196e-01
8.522453942886488676e+01 2.952216924081536575e-01 4.436058259772088230e-01
9.102917845560703825e+01 4.625437157460346449e-01 1.642888913190291011e-01
1.082363487635219883e+02 3.075584470767755985e-01 2.192036906920740158e-01
7.424554586135747059e+01 4.562629325986063966e-01 6.068153988411207900e-01
8.555380765874865290e+01 4.504324485096603548e-01 5.997088484657834284e-01
6.686233717498132023e+01 6.548644493582697068e-01 7.330577451185733562e-01
5.983859002984893749e+01 7.250185388230537820e-01 8.699062046103342993e-01
6.141170257654805198e+01 7.608430069763478798e-01 7.154610320893569630e-01
7.117079694275200552e+01 5.255636363378335396e-01 6.000492937571562102e-01
6.601051342987577186e+01 5.226217578611277448e-01 6.956271004356410215e-01
8.084384636485778231e+01 4.740168511590830414e-01 2.265109532741724496e-01
9.181692248310946525e+01 3.212116626405415731e-01 6.156198726084068928e-01
6.236946645790118282e+01 6.899106045442852109e-01 9.737837602855765606e-01
8.045471030691206238e+01 7.037806524461316382e-01 4.574533035856188645e-01
7.626833478131889876e+01 4.091261564060677536e-01 5.330373536879100538e-01
6.837550933036159506e+01 7.441908674520363309e-01 7.046491093349219748e-01
8.706314770797931146e+01 4.900761650013562010e-01 5.081630162285840635e-01
7.872356240658614013e+01 5.545520434265349685e-01 4.839071375763683847e-01
7.153856961826318184e+01 6.690598460310490658e-01 4.727395550506321986e-01
6.682600269048492692e+01 7.880783642553333967e-01 7.131228481284909160e-01
7.868179357922906547e+01 4.826132729709154412e-01 7.710813857163577589e-01
6.434505087003822155e+01 5.539378640454840630e-01 9.212537807546641311e-01
9.776047359405444581e+01 3.831738547530292860e-01 4.285390395696675458e-01
7.760870734654079683e+01 3.429853848928615112e-01 7.073327603020449494e-01
8.348182224286068731e+01 5.216779348153197660e-01 4.465738212209331981e-01
7.259505105381373369e+01 6.412025691084241030e-01 5.789192616283672654e-01
7.944942074227806472e+01 3.983292665516035003e-01 8.480801454980834153e-01
7.833268871378139409e+01 3.661570151455030842e-01 7.573825534628599865e-01
7.302845063511449553e+01 6.146482991714286026e-01 6.248188622073820309e-01
7.938547896494951317e+01 6.595390955433949598e-01 3.653172351427393383e-01
9.631445185716937374e+01 3.952836646080497007e-01 4.040417189285384070e-01
7.498605981195090919e+01 5.315460279128307874e-01 5.001857700102946280e-01
6.908834654581615098e+01 4.723773438224752041e-01 8.936572626011685117e-01
6.993280431917756346e+01 5.835385723922764667e-01 4.325391326583492013e-01
8.237231850540995026e+01 4.074764654678629805e-01 6.348444780481128369e-01
4.855045878667765180e+01 9.292408599365739041e-01 1.296618571979047063e+00
7.328848783650559540e+01 6.751001897561986764e-01 4.865645818093988217e-01
8.791933687661061469e+01 2.997081974853096353e-01 4.159244878096464149e-01
8.093976489898942361e+01 2.729763092170389704e-01 6.676986527667604365e-01
7.637836900987892363e+01 6.499797578941423071e-01 5.837978055226831220e-01
1.010710974558757584e+02 1.884726400104714261e-01 3.301014344279884494e-01
8.617086595648754610e+01 3.309693391889745318e-01 3.634068736294487900e-01
6.391652280971564437e+01 4.817173234281044714e-01 8.301929390275207821e-01
7.311377440612621115e+01 5.764690075811403913e-01 6.231513171709509580e-01
8.624689620243128729e+01 4.652384582448140238e-01 3.720337738258683302e-01
8.071586007766855175e+01 5.353237108778596820e-01 7.014957477171218647e-01
6.817877851199256156e+01 5.800104538772896667e-01 7.621006895348210186e-01
8.182513336603949483e+01 6.311825279109188891e-01 3.834993092177577112e-01
5.165426304228100918e+01 7.483571996789061265e-01 1.136839914781444749e+00
8.266873314468276135e+01 4.215846426694112581e-01 6.378534324465930938e-01
8.746618894707208369e+01 5.967886853858409557e-01 2.972228122895912428e-01
7.273943818694360175e+01 7.380511440818087188e-01 4.942953356404157228e-01
7.588233209671896873e+01 5.400690298315822258e-01 6.049721748030764124e-01
8.132535749732694796e+01 5.247260405735152400e-01 5.031328286563250263e-01
7.590532575905083945e+01 5.922124613320747244e-01 5.581418479809768796e-01
8.167560152963628184e+01 4.131948010633074708e-01 4.997502625338664517e-01
8.445938284815211716e+01 2.231753652900771434e-01 4.424700466210831906e-01
6.679521058747289430e+01 6.639442806917638107e-01 6.933876516898973552e-01
7.790999879605486456e+01 5.421518201969484085e-01 4.516464007586448171e-01
1.017171579559162495e+02 2.155424887474031159e-01 2.724703770275569426e-01
7.667053073259756957e+01 5.087536755383205156e-01 5.673217887311458041e-01
9.141298844740393292e+01 3.678029456352888138e-01 6.455727632620648082e-01
6.763893483936924156e+01 5.557400121433820894e-01 7.499012466170359437e-01
7.190458108307566931e+01 4.573088304625373968e-01 6.902576448814782273e-01
7.259147109947248566e+01 5.176704126020001961e-01 8.870328899278980828e-01
8.614923039382861703e+01 4.744525439450172910e-01 5.412115716538076216e-01
8.646466332946545208e+01 3.952854536804343843e-01 2.507375757987384546e-01
8.666994354866194783e+01 2.438708531620796260e-01 5.863291449566541136e-01
6.128488309664977862e+01 6.579404661222871820e-01 7.661806082312815347e-01
7.620438478054042264e+01 5.672316307598597174e-01 6.240789494280220007e-01
6.813718759198846442e+01 5.068547867763968373e-01 7.812742156347467493e-01
7.515441935176581012e+01 4.762529822767616605e-01 7.111094328502520767e-01
8.558135157799520698e+01 6.285227293360756695e-01 5.412416380958449125e-01
6.449760373343049480e+01 5.899571350908916489e-01 7.780173295805905553e-01
7.986462658730610542e+01 6.285740272790881766e-01 4.661450428850062999e-01
8.093788596394210799e+01 5.037306319645722397e-01 7.522253746803193586e-01
5.276593129003741467e+01 8.524934289317793734e-01 8.082938699058915821e-01
6.907197713523433436e+01 3.267174538415831830e-01 8.923151427424403925e-01
8.557650715129354069e+01 3.874778348669118966e-01 3.948295545713781940e-01
6.066072841069303223e+01 5.293682694406657285e-01 9.390918532076181213e-01
4.927660545827261274e+01 7.560993856233447774e-01 9.632734233364477205e-01
8.963387256187783692e+01 2.467083816939340535e-01 4.003222264080889548e-01
7.955336703174479851e+01 4.467224012674537170e-01 7.003438967318130759e-01
8.896073641117219211e+01 3.783510219208853775e-01 5.587805288182418062e-01
7.818902713377497093e+01 6.614049212919104193e-01 4.080433239238673848e-01
7.267242116287185638e+01 4.102884754256735378e-01 7.281149832962940938e-01
7.348773683487655717e+01 4.592947586178519059e-01 9.233470817108089257e-01
7.367850494174521714e+01 4.161227902379406318e-01 5.175709886600429188e-01
9.547019001249073256e+01 4.653430263093433217e-01 3.619948872169462817e-01
8.502334992636879463e+01 2.833383269146875771e-01 4.854168453468903910e-01
7.135538017521751897e+01 8.293356583688433759e-01 5.618118100741027465e-01
6.579824604130845955e+01 6.646764888634375534e-01 8.221473699100459998e-01
7.107594526053603090e+01 4.963568189842544887e-01 4.862786564570123482e-01
6.263946603352295028e+01 8.189240101624130075e-01 4.603595953456476320e-01
7.611325519124699213e+01 5.491928627276692065e-01 5.029693144362185064e-01
6.207168684856686269e+01 7.358378617140757250e-01 6.802763091004810914e-01
7.138746423827407739e+01 4.659668511586761430e-01 7.474595634089530316e-01
7.150911091260155672e+01 5.057326349135630172e-01 6.634409415239060914e-01
7.453005471866164555e+01 4.696834378048274639e-01 8.785663245827670664e-01
5.528907186359997183e+01 7.294650400402041823e-01 1.245303330169934997e+00
8.203613712119236823e+01 6.647022023313097217e-01 3.036004942201103174e-01
7.829692410443503547e+01 5.427688422473377905e-01 6.788656900325927834e-01
9.391882154030300001e+01 2.985782480083953305e-01 5.067129477790854875e-01
8.374560659825742448e+01 3.000745147263580437e-01 5.261021753566562653e-01
9.249621576889074959e+01 3.947559657764582175e-01 3.846788414569201620e-01
6.248692692379242430e+01 6.360119002849269343e-01 6.491911292882526219e-01
6.826699196529504832e+01 5.975444051576102034e-01 8.957911727071634633e-01
6.612244247418536247e+01 6.261558257963147911e-01 9.194249377825047809e-01
7.643406795324847280e+01 2.648123346554980273e-01 6.954715946995779774e-01
7.817684844622337437e+01 3.083898634948329942e-01 5.041328592830270905e-01
7.769015817608364216e+01 3.531459078634532900e-01 6.372149926267178799e-01
8.451957248381634713e+01 3.365686729066900695e-01 4.453730863336457513e-01
8.995789683056364083e+01 4.743243501265289597e-01 3.592311317864585463e-01
5.560696177030231269e+01 9.989219600738791227e-01 5.372365872537395726e-01
7.328758284703519621e+01 8.084847348747661311e-01 2.809595085910223111e-01
6.554788876345693893e+01 6.414051295401181907e-01 6.160024037508969874e-01
6.466449618351407480e+01 3.996093086825017182e-01 5.349749690053553497e-01
8.076153556055311356e+01 4.371195687470869062e-01 6.144104168583102155e-01
9.959631326963851450e+01 6.446534215296001458e-01 3.175223104862610057e-01
6.002039183770809672e+01 6.501290529072275559e-01 7.661335833782479954e-01
6.280374183943452238e+01 6.907685739316288265e-01 7.441682600235387524e-01
8.964048557751468138e+01 3.799961217399032143e-01 4.666883522136455187e-01
6.548486487443940973e+01 6.420876717215653340e-01 7.749821323869625633e-01
8.138179218611463739e+01 4.485736994662051225e-01 5.810844875207160642e-01
7.250910853630409747e+01 4.168371233075955362e-01 6.282218988062256981e-01
8.355299723586948346e+01 4.227225643211099948e-01 8.229189840392439059e-01
6.480101425265046089e+01 7.120491619842155284e-01 6.346230826847192308e-01
7.283739057699541775e+01 4.374600735410206220e-01 5.656073010720509275e-01
9.030089354737602036e+01 3.488471184882270260e-01 4.206092171186340822e-01
7.014499593905368613e+01 5.543337473764409218e-01 5.460266940547902070e-01
8.018915432307589697e+01 2.929451231225947971e-01 7.217680871692748745e-01
6.822136586328274177e+01 6.174741021096341598e-01 7.203981341055929466e-01
6.419754662899629238e+01 7.290244908704005544e-01 6.994211029053004625e-01
7.875007653980009081e+01 2.882000922927812070e-01 4.543281335360143669e-01
9.135204489981596510e+01 4.624682218741711370e-01 3.886097542505400626e-01
6.831162151178838826e+01 7.286234637277820836e-01 5.343505300899062949e-01
6.350996734511309683e+01 8.102853973642928365e-01 6.646521887341442225e-01
8.446262378721004893e+01 6.308740028164410152e-01 3.897317813216042981e-01
8.785556846108997320e+01 3.356423524410478421e-01 5.262503613537821145e-01
6.566238354645160769e+01 4.458827337512316080e-01 8.611784111917888396e-01
5.221459907414170942e+01 8.009184262736844806e-01 1.127757832479348021e+00
5.838111733303002637e+01 6.570099466883597694e-01 1.011666652801082478e+00
7.300534640937718223e+01 3.117523497250813125e-01 6.084806793771500022e-01
8.063908916329988585e+01 4.588416538989304461e-01 5.909676006315015551e-01
5.425814819815855117e+01 8.803292385916913210e-01 8.238034475187173689e-01
6.851016499639624158e+01 6.158346871509227105e-01 7.218032645272679515e-01
6.555437969637196716e+01 4.962541894148418953e-01 1.147563338676393485e+00
6.725398815999574254e+01 5.286107371692384538e-01 8.246819413925013942e-01
7.290143804712624842e+01 6.306579687917083232e-01 5.914058258871152107e-01
8.009960605343368911e+01 5.340632450732277769e-01 4.413224356946783833e-01
8.130446146910637140e+01 5.808891233693858069e-01 3.740480131701588995e-01
8.519148002760293537e+01 3.743273247415296323e-01 4.883162318317132988e-01
7.529038078231401698e+01 4.808588869308053071e-01 7.141043265763241665e-01
6.570962893282863604e+01 6.416111729245057571e-01 6.459532497055094913e-01
8.213105167865280976e+01 3.585677547233472318e-01 5.846888427706667946e-01
6.503234413356689458e+01 6.233528313830444256e-01 7.279123952363524275e-01
8.644183335197419638e+01 3.157830169818117705e-01 7.588245560926016875e-01
6.468916406649724138e+01 7.045835934194368821e-01 5.991689490488767422e-01
6.944463365738413074e+01 7.609052026867495488e-01 5.239766060841339890e-01
6.655394481960057362e+01 7.107577041335956247e-01 6.725713432124439395e-01
8.316635251434958320e+01 3.862532848769444915e-01 4.967199157854434444e-01
7.958349350234797726e+01 4.449304705212328570e-01 6.247013868448069163e-01
7.435057973697816180e+01 7.025780156414128674e-01 3.366581260754786253e-01
9.110874797392277458e+01 4.183068226461837957e-01 4.351051415160354652e-01
4.971729349191990366e+01 9.445956078050692373e-01 1.180961080121085915e+00
6.853748650835993317e+01 5.050567640554280979e-01 8.553775636859232145e-01
6.079687184111755016e+01 5.365163246662455476e-01 8.379454838789994753e-01
7.595904153522474189e+01 6.721055038022690775e-01 3.733967979429497208e-01
7.033594890779082220e+01 6.386869891987275727e-01 6.012233216813821501e-01
8.134345630344662936e+01 8.116724368303562809e-01 3.232766581219239654e-01
7.256880472422569994e+01 4.753861495399201997e-01 6.039850521320244692e-01
8.918544113320375288e+01 5.852903049739686114e-01 3.928305592608923313e-01
6.970101008239237217e+01 6.237742495021346700e-01 5.542548310390199573e-01
6.156482802994148074e+01 8.094673499541266137e-01 7.520418195282242424e-01
9.221969972036360730e+01 4.702095098973819720e-01 3.516758060274646769e-01
5.657460252023854252e+01 8.506534297044094917e-01 7.868243288345254660e-01
7.744587936321080690e+01 6.597050476475055936e-01 4.642805441918790854e-01
7.349794153773558492e+01 7.913486983218700477e-01 3.669769391868135666e-01
9.281530444830931970e+01 4.553916476781749156e-01 4.973800629858290967e-01
7.188490262177278112e+01 4.380863179439726252e-01 8.146817943862518785e-01
7.568788394536770170e+01 8.223885573327927023e-01 3.719414052799201453e-01
8.647320750321881633e+01 4.898384887949578936e-01 5.939192754255753215e-01
7.971690554447565091e+01 4.316734924542206531e-01 4.997644685006598642e-01
7.486681586071446759e+01 6.351373174509374886e-01 6.919278370648469512e-01
8.098483622822755024e+01 3.970495757667454328e-01 4.792275928440622446e-01
9.389100367746743814e+01 2.348184825446602841e-01 2.587809931930106777e-01
7.155930790942656472e+01 5.753445280065745404e-01 6.522828862820989615e-01
9.546672664653820561e+01 2.650508012926365287e-01 2.890017275348138459e-01
7.831074450268054932e+01 6.481602202043406091e-01 4.560909038209060573e-01
7.372674748957064139e+01 5.021887101675569509e-01 7.609832909706075732e-01
5.729153730341334239e+01 7.207800839278958316e-01 8.917996357971936794e-01
8.909973461058770283e+01 4.513368257508088011e-01 3.343332495358865564e-01
8.646367770548482667e+01 2.651813802907241335e-01 5.545224003481027397e-01
7.942843423962291638e+01 3.405989471558334425e-01 4.666216565635279423e-01
8.827318915411609623e+01 4.779314223291964425e-01 4.346245836113906136e-01
9.754111244170820783e+01 5.505136262584864326e-01 1.961676874914338176e-01
7.949954311512640004e+01 3.600550460764033733e-01 7.397403422382973215e-01
8.196675483852399680e+01 4.785498666798329026e-01 7.332319109344345165e-01
5.486722475855461312e+01 7.793392115252382180e-01 9.840976232149045710e-01
7.295016535083478004e+01 2.961124911997461417e-01 6.520955097774137066e-01
8.096026240928893003e+01 3.994696559883566533e-01 4.121781678804404825e-01
7.919471180487666118e+01 5.158807715739499589e-01 6.452360913456705038e-01
8.435913310572740897e+01 2.636865587295877389e-01 5.593628035349272887e-01
7.160287984736308431e+01 4.038631447223890447e-01 3.633483412081045527e-01
9.787415704052563115e+01 3.638151463952822295e-01 4.136892546685870808e-01
7.712290189860075884e+01 5.569201646846221321e-01 4.597932520373320120e-01
7.537955270935704277e+01 5.796600907956879212e-01 8.043515905929659038e-01
5.078359731646867203e+01 7.922959744307355168e-01 9.234503736067692925e-01
7.056192545469077970e+01 4.713162849924935616e-01 4.880479856837907082e-01
6.173741140830419027e+01 6.460243047958894591e-01 7.438946997483870671e-01
7.258017235097061359e+01 6.030424142664879694e-01 7.331422555897112447e-01
7.449118673283780367e+01 3.357640129812878849e-01 9.287437168334116144e-01
6.553107415580399220e+01 5.078605595109693116e-01 8.005168536249731570e-01
5.399065642952577093e+01 9.692478870668554958e-01 7.846134876228825217e-01
7.819328586016439431e+01 4.741840638694731491e-01 4.604477806875755252e-01
8.802627370659027406e+01 5.020368625864862766e-01 3.585712262354638913e-01
1.214320820283053735e+02 2.222050405643901938e-01 1.878683352572276810e-01
1.040177255736128785e+02 2.955875416913618103e-01 3.648700844573852797e-01
7.968976429884742174e+01 4.689497226041012268e-01 5.693637386657879329e-01
7.801688871070234654e+01 5.355525251596597869e-01 6.692187923122848714e-01
6.804152393897021511e+01 6.197864615671168087e-01 7.532675537580227898e-01
5.255659923750616969e+01 7.714993678371311336e-01 8.875711254230432834e-01
7.373584558616784079e+01 6.306817380793673378e-01 4.793418900825135442e-01
5.876221887435082891e+01 7.204237179099364230e-01 7.783500898824347036e-01
8.225148201400415360e+01 2.767648772019332126e-01 6.750337507225785405e-01
6.463773375281617461e+01 5.475031508595480378e-01 7.731310052388719045e-01
7.213527592946751099e+01 4.909450048073223383e-01 6.205675610223985172e-01
7.647034554012635965e+01 5.479568884376733173e-01 6.211706470751985343e-01
7.385952956585435913e+01 3.954980848258106141e-01 8.333285896908576573e-01
8.476780779294222157e+01 2.723893313634312974e-01 6.104261184257940842e-01
7.448930557942618691e+01 6.558605792823209990e-01 5.256428273676213569e-01
6.799957186153723399e+01 4.649799911924605844e-01 7.838337477164327716e-01
7.140568551685751686e+01 8.602400497364148801e-01 5.247177567616749805e-01
6.059515781627862907e+01 6.001060945759523202e-01 8.412758927684947929e-01
7.185278174373507909e+01 6.534428141241517274e-01 6.040978643582647356e-01
6.272126650399469838e+01 7.134121923464201709e-01 5.642099476262842916e-01
6.596662740448564932e+01 4.715276095481719665e-01 6.598452314204288349e-01
7.528249399707129896e+01 6.152558207880501895e-01 5.131337148755708011e-01
5.897419136074870494e+01 5.903385842886742507e-01 1.004464987232280393e+00
7.118724181220966329e+01 5.436310509176325301e-01 5.717239824173512286e-01
7.922763758547468171e+01 5.099304087503198080e-01 5.595812489597874473e-01
6.372948186836664064e+01 6.608287283834604064e-01 6.451695146293404681e-01
7.627528913318153059e+01 4.944462356059242114e-01 7.119739633617458985e-01
4.886561465250107972e+01 9.804204589189585706e-01 1.007532709818053540e+00
8.040243199929132345e+01 6.613788567451607259e-01 3.882567680734941851e-01
8.740165714426950672e+01 2.928650838148130209e-01 3.849474598633694233e-01
5.394133563195690328e+01 9.016881754129416615e-01 8.084849203510725557e-01
7.809545703071718492e+01 2.663170352188085621e-01 5.227240591962089011e-01
6.918347533608672961e+01 4.320276905809760648e-01 5.815503893862785656e-01
8.498982444617179510e+01 5.315707140266868747e-01 4.115330101601377688e-01
5.850538896484160745e+01 9.674274360850859678e-01 5.439162944444059233e-01
6.408672998912055618e+01 5.229874768646732841e-01 1.023276196251914572e+00
1.125265781130550806e+02 2.673808173486768025e-01 4.045134990179263812e-01
7.010291644079929085e+01 4.568792825886251463e-01 6.186107427731354358e-01
5.118478684468334450e+01 9.111230674018794273e-01 1.088018333913447488e+00
8.804634650125943551e+01 3.061439817631126936e-01 5.748578878720425056e-01
7.670191769878023536e+01 3.860569227825175753e-01 4.615462297066943997e-01
6.975631499524595824e+01 6.444808542506016424e-01 6.759125780982964127e-01
7.094035107142734375e+01 6.477788560082829994e-01 5.714331584243262929e-01
8.923203400658047713e+01 3.330466957785263027e-01 5.540239199616460164e-01
9.408450879137632228e+01 4.256135702190793624e-01 1.805888265366888679e-01
7.463051799646487439e+01 4.756473004691729733e-01 5.496921329507279408e-01
5.671756716514188668e+01 8.902873511327896727e-01 7.173338608826560492e-01
8.045834306461959784e+01 4.838320313775583137e-01 4.873276742712714382e-01
7.275123867695432978e+01 6.325125539370943795e-01 5.309313225066649711e-01
8.088556758993735230e+01 5.350422881163083844e-01 4.949724998846143365e-01
9.611300044298802447e+01 4.176854781348946499e-01 4.119357178361232608e-01
7.530050914188660727e+01 5.752575619706916665e-01 4.651366377215062631e-01
5.703883691807557454e+01 6.997521926692220617e-01 1.036511630689312735e+00
7.089932887507441706e+01 4.986451475733898464e-01 5.832311178707388910e-01
7.173553239969899664e+01 5.055388578787858300e-01 6.753735812137208194e-01
5.776300460910680812e+01 6.660321647286187030e-01 6.453142274643751675e-01
5.308051321427036129e+01 6.970041575101368903e-01 9.228650645699221222e-01
6.660898921409216200e+01 9.592679467305806895e-01 3.810985902501416445e-01
6.668061157957431817e+01 7.734072551549522334e-01 5.196933174137824407e-01
6.248808491505155871e+01 6.604131445093581743e-01 7.505676991473078097e-01
6.575627205425782051e+01 7.189455832990118145e-01 7.582076774545862818e-01
5.970262985685854318e+01 6.635130551404461174e-01 8.580246865466196748e-01
7.771028776467710486e+01 2.532207949467307206e-01 4.009237318081679269e-01
7.624678211837488107e+01 4.389673039313666258e-01 4.598006071211415691e-01
5.855575274743962666e+01 6.113359343450713856e-01 7.121704677080459289e-01
7.676217686662201345e+01 4.043885175819244004e-01 5.120409375010538389e-01
7.637510879149972709e+01 4.549132180572720285e-01 4.125803284991372277e-01
7.534379990298614871e+01 3.807569648903140203e-01 5.792843742486069036e-01
8.045080436071022234e+01 4.422140868535615610e-01 5.351621892324659457e-01
6.563671881361108262e+01 7.340042594460834957e-01 6.143056373704219864e-01
8.998275925886348148e+01 4.492042656923337929e-01 3.154385314834106668e-01
7.652180761732158487e+01 3.036335725474431646e-01 7.544976535091905134e-01
6.785854728230947330e+01 4.735408649580583051e-01 6.620900381257173173e-01
7.105678694545275675e+01 6.479517740503915046e-01 6.739638661547745491e-01
5.246370869273268056e+01 8.352175105825361268e-01 8.806908802880959453e-01
7.841560334410571897e+01 5.351271878616526978e-01 5.382529580814948700e-01
7.643405074243240449e+01 4.446230616340076658e-01 7.915219006934626211e-01
8.399927162669315805e+01 3.890913005548889414e-01 5.545817774886124818e-01
6.748020260468918252e+01 6.843841953371284648e-01 4.891478920215420190e-01
5.820814944210970765e+01 6.741932796434099151e-01 1.034000762829862419e+00
9.341133760171419453e+01 1.367999127204027332e-01 3.810575662473549285e-01
5.515998282950813802e+01 8.658212032158787430e-01 9.309597568359011532e-01
6.642476178689156541e+01 5.237187666156176702e-01 9.612702913845114772e-01
8.180777558598694554e+01 5.539536365530065565e-01 4.675774843969062733e-01
8.464026223791016434e+01 2.932649589118773159e-01 6.233308546437821285e-01
8.859074868253505031e+01 2.391980494610541075e-01 4.894954743310911960e-01
7.395090237569012004e+01 6.779918722340525505e-01 5.408018790951095722e-01
8.218048979038822210e+01 6.088939133639855728e-01 3.318060177776094299e-01
8.336688550263016850e+01 3.071491901414397097e-01 5.427660265620740665e-01
8.107923237406151884e+01 3.602725441793481198e-01 6.142849986840971388e-01
8.345470011675094213e+01 3.776672004579693653e-01 4.548729955899439292e-01
6.755043094219290367e+01 8.711051616574209122e-01 4.480093418865971344e-01
6.162217292093597365e+01 6.294710910485745714e-01 9.359224249641816540e-01
6.846558420143423973e+01 5.192883552886896625e-01 8.108982094081623737e-01
5.487856098367801394e+01 8.770454424841831464e-01 1.026111492823528204e+00
6.980033231940032579e+01 6.298690597042415629e-01 6.739326522490997062e-01
7.016230280054155344e+01 3.909664262996699335e-01 6.710044862076451899e-01
7.687119258021668600e+01 5.515206515038396651e-01 4.834658331233340212e-01
7.411939977657876000e+01 6.223858413255718425e-01 6.164522849761208123e-01
6.226576026276908493e+01 7.668802130966535513e-01 7.061309682021305045e-01
7.705081481647636110e+01 4.262178881419655396e-01 6.449038577785035642e-01
9.133980395047373690e+01 3.567135606178891694e-01 4.162598976195399647e-01
8.112215380206110638e+01 2.915505775742790462e-01 4.573701514210748442e-01
5.980486445135533558e+01 8.495744975230936635e-01 8.187890113915254897e-01
8.442247508966842418e+01 4.283728685800758940e-01 6.044700659235597850e-01
1.083263787657533470e+02 3.944715932457261154e-01 3.307028950648465138e-01
6.803302056263213160e+01 5.489570326526720390e-01 8.767871964407348839e-01
6.769140956185216851e+01 4.402708882170040527e-01 8.642991103276814746e-01
6.616726739740231267e+01 5.484955343629349667e-01 5.002669416272232938e-01
6.379474230372736088e+01 6.287763058914831449e-01 6.236019835293472591e-01
9.223343873796797254e+01 6.391380362414882388e-01 1.740324173099586647e-01
7.352807493464408140e+01 5.155615074479618087e-01 5.782892618071594493e-01
6.113714260937531009e+01 7.219450894883753245e-01 9.190229558381960429e-01
6.496728969476419024e+01 6.052543744518494861e-01 8.646521211403991325e-01
8.652067451645656604e+01 3.394016324795810502e-01 5.646970489415555905e-01
9.296970011001390333e+01 2.981564957234961177e-01 6.103558406568904138e-01
7.161491292940165465e+01 3.921976229998422325e-01 8.042614268974132008e-01
1.055810037135169495e+02 1.941709784857379995e-01 4.559468202298929684e-01
6.317811439983762511e+01 6.624887233542632314e-01 6.734623204873978475e-01
5.728189475471845782e+01 7.461981668641316512e-01 8.925061248090673249e-01
7.324868091765517875e+01 4.981609029849939918e-01 7.922071557708617595e-01
8.767376348800922869e+01 4.277420170369286567e-01 4.983070782604205884e-01
7.072574298095173617e+01 7.327030421245497305e-01 3.779210527041964585e-01
6.933872791267074831e+01 9.747472999689537065e-01 3.541523011958519485e-01
7.246695083048378194e+01 4.604418674666277966e-01 8.926949532165110446e-01
6.478375238024977989e+01 5.520682789429053328e-01 8.082433526073199426e-01
7.524675351011445912e+01 4.604418674666277966e-01 8.227740827836425019e-01
6.405425082551643357e+01 5.172286954843978712e-01 7.771366491542575083e-01
9.546918430850945470e+01 3.069636531309519745e-01 3.502703780334716077e-01
6.301874119520390138e+01 5.014509028280405012e-01 1.058804387248738710e+00
7.561912222041021892e+01 5.214924994603731268e-01 5.950027048544304087e-01
8.012566278457225621e+01 5.555824239709836743e-01 4.463243260484226482e-01
8.794952275432702038e+01 2.913803459480451274e-01 4.338675149157505961e-01
9.037249755121376893e+01 5.070200679829479640e-01 4.536494342445531736e-01
8.480203472976143075e+01 4.384743305292128079e-01 2.963264051477988437e-01
8.466723258037161770e+01 5.214004032981873760e-01 5.133211355779476737e-01
8.516334575988695121e+01 5.777543921791563619e-01 3.429379756022126191e-01
8.330864103747188665e+01 1.447273257685268433e-01 3.323936211633025106e-01
8.115481964286858840e+01 6.400516368627813257e-01 2.074100409686870650e-01
5.637515930177152512e+01 6.574541582450381672e-01 9.281854083473786154e-01
5.657390741190401684e+01 6.892239444216459177e-01 1.083892451173215754e+00
7.446537803206436479e+01 6.419291527978354672e-01 4.614597690448507539e-01
6.899525142207805573e+01 4.318263426016819562e-01 8.653557413139261190e-01
7.253137723968814043e+01 2.401093603785561803e-01 3.656000911862515856e-01
7.933247721988297485e+01 7.088077122129495811e-01 3.307629232771735484e-01
8.802145930333226431e+01 4.279692458923468612e-01 5.506804244689370575e-01
9.781091298019588010e+01 2.747169916853615113e-01 4.132683660966134931e-01
7.855281201940941571e+01 5.597870202562841291e-01 5.529531275946607538e-01
6.078537248491210221e+01 6.102226328091675533e-01 7.803275703315574185e-01
6.702503180883282141e+01 4.579337394651195603e-01 8.024056011779719944e-01
7.031729999636425532e+01 9.628058701532484775e-01 4.238652371398604068e-01
8.006054923157060443e+01 1.518787691709338472e-01 3.734417756940308641e-01
5.930294854990465581e+01 5.887510559717060721e-01 1.089016687856256826e+00
6.009503164181808188e+01 8.223741335729115587e-01 6.786203959723546841e-01
7.233516403827984220e+01 6.443270804575539357e-01 7.179839827163879695e-01
6.664614447815147003e+01 6.532521764543066656e-01 6.954629240016019232e-01
7.414447557960468771e+01 4.257176400541195505e-01 7.347165013479629581e-01
8.843569512222300943e+01 6.621855648079449930e-01 3.418675903869918264e-01
8.177121078727169845e+01 6.852111200592500007e-01 4.209257786960977077e-01
9.069486503730198024e+01 3.093121546729011850e-01 4.137908025549303925e-01
7.757402953695704184e+01 4.588992443153211420e-01 7.586980750205164492e-01
7.771281102733854595e+01 3.040550921999986556e-01 7.328921359810720570e-01
7.680490520692447376e+01 6.954752879749861449e-01 3.623588565196801392e-01
5.552846542542056341e+01 7.689078282515423579e-01 8.298137940898611120e-01
5.700467118112727150e+01 8.776029703499068635e-01 6.828971347827066385e-01
4.663552701389682653e+01 9.527858855508343217e-01 8.660936833586044825e-01
8.968987342656029682e+01 5.110553427589655806e-01 3.715771299252962345e-01
5.984562410720727854e+01 6.031176605693789883e-01 8.813260203814387017e-01
8.176029880305360109e+01 5.368196749743474605e-01 3.613260042325832644e-01
6.898058702373792528e+01 6.441940615640642243e-01 6.570164042398622950e-01
9.375925636620750936e+01 4.096285423751206967e-01 2.663826924697251797e-01
7.578450563824706876e+01 3.933038053336879725e-01 6.515720685349353225e-01
7.142526621435011691e+01 4.554998575885144674e-01 8.126263150878666464e-01
6.105207652932961793e+01 6.554978407455550604e-01 7.889619753385085366e-01
7.197436140317414299e+01 4.225616180289063495e-01 4.419395458367908480e-01
7.855950050033096943e+01 1.945629804649303130e-01 4.191506973685730775e-01
6.971803625468501764e+01 4.807471619538232765e-01 7.688861306307754884e-01
5.993281850819691670e+01 8.921517309853317368e-01 6.689595104327844544e-01
9.159936876699705977e+01 5.959447118751497463e-01 2.633523345585258579e-01
6.823892214658131650e+01 6.024050807761053283e-01 6.268824813947475594e-01
6.143681455184176343e+01 6.012469421632513633e-01 7.366042922560138706e-01
6.624258795995167759e+01 7.371796264416140554e-01 4.974130258491318846e-01
8.420907090192086741e+01 5.351849082890659526e-01 3.478574376919132960e-01
8.664999432242618127e+01 3.785676501765091184e-01 3.893862633300692044e-01
7.765218532612558988e+01 7.006439796339795079e-01 2.924043117353204435e-01
7.165293462380964229e+01 5.769153390436319029e-01 5.038562172229998914e-01
7.168202338354851122e+01 8.457990260170719088e-01 4.096812871262673905e-01
6.756548405574369554e+01 5.009230876295394097e-01 8.436808069825060263e-01
6.810095111936807655e+01 4.200016003539210341e-01 6.317586084942272695e-01
7.556785012392714407e+01 5.084978471732646277e-01 7.055897149679559721e-01
7.161073730967798667e+01 4.577487749056283750e-01 9.087992065095594763e-01
9.082241292545269573e+01 3.831599276447207880e-01 4.790808921281884958e-01
6.344073856865328054e+01 7.029077932802729745e-01 7.496662882387271631e-01
9.156371482182319710e+01 1.035626129532714323e-01 3.735767008206291040e-01
7.689976354966881900e+01 4.236152707491522840e-01 7.348237900179397375e-01
8.444333360799424781e+01 2.728003873636876686e-01 4.577786380440388436e-01
7.457564517517367619e+01 3.790962782891117433e-01 7.564825221509150488e-01
7.275621394641787276e+01 2.628591967353497427e-01 5.744921764607545667e-01
6.830442383806111195e+01 4.661268865859538035e-01 7.433103131408970166e-01
7.674417960777719827e+01 4.813910459207406678e-01 6.516779346003128692e-01
8.246253609773363280e+01 4.029502814104961583e-01 4.980038478604375540e-01
8.186133773792039392e+01 3.906271001540177479e-01 6.802803037843274669e-01
7.417677030512982128e+01 4.235007039286406982e-01 4.274301039659444412e-01
8.112887991067051985e+01 6.074420667660065387e-01 5.976366887732723621e-01
7.126246927803559572e+01 3.829989800706007363e-01 9.138213077946786278e-01
7.763099299492851912e+01 5.739353645642096824e-01 5.031304153117345246e-01
9.950298860666883627e+01 4.599342648071482187e-01 3.772741746261659146e-01
8.912775820017812123e+01 4.645335932509307986e-01 4.613673754213143408e-01
8.944212430986996765e+01 4.973064968655180884e-01 3.056902797604317268e-01
9.545915177865352064e+01 5.066107564918040929e-01 3.680395669659635716e-01
8.025607872335524462e+01 2.734182319799393635e-01 4.776176057984108936e-01
1.006449691772969715e+02 2.669500016369140138e-01 2.690639755353130269e-01
8.297988416877784346e+01 4.236825483588183561e-01 4.857058319652675649e-01
8.302357015447142885e+01 4.265332293989800294e-01 3.956175698474319602e-01
8.043304932139233188e+01 5.104003400171691629e-01 4.648034938584194586e-01
8.030920699514875594e+01 5.805044535087863222e-01 3.662846969787061924e-01
7.951847884447340675e+01 6.075818633660022838e-01 4.621975641817128166e-01
6.955561929759271322e+01 5.492448580510473910e-01 7.590171842710139449e-01
9.017618185645322626e+01 4.226327120096384782e-01 4.587748185257407019e-01
7.058460138852376531e+01 8.483526229690336873e-01 4.159827512287742057e-01
7.900879083162594441e+01 4.149890326223163450e-01 6.953969914839454036e-01
8.672338798111005076e+01 5.039525295693546569e-01 4.221281384779643209e-01
6.625765669839240957e+01 4.694612788999395492e-01 7.685159597459695346e-01
6.889089498303786741e+01 5.962049723853174443e-01 5.219121873608715267e-01
6.013915646669174464e+01 7.566628859529137552e-01 7.547895982240674373e-01
8.024410602132645920e+01 3.702527681964311035e-01 6.659263986837843374e-01
8.113927238817872478e+01 4.320189248570476814e-01 5.111070741415082441e-01
8.145194816907650193e+01 3.588621960204885220e-01 5.919371493729645994e-01
7.209079746155700263e+01 6.548253987370455942e-01 5.275601746350192522e-01
8.109312239307779180e+01 2.980795453802395634e-01 6.994248680161329057e-01
1.014643864590763656e+02 3.397568537267901534e-01 3.592961637089541749e-01
7.195042305806089189e+01 6.705326280018354401e-01 5.609165226618300082e-01
5.813177757613795649e+01 9.527964287348533734e-01 7.528585328295701595e-01
7.132935073539185566e+01 5.382341859083165092e-01 6.389806072419538241e-01
8.171748052451621902e+01 2.904894184007856817e-01 7.518951443320269767e-01
7.039267127014534253e+01 3.935218058540853048e-01 6.078598115526934187e-01
7.963470365773109449e+01 2.455566536869221439e-01 5.785335366412692748e-01
9.117832587473969852e+01 3.528054857971114622e-01 5.213667614664670991e-01
8.548244911114572631e+01 4.611773646709155794e-01 6.787821719583724267e-01
8.627792763925489794e+01 3.200365395908437716e-01 6.177037092351165271e-01
7.995014735731227518e+01 5.172320988824580246e-01 5.988741330212166147e-01
9.429082119695723918e+01 2.418050413392187625e-01 1.815586531952670946e-01
9.106586377629795948e+01 5.322611802215369003e-01 4.768724702753741607e-01
6.293323861520224227e+01 5.929349383647506411e-01 9.500197618797535659e-01
7.959149476766850739e+01 4.706179155585774598e-01 6.526651437589113813e-01
8.314195001683330588e+01 3.137222133564430138e-01 4.051826718805164873e-01
8.107786519898219524e+01 3.188489365429978961e-01 6.828934562313806467e-01
9.402862345270060018e+01 5.197088326356296140e-01 3.387653313705637492e-01
6.114455647903585600e+01 7.804992981169464050e-01 6.781427290170494171e-01
9.030288188567571694e+01 2.898362352124693175e-01 4.669570337306300778e-01
8.368548476490532551e+01 4.056041371387693606e-01 5.133419994584889068e-01
7.778519783345809913e+01 4.480871666771663042e-01 5.896607712605711482e-01
5.355314591062700913e+01 9.603740415792725305e-01 8.271033574095051355e-01
7.846484285552786275e+01 8.145819825313924678e-01 3.687084312170927913e-01
6.554112667865496178e+01 4.556724198557870475e-01 6.669921402891462181e-01
8.508166589602782892e+01 3.926228196004258875e-01 5.241599589826577699e-01
5.662058827242842085e+01 9.713109748169816982e-01 7.487037025642103716e-01
1.028440644559676116e+02 3.082426779127107608e-01 2.505362642530633566e-01
7.896248480625253308e+01 4.224417033878070660e-01 5.374791206743707583e-01
6.368104687263095798e+01 6.877746545108799348e-01 8.140364786668822239e-01
7.999986702509454517e+01 3.901105440311737893e-01 5.444897634298704325e-01
8.072263709799950959e+01 5.070106094559493348e-01 4.039830115298457813e-01
5.866578935888335877e+01 6.323530733312404672e-01 8.601964880094014054e-01
7.666697408248577972e+01 6.543324341538031552e-01 4.447877207029681257e-01
7.252242638794976415e+01 4.734539023223117704e-01 7.640225488925869168e-01
7.699293176345274503e+01 3.182773385532013943e-01 7.757707670764660834e-01
7.231999779118108052e+01 8.483526229690336873e-01 3.820047168294580797e-01
8.314516679151174117e+01 2.834942594869810928e-01 2.571369576176986693e-01
8.142724414295366842e+01 6.127225078743951947e-01 3.916468426438401429e-01
6.625958822734344267e+01 5.714323792550997094e-01 5.146898862945437081e-01
8.333287249620872217e+01 1.992286029144245130e-01 3.468153442680106391e-01
8.244470531761677989e+01 3.967004961978252142e-01 4.384550933038561804e-01
7.306271354869438994e+01 3.660467774255765083e-01 7.253442710018781492e-01
7.524123831206328816e+01 5.099304087503198080e-01 6.422103190967493047e-01
8.142411271987684529e+01 5.297245645120439717e-01 3.420645026256216026e-01
7.551626499285220007e+01 4.081478160146098100e-01 7.082342062918390857e-01
8.500055359107953734e+01 2.917123986397668900e-01 7.023711109136573372e-01
5.841075429446153322e+01 5.962105568034049563e-01 1.008454810919106048e+00
8.977417355770869278e+01 4.258277810129025287e-01 4.944857098551091457e-01
7.691603150421416046e+01 3.202392815669628523e-01 5.602211793929640082e-01
7.492101175120703260e+01 6.831306941194124072e-01 3.840915923255603937e-01
8.123375064732411488e+01 5.602191642826808149e-01 3.080386635972569009e-01
8.496682858744260614e+01 3.471201004748178387e-01 8.205248970830941735e-01
5.369381030702153623e+01 7.716801906887033047e-01 9.504652695775250848e-01
7.626858465552258792e+01 7.066371560530380069e-01 4.615548781420931723e-01
7.004650238557680098e+01 6.213482203913122115e-01 7.117648801282481230e-01
8.444751084036086297e+01 3.959180804461974179e-01 5.829750663934656352e-01
7.333308254590525621e+01 7.509487612781755583e-01 5.097421210032753169e-01
5.500178546664434265e+01 9.618796820822846927e-01 7.077873174049734706e-01
6.507741876692065830e+01 7.517772642815605533e-01 6.227480459465584151e-01
7.657456199585291756e+01 3.826639388123502794e-01 6.742071477471907048e-01
7.741609813762835302e+01 5.856167301259980196e-01 5.616789671531093875e-01
9.131153446494606385e+01 3.213170634298356254e-01 5.860866173974614846e-01
6.506707067223310048e+01 6.702401392355021859e-01 8.369516609433520493e-01
5.994370276084282523e+01 6.957659412748881111e-01 6.082610628510004558e-01
9.747594202443488598e+01 2.655988526289581042e-01 3.986822277969040429e-01
8.139848189578103188e+01 4.820642205749690601e-01 7.170431533296836024e-01
7.988416042457083677e+01 3.159684664015869338e-01 4.462219686458025469e-01
7.952172114500515931e+01 4.758313023101672368e-01 6.290147341853093987e-01
8.019451910542760231e+01 3.130130348244065663e-01 5.411827432809117600e-01
6.571046702641265824e+01 4.741168809004076001e-01 8.270469800254464099e-01
8.577904142143192701e+01 4.264354334190521567e-01 4.660547561435909314e-01
7.543811483153426423e+01 3.901409807095120863e-01 6.246519930258241926e-01
7.521408987803356183e+01 6.111752661894258587e-01 6.055579810368971749e-01
9.571085626840053351e+01 3.198312349392372078e-01 5.475124220140729081e-01
7.767771428479889551e+01 3.944472279869726261e-01 6.828292004290046346e-01
8.725202128313681271e+01 4.215521704831167171e-01 5.581392891617203977e-01
5.339375024853181628e+01 7.952631509745724525e-01 8.639101008835622375e-01
8.397604547066205782e+01 4.699814962852174594e-01 5.514558899598343000e-01
6.737642116021324057e+01 7.855052344496123995e-01 5.968841966099365237e-01
7.516644594472951724e+01 8.979672690873528040e-01 3.485858929956938135e-01
7.220983792614721608e+01 7.787359158966704609e-01 4.811059663209395487e-01
6.744622680430474304e+01 4.576941661981403509e-01 7.057507407108608577e-01
6.589151746373040908e+01 4.845939102774944884e-01 7.151044304840402654e-01
8.628957793491122175e+01 6.702503873112135580e-01 4.074631624720132517e-01
6.974163660047194924e+01 6.792431300109182946e-01 6.988470683639430581e-01
8.108461545522997937e+01 4.258440619625281642e-01 6.490022219198635645e-01
7.029897574024924722e+01 5.479762763593872821e-01 5.967278402981254226e-01
1.121969024475840655e+02 1.799860809769784908e-01 3.272987974232401953e-01
9.130766385979352151e+01 5.942454098923807271e-01 4.477678755659421639e-01
8.156627086274494332e+01 4.795723968787268809e-01 5.909151476939163983e-01
6.446163916653605952e+01 7.886717383168513340e-01 6.265355903073142052e-01
8.765688311644170483e+01 4.564331027112240036e-01 3.830585760558028463e-01
7.917484753489688387e+01 3.977389535126711895e-01 8.130645117266633859e-01
7.523362895898387137e+01 3.712874642099892597e-01 5.969571091839405153e-01
7.548920100693777613e+01 4.084447697234345753e-01 8.266179937482657225e-01
8.295749202467753491e+01 1.493731523689303675e-01 3.450436972105707101e-01
8.170605398393139751e+01 3.365648211709409976e-01 4.335032799810009108e-01
9.635832966160637625e+01 1.596542356481103209e-01 3.541113858901527300e-01
7.903971345213837196e+01 5.914066475933358324e-01 4.593467982401884808e-01
8.587924547320203317e+01 5.185861572238388284e-01 4.433197364250408556e-01
7.954676039772527929e+01 3.678079841995271493e-01 7.174360359293487921e-01
6.127449088918534414e+01 5.557277878104864843e-01 1.073983822008343969e+00
8.901414099427302062e+01 3.525827913332914010e-01 4.147911535912787162e-01
8.296452292786516125e+01 4.564333384501974566e-01 5.337720257968832094e-01
5.949461477721597902e+01 7.410480596837143441e-01 6.993002794736965511e-01
6.404287551874345752e+01 9.306655411088259333e-01 3.996216174392421827e-01
6.076297840105974757e+01 5.888085413823477277e-01 9.137194171867424330e-01
5.866328837947825292e+01 9.151426217950141551e-01 6.711597024274775780e-01
6.619635215583582522e+01 6.097954572641903770e-01 7.377696032415198557e-01
7.267296910688799016e+01 4.334532322749933830e-01 7.005764093725292962e-01
8.538512532874078431e+01 4.947392746901501659e-01 4.940206002611386982e-01
7.794897712542247348e+01 4.819618806543110034e-01 6.895491927628148998e-01
7.465892187723549966e+01 4.816589496606428766e-01 7.638261965229660166e-01
7.469487819876225387e+01 5.825035793533086537e-01 4.804950153956870640e-01
8.790616393060159339e+01 4.905755070877170776e-01 5.487255442652709814e-01
9.505632804535920855e+01 2.855722342831752414e-01 3.499200155202755735e-01
8.782305312492565008e+01 5.261288009624017770e-01 5.142722395949476111e-01
8.029266489311277155e+01 5.642684599599194772e-01 4.259505927764244415e-01
6.413094536671394508e+01 5.188998627610327263e-01 9.565788368567584854e-01
7.573190966868074270e+01 4.676434794919100968e-01 7.443369823711025735e-01
7.825274760135199870e+01 6.778902434002090915e-01 5.591912036992274793e-01
5.605773118157274837e+01 8.319276245884014154e-01 8.380005800466782118e-01
8.290216083203605990e+01 3.623795768391750993e-01 7.380245870913437756e-01
7.850863102935208815e+01 5.253381740168904246e-01 4.571251866142681530e-01
7.239915307490832674e+01 8.377058873186083998e-01 4.684833269216711615e-01
1.079150586620088035e+02 1.667506372186117469e-01 4.863370511073020208e-01
5.749305183439807365e+01 8.164020686672627258e-01 7.309346281722456373e-01
7.123256760270632526e+01 5.516524915036152832e-01 5.752387815873852839e-01
7.853193500667349269e+01 6.471424234009899301e-01 4.129689643737466387e-01
7.409382816141972228e+01 6.259649072302347905e-01 5.531657589116283358e-01
9.105841646467283113e+01 5.912798390044092800e-01 3.547818171404205634e-01
6.784773632330684734e+01 8.208541301551471880e-01 5.410237377588434926e-01
8.396531925826678844e+01 5.294654833121322790e-01 3.877459401448352105e-01
7.350487701131112317e+01 6.430932016670233287e-01 4.525815240027716846e-01
6.769328517227232567e+01 6.157613967358878115e-01 6.778136615519745334e-01
8.369678810007566483e+01 4.524504886197424636e-01 4.737512840278518267e-01
7.404241650050414592e+01 6.938327402563503332e-01 4.230752721372580405e-01
8.366792555325514513e+01 5.960226869165043961e-01 3.749196896017334413e-01
8.072735742906283463e+01 7.244783232539838691e-01 3.938269973882837505e-01
6.752748961000001771e+01 5.060679767955369446e-01 1.015986832644240279e+00
6.853036515606331136e+01 6.435012169817436734e-01 5.690024820675185779e-01
6.418222836536463660e+01 5.710045189742974925e-01 7.327895655231992933e-01
8.102185145220691709e+01 4.127864369457780458e-01 6.835863275846461029e-01
6.858248828030602340e+01 4.394200470880483267e-01 6.098037313640132240e-01
8.345844818462474279e+01 3.113913694370407104e-01 4.305233721583396345e-01
8.351014705748001177e+01 4.842002631889777420e-01 7.231769277902262427e-01
5.760900808018783437e+01 7.173565234240417698e-01 8.003471171930881534e-01
7.741239686552304988e+01 6.172682167740077830e-01 4.646911278047132776e-01
7.771671851202772530e+01 6.247636319377122271e-01 5.812262160353207641e-01
6.020699256230236784e+01 5.658635352307541666e-01 6.936563774783596203e-01
7.905561902582705613e+01 4.596380279484710840e-01 8.370469968818007311e-01
7.275951069297389040e+01 2.722687455174554461e-01 5.543416312668657531e-01
7.169437804361827205e+01 6.905225921595048444e-01 4.302063933440767873e-01
7.337684010552695213e+01 5.138239831330081442e-01 5.842051169758741835e-01
7.639522803575638932e+01 3.535647837250041059e-01 4.720253333853212663e-01
8.010561794819865611e+01 3.567261013668093228e-01 6.282321043302875330e-01
7.236549476402325354e+01 3.317086628749669752e-01 5.638141557615504729e-01
6.791501221238463870e+01 5.289017743184964981e-01 7.605295081213140351e-01
8.726566717691370911e+01 4.985944201744749171e-01 3.560487656316561056e-01
8.246344011046002720e+01 4.846844730445882266e-01 6.387622946490486564e-01
7.020913001951301169e+01 6.730212568133066009e-01 6.005336920269339629e-01
8.264340963160006481e+01 1.671563033928056830e-01 3.964439816170596820e-01
8.592022024415557269e+01 4.217680342688521211e-01 4.747816603242088762e-01
6.041529523508172872e+01 9.495769713075538077e-01 7.063023361493251384e-01
5.883224693246577885e+01 8.749379105284486036e-01 6.948339518242743207e-01
6.781939548213786395e+01 7.204808886688165437e-01 9.372121325393235614e-01
8.298566725650432829e+01 3.592526823720640916e-01 5.553925598467756020e-01
5.354686307578647586e+01 6.529053209343890218e-01 1.089978699506636284e+00
6.955435105837727860e+01 4.528888677514589234e-01 7.949268269069095227e-01
7.090720851302080519e+01 4.258975151630979283e-01 7.372213616971463601e-01
5.640701713150751573e+01 6.862313017281375105e-01 9.024806867331972571e-01
7.828409365585358159e+01 4.374065953612615854e-01 6.158649012987951199e-01
8.087792941583714423e+01 4.322936198094678995e-01 5.239328393530997552e-01
6.981156900743872029e+01 4.076210123960118947e-01 6.609336641854737238e-01
7.615505600826661237e+01 7.447984628853069333e-01 4.414400806355464058e-01
7.165352950596410153e+01 5.884322848150438379e-01 5.198705091683851753e-01
6.011982069877849000e+01 9.132322061521420675e-01 6.195429435759115533e-01
7.705443563778476346e+01 4.206781677707635558e-01 6.954485784437592910e-01
8.475994328940863909e+01 8.058866979384491369e-01 2.444106136859456047e-01
1.019463737979706224e+02 2.981679149550346963e-01 3.052177594183110299e-01
7.295631926577109994e+01 4.856495554745136056e-01 7.949855445175300073e-01
8.962464322637116254e+01 2.764770605894451561e-01 2.769647058276788476e-01
7.601880313214158491e+01 4.250772886171988452e-01 6.719021708149394145e-01
9.560689617845092414e+01 5.726293969302513887e-01 3.265598151945888761e-01
5.360374587292731974e+01 9.005321796082421670e-01 8.308093527491619001e-01
9.199458492849215929e+01 3.045797425560699545e-01 6.694561992090231062e-01
8.838204500975254518e+01 3.902406245982609767e-01 3.008398879436362527e-01
6.639619648050648948e+01 6.563258297349514603e-01 5.838997949823188094e-01
6.921502070288634911e+01 5.245897774604701969e-01 7.465585217224038894e-01
8.157763831412482602e+01 5.032566431595963952e-01 3.636427238748926594e-01
7.418394217080307840e+01 5.037419747535053505e-01 5.682005768014197766e-01
7.312265276613617004e+01 7.838363286393492668e-01 3.575188136750842016e-01
9.960503560469723539e+01 3.638151463952822295e-01 3.891229823666854659e-01
7.612257987299669537e+01 5.498363652567608284e-01 4.643135277824966822e-01
8.475055825333726034e+01 3.644793706374812037e-01 6.016401816396662605e-01
6.405694510740885050e+01 5.554799876502046763e-01 1.060499804370106158e+00
7.040261662004817822e+01 5.190311974452219701e-01 5.570358468381468864e-01
8.479599117423761356e+01 3.257289592631459341e-01 7.063780586692564034e-01
7.058800451115264707e+01 7.444000341686021205e-01 4.749128968599274914e-01
8.402394435311251186e+01 3.622990869674885817e-01 6.784534125513363989e-01
6.242339678618294840e+01 4.965345044424976928e-01 7.070003876457741088e-01
6.286166639706065240e+01 7.174458086664994294e-01 5.049731903977751069e-01
7.189219762790573043e+01 8.789410490521013530e-01 2.499928477431352936e-01
5.629526621506801121e+01 8.404001652008663559e-01 8.429322711987060623e-01
7.725236106935430769e+01 5.672065229859574176e-01 7.354903933588521348e-01
8.162295122074615961e+01 3.656001132141277754e-01 7.367871181004208569e-01
6.758439247646991532e+01 6.878594671316589082e-01 7.273231041022302223e-01
7.408095723246032094e+01 6.598542915026213151e-01 2.272219878030624640e-01
6.521121752691125550e+01 6.672432037835717145e-01 7.425305086280297173e-01
5.807571265509238145e+01 6.138582722224737998e-01 8.266115194376855158e-01
6.460354232145489561e+01 7.244311012053550325e-01 5.274266009437529323e-01
7.355831364116234283e+01 4.520543842675813218e-01 3.885310082438352408e-01
7.574138062215909883e+01 6.902223586495801477e-01 5.558989578752979721e-01
6.769105511701481248e+01 4.667397468953950468e-01 8.463699702482948561e-01
6.740169331217909132e+01 4.902492256617392297e-01 5.248844193909032452e-01
7.341277951037884009e+01 5.469898121806432423e-01 4.602516527340616004e-01
9.146399106722608963e+01 4.914904394006801569e-01 2.806781125465340199e-01
7.775699820099832493e+01 3.334852411219891843e-01 8.390078168736514463e-01
6.919351992423074194e+01 5.195438117717564586e-01 6.071178364652981552e-01
8.856487943949693431e+01 4.113989896080250674e-01 4.550083773269180121e-01
7.408433800339982156e+01 5.271730226121347229e-01 4.820209603103575158e-01
7.381128109074329302e+01 4.496434656780559647e-01 7.378051521284819669e-01
6.926142548669272969e+01 4.806783879840230145e-01 5.998410610315555447e-01
6.364662204560510617e+01 5.420838779741027347e-01 8.070506049388952441e-01
7.302563946616371027e+01 4.260452240569730931e-01 6.078962381973797013e-01
5.631220106068208509e+01 9.756262059287659216e-01 6.662267763319700276e-01
6.207283747810972585e+01 5.919896517287951410e-01 9.083414635101471069e-01
6.561539235597209085e+01 5.911976437855751554e-01 6.551666071085554544e-01
9.041464278482902728e+01 5.727352707234308893e-01 2.882234814597690042e-01
7.530403294852148122e+01 3.968114934068082134e-01 1.019927023320049253e+00
6.809569214244739044e+01 9.569252156579814983e-01 3.946087373271185417e-01
8.410740246117501329e+01 3.442648412500067812e-01 7.124564541384901251e-01
6.809009628699840277e+01 5.721746393350268800e-01 5.571548408040560840e-01
7.708868187174613240e+01 6.562308207637225221e-01 4.724727380115457676e-01
8.079513131720456443e+01 3.104468641218727787e-01 8.214118728710955164e-01
6.758251398729503023e+01 6.383024768878952093e-01 4.619372211983131526e-01
7.639845380685392229e+01 5.300553904836192709e-01 6.311064425457726390e-01
7.980829875913751437e+01 4.261106531851435175e-01 6.505455485170348329e-01
7.321115852466945739e+01 4.261285421612014956e-01 8.290384031201238901e-01
8.479219276422838902e+01 2.627002341262770768e-01 3.562258052554591603e-01
8.948483281273867362e+01 3.268686342419966362e-01 4.321711873106328650e-01
6.171328001256113538e+01 6.877179022673740594e-01 7.075518128387885408e-01
6.952340551245426070e+01 3.543157815858941628e-01 6.563881995609147646e-01
6.865554321432834683e+01 4.402070844918173909e-01 8.569897771421903787e-01
7.284553481114585338e+01 5.330187063098862366e-01 6.980270153021099766e-01
9.151891726245260372e+01 4.142616099492823500e-01 5.799526971770518902e-01
7.380406712878270525e+01 5.893843099162189292e-01 5.458600272680339538e-01
8.569290048700197815e+01 6.441627094065085490e-01 3.081671358078981737e-01
7.121881749167499720e+01 3.990347198165807852e-01 7.051650955130789322e-01
6.927418056865984397e+01 8.694067374924933089e-01 3.552680465226153439e-01
7.260331617980546071e+01 6.149118253681221669e-01 4.248938325575878361e-01
9.118546200637834431e+01 2.843475431044626411e-01 6.173249449193933813e-01
7.085722026971932053e+01 5.737416742415172299e-01 6.717977374538302016e-01
7.328544039252790299e+01 4.958473323780281383e-01 4.563502807289282481e-01
6.629846726985880423e+01 8.478310543058664717e-01 5.257885058413740431e-01
8.575460229851444183e+01 3.271098966504231709e-01 4.816751634571210805e-01
8.490970139009542095e+01 3.604534100445153655e-01 5.410434684612897005e-01
6.851001972722684741e+01 5.600194964804178221e-01 8.555377671902999470e-01
7.405445983926493625e+01 5.965256338214556253e-01 4.307870217909626764e-01
6.948404957598826570e+01 5.467995073963838326e-01 4.864208862650912790e-01
8.201268821949614107e+01 2.902028161813948737e-01 3.947407787933259193e-01
7.531802180011493419e+01 3.977583075453212103e-01 6.134573291017441088e-01
7.138506267212551393e+01 6.018915240536698574e-01 3.857403352559267695e-01
5.074383276740841353e+01 9.169714658114661576e-01 8.222658356953904679e-01
7.589750201573566812e+01 7.253959094696889043e-01 5.791957202443175357e-01
7.225562712226822271e+01 3.908220052790007393e-01 4.872023344360111308e-01
4.890719361444038782e+01 8.979065566168116241e-01 1.253388407156101891e+00
8.852280981763752266e+01 3.031499508743419335e-01 2.111301262381068411e-01
8.300823325485222881e+01 4.023889626488911242e-01 4.320435287658238588e-01
7.192836421357513643e+01 7.089709419704233184e-01 6.867026301679679534e-01
8.083482597393968661e+01 6.107027938875194684e-01 4.729690919301004493e-01
7.541268542093646943e+01 3.613021633939062505e-01 6.354535486699565139e-01
8.471547325723781796e+01 3.133785172811707209e-01 4.450456145806066521e-01
8.671428467130381534e+01 6.889927303599034936e-01 3.356788124416499319e-01
6.544430293790917119e+01 6.269280779167356599e-01 6.410398501877961897e-01
9.142616176239877746e+01 5.676558481558456881e-01 4.333351543765771585e-01
6.912792310901286896e+01 6.084789144702279495e-01 6.797489237849945187e-01
5.626956753061936922e+01 6.703558828775760814e-01 8.673245100508668592e-01
6.387626821504200336e+01 5.571172906136185876e-01 7.506073670615178717e-01
7.166419049521485363e+01 5.923023118618233607e-01 6.868518579050904016e-01
6.180759986701561104e+01 7.294629315484462140e-01 9.497413225674724568e-01
7.048477249291394742e+01 5.708458476859200603e-01 4.923772103523185173e-01
7.713542173291048698e+01 8.519401327404881874e-01 3.487498587457817378e-01
8.888412880454372100e+01 5.823352702085670130e-01 4.125344560935017557e-01
7.014146717128909359e+01 5.197875291557091382e-01 7.961906524731660051e-01
8.265357702338181412e+01 4.730083120244351624e-01 4.414301400132658593e-01
8.223030283618810188e+01 2.643755646326649833e-01 4.555707092797492974e-01
7.171477376356892819e+01 6.639750428276388616e-01 5.609779948705088115e-01
8.086194259993470723e+01 3.113697465617085713e-01 4.277774473738102379e-01
8.389563546142433381e+01 3.396640750823807786e-01 6.170233531546311934e-01
8.683648720963770984e+01 5.329817081298044990e-01 3.822389170081955112e-01
6.468576496374483042e+01 5.409826543338519533e-01 9.285959754189005988e-01
8.045956395856198640e+01 4.535420518201302431e-01 5.857113511957870999e-01
6.733589170739571728e+01 3.432599065963837792e-01 6.664549300221346284e-01
7.423329473564751879e+01 3.814710738914851018e-01 7.155158431151470433e-01
6.144366588201586410e+01 7.176747723067167239e-01 5.274955233841185365e-01
7.394664528962375982e+01 4.329374005990925811e-01 5.297406018222395874e-01
7.296364168914323045e+01 5.529528110658276097e-01 5.587429233542974272e-01
1.040416771365953537e+02 2.955875416913618103e-01 3.645558760296620515e-01
8.307858875870596194e+01 4.442685025917888497e-01 3.691201810852011156e-01
7.097545022726060893e+01 7.223586903039247442e-01 6.916111679217874508e-01
7.786274129368581498e+01 2.205613338325513595e-01 5.813594265535981798e-01
6.657561931084978823e+01 5.595004100574113570e-01 7.301103839677185459e-01
9.112578371904754704e+01 6.307957524011825745e-01 2.692017823530821752e-01
9.019091999766963852e+01 4.197142666322345450e-01 3.818877103176323562e-01
8.223866506028598167e+01 3.471917480985702298e-01 3.578805021403957398e-01
9.667843547496065071e+01 4.232636198234938640e-01 3.530058306498463638e-01
8.242380615071741090e+01 3.702787478832749724e-01 3.040944612603960207e-01
6.489085478215874048e+01 5.674155528975449725e-01 8.106126208381291276e-01
8.664120912791268836e+01 6.292708919606729845e-01 3.284626591606740753e-01
5.640395747750212507e+01 6.292880333085265621e-01 9.919495047103795704e-01
6.464320916215596924e+01 8.613203937913070929e-01 5.132514538130831250e-01
7.598572756871290323e+01 4.209556360991700830e-01 6.332679416653208548e-01
7.661129639330991381e+01 6.143363904489697047e-01 6.063465779515848642e-01
8.991280205535707637e+01 5.144204101864471301e-01 4.456368254008890029e-01
7.746004078653066927e+01 3.603066665041840810e-01 7.366781169942624441e-01
7.518361000985366616e+01 4.408066799765998911e-01 6.298208287203025391e-01
7.452471002769152619e+01 3.473051225889602356e-01 5.689245274744121339e-01
7.554996422096604647e+01 5.927249758376038624e-01 5.408428393882778185e-01
7.932930518086136829e+01 4.245775222950188832e-01 6.337078368268216355e-01
1.009961616013978016e+02 3.878703670375197032e-01 3.233302317591861264e-01
7.776953619193176337e+01 3.724960458823400322e-01 8.877830106076871619e-01
7.509413272230096936e+01 4.972716398163189999e-01 5.811226010118776264e-01
7.476345697647030875e+01 5.553439937866642140e-01 5.407507028417571915e-01
8.561685931991485177e+01 3.346867829649833315e-01 5.366259527773630245e-01
6.629520455600665230e+01 3.982838034368851310e-01 6.181014477281807640e-01
6.349593967261296967e+01 4.829234534954133240e-01 7.890302484384965620e-01
6.347274120838384448e+01 5.454963696668384543e-01 8.285848173422476481e-01
7.413302791152733562e+01 9.284138569511598549e-01 4.607802211490287236e-01
8.886140455315319286e+01 3.992893323350802937e-01 4.473234957035485126e-01
8.606768197397070708e+01 4.246975206197262653e-01 5.006302822262717056e-01
7.308309250738720664e+01 8.294166913727661905e-01 5.756490110065763943e-01
6.741002078622273075e+01 5.091603147286770659e-01 6.836373951766426815e-01
8.166911660208747037e+01 5.970217624712187421e-01 4.456569336403535253e-01
7.295370468361970495e+01 6.772453326173816235e-01 4.755578894040761728e-01
6.555188095566319362e+01 5.357010310507229756e-01 7.275703470486835078e-01
7.987865162818259535e+01 5.927744365037456165e-01 5.884674359319506110e-01
8.435876982021964920e+01 4.218836953482248964e-01 5.413150536581268213e-01
7.502742226721491647e+01 8.485279572155881578e-01 3.439578844578446981e-01
7.586526745792511406e+01 4.866209001210073382e-01 4.778125984836825713e-01
7.707421462224522202e+01 6.529759442416376292e-01 3.826490959667286917e-01
5.982005649180898388e+01 9.995681663438401587e-01 6.213437978309754861e-01
6.177370745871902358e+01 5.035185722583533918e-01 1.254774415600807380e+00
6.894219677777502397e+01 5.636373241981768034e-01 6.726776857373193419e-01
5.072821765636949465e+01 9.282176768196341854e-01 8.543249285391745218e-01
5.046289550096876297e+01 9.896172847190939370e-01 9.522895965016001663e-01
5.056347124502801194e+01 9.223287048564002832e-01 8.309766423984692452e-01
7.867419022901013648e+01 3.569017640992494522e-01 5.970936480572617278e-01
5.217563189933932222e+01 9.704911077769703409e-01 8.620501009644425672e-01
7.548583365192963868e+01 2.551924386763153585e-01 7.261891575410909239e-01
7.853067664459879893e+01 4.374642312932300880e-01 8.020721095936595990e-01
7.954144163296069792e+01 4.490589166478301530e-01 5.007450155076939025e-01
7.670001888467405138e+01 3.955236098694355773e-01 6.449102361813928708e-01
7.444010209948569923e+01 5.663347535321681114e-01 4.586462550221917511e-01
8.170147123017537183e+01 4.686977018259771421e-01 6.948006337279073463e-01
5.787528923362026489e+01 7.164639558820925513e-01 8.348629728212324519e-01
7.107250100556876760e+01 6.437564991301548689e-01 5.747425614165901919e-01
6.682057517483656284e+01 6.184706313879370088e-01 8.401628526024677024e-01
8.853023704744559552e+01 3.024541559903242693e-01 5.525515200699064877e-01
7.262880280733598681e+01 4.762188858742574249e-01 5.786268251535306995e-01
7.367530778344614362e+01 5.055282785879171570e-01 7.756405653908206022e-01
8.770056775823671558e+01 3.369740103763736450e-01 4.016188768852759217e-01
7.316098734583268026e+01 6.337151906866840267e-01 5.451617476460118850e-01
8.372076906105370142e+01 4.511816249803345946e-01 5.734483274409202247e-01
5.952370584649979435e+01 7.883364257031880706e-01 6.560387022693799919e-01
9.566824808059737961e+01 3.486714323693639872e-01 3.891338318761958237e-01
7.590007778966271701e+01 3.764880299783243123e-01 1.024505760449964553e+00
7.156775450830774332e+01 3.645271045582355041e-01 5.473286173867489834e-01
7.742152441988861256e+01 4.659569481296833571e-01 5.750998539241749530e-01
7.481777149720157638e+01 6.968561619484238134e-01 2.510231069405165494e-01
6.887294380000125216e+01 4.008160242386177297e-01 9.646889385443383480e-01
5.689890767982598874e+01 7.514837766762563209e-01 9.381083108227949996e-01
6.565672516533413727e+01 6.080928609973011989e-01 5.519802817204677581e-01
9.596166043082084229e+01 4.633697202192299525e-01 2.243149341076144110e-01
7.682245191528188855e+01 3.165468035423484316e-01 6.198231375670206766e-01
8.990039612507602840e+01 4.573061750127440650e-01 6.216497768996481765e-01
6.994078297804415456e+01 3.416472138888810850e-01 6.241074976403676589e-01
6.979499607444435583e+01 5.070987036341031429e-01 7.364575600154005253e-01
8.353474838876660158e+01 4.013772946746533288e-01 6.767729977923064855e-01
8.473461024317357726e+01 2.855415296486215060e-01 7.545918153033268627e-01
8.196276447140422761e+01 5.776977946979138245e-01 4.661865492785030041e-01
6.537181712773022468e+01 5.336431026808092781e-01 7.802481945482915293e-01
6.949914185533378941e+01 8.480307016622639082e-01 4.024818634883493007e-01
9.175295528083526619e+01 5.555129583469492482e-01 2.833418358381461499e-01
8.375005943308843825e+01 3.877363812303024626e-01 3.362681600140111637e-01
6.711024664521725924e+01 4.357498606197822699e-01 7.922267872926672672e-01
5.555754347727231135e+01 8.934006499462527895e-01 7.538704862667917617e-01
8.985851041951494267e+01 5.691699279812055812e-01 3.723975770557116372e-01
7.264898947223234416e+01 5.685261713702037811e-01 5.589639215174223574e-01
8.435737699431537351e+01 4.155263484951348674e-01 3.339307299564343579e-01
8.476851130820496394e+01 2.350575106755581067e-01 5.670499731793733345e-01
7.101143689367731326e+01 5.525007853805334879e-01 6.196240765967195863e-01
8.099366822870493365e+01 4.045756885609032572e-01 5.859568470717996247e-01
8.378356545099339314e+01 4.783345268200878686e-01 6.661525818683103894e-01
7.912088543228375670e+01 3.683749052160088522e-01 2.544128046592075698e-01
9.670079294429487504e+01 1.795914013593981062e-01 3.652399752867929172e-01
9.551748131644151840e+01 4.027156106054420870e-01 3.142093171163976018e-01
6.077090290106099246e+01 6.073021595865967237e-01 9.359771767803208853e-01
8.100218260412945881e+01 8.211954987994334321e-01 3.777981846118745879e-01
7.388273274255216450e+01 5.487459768058811083e-01 7.564448065737964244e-01
7.145517488506528991e+01 3.691862823153841955e-01 6.796830668278124321e-01
6.463980680857125094e+01 5.889658250258879013e-01 9.275450510594862585e-01
6.508673977461936033e+01 8.863100015761798955e-01 4.911891877333638967e-01
7.636100706280006989e+01 4.712013659310623770e-01 7.818598188614549471e-01
8.340158348503543095e+01 4.578084816394807355e-01 4.745444167468820806e-01
7.201275898755861249e+01 4.429747092898730365e-01 6.740921528876863134e-01
8.637557849907953766e+01 1.946437413722388599e-01 6.021092837113529717e-01
8.526498431091199848e+01 2.417677239970053849e-01 6.472976757070564302e-01
7.670553186571453352e+01 3.002979113989731608e-01 5.443280454794764411e-01
7.367739488228819766e+01 4.611050528059050246e-01 6.639147119035797573e-01
7.545794035589510429e+01 5.972343444363010789e-01 5.639029698445666705e-01
7.579740918060581123e+01 3.924226256575135685e-01 7.753956479799920531e-01
7.648088929104612532e+01 5.149996349467318435e-01 4.701460379482809704e-01
6.597069088476324339e+01 5.783717925874358734e-01 7.798061614823403875e-01
8.076359376439880577e+01 3.119509296817388200e-01 6.055087512019177165e-01
7.004313482694306003e+01 6.442936099362855940e-01 5.490107763701668198e-01
7.763534275117990546e+01 4.218033372931769276e-01 5.980613361073741086e-01
6.337067744592128804e+01 9.132322061521420675e-01 5.364618985625585479e-01
8.336421956815576095e+01 5.741995070992925720e-01 6.217512507893282470e-01
6.362520081705618935e+01 4.965427654390980328e-01 1.098592558151110454e+00
7.191814638757223577e+01 6.193122094473204609e-01 5.093790228599421877e-01
6.983830759284352041e+01 4.633234853276267384e-01 5.411633551133733233e-01
7.418377305249740061e+01 3.593131509031024517e-01 6.169748999118848110e-01
1.126763248985582351e+02 2.577686008226229841e-01 3.661809765833999863e-01
6.362031307288491178e+01 6.436175971427565701e-01 7.147154958471153563e-01
8.965435521767919624e+01 3.514878539921602596e-01 4.120984735825111156e-01
8.006926430482145918e+01 4.254291099667247278e-01 4.949489599420943686e-01
8.316880142059918057e+01 5.137859144228386077e-01 5.332869286128044672e-01
7.598857982291747248e+01 5.179235316449882776e-01 5.464538413235313641e-01
6.599872549615810158e+01 4.460009499642915154e-01 8.774327504103970332e-01
8.177766676360936060e+01 6.380196163568413459e-01 4.180610095656773217e-01
7.551548462985427079e+01 5.247912676098743789e-01 7.147899442452846364e-01
5.418860403213436427e+01 8.090913701866266905e-01 8.133255874406457586e-01
8.713641495132411308e+01 2.808735086131186054e-01 4.051846135597365617e-01
6.914836451603348166e+01 7.803090074071904469e-01 4.651904388079684538e-01
7.103084268366754372e+01 5.206108579983906859e-01 6.142698587222269468e-01
8.223506463002662770e+01 4.481676063817833233e-01 2.604379766745456570e-01
1.042913988224575661e+02 2.511210490228791836e-01 1.963579931904449460e-01
7.085218650275484720e+01 5.701161141112639497e-01 5.939525335655285732e-01
8.769615710822994004e+01 4.313045411967387222e-01 1.098742379156638221e-01
6.863710728875037148e+01 5.234031570474225736e-01 6.538506492410578463e-01
7.185795705989235671e+01 4.597270562479311984e-01 7.341821552860210431e-01
7.364115608003706370e+01 6.481316723269368030e-01 5.682288135444605315e-01
7.986508172615027945e+01 2.842332186432687258e-01 5.593197442134429931e-01
7.851061806430359979e+01 5.421691541516845403e-01 4.559664588791393358e-01
8.341046575381450623e+01 3.137069212795673967e-01 4.297464577775623740e-01
9.367276940659778006e+01 2.095646506352813188e-01 5.861334569311472675e-01
9.366081273571661825e+01 3.453735184062793895e-01 4.971836982843244046e-01
8.268062879757967210e+01 4.014907583099160959e-01 6.138935499150562913e-01
6.099321740210321252e+01 9.043728759900799830e-01 8.052251060082421530e-01
7.531836760263271913e+01 3.040550921999986556e-01 7.879824454606324524e-01
8.666178441129383714e+01 6.347891578241405819e-01 3.515681783599813870e-01
6.259515310745343442e+01 5.724689355609525743e-01 7.624705481968022669e-01
6.348909282388388675e+01 6.813908527603376175e-01 8.077317376906141266e-01
6.921204191659502669e+01 5.657770997743870600e-01 7.152595552718863381e-01
9.964608136413498585e+01 2.273726176890657757e-01 3.204923538147049777e-01
7.498280819005844933e+01 4.003251126478681310e-01 6.338103871986318083e-01
9.508401283339679821e+01 3.621022977996852243e-01 4.694629685998151780e-01
8.497577846612449548e+01 4.748046611980073495e-01 5.300791943642739756e-01
7.638751118475917679e+01 3.678087336417219522e-01 7.831631257550091263e-01
5.771508295812034817e+01 9.252472030880461995e-01 5.682119245755474779e-01
8.732371931470308368e+01 5.986566486281542643e-01 3.273408745126535901e-01
7.146555420798343050e+01 8.270743734281256199e-01 4.313165689565824912e-01
8.084132593754291918e+01 2.679696682771825489e-01 4.473862937902836623e-01
7.159492134621849857e+01 8.622576286970294879e-01 4.370286076904018047e-01
6.212126694470764221e+01 8.396879876834577594e-01 6.384756277612950726e-01
7.185982838754752322e+01 6.737318688760236540e-01 4.696530124043102328e-01
5.568552218371721807e+01 8.749913257397795574e-01 7.367706720353007777e-01
6.761693921134568086e+01 6.641689811933011445e-01 6.745018482330157328e-01
9.844789417732368975e+01 2.955875416913618103e-01 4.420895751513536642e-01
6.624705250125201417e+01 6.732413795563070291e-01 6.024258320436408631e-01
8.244311647542197363e+01 5.452285675126109510e-01 3.133541569372402802e-01
8.270095308625514008e+01 5.377966714861525110e-01 3.180596461707512201e-01
8.282743870807576059e+01 4.212060571794062902e-01 7.157868693417342998e-01
7.113103891045018656e+01 4.426876108733931448e-01 4.789159298897416317e-01
8.283078268834192670e+01 7.208379077627712350e-01 3.094428136556242048e-01
9.584739354510867315e+01 2.321825482976417887e-01 4.489271547599678613e-01
8.135621643859421681e+01 6.736440990782371907e-01 3.929383904010445572e-01
8.506516196591428525e+01 5.637865944222710812e-01 2.839986104069103234e-01
6.345928498775611359e+01 6.053131188684630626e-01 9.280238139599632508e-01
6.023492570811622215e+01 8.531015441156363233e-01 5.436570047467897959e-01
6.850944606331937337e+01 5.534839461481615430e-01 7.101659560610313893e-01
6.942137180566091104e+01 4.973263149375777292e-01 8.032935739547482079e-01
7.602924220949780931e+01 5.371632371222114788e-01 6.141595236687040771e-01
9.072708702427117089e+01 4.005219951084462160e-01 4.671289217512135106e-01
6.864016317726483862e+01 4.321193503054201468e-01 5.107308483327869242e-01
7.284388612346320713e+01 7.724012387811644009e-01 4.740976683686987658e-01
6.857800970523820183e+01 6.968145474198194078e-01 4.340972413981837863e-01
8.473363440806130598e+01 3.506469786740501471e-01 4.337001863021482384e-01
7.082730862218325285e+01 4.326198745563236137e-01 7.878635454684563832e-01
6.881652429707885688e+01 6.800860712165149868e-01 5.427650456323978023e-01
8.292776475083066146e+01 3.750402656818049296e-01 6.145948545322067469e-01
6.445236858944065261e+01 6.570842998484812680e-01 6.025630153794185873e-01
9.258365571406076810e+01 4.561119701869023046e-01 3.618750069086571486e-01
6.953237378777946276e+01 5.842704862997113446e-01 9.330578750396409937e-01
8.080949426735347174e+01 4.498860612373792311e-01 5.525607232458875639e-01
5.211596616137817506e+01 9.468001574475060078e-01 8.428431581841145936e-01
6.571628267769143861e+01 5.806846497898765502e-01 6.553837838363425483e-01
8.318858778130922360e+01 2.910313724683246672e-01 5.027670098739974724e-01
7.995779067227759640e+01 5.035984742049745000e-01 5.186869382536295481e-01
7.864238394133946031e+01 5.569201646846221321e-01 4.315879825450391616e-01
5.725512120906330438e+01 8.289280797496322295e-01 6.289196435072658131e-01
8.241720632320689788e+01 6.235046215450470442e-01 5.012743423178106505e-01
7.159800684184712338e+01 5.954557612270726663e-01 6.597349833860368662e-01
7.235838891493958158e+01 6.325440824202193113e-01 4.838153680108855381e-01
8.689840279437260051e+01 2.739593551878442557e-01 6.380342304306279022e-01
7.462630197462621595e+01 5.577328936829654138e-01 4.809880744294265376e-01
6.852580307542235971e+01 5.257026357979177611e-01 7.441686827414085714e-01
7.656551244183704341e+01 4.485394548071522380e-01 4.124869269877122768e-01
5.272687458480645262e+01 7.559587335797258723e-01 1.124290039959490839e+00
8.418562914034643541e+01 3.334942484896583070e-01 5.737656724509806461e-01
6.521016317515190508e+01 5.740903619796146051e-01 9.388906969860892904e-01
6.042405525393628096e+01 7.408128151159314445e-01 7.625133576078909625e-01
7.921717615926871758e+01 5.194698538145939848e-01 3.786347613383585498e-01
7.975327683061284745e+01 3.428500540476503988e-01 5.116876411016384463e-01
8.793456655497908514e+01 2.493729433283227992e-01 6.029556811779501757e-01
7.288678577606989961e+01 5.638472728844607929e-01 6.544288431368434633e-01
6.491657268758358157e+01 4.788486063613374699e-01 6.025556001848727528e-01
6.833545424003810353e+01 5.201940495470374071e-01 9.580715369887390365e-01
7.362491481762228318e+01 4.503615749845599203e-01 8.037233627979831763e-01
8.489595723859548571e+01 4.541056884324955467e-01 5.210087921174856307e-01
6.256394664475295286e+01 8.357615405761874561e-01 6.181057763183275267e-01
8.691508012765470426e+01 6.101715878156881434e-01 3.409055735841648449e-01
8.852994286122074641e+01 2.742244724750841911e-01 5.207357826393751443e-01
6.657172105647308058e+01 4.448125125440739458e-01 8.279262833139112709e-01
5.491851296985695541e+01 8.634604492427927491e-01 7.050752988781299191e-01
8.001307599012514515e+01 6.380900371794250292e-01 2.681672134487286807e-01
6.007113150866657492e+01 6.907265399822544172e-01 9.761148471909070201e-01
7.353703470270761500e+01 5.794606700744080463e-01 6.510705846487181425e-01
1.035433190695532346e+02 4.562273356718707928e-01 3.460041997987681195e-01
6.384559432121113787e+01 7.800482536085115992e-01 7.346048964534992454e-01
7.363792595618964754e+01 5.442133338266552656e-01 4.720879558869373605e-01
7.883930411711600073e+01 4.689573151527961503e-01 5.876421149748427553e-01
7.045367475336139762e+01 6.821400778935633458e-01 5.623959564260634370e-01
6.724495100072648768e+01 6.752926800744242231e-01 6.452017291529074106e-01
9.427528408550587358e+01 5.637448085872530656e-01 2.399754105026940532e-01
9.502223212860018009e+01 2.898755189457545844e-01 5.180308672554350125e-01
7.353255534891641787e+01 5.998748604311380239e-01 5.162638158263148647e-01
7.985016786798200883e+01 3.712569732707899917e-01 7.726711424095019654e-01
9.032847276026350869e+01 3.082881708020461797e-01 2.248812183792801012e-01
6.121622452810836279e+01 7.633738019147380260e-01 7.904707537020294605e-01
7.168448006180379650e+01 5.223443016890794155e-01 5.047177848092598840e-01
9.433987697308593567e+01 3.765178100921824367e-01 2.564818717625768629e-01
9.608059157403474160e+01 4.011887375925345389e-01 4.980807405247232311e-01
6.229258498528955812e+01 6.213579554741117672e-01 7.111159394839723369e-01
7.073430694333274005e+01 5.717327190087240218e-01 5.223827289223827997e-01
8.776887921142406412e+01 4.210474851758583825e-01 3.043834530203107236e-01
7.544476534526371836e+01 4.464707698867936836e-01 7.347634030096079627e-01
7.775935720190597067e+01 3.439917009617188270e-01 7.185461333440350540e-01
8.501950556885444144e+01 3.126287755176846983e-01 4.645367391996245154e-01
8.135886887044495097e+01 4.476157387432823653e-01 5.803875759876411244e-01
8.206399776430627924e+01 4.643359782158738014e-01 6.438314629386706622e-01
6.076809210032382680e+01 7.187386096727303997e-01 5.997412630714661352e-01
8.389857295840432982e+01 6.367015985312171056e-01 3.103431455801350936e-01
1.022004904815685222e+02 3.283251635815065961e-01 3.817949340024795468e-01
6.775995443803969920e+01 6.594875517457433611e-01 7.366294144663584342e-01
5.388861884470344421e+01 8.796490690339914265e-01 9.858089202172594101e-01
9.305628703664179113e+01 4.746666484250057216e-01 2.724585707290773651e-01
8.171818549949730937e+01 5.126608146027469282e-01 5.058618745365679459e-01
5.911736063510365113e+01 9.150877158400060329e-01 5.789662122461624039e-01
7.119447264658603558e+01 4.375511027970837574e-01 8.969010511587226508e-01
6.671836995489623234e+01 8.236268692455730456e-01 5.717384892780104089e-01
7.675789975646222274e+01 4.551687364523590018e-01 5.701804033512936076e-01
7.053678132621624286e+01 5.432616446581913783e-01 1.021441541832947220e+00
8.830509208111047315e+01 4.706333741126226267e-01 3.762771447921655632e-01
4.871189927374074813e+01 8.745897168944714029e-01 1.025526359494441042e+00
7.461926358379118085e+01 5.061873710360015322e-01 8.017008416202520138e-01
6.842859101481818129e+01 4.152134231820665544e-01 7.268297980066775743e-01
6.253623789443435754e+01 7.978982543516602854e-01 8.736371733424660446e-01
7.333028838144707606e+01 6.452991698304854085e-01 3.256035963523338239e-01
5.563959972614672012e+01 8.399998602198446296e-01 1.082981915226411074e+00
5.947033150636695353e+01 7.729926759958070104e-01 8.310869847487154516e-01
6.999605485700408281e+01 7.911771199306170121e-01 2.734350411904786782e-01
6.961492209078157600e+01 5.931382960685129824e-01 4.740902800434042552e-01
8.683869441560423752e+01 5.101545697869118712e-01 4.662541952855551175e-01
5.756102019090540978e+01 9.471271735319050089e-01 7.101483030273514352e-01
8.340483448665175104e+01 6.589727166194024877e-01 3.387659203120915175e-01
9.318641445407502033e+01 4.076431190090448742e-01 6.785839536415357864e-01
6.683943330407026906e+01 5.255853397371922364e-01 7.269805307127091831e-01
7.710104779500208849e+01 4.801619601960466222e-01 6.459762043366996664e-01
6.352535595416325265e+01 7.333128139905550347e-01 7.025974648302878434e-01
8.635066424607050806e+01 6.750849321484454491e-01 4.143133821412097739e-01
8.275613315384156010e+01 3.636271795758572178e-01 8.336419817720296388e-01
6.879886242893289250e+01 4.737557408398453962e-01 8.248849700049808442e-01
1.058594061745220785e+02 3.678596593669001269e-01 5.925525760277212672e-01
7.012861199827568726e+01 6.110316548570574602e-01 8.474793141946920239e-01
5.795510365008306053e+01 7.974211350162284662e-01 8.367988890629388665e-01
6.717986977437379892e+01 5.559032055749479895e-01 7.757780775798176487e-01
7.689858080771108462e+01 3.689732197422621041e-01 4.841913699993182774e-01
5.961023095355302104e+01 7.888147313450845077e-01 8.423053936088508165e-01
7.017129515580811017e+01 7.728147081834400023e-01 7.196756840822244872e-01
8.464037056725376829e+01 5.108677423904702808e-01 5.957225741666810626e-01
9.154531889276293555e+01 2.906081929091964833e-01 7.823305655981371842e-01
6.320346552551763608e+01 4.562766769385417920e-01 7.326483459326593728e-01
9.213385472839550516e+01 3.167520076261960971e-01 3.355519571252271183e-01
7.146455962014414354e+01 4.643025687542792768e-01 5.779554313270188759e-01
6.781543675289341877e+01 5.505939838041128409e-01 6.760518761261311571e-01
7.323595969619094603e+01 6.204646665682935769e-01 5.610734190453465775e-01
6.784274399041174775e+01 8.819492268379870437e-01 5.616137226845239194e-01
8.121629930222891858e+01 3.221193581652689319e-01 6.779108525111056105e-01
7.542581292325608899e+01 6.706953105071129517e-01 4.776250421510038757e-01
8.296169984927188068e+01 5.895591872889732743e-01 3.986081554598034371e-01
7.977580640332229223e+01 4.875511595471975768e-01 5.697839438547467328e-01
7.854122800869808430e+01 4.940129042786898239e-01 6.945334746390874336e-01
7.623702122840359152e+01 4.459684561876333109e-01 7.255360700135614627e-01
7.813096406547238360e+01 4.984088498374146248e-01 4.940624552153245475e-01
7.948682360170924710e+01 3.503258681480332926e-01 6.435847361900457475e-01
8.808979651592646576e+01 4.110683200815071214e-01 4.569458107080086040e-01
7.346038565683154786e+01 6.946495723046767212e-01 5.247943364095759566e-01
8.937578096501812297e+01 5.174601100991390590e-01 2.924132102992313964e-01
6.898119097430401325e+01 4.662760815757935884e-01 9.439168577119939618e-01
7.207713950801198166e+01 6.606127034085824690e-01 5.354227533918465287e-01
7.216217510495835086e+01 6.547660229991304481e-01 4.913953167773229547e-01
5.808717617860235549e+01 7.939297622619898576e-01 6.996827956730526932e-01
5.022233707252332380e+01 9.157226694410666168e-01 1.178701079601161217e+00
1.061114938762225535e+02 3.529989760804544408e-01 3.062170264201558023e-01
7.599703472780660718e+01 6.062817176388145546e-01 3.936474018932664132e-01
8.133317998450149844e+01 5.853864715025741683e-01 5.408668396327447336e-01
7.150768033949155722e+01 4.364329453646410562e-01 6.561689518908265795e-01
7.771475534311608158e+01 3.980138638988657274e-01 4.955224331191960818e-01
7.965486918059997379e+01 3.981989263212895036e-01 5.132407000344044734e-01
5.692626909619598052e+01 7.155724566214004545e-01 9.450211959771471770e-01
5.465919078288561650e+01 8.848689589462329641e-01 9.120925228319389788e-01
8.398581531690972213e+01 2.668126873864944959e-01 4.085507124461028039e-01
9.396367116965173238e+01 6.024546406667642406e-01 3.748409187499268658e-01
6.854566378181360164e+01 7.486780600965445842e-01 6.754117425363631577e-01
6.760758252584999184e+01 5.581408812559616184e-01 8.234198797577860773e-01
6.980787271901394320e+01 4.410217931918965495e-01 9.515539536401494969e-01
8.447001100379428351e+01 3.956309345449401382e-01 3.934643621002110736e-01
5.813054758560761570e+01 7.719752992951518511e-01 1.013169062748934035e+00
5.246539613721536455e+01 7.592431737527205460e-01 8.525924925029795265e-01
1.044996201729039598e+02 2.736001917709880438e-01 5.073855746017742474e-01
7.350721968797847694e+01 4.286631795063163830e-01 6.215462985262855122e-01
7.005815021132833920e+01 4.951886816112370249e-01 6.960764684989682038e-01
6.400359078013831038e+01 9.946564917072108214e-01 4.617706578586717181e-01
7.609452089875344427e+01 4.908452005072577728e-01 7.629227231549280397e-01
6.280128050852926691e+01 7.381805761143257483e-01 5.236160031323671138e-01
7.679953034392207201e+01 4.586659670287759893e-01 4.588488952766984763e-01
5.912195427718020113e+01 6.287370658267108503e-01 7.469251695535460422e-01
9.449571784529818785e+01 3.977145723743109595e-01 4.190709701738319914e-01
8.247763552357871220e+01 5.666100710383211725e-01 5.930165694728085635e-01
5.851500962812917095e+01 7.304207443688557344e-01 7.007724109158940395e-01
8.869979427735957245e+01 3.079929748688569058e-01 5.016504951917122312e-01
7.432039861266262903e+01 6.340304314445269762e-01 8.438441202958256726e-01
8.924180033373889387e+01 4.011974410923210277e-01 3.042827415483562170e-01
9.059627329717876876e+01 7.215957872702525311e-01 3.948418119306367768e-01
6.307689646345104251e+01 5.773848434966176724e-01 1.047347717477324025e+00
7.904472361041840145e+01 5.707351258576399688e-01 4.968966250443657695e-01
9.764304908916982129e+01 3.751175303473283096e-01 5.321076246132199206e-01
8.249870481750129159e+01 5.795892540641363055e-01 4.273561052926910797e-01
6.203295532776982668e+01 7.478029182627765614e-01 5.042540454013660911e-01
8.174965368742452654e+01 4.903268918125364140e-01 5.116887280344554201e-01
6.578400844460784924e+01 6.791726845433857518e-01 5.724459856699239957e-01
7.166114116771139209e+01 5.406404094395275139e-01 8.136046661026208326e-01
8.738806474080539033e+01 3.691381071560146387e-01 5.033494607033588419e-01
8.366789291848748178e+01 3.089254785087784394e-01 6.304648682010352001e-01
6.499775190472317377e+01 5.354725237980128005e-01 8.349128470600745144e-01
8.523781687540862606e+01 4.628622426045039817e-01 6.763290665791703571e-01
5.874976425947446756e+01 8.815450280465402244e-01 9.001623480046041514e-01
7.004269646154807560e+01 3.709564125560215198e-01 5.834714481742934167e-01
6.621926887169854581e+01 9.051103822094932472e-01 4.836904072492801965e-01
8.472520212264464590e+01 4.503543905313910911e-01 3.250766854174800824e-01
7.054607505404254653e+01 6.073127029083121853e-01 4.815079353448870059e-01
7.044064265882201425e+01 4.509456817244203997e-01 5.739683202068917023e-01
5.407223316554652115e+01 9.271412705922486008e-01 6.879917409839321207e-01
5.482548016399056223e+01 8.878847125132981466e-01 7.652523372438375659e-01
6.991555175386989163e+01 4.870175600482116174e-01 8.755490975974716816e-01
8.658168799239983571e+01 6.075260608309760446e-01 3.724905664859659016e-01
6.165167334780298347e+01 8.830801177959780590e-01 7.465495120066713008e-01
8.212660279234455629e+01 4.071171722061621145e-01 8.371362612123550706e-01
5.889371560687765594e+01 9.701716041044867733e-01 7.430632274118532665e-01
7.011295796411226888e+01 5.327013210169100343e-01 6.546138312889371313e-01
6.379862346462674338e+01 6.353846755063223828e-01 8.811216211669739007e-01
7.616891179817375246e+01 4.785890728187390253e-01 6.612097641000271864e-01
7.588512530017177937e+01 6.960934698314157343e-01 5.878088034168041931e-01
5.960457996201459707e+01 8.848383935097229314e-01 7.475289661697238630e-01
5.081022107249869180e+01 9.020062255385870031e-01 8.491532809105241109e-01
6.994352977792982529e+01 4.348134069648850741e-01 6.725531349565022632e-01
9.440240826012743014e+01 5.005633632389026033e-01 3.096327972833975983e-01
7.182867043970293253e+01 5.171687460771017264e-01 5.750511502920128137e-01
8.286528736765295378e+01 5.751319544517896620e-01 4.678387520741315031e-01
8.502210074094237768e+01 6.826925643532305576e-01 3.130804699846632677e-01
6.482243261404747159e+01 3.027084538216778808e-01 5.737669181192156520e-01
7.253112650425730124e+01 6.394194171004883298e-01 3.962084263789273364e-01
6.856064952961817482e+01 7.429344384387085443e-01 5.829988593254863405e-01
6.467653026814245720e+01 7.121086906462917865e-01 8.988656239107679635e-01
6.424241525291400023e+01 5.599239205447854584e-01 9.571448163181706104e-01
8.483393789443674393e+01 6.561845348886830021e-01 4.695255589234570426e-01
7.961830947273251979e+01 5.064198519343684479e-01 6.019360476836141949e-01
6.699572663295796815e+01 7.951785455604780672e-01 5.002437476445700248e-01
5.915008142373891076e+01 7.271124803361224131e-01 9.730338013222468163e-01
9.083535561945615200e+01 4.786459302627187884e-01 2.860206161286718007e-01
8.918753480842867987e+01 4.133163940947647830e-01 6.522270776574251583e-01
7.941021982861190054e+01 6.398127343570627623e-01 5.626052952354489989e-01
8.204310800046897612e+01 4.572426664752420877e-01 5.451492890697823279e-01
7.619626926026224112e+01 5.344920290698416121e-01 3.171206539942688640e-01
5.867726423172291561e+01 7.846334864934373376e-01 9.959165024719014436e-01
5.827787050223763998e+01 7.110097047335838250e-01 1.080197834190685935e+00
6.930296743403258120e+01 5.876395168597214891e-01 5.594275974238971383e-01
6.930221067001414781e+01 5.410514096948667584e-01 7.439178177947051163e-01
9.283199710084207368e+01 5.192760255793884561e-01 2.733336962641707557e-01
7.481651593329449668e+01 5.202665051045757272e-01 8.844792254922047015e-01
7.079107764801632641e+01 5.984297970276684087e-01 5.392281572796956413e-01
6.736489819181110761e+01 5.180920717932926411e-01 5.975443129680571008e-01
6.895080640416476569e+01 7.394284191974082043e-01 6.675007298109753018e-01
9.101566504642869404e+01 3.268796729481860397e-01 6.160802640399045682e-01
8.365728869504944498e+01 6.274435999367541372e-01 4.046548941880040995e-01
8.625668978865793690e+01 3.299698094950481164e-01 4.200119469006780570e-01
8.660908626307177371e+01 5.001028959480138258e-01 4.046664761070437599e-01
7.493966856109642549e+01 5.061692756521843917e-01 5.793465900307198657e-01
7.136776374008627499e+01 5.409953990954227132e-01 6.163845405065587757e-01
8.120551806418464480e+01 3.602578661201939481e-01 5.040960628249440134e-01
6.137745241499335691e+01 7.333428802324754026e-01 9.455108562119182158e-01
9.081159139481447085e+01 5.991674105368243186e-01 3.130618918633875092e-01
7.971535356617896184e+01 4.739985755952574875e-01 7.078401325408021361e-01
8.035751406839071365e+01 7.987611635511582264e-01 2.123035801865360006e-01
6.920491008253240750e+01 6.861581076224820830e-01 5.420372611239858696e-01
5.861581320839760423e+01 9.225972867731480065e-01 8.207095348241352228e-01
7.243783602526804088e+01 3.138634067773920511e-01 6.509688384159244556e-01
5.667166912077292551e+01 8.819635934420038126e-01 8.686806237224806715e-01
9.801628269952951200e+01 5.423850002756406274e-01 3.731957210885544218e-01
7.074916309551908000e+01 6.693652014404470885e-01 5.728321739970904103e-01
8.496166879336718125e+01 5.607299100093791067e-01 3.909420763310837432e-01
5.841664698652243715e+01 8.338742638488334524e-01 6.253131238755497145e-01
7.701402044786273393e+01 5.429018780106801279e-01 6.347635049806558127e-01
8.328497811963562469e+01 4.547954866950263964e-01 5.284344532953444418e-01
5.947461990459724746e+01 5.085197180600981026e-01 7.598000654378248564e-01
7.276501393109710136e+01 4.468664920201723123e-01 7.102404476667940614e-01
1.017726466260623539e+02 4.297328119113535960e-01 3.285972654009139404e-01
7.880518680747023552e+01 3.404509142014099932e-01 6.057520466153455407e-01
7.545710492104143441e+01 4.822642488489438106e-01 8.751286594954508224e-01
7.550996592823304354e+01 6.021528398948923222e-01 4.960919212620220065e-01
7.161299692752413648e+01 6.179357347184978311e-01 6.224614942115788141e-01
6.402591520240261502e+01 4.454978993136095022e-01 6.561167406166334981e-01
7.560220096644539467e+01 4.536768849151912031e-01 7.933985818769584419e-01
7.298157748462162431e+01 4.159459028307596062e-01 8.484045515243279212e-01
7.838762265172343291e+01 8.399943392377874352e-01 5.973544772026206928e-01
6.795795705199410008e+01 4.780648274483683124e-01 8.479682946312901981e-01
9.335741249166692057e+01 3.371698762424084062e-01 6.125586172757044867e-01
7.132437293033912340e+01 5.536782034574245781e-01 5.911685632461457507e-01
8.459121886449463545e+01 4.036883873334293216e-01 7.264296691828080466e-01
5.815865008147061843e+01 7.614854007909658273e-01 7.900284799280118397e-01
7.043973069263194020e+01 7.286244277335489627e-01 5.442705264541602972e-01
8.019598966557850872e+01 4.256465608960304792e-01 5.470499275258871030e-01
7.536256141074235870e+01 5.336992342788983157e-01 4.372680276835753110e-01
6.477081256587032954e+01 6.198248255207502444e-01 8.498538964313516741e-01
7.852541469215532288e+01 2.977685974813688019e-01 7.123667608396976325e-01
6.723955021022082690e+01 9.951024687071832187e-01 5.117163883786510770e-01
6.274257723824270272e+01 6.229118259448128692e-01 8.788589055303795972e-01
7.899097457721627791e+01 5.619500111001058951e-01 3.047323514062156291e-01
8.614789762800396034e+01 5.369800062435544641e-01 3.720810751576168474e-01
8.499683225134583608e+01 3.506743043145529315e-01 4.123753417657418097e-01
6.932903882517688032e+01 6.913939840133028758e-01 5.238613110792743610e-01
7.264208392589583241e+01 4.515180723124754270e-01 7.070133908396241118e-01
5.973312081745729785e+01 7.259238809784794855e-01 6.670307634570826760e-01
7.093721047598087637e+01 5.001116521168944562e-01 5.427465961190485189e-01
7.462564714315024617e+01 6.388617760375244758e-01 6.384560091714129859e-01
5.420226716299001879e+01 5.489561587793401198e-01 8.348027712742248641e-01
6.645559142008696085e+01 6.263453471340247880e-01 6.292364221932662538e-01
6.676955583002057892e+01 5.558426905437221510e-01 7.780617007882137948e-01
8.526933546329118485e+01 2.779813114305775268e-01 4.897570071328539720e-01
9.470616529537477390e+01 4.794433195036414963e-01 4.093453111918844423e-01
7.050257179173482314e+01 5.263467586378640650e-01 5.970703924477274160e-01
7.309849634882317559e+01 5.615327184710177111e-01 5.166216206550573453e-01
6.568992304515525404e+01 6.697566219191696257e-01 6.778934255142040621e-01
7.564058352290585674e+01 3.615864472420883269e-01 5.708160152415949762e-01
6.126249481681148978e+01 9.236027882178011739e-01 7.794177387971038540e-01
7.549162285105775538e+01 7.904700121052650186e-01 4.643603597991942666e-01
6.677838371531535699e+01 9.312591377025175587e-01 4.993010376954911678e-01
6.099425965806452155e+01 7.801644826825027135e-01 8.441864960832837772e-01
1.138647382625400581e+02 4.347073693883707901e-01 2.523383637102034616e-01
5.123096000740623168e+01 8.888821024285642469e-01 9.571173365774353625e-01
9.191225557918137667e+01 4.410217931918965495e-01 4.822161543259712024e-01
6.666220894682503229e+01 5.490527821714573653e-01 5.686458887585421618e-01
7.228954862508412305e+01 6.818324927732645202e-01 6.306882840197403084e-01
6.215151957996196330e+01 5.368311639829387305e-01 7.774318431244954253e-01
8.135708133041944734e+01 5.067469176910142092e-01 3.927832482067213360e-01
6.403105001886638092e+01 9.408434344315508291e-01 7.097028702128745925e-01
6.180485944398176912e+01 8.360002475574519476e-01 7.097755896650587148e-01
6.265308669247893647e+01 9.376347286010644488e-01 6.743990685552809783e-01
6.643401302256955887e+01 4.989591582837538120e-01 7.178402268312332746e-01
6.741347360848759251e+01 5.718728562096837553e-01 5.923362831504488391e-01
6.340130324026904418e+01 5.785514032949984342e-01 7.264891162438432692e-01
6.856227780456592313e+01 6.183146017960625684e-01 7.595764589951518042e-01
7.087925381997993668e+01 9.704676073987972273e-01 1.933071306706926618e-01
8.602132020278216373e+01 5.900107973493921021e-01 5.423089262899853935e-01
7.061700542187253404e+01 6.978419946565226351e-01 5.153957515005933576e-01
7.097986044799426963e+01 6.633647806244763467e-01 4.172149587938865367e-01
8.198122366713521103e+01 5.794338397809117858e-01 4.848073077591530389e-01
6.737285273569236210e+01 4.746880074929444859e-01 8.769423419858765056e-01
7.671258998728893630e+01 6.526024210777877643e-01 4.487488953040842388e-01
8.774086132610877087e+01 5.429018780106801279e-01 4.349039671728914258e-01
7.539209385883273740e+01 6.900826865944633681e-01 6.012087451243665059e-01
9.095900061215348842e+01 4.109868978799697259e-01 5.617378054285639966e-01
7.133944807786139108e+01 5.596661998415412009e-01 5.386980549694584397e-01
7.910675415666946719e+01 4.256465608960304792e-01 5.683515437163207951e-01
6.200291477065710666e+01 7.993589986074917109e-01 7.225009565283075919e-01
6.575722603156670232e+01 4.955597973191867012e-01 5.561241885550080033e-01
7.030895326049081007e+01 6.900443987565527681e-01 4.519337191919869934e-01
7.248076086560836018e+01 6.026837215049537511e-01 6.078446005289717124e-01
6.121201144218464663e+01 5.336992342788983157e-01 7.695252524466661415e-01
5.464238958301906735e+01 9.355328334776403798e-01 7.773215399456210317e-01
7.165589246462529616e+01 3.840289754554990775e-01 6.258062804466834050e-01
6.753656983261588209e+01 6.629441039530417079e-01 7.375530070721504350e-01
8.303112723983822718e+01 3.667738434699753247e-01 7.190300161493762277e-01
8.019169834204791414e+01 7.666309999844530543e-01 4.517775830538282023e-01
5.481984535738459385e+01 9.845761954590044329e-01 9.136031726486586457e-01
7.849391648348647266e+01 5.566215116686529241e-01 4.069923498241345694e-01
5.568886152086435715e+01 8.924858734850406039e-01 8.589607898738239600e-01
6.963999414044131697e+01 4.444118011887627784e-01 7.329859298468229811e-01
6.647685081332228663e+01 5.654933104715549330e-01 1.056088372534762287e+00
9.192099869677038271e+01 3.528389556285986273e-01 3.962465793412809911e-01
7.450393121377392447e+01 6.866433596957635110e-01 4.759905713494728685e-01
6.393084765365406952e+01 5.418757812478988134e-01 9.773918951436659786e-01
5.387836998989126158e+01 7.048638494427612589e-01 9.454179853560104041e-01
6.736036854092377268e+01 5.308298481675153280e-01 7.548974650900694972e-01
8.584627426541676698e+01 4.562753690255311190e-01 6.359413521639125655e-01
7.943062132570194933e+01 4.069022487140315780e-01 5.940777987975914831e-01
7.878262335426178709e+01 5.560834070282336672e-01 5.867540921793588105e-01
8.414665546110076377e+01 5.315941776227729454e-01 5.795120943510562173e-01
6.726893291690700494e+01 6.734449153125559029e-01 6.633624936226321100e-01
8.027737388733204682e+01 3.958810065891196217e-01 8.599235721082976180e-01
7.907200999636285133e+01 5.454009141710667308e-01 5.370197368903401047e-01
5.992621695452461239e+01 6.999242205702496111e-01 9.598453893581290197e-01
8.579297243641616433e+01 6.295602895711992497e-01 5.551797100733895096e-01
5.997085958840327180e+01 7.960791464345537971e-01 5.910182821266515285e-01
5.263331041425229273e+01 7.911771199306170121e-01 6.935174378821420405e-01
7.413527193647226454e+01 7.459427555704239987e-01 4.257446858841272275e-01
6.919563615994921690e+01 5.003147485702807984e-01 9.203160397694293282e-01
6.872560160412592722e+01 5.497504740377703314e-01 7.491580603753210665e-01
8.169299482786581734e+01 4.679638677891759801e-01 3.649265795059970507e-01
8.013285546695719574e+01 3.891406283050317105e-01 8.436726001973074984e-01
5.175977249534781066e+01 9.433761192361411752e-01 7.763615365246043787e-01
7.517790520155158163e+01 2.968886566650749126e-01 8.808206961994702322e-01
7.323995116186290488e+01 8.014127678695101009e-01 4.342465871918549380e-01
7.569599103004861718e+01 5.327485929892107341e-01 8.380344600385717380e-01
7.636186490854287001e+01 4.457912181080547764e-01 7.568164444474136943e-01
7.782372642063265289e+01 2.987885827023807339e-01 5.368009924578952541e-01
7.658427895464224378e+01 4.821393939137347817e-01 5.112283040302038062e-01
5.923700869444336092e+01 6.944289100478440169e-01 9.027637026947475940e-01
6.838409960141932231e+01 5.159787956671126885e-01 7.734692817024804157e-01
6.720117929131424717e+01 6.294401305685778381e-01 7.545662329654938549e-01
7.616561970244872271e+01 4.040936474158212111e-01 5.027492777862895279e-01
8.788934079756609208e+01 4.424785172731047211e-01 4.333171560605055261e-01
6.575529294483204978e+01 9.106930583305263838e-01 4.908619764229139593e-01
9.814189931451235793e+01 6.372703284822680558e-01 2.210575792502476877e-01
4.898558508775536779e+01 8.743267543101772565e-01 9.457715535957792463e-01
6.573743372344262070e+01 7.581191377064542269e-01 8.692646341650471786e-01
7.781265560040083074e+01 5.180920717932926411e-01 3.830450737045095755e-01
7.362628612840842379e+01 3.453645204114130229e-01 6.125155327397531213e-01
7.681553431852505298e+01 6.832347476918239071e-01 4.184554070559011185e-01
7.363983851302498351e+01 7.915996051240771214e-01 4.352823435551870235e-01
5.973357590385939631e+01 8.289138305933138051e-01 6.684552111932204888e-01
9.029665942943873347e+01 4.252398723324318230e-01 3.518095882094660065e-01
6.628316920004075996e+01 3.931989790487729342e-01 7.192960351076562731e-01
9.504729004284914140e+01 3.740840536363798652e-01 5.503906522065712403e-01
6.640519132483349551e+01 7.489752148340711457e-01 4.185378901961351317e-01
5.632988323642850048e+01 5.910426583393105782e-01 9.438943187651922528e-01
5.964364413188862812e+01 7.490564100990243501e-01 9.339225776503129461e-01
5.264768609749332029e+01 8.710130284212922458e-01 9.432401988293858119e-01
8.936769110464598498e+01 4.286631795063163830e-01 3.337634499298744450e-01
7.488929915302911411e+01 4.580054685011192839e-01 6.825049963750863258e-01
7.535982587313114323e+01 5.173886726759291399e-01 7.415653297945565825e-01
7.564137598085561365e+01 5.617176691485473716e-01 4.246661777712023578e-01
8.693076435881327768e+01 5.983347050962219971e-01 4.430662254643094045e-01
8.125613445666462553e+01 2.606685898749289687e-01 4.439736862276551510e-01
8.297088186669498100e+01 4.417993675455581526e-01 4.431550841219191739e-01
7.259973533314439464e+01 3.291624697415788114e-01 5.196858431194708583e-01
8.523326737519298035e+01 3.697122750267085034e-01 6.718983606801729458e-01
7.335725073699376253e+01 7.173091885580965554e-01 6.811029415775208262e-01
8.677124110143060420e+01 5.695193793706286867e-01 3.259408133336372249e-01
7.685088256187378875e+01 8.670854082087765535e-01 4.181811108317692871e-01
8.378033704893066158e+01 3.820893009802426299e-01 5.307873484096579109e-01
6.650114288096288817e+01 4.965052163183493183e-01 9.548928690248947859e-01
9.071315222420739133e+01 5.629671000551307314e-01 2.477308661951191093e-01
7.689749631551561038e+01 5.175835754899755781e-01 4.007749947805012702e-01
6.652199355185530294e+01 4.529378422498528955e-01 6.246823678811067593e-01
6.911798017828999718e+01 6.268658443745173114e-01 5.526770273548679002e-01
8.023918238982221851e+01 6.289321218241675782e-01 3.098584366100352594e-01
1.035617947674618335e+02 4.106501436781608838e-01 3.543403753762264796e-01
6.757433383073117739e+01 5.815675999054845668e-01 7.980804709722921775e-01
6.615956548600078690e+01 7.436278996417423626e-01 7.290406785426246650e-01
8.411935306181639760e+01 5.392447610196378083e-01 3.739006042411003317e-01
7.542395471044206090e+01 4.188541845146416254e-01 7.039146315435464984e-01
7.119897965920259253e+01 5.821061960033094840e-01 7.379656364781376210e-01
6.141924212852634923e+01 9.355328334776403798e-01 5.812161243665637800e-01
6.318148820004105204e+01 9.098521967981624270e-01 8.250505533347831655e-01
6.193627972127620041e+01 9.582364119272334113e-01 5.921265766003960263e-01
7.286994815495422984e+01 4.478658501642646672e-01 6.164220365510423294e-01
7.268312595802615306e+01 4.252007689997597262e-01 7.074674260937673376e-01
6.423289914611780205e+01 6.043152777138159903e-01 5.922452724318829631e-01
6.362359033359978611e+01 5.208800620680965610e-01 6.978496408894520053e-01
7.182487148036003077e+01 4.699949937495060959e-01 8.071419735918667904e-01
7.652314607050125517e+01 6.294535337271012221e-01 7.002764089198367792e-01
7.513071179805760380e+01 5.915793006644439744e-01 3.586497127082860503e-01
7.830122289047402262e+01 5.126571090699555411e-01 5.865827558500845695e-01
6.585956728956024619e+01 6.559826808178769175e-01 6.731749772286693689e-01
6.866454582773098991e+01 7.209909210535702107e-01 7.964659710919145263e-01
6.185730969911195842e+01 6.639683064013958136e-01 9.076749469706422158e-01
7.853101514369559766e+01 4.669581610979292030e-01 7.919429634585225530e-01
7.888819210267770643e+01 3.391583184177817123e-01 6.626852067959588810e-01
6.513403562421521542e+01 5.857445966398675541e-01 1.038435799771615153e+00
8.375420324513474668e+01 3.131339890182641139e-01 5.428915205817629319e-01
6.516638354996402427e+01 6.241253757693786541e-01 6.257253238362110448e-01
6.616168792227770723e+01 6.441202920729369730e-01 6.833748276016740064e-01
1.008947012265500547e+02 3.752981669563841272e-01 2.511274473825638731e-01
6.462331457548567926e+01 6.557190932108956094e-01 9.176133383756978068e-01
7.274682609679042855e+01 5.842326152465258104e-01 7.250611020889159430e-01
9.646586464241607928e+01 4.841652160809676864e-01 2.320865048022358879e-01
7.345978259736503446e+01 5.127036874736261574e-01 5.768399511184358897e-01
7.954016253897177080e+01 4.487632464002411781e-01 6.449466008558066843e-01
7.714667271416438155e+01 6.077622545880939642e-01 4.211645965111091017e-01
6.157568613534947843e+01 4.989591582837538120e-01 8.533779672246971648e-01
6.376504754173453904e+01 4.254217692746722346e-01 7.022389880436904486e-01
8.245399577346387332e+01 5.688685355444795810e-01 4.894135675050361178e-01
5.334737732182748005e+01 9.006641515166248224e-01 8.598763984486182954e-01
7.668408615268633355e+01 3.044177548893787777e-01 5.865709054386106791e-01
6.730049136689530087e+01 5.101535575470835804e-01 7.069043281384802535e-01
7.911929066982783354e+01 6.965155141076608825e-01 4.572633175030316188e-01
6.878323724206762790e+01 5.089784079496801894e-01 9.143652622308852118e-01
7.513985499700658011e+01 4.562753690255311190e-01 8.690410036803349891e-01
6.889423250085083339e+01 7.040129021442038670e-01 4.978343796590751213e-01
7.886550932672392378e+01 3.772802068605641268e-01 6.727550627165913566e-01
8.664993456157249341e+01 5.894756500969513535e-01 2.504114463353582787e-01
6.308396061504181063e+01 7.867206723702077076e-01 7.799792356922159442e-01
7.295130289413411617e+01 4.829389022333221981e-01 6.420808847491092930e-01
7.289817590934848113e+01 6.842772902807310320e-01 3.489638769876167168e-01
5.813241631470970816e+01 5.893919778975709178e-01 7.595587192909684093e-01
6.810080760448425963e+01 4.998822939591954229e-01 7.280705492287123937e-01
6.690366690805112171e+01 5.994034882814728293e-01 7.184421319986661336e-01
6.152640163266394779e+01 9.584512771535987907e-01 6.077417397263294996e-01
7.217738832615701483e+01 5.797823447944174813e-01 5.555910598016244872e-01
7.722249691919788006e+01 4.332288211561167168e-01 5.643434856347919748e-01
7.162934010917730632e+01 5.108447908854867325e-01 8.759361707812797215e-01
7.225216053591934440e+01 4.327893790574171007e-01 5.456939857802547422e-01
8.745056819780280932e+01 3.697270846513973086e-01 6.039065599064237233e-01
6.116257842993840654e+01 7.435966065038779327e-01 8.570116387441906181e-01
7.363128275656369226e+01 4.568337930338264852e-01 7.045150553052409448e-01
8.736207393829643308e+01 7.761002538989949517e-01 2.630999359966862405e-01
7.291699660754859735e+01 6.808038748280865748e-01 4.075134025662165427e-01
6.521614567595051426e+01 3.604143062887236737e-01 5.631622958299613568e-01
6.222042943321942232e+01 6.588228276168517361e-01 6.232854854916096699e-01
7.087417708076596057e+01 8.434709054435437503e-01 6.968964572660717449e-01
9.426463402126091751e+01 6.080752796604429466e-01 3.438047186543945477e-01
8.679835620929566176e+01 6.420966520715648551e-01 2.003970414919163945e-01
6.049988261528616107e+01 7.152942183416970412e-01 7.283959154918999701e-01
6.344262075846297932e+01 7.102809639394325192e-01 6.438403513790564858e-01
7.936149207888287549e+01 3.841403084176607252e-01 7.818489332262382741e-01
6.836060947055702286e+01 6.084160160383809135e-01 6.525453894417934109e-01
6.633846399766807167e+01 5.195583045097235120e-01 7.532950416833370522e-01
7.608904282376457218e+01 7.535149197018558009e-01 4.519930321096641279e-01
9.515119022801350468e+01 4.407453983361120931e-01 2.544141561863452750e-01
7.704126306294955384e+01 3.628167798102218677e-01 3.774672919535220217e-01
7.197818328599538518e+01 5.690326106483245550e-01 7.624883570058508253e-01
7.461456398213259433e+01 4.375790359334092994e-01 6.089964692248095446e-01
7.292810827680314389e+01 3.485825029903516503e-01 4.240141757938982181e-01
7.168917852737524754e+01 4.441419705885970570e-01 5.993232501083568531e-01
7.268880690932662958e+01 4.737276079490523872e-01 4.709614113404976266e-01
8.060342104131873953e+01 2.809131814721597120e-01 4.239089174784017033e-01
7.128269864816469692e+01 7.529536144113322393e-01 4.557763941036172550e-01
8.312492587161230517e+01 3.809627927589583907e-01 5.016703917763003506e-01
6.680984950600941374e+01 5.791910488664613332e-01 8.986933953292318700e-01
8.407583446782196290e+01 2.974293494118281367e-01 4.304149433810013359e-01
6.997452961835487883e+01 6.010600052175236740e-01 6.247880567413950370e-01
8.592330987370057471e+01 2.654192941781697290e-01 7.881281601679395177e-01
6.165604808067001130e+01 6.597206545330389638e-01 7.918362178427745812e-01
5.959880476652440251e+01 9.225972867731480065e-01 7.906797026900120873e-01
7.285296863892618546e+01 4.609747883319009198e-01 7.301314188678452721e-01
7.797635144420405595e+01 6.908707016608355289e-01 3.811958113616680799e-01
7.729390123178414740e+01 4.780247393908518827e-01 3.434235864045171449e-01
8.799142759977988248e+01 3.719081710065140212e-01 4.445646975764939723e-01
7.695462674761695610e+01 3.753675631735798324e-01 6.356682543963851906e-01
7.794982546538246027e+01 5.315772061206283094e-01 5.320668043450121898e-01
6.850004497244499646e+01 6.365183578574330481e-01 8.809133636602513029e-01
5.989812500004775586e+01 6.741086354020701110e-01 1.183389546832988470e+00
7.429395903651303001e+01 4.754348704226816213e-01 6.337547705641406459e-01
7.702102607324890471e+01 7.219847343775522841e-01 5.570510562394704879e-01
5.486873892400694075e+01 7.978641176641690924e-01 1.318309159176692447e+00
8.118135319658988180e+01 4.906619799069337207e-01 4.425732682282922936e-01
6.317559287071056673e+01 6.389311837599909172e-01 9.352103311511812400e-01
6.288749467916951374e+01 5.819805055027709173e-01 1.003768326960232216e+00
5.348364175143870369e+01 9.600145395198711462e-01 8.898533587100220243e-01
8.236733482470366141e+01 4.726367869562120849e-01 4.472617118630786148e-01
8.510944294644480124e+01 3.798028378720501030e-01 4.048209676949178770e-01
7.644817980350066478e+01 5.620399885567430864e-01 6.693793145635634767e-01
7.532709297978726681e+01 5.651438049336316993e-01 4.446926822093239529e-01
5.613168747084738897e+01 9.226508926499256136e-01 7.507941846758164894e-01
7.347917146357382023e+01 6.586799295123219045e-01 6.139395373937995837e-01
7.440870214505784475e+01 6.954808088070565386e-01 6.250829071614361077e-01
6.992180591793108135e+01 7.449557415149155037e-01 5.948416740106358125e-01
6.330241968009202225e+01 4.497258256800580889e-01 8.976546332205760370e-01
7.684341798247712063e+01 2.653434805915397265e-01 6.044287622410836613e-01
8.120503758913956460e+01 2.884258141436690237e-01 7.345907862597729210e-01
4.875324227757667472e+01 7.719485710992850525e-01 8.007345747418824766e-01
7.762195016966562378e+01 6.876993901990602343e-01 5.696137462881376567e-01
6.741847117572737602e+01 5.049121552584473482e-01 7.230214208984059310e-01
7.323981270571756852e+01 8.697011971245726114e-01 5.387584407517477247e-01
6.435858701738128218e+01 6.074251779571413490e-01 6.694213620784326135e-01
7.042935621609521490e+01 7.193675235477903218e-01 5.106372642901706449e-01
8.094191991863422686e+01 6.208766243270785745e-01 6.205980798560402079e-01
7.542323834432521323e+01 5.552125157671498057e-01 6.356453621999900161e-01
9.338265165988208594e+01 4.409867083776377594e-01 2.708678527596854457e-01
8.893162708012366124e+01 7.945026246137577575e-01 3.523988478434209037e-01
7.337478501447186829e+01 5.594742471887984570e-01 6.387640519326088784e-01
7.233337364420789584e+01 6.590842330301601715e-01 7.462605936411281782e-01
7.311097654193777373e+01 5.622334049771059439e-01 4.865241190925483350e-01
8.617673451870007284e+01 2.802919610225865776e-01 5.761848108844878080e-01
6.303953290540580667e+01 6.262963988131469151e-01 8.230209632493183936e-01
5.066402711522831481e+01 9.265363266966382128e-01 9.210734033960218392e-01
9.489352931363978882e+01 2.769370394384878531e-01 3.678285646958554533e-01
7.506722727965822628e+01 5.024492532382611731e-01 5.101057293309436691e-01
8.171147770563179336e+01 5.751610840776907319e-01 4.040163416612995162e-01
1.014716707769075157e+02 2.256702555889245065e-01 4.413899848122467273e-01
8.605161924762104775e+01 3.610148791211865715e-01 3.702653248243181761e-01
6.866071562000327333e+01 4.254217692746722346e-01 5.808654049096092509e-01
6.653924165653504019e+01 6.245747163534672852e-01 7.256753630092299678e-01
7.403608793368634622e+01 5.020376387034880539e-01 7.638414406359066433e-01
9.026656929872341095e+01 5.558426905437221510e-01 3.152199194267925608e-01
8.878243025247431319e+01 5.958634915842828672e-01 5.139771418484451182e-01
5.137499162520202844e+01 7.433402057506947047e-01 9.749603219444030744e-01
7.334814797368356665e+01 7.644331546927649601e-01 5.392456813021027084e-01
8.471108218783797383e+01 9.719648803664105996e-01 1.824853066790524392e-01
7.689514787413554586e+01 9.091573588673615980e-01 2.043307745708800860e-01
6.462323870397365511e+01 7.267727269984511906e-01 8.720753157263383404e-01
6.777740028934215388e+01 4.499318497899709168e-01 6.054187610543436682e-01
6.121189436589074262e+01 7.069590529185511008e-01 9.033665140891703471e-01
7.267281748071455638e+01 7.887247924474523053e-01 3.469252107361330828e-01
7.510405374412792412e+01 6.918032545437732272e-01 4.283713681485203373e-01
7.380127567577004299e+01 4.748594134065903249e-01 8.910709702789127995e-01
7.071241567306255149e+01 5.590647806366410011e-01 5.423151502027679927e-01
7.699998537173605939e+01 5.792990821080671315e-01 4.088467611556140247e-01
6.403191290896204180e+01 5.751893668578391683e-01 9.582868026803825767e-01
6.397415421531181323e+01 4.999080439486621175e-01 9.062316883403538359e-01
7.427109111886285575e+01 5.180554626070223989e-01 5.491586062181661454e-01
6.966447518505933090e+01 6.061580149320126010e-01 6.369635986930872740e-01
7.286497427589367248e+01 4.634783390306981277e-01 6.306612495341153979e-01
6.792333351909155681e+01 7.263916303637030225e-01 7.081212594989805265e-01
8.956290366183522167e+01 5.020962614926736123e-01 4.399836843940628794e-01
7.267614587525973491e+01 5.493505676946339733e-01 5.625265846500722144e-01
6.373401005892905857e+01 6.218171485429657697e-01 5.957979092475292893e-01
5.567691700511543473e+01 8.482605233960057722e-01 9.122766799429263829e-01
7.154068098073075532e+01 6.899937163858805844e-01 3.907734541525981764e-01
6.990784551388108525e+01 9.831998539240059953e-01 5.252855987219262612e-01
8.189106305868948255e+01 4.314277318436043895e-01 5.059792289131088694e-01
8.387778696876694084e+01 5.578537489977508645e-01 5.255791148572923621e-01
8.790399692812273713e+01 5.503535793644304119e-01 3.899309959694374772e-01
8.113804877591557840e+01 5.789355981315481570e-01 4.677591068143868158e-01
8.267625692442695140e+01 6.243223603103358332e-01 4.166203739370821224e-01
6.301325325949591161e+01 6.423540836716377100e-01 7.439764544046826300e-01
6.283075162868856722e+01 8.184013000142895677e-01 6.918525919951462599e-01
6.307984200808864017e+01 5.275613034361773535e-01 7.560914306950168307e-01
7.805738300470721924e+01 6.545092101193874523e-01 5.190262014401586521e-01
7.286429461508302552e+01 7.591090892458633999e-01 5.737885147420679344e-01
8.054929386896533572e+01 5.424899027031467869e-01 5.234281283659902861e-01
7.544408913548150508e+01 5.955584692347463127e-01 4.808083877767793113e-01
7.559022006821493278e+01 6.561793201164812794e-01 3.964126563561237715e-01
7.294367790864090750e+01 4.285927540675535941e-01 7.325867521827941209e-01
8.826347187436149966e+01 4.964618419373760250e-01 4.944181007037255493e-01
7.210504367299398609e+01 4.599529819615461035e-01 7.562190319763791857e-01
5.923688347270862664e+01 7.492169022920266430e-01 5.730216638241935057e-01
7.271710373253110049e+01 7.294235408725670000e-01 5.775277632335249489e-01
6.863577763309787372e+01 7.212536171330274914e-01 3.811012895742073026e-01
5.859882791200947594e+01 7.058335490171294690e-01 8.712193384592874512e-01
6.943964971838524036e+01 5.233177259476263776e-01 7.674083970430192192e-01
6.550669060134482891e+01 7.992335264044737597e-01 7.023192436729611687e-01
7.006041566491387584e+01 5.367120422958342463e-01 6.799854651582403209e-01
7.717946503320926865e+01 5.396677688119176919e-01 7.024248605955444313e-01
8.928526178497362764e+01 5.235409739526099004e-01 3.914229237429198704e-01
6.781589262389331907e+01 4.216500829678246354e-01 6.689661614823730895e-01
8.219183674426578534e+01 5.036186087781041598e-01 3.503693845574425980e-01
8.371518998517611010e+01 3.490999521156791241e-01 5.154746709941795402e-01
7.357060204384660551e+01 5.607299100093791067e-01 6.063041040437459062e-01
7.022473285065045445e+01 5.084580835005860777e-01 5.421791668517097484e-01
7.194933415474959304e+01 8.568524388630675004e-01 3.973819380142659119e-01
7.768225212882622088e+01 6.806951241919588780e-01 6.029833917983442593e-01
7.759494700202706952e+01 5.168969046207592122e-01 5.856808304384267805e-01
9.372334637480577157e+01 2.654192941781697290e-01 6.393128920682795702e-01
6.732469569315814795e+01 8.399998602198446296e-01 7.214527122144560600e-01
5.149545900758055694e+01 6.211800559102340635e-01 8.273202300449032931e-01
7.993332513140889262e+01 9.307057593717438237e-01 3.460189454538659670e-01
7.948657206723677859e+01 9.422349122669692045e-01 5.204346703713784716e-01
8.333741098142240844e+01 8.158735460375440285e-01 4.704508882249465729e-01
7.670421925304975730e+01 4.288163128659405743e-01 5.592276561141673596e-01
5.730573588183515454e+01 8.980924481925667280e-01 9.765141875772174185e-01
9.345055689327018911e+01 2.896494869669079542e-01 4.667764918356642201e-01
6.203934918656829467e+01 4.994944225909093150e-01 7.024651513086309640e-01
6.648490113488614384e+01 5.313000901530636755e-01 6.532034811483851122e-01
6.731588552520005919e+01 4.564636074317728887e-01 7.575245289718471886e-01
6.302407869057988421e+01 5.641800083782262387e-01 9.351173794822803531e-01
9.963759814150540706e+01 3.820893009802426299e-01 2.871635044620345356e-01
7.082634163755444945e+01 6.548005547168346263e-01 7.024801396217292826e-01
7.539941163341269714e+01 6.229789430427462582e-01 5.530312168657429694e-01
7.441370129875598138e+01 4.220127669951846960e-01 6.250484506140482344e-01
9.094463197248681752e+01 6.629441039530417079e-01 2.903276142290731054e-01
6.485840423644503971e+01 9.403993181311344207e-01 4.914304034887858053e-01
6.584884684367864338e+01 4.773034523500778170e-01 6.899330107355201580e-01
6.482802927955096095e+01 4.980167059939549778e-01 9.431833945897263316e-01
6.051850064343592095e+01 6.312135803752173535e-01 8.602592397868813467e-01
8.623622299029639748e+01 4.492455621914138719e-01 4.286457097484777656e-01
6.993959507720350643e+01 3.115564819641297167e-01 6.125974117451182810e-01
6.792846514382408429e+01 4.927370148991893073e-01 7.622141137231817076e-01
7.211089912713509875e+01 4.831550543535234055e-01 5.384815796625277429e-01
8.202070224161040812e+01 3.476182640053124828e-01 6.329270091527361419e-01
6.469174607917069864e+01 5.249148951775680638e-01 6.228082616833547913e-01
6.841529993910360474e+01 6.458216268991001652e-01 5.123625869081539497e-01
5.387175126720086382e+01 7.406553784582018407e-01 9.116542079577911739e-01
9.269440718410589852e+01 4.579548223583833066e-01 4.277906728195081665e-01
6.101341458641383753e+01 8.150288938076639678e-01 6.972223354806099671e-01
6.813228038742671799e+01 6.545625329092517042e-01 6.588191288670973700e-01
6.871953609708857869e+01 6.069409273478435507e-01 6.012606639913268269e-01
8.309490663920833242e+01 4.078603806101325224e-01 7.502391648560571280e-01
8.939502056440034039e+01 2.468626628928571876e-01 5.755681816587633337e-01
5.211019943764519979e+01 9.055424393633868529e-01 9.677677519292505748e-01
6.350612578005758024e+01 7.023986231578194239e-01 5.503206311306294563e-01
6.937428434865741167e+01 3.916894961414161269e-01 6.293314022804403773e-01
7.543469047070593092e+01 7.603350674237433493e-01 4.198138725258256931e-01
1.019839277254745582e+02 4.583060421429481779e-01 3.708730691010403424e-01
6.323474106003266826e+01 8.396291672780549220e-01 6.985258134928228335e-01
7.337758545583976399e+01 4.264678561020696090e-01 5.207821204086647837e-01
7.626643270288633403e+01 3.607172371923389464e-01 7.009998422948441332e-01
6.338823740159868692e+01 7.622859338796834638e-01 6.383798360258671201e-01
7.091735573272595161e+01 8.057184234408342194e-01 4.680220225971793990e-01
8.502164680504679950e+01 5.277976601852496508e-01 4.350020798792365029e-01
7.588403728931292846e+01 5.559032055749479895e-01 5.720900503115565749e-01
6.947824701962518645e+01 9.073448380487183496e-01 3.755780852243439383e-01
7.323288984815098956e+01 4.020027458483309557e-01 7.589453354509716476e-01
7.082380084944557552e+01 5.009351035505024141e-01 9.212990317938467566e-01
7.635126295862261259e+01 7.284061624559684534e-01 3.425990092076570126e-01
9.570225645223055722e+01 4.511732343309270976e-01 2.842268777784441314e-01
6.008683523921757086e+01 6.217321931615692465e-01 7.283295015714043030e-01
6.629551982734886906e+01 6.209220662995134088e-01 6.927256968834545336e-01
6.967056964513041351e+01 4.876172883542543857e-01 7.222566230070529558e-01
7.246647980289611723e+01 5.262395319874726418e-01 6.239552455161048172e-01
6.725584958267617708e+01 5.107001123879369997e-01 8.014892496608754247e-01
5.415254470067492321e+01 8.041042460811057557e-01 7.583881150245045388e-01
6.633491758903787172e+01 6.218171485429657697e-01 5.332287081458203515e-01
6.732098895361502855e+01 6.822996172207835830e-01 4.884895714922363741e-01
7.349041825980060594e+01 7.305811935792626555e-01 4.900183261019461778e-01
6.261257829444674172e+01 5.824349509874925390e-01 9.858091359101202045e-01
5.954855975027587078e+01 6.576747369736185567e-01 9.543387864970295231e-01
6.713241374482510082e+01 6.330949668916788786e-01 7.546014425718439167e-01
6.969587033950021748e+01 8.646944539435014176e-01 3.790182478792932796e-01
8.594713813322304929e+01 6.592095731642838574e-01 3.984971764119469295e-01
8.817347792516569882e+01 5.873096417872304409e-01 3.579604980720167418e-01
5.419755754418648053e+01 8.740273664766143868e-01 9.521625105290182356e-01
1.082827628861262639e+02 3.656613336221127275e-01 5.435540758760492031e-01
6.611803904473508453e+01 4.213356664961349085e-01 5.807518116090062410e-01
9.097823962652643104e+01 2.208920096683538725e-01 4.697880564509380741e-01
6.525335268013408552e+01 6.180921887355692590e-01 1.015890595611457670e+00
8.010866798379940690e+01 4.737276079490523872e-01 3.347173619416967116e-01
6.885152848826143668e+01 8.873691023959984214e-01 4.166643376207633254e-01
7.611421586767330894e+01 5.036300456511499934e-01 5.208212904833079415e-01
7.574351907117203098e+01 3.177124744647148447e-01 5.987788986436141103e-01
7.378976535635547407e+01 4.177791419776570314e-01 7.344832224619145533e-01
9.648428199842076936e+01 2.400483341701678541e-01 4.298740389886310798e-01
6.503287984069322647e+01 6.420966520715648551e-01 6.021509466478113248e-01
7.488689605016688233e+01 8.164152115192926384e-01 4.479019123367495303e-01
6.731129961790212235e+01 5.091226376953077448e-01 6.873802859957305333e-01
7.517295004101593747e+01 5.388237592928840636e-01 5.270225518270563736e-01
5.027577483672361325e+01 9.143333864926102006e-01 6.387142170869234414e-01
1.009556095908166782e+02 3.044885098955767422e-01 4.871113215848149602e-01
6.050981047997243678e+01 6.790757225890313720e-01 8.215110760672503787e-01
5.291947783503398739e+01 8.531760473762949326e-01 1.029445005764974663e+00
8.395809733227159199e+01 3.018893711189786777e-01 2.958304613482646839e-01
8.159357433214486832e+01 6.099346268753310651e-01 6.892303239337301823e-01
7.632171241073559997e+01 4.945234166698733724e-01 6.922920872754450006e-01
7.461835882860148672e+01 6.436289824371049795e-01 5.577776277149270046e-01
7.376292880767634585e+01 8.472050199719717289e-01 4.471985010021837792e-01
6.991976070463370263e+01 4.572426664752420877e-01 8.130618400643182531e-01
8.291950960010562710e+01 6.564718948768285545e-01 2.295024475141147768e-01
1.035828761368370721e+02 4.616769135797013091e-01 3.105274256014213807e-01
5.725982976062051222e+01 7.860862070775768151e-01 9.294832077195952502e-01
6.454674170874585570e+01 5.332688834903057673e-01 8.849234954258698993e-01
6.176050072102993482e+01 4.782061214469996990e-01 5.737456604995468945e-01
6.759378905985199992e+01 5.646688292420868338e-01 7.420928999220960387e-01
5.792572677518837310e+01 6.395545994920177613e-01 8.503847248388961555e-01
7.505307682453806706e+01 5.266166742878007900e-01 4.143614691262638705e-01
6.686910978794298899e+01 4.251926801800314237e-01 5.863040548376807770e-01
6.803992422079736002e+01 4.940645059492532742e-01 8.703799490873187494e-01
7.451345706022377158e+01 7.265390804165501315e-01 4.490609382508194414e-01
6.868713284172892486e+01 8.225587209046930637e-01 3.276898048741514469e-01
8.895824802360199612e+01 4.154778921726037244e-01 2.787912591288667641e-01
6.381050270772015409e+01 5.834489465526113694e-01 5.424828331291584593e-01
7.200522218274153374e+01 6.581287514189556598e-01 5.008972505594623259e-01
8.436192588589983643e+01 6.998196165306165284e-01 2.773454241163877954e-01
6.235581770063853213e+01 6.222837011247629446e-01 8.527275282417944302e-01
7.852447573944631642e+01 7.689611952955272001e-01 4.278634647881646158e-01
6.388479609631070844e+01 9.639773526991539665e-01 6.241432444047816386e-01
9.616263858431976530e+01 6.024546406667642406e-01 3.434021975876280774e-01
7.501163372891380732e+01 3.331620645663271318e-01 4.968040878267352967e-01
5.714543939351169399e+01 8.118576050623762530e-01 9.396891716364210723e-01
7.324468101203503068e+01 5.748961368457459198e-01 5.864437989825787012e-01
8.941538810604755838e+01 2.370195753633705382e-01 4.526674071575707003e-01
6.266813397682979314e+01 4.898772746802549927e-01 9.761754841110857894e-01
7.031137318949615178e+01 4.607865382287325007e-01 8.914848902406000697e-01
6.541051978706468617e+01 7.063007641715985940e-01 6.778480030012468127e-01
5.978079368153966300e+01 8.100225924239130570e-01 7.912871911747099141e-01
7.730378318837939844e+01 6.446503765091555760e-01 6.486528180571418112e-01
7.393747208619981848e+01 5.078784648796872414e-01 8.223637649244022185e-01
6.900978310660229909e+01 5.436844626918729828e-01 7.372583219802948395e-01
5.410721558400436493e+01 9.422910164921799447e-01 6.177145331772787573e-01
8.179869029120081336e+01 2.347905214061020984e-01 4.710411569137793464e-01
7.289613343657040900e+01 4.107682724923901185e-01 5.951798060891885234e-01
6.669917077293818863e+01 4.440276809354983256e-01 6.563112962241322013e-01
7.714589891134517075e+01 7.437516771447657549e-01 4.815298235275572991e-01
7.731004177073529604e+01 6.835001101413058500e-01 6.118559393557397863e-01
7.351171767781622179e+01 3.954963903438217243e-01 4.663539828090464412e-01
7.776017768161894139e+01 5.972877563784786403e-01 7.448177723502242831e-01
6.044442512810410051e+01 8.949732061597965860e-01 7.722026435518839493e-01
6.257436457662266349e+01 6.070478849666470778e-01 7.874620183004804597e-01
5.453787033409020779e+01 8.940973107012109011e-01 8.370458799777285019e-01
7.824754695184797981e+01 5.358918511861332501e-01 5.704755584941411106e-01
6.009364624992025483e+01 8.821947609585185646e-01 6.862521468338173003e-01
9.484487890835751500e+01 4.298725969695381122e-01 3.699562010674946611e-01
6.944210490806719349e+01 5.876892965796326473e-01 8.659634550470961534e-01
7.313486531256607748e+01 6.756646523938224513e-01 6.604036868190584775e-01
7.423873909646304980e+01 5.789355981315481570e-01 6.041639641165974517e-01
5.896049353571265783e+01 8.549140360630125279e-01 7.860003145363291255e-01
7.402014743758627446e+01 5.977656802067172759e-01 7.123835116226463482e-01
8.058148737932968686e+01 5.734748395961494216e-01 3.112176684281864336e-01
7.205331663500489014e+01 4.840026788722373019e-01 6.951468121685542290e-01
5.624090991559503294e+01 9.145136600078511702e-01 7.731574960231493154e-01
6.800387798735539491e+01 6.663485361771467330e-01 6.458733429998131381e-01
7.690527426919885556e+01 5.247388880940951905e-01 7.596337999694091625e-01
9.279550256584028034e+01 4.491188822680308168e-01 3.273055977320649679e-01
7.418430591289668996e+01 5.715727136814237053e-01 8.283497881513554040e-01
7.337446084611897845e+01 3.614993110791297481e-01 7.602653363391849162e-01
6.825887924413773078e+01 5.127940292449093551e-01 5.158613962869363911e-01
7.107802122978716852e+01 3.610989739871829363e-01 4.499987227670406709e-01
8.119848832155611262e+01 5.529035429477685559e-01 5.012027011793506182e-01
7.530582547020618733e+01 6.724416433076384481e-01 5.159517777966060592e-01
7.453679142497057342e+01 4.732191278722526206e-01 7.584083979779618900e-01
7.046064156956309432e+01 4.701714937438081776e-01 7.047957174986715367e-01
7.571258680502040761e+01 4.766616068597037126e-01 5.759524939661424536e-01
8.295063746842828323e+01 3.815841707396121496e-01 7.065585548258018767e-01
6.374380547922311280e+01 6.756556101487269927e-01 7.826110183684766852e-01
6.209026588339717279e+01 6.820920831888671598e-01 8.250765782322316833e-01
8.630403031250510537e+01 4.658992263276258150e-01 5.320263668015725589e-01
6.361045552124480196e+01 6.699338178259771626e-01 9.959247101696508953e-01
8.150957372772190013e+01 3.933536562522113589e-01 5.031177860071507357e-01
1.062569100346775457e+02 1.640627851899842671e-01 3.462801614813973416e-01
7.538775116181845704e+01 3.434427678112684235e-01 6.504971707263037528e-01
6.798302807740402898e+01 5.809625270819601672e-01 8.207729708518549661e-01
7.999295456694468953e+01 5.954126577385602248e-01 5.058083634002308315e-01
7.399248996327401073e+01 3.296863372779419432e-01 5.259459447309026148e-01
7.849283876897241896e+01 3.887805638328941660e-01 6.070373040178856927e-01
7.481830486727895391e+01 6.841998898642716043e-01 4.844356631310459127e-01
6.860484258083339171e+01 6.380141207993198504e-01 8.953188303988155461e-01
4.873457746847117988e+01 9.942856414182860147e-01 9.036015457406666451e-01
5.266370744244238722e+01 8.235901022349928491e-01 9.801363227982367032e-01
6.450342569496361023e+01 8.650384557178626421e-01 5.519896644468669233e-01
6.778041249389457334e+01 7.352307295777550378e-01 5.621033585408956590e-01
8.004197820058409718e+01 5.756709291920546478e-01 4.372235992433343710e-01
8.190921570346779390e+01 3.584126717079759161e-01 5.079403329553647817e-01
6.209371944637704388e+01 9.088434086326682149e-01 5.739737910917243058e-01
6.628015628574289053e+01 5.235308359035520942e-01 9.754884016193056118e-01
7.450327034657426850e+01 6.578685597008471220e-01 4.201450420607614755e-01
8.363288534944697972e+01 6.903539520330504997e-01 3.819423964279649586e-01
7.048601791228146851e+01 5.751190280145788147e-01 7.773046869508585255e-01
8.535946309204653915e+01 2.858801022924165602e-01 4.728986739809363238e-01
7.380777657614071074e+01 5.807085769751764159e-01 4.952133111089369044e-01
6.072780164849063311e+01 5.492211158920445868e-01 7.540621775932099258e-01
7.046630682654530631e+01 5.010144243653992246e-01 7.902923493710914959e-01
7.324769798864168990e+01 5.061449884016282486e-01 5.439865429973931299e-01
7.342643694949126143e+01 5.873226632993665541e-01 4.875162753046641817e-01
7.677678347966411820e+01 5.028597778176424615e-01 4.477519760832553430e-01
5.918471793983732709e+01 8.237345931788957465e-01 6.556960717395172722e-01
6.925277721502760642e+01 4.508778199297385214e-01 7.702319665729979725e-01
5.814626692816727882e+01 6.429621807768400865e-01 9.444744430399448776e-01
7.246823414060125401e+01 5.770273197488913208e-01 6.174398533374764186e-01
7.385761297997609631e+01 4.518904233124648728e-01 5.974649767247076637e-01
9.201088142093276190e+01 4.996736213681535199e-01 2.522316732614992008e-01
7.453113641665828482e+01 4.453852443905657599e-01 7.743958613576377159e-01
8.011214464940137248e+01 5.046621792340746371e-01 5.399072205579984463e-01
8.082412576899339740e+01 2.726967500197695071e-01 6.631730776056145027e-01
6.948361702094408088e+01 5.381993144053702771e-01 8.348113622463203543e-01
7.521315568608180513e+01 4.871160537146121960e-01 6.484368840668557343e-01
6.922721937078213728e+01 7.362903512067836553e-01 5.301235693529376958e-01
8.465682120873734107e+01 5.848610271314881315e-01 6.617167759363146162e-01
5.886681581039920275e+01 7.926401186693818879e-01 8.217817377011061852e-01
5.414612793850050565e+01 9.610389588806603767e-01 7.780743455811041098e-01
8.464127833375432886e+01 5.875303043799193770e-01 3.688101394588311210e-01
6.211559533025039315e+01 6.720772071657253877e-01 7.317597847704048197e-01
6.255644937423020480e+01 6.600028597824612042e-01 9.810189235428451449e-01
6.914678097977757432e+01 6.144315687839387863e-01 7.827239135839310080e-01
6.074391060695087674e+01 8.647959141522230109e-01 7.336047177039987099e-01
7.179809298722956612e+01 5.870773559152554499e-01 5.890076637591519226e-01
8.834272011090592969e+01 6.388284530887547996e-01 3.667712500635815775e-01
6.199022258453140211e+01 8.460890644426547480e-01 7.915625298579418434e-01
8.856229006700804973e+01 3.186193525753986955e-01 5.552569823542873317e-01
7.032087835732048120e+01 5.515453095378047843e-01 8.451832945071904302e-01
6.989406393607676193e+01 7.521619436912621026e-01 6.343845752691553708e-01
7.585560699718907074e+01 7.926927965215208038e-01 5.123048188679181214e-01
7.871414129385993874e+01 3.364766079623420780e-01 6.938042873676125710e-01
7.620265885080691248e+01 3.204869702218157146e-01 5.975617102592859498e-01
7.660227174913617887e+01 5.301337016427670745e-01 4.629486494473801228e-01
6.936301754551352872e+01 9.466177271511263536e-01 5.795317717847255912e-01
5.748843952098199139e+01 8.940973107012109011e-01 7.427602981540909477e-01
6.410602653792568617e+01 4.888027538338455824e-01 7.277250826718268950e-01
6.871115598468004748e+01 4.762246480016700811e-01 5.685589691436752080e-01
8.076617197254719827e+01 2.809131814721597120e-01 4.210396159299405472e-01
6.902358534251793287e+01 4.343009153578428760e-01 6.426701023622002351e-01
6.201035174900135871e+01 6.331571832271517541e-01 7.992400761022420141e-01
7.588637361395171865e+01 6.316717037270839219e-01 6.499485222071589297e-01
7.493090796429450506e+01 4.816387230320405832e-01 5.637204083504957497e-01
7.574524369940648683e+01 6.068116316735142624e-01 3.950359763754773823e-01
8.044326082636936803e+01 3.394876058207075276e-01 5.850103375993963573e-01
6.873832238484583002e+01 4.903268918125364140e-01 7.978330822232092556e-01
7.108304566196159158e+01 5.037280101254354436e-01 7.241619131351372252e-01
9.472652754368033357e+01 2.616307847869501213e-01 2.158747183769632039e-01
6.686104078244233051e+01 6.080752796604429466e-01 8.945750547344804016e-01
7.481866147956154123e+01 5.018076265305787542e-01 7.123174548504477288e-01
8.241139283271488125e+01 4.857845179285841253e-01 5.388662373105308490e-01
6.241871932376405141e+01 8.760276944037090896e-01 5.912285621372235234e-01
7.149654263829657452e+01 5.465574794131816683e-01 7.175918648438547320e-01
6.565094073883410886e+01 5.608611631364692762e-01 8.999907479804863941e-01
6.584989753497572451e+01 7.495383148780765392e-01 5.834527296662471718e-01
8.163446403393015771e+01 3.089254785087784394e-01 6.710780381102282588e-01
7.491435940035506746e+01 6.594875517457433611e-01 5.707793664914161402e-01
6.740661525567352896e+01 5.084099285151826297e-01 6.405766641827062013e-01
7.548832998887648671e+01 3.602578661201939481e-01 6.180103602503588256e-01
8.539709482854263456e+01 5.346956752574736349e-01 4.953951332465878488e-01
5.802518311379920846e+01 8.682537440653793626e-01 8.461558284083123826e-01
7.425346374263288851e+01 5.406975007973383596e-01 6.911541047465137311e-01
8.849361804471077164e+01 1.907879987971281555e-01 4.587612401018303365e-01
7.595457539457765961e+01 4.571132543738233855e-01 6.880717104127643813e-01
6.904018180094448098e+01 7.341736907038474147e-01 4.451317102214685795e-01
7.740475383207595428e+01 6.021528398948923222e-01 4.594691463663841957e-01
7.717953510632027303e+01 4.538973759327533108e-01 8.673216909309684475e-01
7.510352536994541595e+01 4.827979111455372174e-01 7.378851306523540599e-01
8.692395093505963644e+01 6.079871710002350271e-01 3.245962563991110494e-01
8.004033455150482723e+01 3.929084162952615200e-01 5.916573901627304455e-01
5.172790881125997942e+01 8.058343259693534488e-01 1.092949869576661071e+00
8.725479038636663631e+01 5.172064039808574876e-01 3.630099788605120614e-01
6.121903036100598428e+01 9.877962931007979730e-01 4.660491430646236943e-01
6.081830808973533209e+01 6.536389741587507185e-01 6.878877960323531715e-01
7.224956362204653715e+01 5.426927753007657618e-01 7.128925601183374594e-01
9.853259641391217372e+01 6.288155392494864104e-01 2.103224145138001822e-01
6.981720814321955970e+01 4.994472086225993923e-01 7.621490929231340417e-01
7.324388847937183300e+01 4.980197252930100849e-01 6.763509222285494227e-01
7.310318821193999383e+01 4.644865092543841723e-01 6.887772342032547623e-01
7.081665180993631736e+01 7.255301515712041516e-01 3.985148474091501081e-01
6.602402317202717086e+01 4.286631795063163830e-01 8.053331843991637928e-01
7.316920523778944130e+01 6.974958376888003020e-01 5.047462883078637219e-01
7.181152218019539646e+01 4.791675928025707076e-01 6.696179994505969679e-01
7.834750228568688613e+01 8.444920784054239515e-01 3.849879936737114483e-01
5.786852465423474712e+01 9.148208547394726109e-01 7.531903674094387879e-01
8.889166353325634873e+01 3.709341367230609143e-01 4.222292054721402121e-01
7.646406795239879273e+01 4.961570448578200843e-01 7.283528530325079631e-01
7.215058708114484887e+01 4.485523141039702288e-01 6.112758704132683629e-01
6.821034462327831704e+01 5.127055703440278611e-01 7.861900665199174076e-01
7.567429171056274129e+01 5.545625097792129532e-01 6.375914091668009043e-01
6.759491537262698557e+01 4.877482174241427049e-01 4.696032601326028955e-01
6.800854341910383027e+01 5.280665214912543259e-01 7.759918670169865251e-01
7.128568990770334324e+01 4.180751580045732885e-01 5.041108550513351272e-01
6.179751055140373950e+01 7.486780600965445842e-01 8.583630469138912034e-01
7.819963425663108580e+01 5.129610609380717001e-01 7.014795691159815272e-01
8.042264258004603050e+01 6.697566219191696257e-01 3.705181335007174392e-01
8.521308343379092776e+01 6.420511388000521569e-01 4.909625949484066054e-01
6.948064046631233737e+01 4.931198674525847925e-01 7.976260604643939933e-01
7.935129861468267620e+01 2.508979531224728166e-01 5.606407476875949758e-01
9.121945077606835639e+01 4.192042663315830864e-01 4.656742488859181850e-01
6.118233901499081639e+01 6.036451319271325389e-01 7.316742332136205729e-01
5.650027094564145358e+01 6.436317879737938341e-01 8.412062147469221429e-01
6.649946926718868667e+01 7.465425676531236565e-01 5.818766850204540875e-01
8.455089425737806152e+01 3.871417241400095799e-01 3.734485131109848144e-01
7.390587613011079782e+01 3.941244691885821272e-01 5.110852593559879198e-01
8.826456456597122724e+01 3.878260341610633710e-01 2.838303860356570230e-01
5.693264796971509867e+01 8.957719196068522072e-01 8.716385729446904929e-01
6.152672582580214566e+01 5.356050264385424642e-01 9.641576628366680390e-01
8.076758671286793856e+01 4.999998840625317076e-01 4.950892420407216887e-01
8.297565491699020868e+01 3.739424400943621163e-01 5.609693003276168266e-01
8.515741758452345778e+01 3.186193525753986955e-01 6.174412506495781106e-01
6.687227317154777495e+01 7.538922305973356774e-01 7.219495396037065582e-01
7.053114815537927029e+01 4.158701804689359238e-01 5.462324498071056134e-01
9.160963816466535548e+01 3.462306568698372278e-01 4.929736951275690560e-01
6.075692040584518594e+01 4.216005058767535174e-01 8.995615516565370617e-01
6.410771050429285367e+01 6.726438233562493929e-01 6.564416224611411277e-01
7.937579369137348806e+01 4.543421964960180914e-01 7.506476916665082433e-01
6.797628225425511062e+01 5.545625097792129532e-01 8.230413004418575262e-01
7.539278499253694577e+01 4.303733530956145303e-01 5.862901206241228902e-01
5.940415198612216585e+01 6.633212162520353283e-01 9.738680896815599120e-01
6.046489135883454935e+01 6.069963956462720578e-01 6.501614533277675356e-01
6.953962091250683386e+01 4.686552885742710783e-01 4.902569016070318919e-01
7.781360511375345368e+01 4.444610758716927013e-01 7.262278210042525384e-01
7.404988899049943996e+01 5.726164425455614326e-01 5.472671405989535387e-01
7.219672833149461155e+01 5.482144922903318118e-01 5.026513320919364647e-01
7.724615281668536682e+01 4.849788690702711014e-01 4.202500189278371434e-01
6.746445140612132718e+01 6.606035809396934022e-01 6.449454147629928302e-01
7.630944271976962057e+01 5.563960323984015188e-01 7.315184764908332360e-01
6.469100336912195814e+01 7.899863312819594974e-01 7.397930800022400888e-01
9.013177682440817762e+01 4.547954866950263964e-01 4.123279767133987139e-01
8.488988974250389674e+01 3.658079549880901005e-01 5.913506356265345598e-01
7.388339975355306422e+01 5.396677688119176919e-01 7.783729557420819845e-01
6.778150771213695691e+01 4.284691471980999755e-01 5.628432234037169524e-01
5.799616707786601921e+01 5.788737420317195959e-01 9.714432135918837918e-01
6.379979236279368848e+01 6.239677502023148747e-01 6.587069656627027037e-01
8.113654809808231505e+01 7.481110899619584087e-01 5.145311561868678440e-01
6.918098626627049441e+01 9.794413482923768344e-01 3.677058554184280958e-01
8.822166435160163189e+01 3.283251635815065961e-01 6.007419610355175799e-01
8.634265495228640930e+01 5.671898337807789181e-01 3.986947710460924110e-01
8.321714234985827829e+01 3.883820723485170712e-01 6.265189620541029569e-01
7.413068120030854402e+01 5.776619244919262153e-01 5.677561317150863207e-01
9.392384252500275466e+01 4.921275985442041812e-01 1.187274410331830565e-01
8.548512971040656794e+01 4.123272626632557003e-01 4.379364038683328242e-01
7.639795943046325988e+01 6.183146017960625684e-01 5.791072287710246069e-01
6.641987591362114074e+01 6.562675972533263957e-01 6.763348089478498082e-01
6.362398593284842008e+01 5.798383334902839081e-01 7.224409692857759469e-01
6.558089636631848407e+01 6.820920831888671598e-01 7.279344485782208718e-01
6.569927827424466216e+01 5.581408812559616184e-01 8.763830172595197254e-01
6.084124511559870285e+01 8.356613877076282115e-01 6.409206420794266723e-01
6.760626699473327506e+01 6.694002815132098494e-01 6.691837164857977749e-01
5.140835727641280783e+01 9.323462688504812190e-01 8.987257942355145746e-01
7.236033396970540821e+01 4.881872587773452010e-01 6.850877174095001410e-01
7.965629569649894393e+01 6.822886630527184026e-01 5.575578667720183512e-01
7.529202155716497202e+01 4.554054224644473736e-01 8.938134087917959381e-01
6.410809870514675879e+01 6.500734975735223964e-01 6.369576094069209216e-01
7.391936965463847287e+01 4.965637738507067134e-01 8.138241793243785605e-01
6.747284973701752619e+01 6.047754316199825952e-01 8.633447451830923436e-01
7.048835850947013171e+01 5.341368403835807799e-01 6.176508066176721323e-01
7.618330739401625351e+01 7.726823757530919545e-01 5.641711298210138059e-01
6.668513270804538706e+01 7.893843271055330790e-01 6.683534317474251196e-01
7.596792604578843111e+01 4.871573315586307240e-01 5.340893988570443174e-01
6.388188827529906888e+01 6.287370658267108503e-01 6.167591908822060986e-01
7.138989599053677182e+01 5.876808641989463844e-01 6.493245769066245954e-01
6.571681356924818829e+01 5.420524501811170293e-01 5.789622832315164391e-01
6.897347241445132227e+01 8.028683716954988503e-01 5.482591532918910104e-01
7.542242252350203557e+01 4.598187689303862014e-01 4.936696042200940937e-01
7.555042711433108593e+01 6.147731239630663813e-01 2.941296658990524837e-01
6.037342475796680219e+01 9.032100214439572339e-01 6.270945270010919170e-01
7.465170207083160392e+01 5.240916183672612583e-01 4.997367359925862784e-01
8.118538685540569588e+01 7.738235958031352002e-01 2.992447789632806665e-01
6.000005148984816117e+01 7.315004390270058998e-01 7.903211302772805702e-01
1.064563263091684178e+02 3.667738434699753247e-01 3.407657858254245498e-01
9.572825614811893047e+01 2.169011532447157609e-01 2.187527977056182016e-01
7.606684511806240323e+01 5.049809245387085754e-01 4.920639843001683444e-01
6.469664248341497625e+01 7.692465821636877976e-01 6.839645121913178194e-01
7.660193004302797704e+01 4.327893790574171007e-01 4.579231872782906221e-01
7.865877463255208113e+01 4.441419705885970570e-01 4.576144941946706513e-01
8.283325883021366565e+01 3.407118638212279782e-01 5.724994022870559807e-01
6.156727165506227095e+01 6.136611104764362334e-01 9.762464167923821101e-01
6.643910572827577710e+01 5.015286168275124856e-01 7.242232378700764750e-01
5.943772475843472591e+01 7.159030000435329111e-01 9.246419755286168218e-01
6.109409728868708100e+01 5.169875091868144645e-01 1.011767674039419918e+00
6.791166743674938289e+01 7.065743129258788002e-01 6.509413511959940557e-01
7.000244487973965590e+01 5.301337016427670745e-01 6.008753721748117949e-01
7.402110923202049264e+01 6.239815532631250994e-01 6.816459695277424791e-01
8.111236847570759778e+01 9.203419036693003541e-01 2.792446078192860615e-01
7.876599728300450920e+01 4.154778921726037244e-01 4.442657228253750756e-01
9.524338698403374792e+01 3.064363640895410579e-01 5.923040412813451727e-01
5.417287995790206168e+01 8.866894118092245591e-01 7.971115081135558000e-01
7.029136197052027057e+01 5.449523858720394243e-01 6.634537548018796249e-01
7.278649388123663755e+01 4.851084927168106131e-01 7.352652018942679168e-01
8.633115369707228126e+01 5.499785666309859877e-01 4.872721433856425644e-01
7.577582275733107053e+01 5.678887869688857837e-01 6.835557221007901862e-01
6.307546907084201848e+01 4.845572408142886922e-01 1.193644724934154189e+00
7.745589515582142326e+01 6.583612197267891819e-01 5.882969237203868884e-01
7.318741240540902027e+01 3.558926322556709709e-01 6.764691627618186764e-01
6.366760674879671456e+01 6.027998518120117888e-01 8.684071237254136211e-01
7.254379133556508918e+01 5.866062171023800342e-01 5.695984164006202555e-01
8.482433979187918283e+01 3.435842420676952780e-01 4.672643524885458088e-01
8.670570225066373382e+01 3.506743043145529315e-01 3.845390428065074695e-01
7.738524047532160921e+01 3.963903755611692947e-01 6.297759007445384860e-01
6.557714693686288854e+01 4.669430043851457990e-01 5.679218264709515740e-01
6.910072338199347541e+01 7.710347016269718523e-01 5.002455101217390121e-01
8.516237271580286006e+01 4.338007235738016165e-01 7.507593464728932187e-01
7.188071820825753377e+01 5.174019460607627297e-01 7.206941316536721320e-01
5.284335044115100288e+01 9.479628012837284512e-01 9.535791946986061918e-01
8.696869936713410709e+01 5.565949991297415300e-01 4.263017718174210158e-01
7.380449842143792694e+01 6.536215127282618553e-01 6.336971672308921999e-01
7.768784747260509960e+01 5.957437022511556934e-01 5.084560045420744023e-01
5.547843309830175684e+01 9.459431743746243848e-01 8.830382216255826533e-01
5.743808591684490494e+01 8.186180100074349486e-01 9.187627554225066273e-01
7.719913369239334600e+01 4.566359468574732183e-01 5.331511422344122897e-01
5.407451782376028149e+01 8.376251944745566336e-01 6.806106768476485325e-01
5.296844303258518494e+01 9.702170303705803800e-01 9.829831497101796378e-01
6.025944756170490280e+01 7.056678182750626416e-01 6.149175762083062269e-01
7.810069831865142476e+01 4.388530162418795011e-01 5.361424748150906971e-01
5.316808011771897213e+01 7.141873380229544210e-01 8.948831663083620658e-01
6.559577484757636512e+01 5.564040795815524687e-01 7.916968017085999065e-01
7.007661737808132330e+01 5.484597836928569725e-01 5.259723428580800331e-01
6.454200881363144049e+01 4.843965545157217223e-01 5.980683262869875838e-01
6.900247276616495640e+01 8.848689589462329641e-01 5.146331111085586940e-01
6.830624832982780958e+01 4.851720537661305954e-01 6.901985224327580326e-01
7.135037195258563258e+01 6.257202718926946350e-01 6.991032657904279191e-01
7.578073409422248119e+01 3.933536562522113589e-01 6.167498436695767472e-01
7.390988658181630910e+01 4.286631795063163830e-01 6.127119863464255412e-01
8.886644075829762812e+01 4.265510865138064100e-01 4.352757791539052512e-01
8.022508329774183267e+01 5.318112973179104364e-01 3.872324642775734627e-01
6.456766146953241048e+01 8.090175377540138602e-01 9.091344985162072012e-01
5.354491464914393362e+01 9.547620697837692072e-01 7.654884431029974623e-01
8.141734546200886768e+01 4.108380698501425399e-01 6.449724470873879900e-01
7.037032394050778805e+01 4.658992263276258150e-01 8.789177396963662181e-01
8.190682996106772862e+01 6.295514591914446179e-01 4.569217250468763369e-01
8.508794661159794259e+01 5.065677533649460829e-01 4.141001727217534234e-01
6.758015336552711005e+01 5.302802729045217323e-01 6.557673285346387049e-01
7.724439409949371793e+01 4.669430043851457990e-01 3.310977605386373201e-01
6.732694534916727491e+01 5.569548773212642523e-01 6.897883813082738014e-01
7.564211903176608587e+01 6.944458022968477140e-01 4.907007027744195171e-01
7.545502410804908777e+01 4.012788679305563933e-01 6.675749757871661805e-01
6.532100572829558871e+01 4.841225071891661069e-01 9.498361756672745182e-01
6.972362843834812907e+01 6.920506893276527904e-01 4.742389675099826229e-01
7.700124026755560180e+01 5.928952055787721775e-01 4.374294441934663547e-01
9.021316054041511734e+01 4.307183234838825037e-01 4.547107008983205523e-01
4.882111857890416928e+01 9.950807429616363997e-01 8.598278090095750059e-01
7.014039525748215453e+01 5.074746057946873945e-01 7.377302986754702419e-01
7.145112644793809409e+01 4.144969658087849229e-01 6.998438798371793279e-01
6.295300157575195499e+01 6.290087824474598355e-01 9.337238408484247465e-01
6.694380275516542156e+01 3.327287016082319249e-01 4.896189474731549307e-01
6.700377203288270778e+01 6.587242471444175740e-01 1.014009001370458796e+00
6.937391832693704430e+01 6.196843309833394153e-01 7.437260705083912349e-01
6.143243968463790594e+01 7.038797197374282444e-01 7.313370679399689989e-01
6.774460153179060740e+01 6.160902329507971231e-01 8.600851898267758422e-01
5.812410720669765141e+01 9.025878361096335567e-01 1.034083372318472804e+00
7.923101660512300271e+01 4.212631845138875009e-01 6.070997881373495497e-01
8.068986601285126881e+01 4.086517600965628993e-01 5.657790283091777006e-01
7.092376360157919635e+01 6.184755772874346302e-01 5.940299027994998537e-01
7.979302050886663267e+01 6.199317411859502913e-01 6.162812132881850813e-01
9.082149302012525993e+01 6.102678688277031194e-01 2.409731028648152418e-01
7.016711955235092546e+01 5.406959757326360583e-01 8.324953456877643987e-01
5.201080493843713271e+01 8.106136828764062274e-01 1.072840059437841997e+00
9.752760739755727570e+01 3.245031638301764110e-01 5.130406039643699012e-01
7.558012912039923492e+01 4.960570359549377195e-01 7.357117740698965180e-01
7.345904167804448548e+01 6.949963708920883221e-01 4.902990496365307038e-01
5.398010370096059773e+01 8.826129055605277385e-01 6.911177775002222967e-01
7.549858937526229852e+01 3.205869344787307118e-01 5.402212274723843244e-01
5.561854711585803557e+01 7.591279954672873753e-01 1.094065667651936691e+00
6.217713648304376051e+01 8.770772893155156513e-01 7.671757854266039178e-01
6.655712693758118803e+01 8.788597354713078014e-01 5.528786285641331677e-01
7.378310147044594203e+01 4.931403023304916089e-01 7.556465832747147893e-01
8.309621886616248787e+01 5.450092227604647066e-01 5.492384822869764704e-01
7.134816953418823005e+01 4.687014131337783884e-01 7.363635368478066434e-01
6.969369535976004215e+01 8.452053141719197971e-01 6.553972264557679228e-01
5.203642342223550088e+01 9.488476753056489521e-01 7.252947473257201905e-01
7.996861010931853286e+01 3.901912819121539089e-01 6.579491605363080309e-01
6.664711826325846289e+01 5.322012932957174147e-01 6.495728977468460119e-01
6.029730865439750431e+01 6.835173377547065776e-01 7.884678836678923330e-01
7.804706182216899890e+01 6.741086354020701110e-01 6.756676926286557805e-01
7.955903976748368223e+01 5.095632995664988174e-01 6.508484816288533370e-01
7.625448981207983934e+01 4.829295136361247964e-01 6.449212408228532922e-01
6.548771620713654329e+01 9.663019714417020456e-01 3.936602050882647141e-01
6.756370243990872382e+01 6.764167735125971026e-01 6.793863554312533637e-01
6.884028362128645995e+01 9.223196709471236376e-01 6.532511781344280122e-01
7.887571530514206586e+01 4.943050444159807766e-01 4.537403503271275063e-01
6.354183692183647025e+01 6.826925643532305576e-01 7.569662038151443451e-01
7.673247412244245425e+01 6.135780356915918610e-01 3.372163633909151526e-01
5.577035981822167798e+01 8.152139406072429484e-01 9.391035014385236135e-01
6.574868349477111451e+01 8.158078107731098205e-01 5.433609405741188780e-01
6.881384486742032891e+01 5.449523858720394243e-01 6.991701339356259925e-01
7.344625705874857147e+01 5.875896464350440773e-01 4.692570366612864863e-01
6.306029155577285650e+01 6.002989946080303785e-01 7.454015400904702160e-01
6.457743625055096004e+01 7.428498106071698137e-01 9.037646450226042294e-01
5.135228339441275835e+01 9.721151637205923679e-01 9.278319571427520174e-01
7.725375377861753634e+01 3.817807328062958749e-01 6.253221864120394047e-01
7.757447060942095618e+01 4.840026788722373019e-01 5.744993042229888935e-01
7.412165180274284637e+01 3.563015361167776174e-01 6.170892996149417442e-01
1.154943549655139776e+02 3.748556966939993185e-01 3.416061767370937030e-01
7.180262761767384916e+01 6.526024210777877643e-01 5.478163360785439639e-01
7.155545708959286344e+01 4.831550543535234055e-01 5.504238881612214529e-01
8.245796716995948827e+01 4.534205050893683753e-01 4.127423219140368693e-01
6.987951325849707018e+01 7.847142736195416024e-01 5.567362296527200716e-01
8.798524861467672054e+01 5.084550999703560947e-01 3.978872815219118841e-01
5.604804688263415358e+01 9.171335249037115833e-01 7.602505794107921044e-01
6.022067553002105456e+01 6.469248461242655956e-01 9.729939751467688858e-01
7.763287095791528714e+01 5.801288017628321025e-01 4.532889046594869575e-01
7.233443275594882493e+01 6.507613646930765494e-01 6.160130873548134156e-01
7.246457568276110806e+01 3.343986046524072830e-01 4.956691456317140476e-01
7.449442688354857012e+01 6.061580149320126010e-01 5.308287447900927880e-01
7.538629676753164688e+01 5.622334049771059439e-01 4.416576308972940956e-01
8.663705337674147700e+01 4.440276809354983256e-01 2.751425134416902174e-01
8.115475737398934086e+01 6.020654994302683249e-01 5.469401186360631772e-01
1.033677340408568597e+02 4.900169107272556723e-01 2.293884661317143470e-01
7.529723038176335592e+01 3.519880822470525250e-01 7.224483469369633593e-01
6.187019571332507439e+01 7.038592221944326432e-01 7.797483704465592025e-01
6.842910814525215812e+01 4.503543905313910911e-01 6.406379250434450778e-01
6.476722710927428750e+01 7.780445795931242303e-01 6.652185806570721782e-01
6.804072937770631313e+01 3.860479927684031254e-01 5.888038089641687289e-01
7.140391742324102609e+01 4.409485896817538775e-01 6.504298959043153250e-01
7.407269854530925102e+01 6.150908025115212618e-01 4.836335405382549135e-01
7.238961472755529769e+01 5.414627314617552756e-01 5.594499352547167570e-01
8.274270864016624216e+01 4.463903988320406802e-01 4.125810227979644917e-01
6.483514149490308398e+01 5.869664844293409622e-01 9.271769463142554013e-01
7.217994933424803605e+01 3.933940749478351817e-01 6.656909724783268700e-01
5.287557018131072795e+01 8.774788701319858886e-01 8.735827653545737981e-01
7.445094696456456518e+01 5.553645040843735448e-01 7.607219967583752629e-01
7.228088147349328096e+01 7.360883896917479463e-01 5.860483112957185492e-01
8.351389794428497737e+01 3.830752893701152018e-01 4.736560384488912034e-01
7.485741631840909349e+01 4.571424971980895258e-01 7.284183233048799888e-01
6.450074246381271337e+01 6.997316991198287983e-01 7.446369716307320585e-01
5.513923350095377174e+01 7.866884365874643459e-01 8.045889955702564267e-01
6.705448364171367359e+01 5.760569493942585551e-01 6.463770057476598829e-01
6.251080926664358373e+01 4.955597973191867012e-01 6.369394541593693670e-01
7.721007835901627914e+01 5.001997409834660901e-01 3.817907230182394640e-01
7.232450061293350529e+01 4.696676816860023140e-01 5.933176036253586805e-01
7.847057812026913837e+01 3.927790070776002729e-01 5.453109038415236975e-01
7.207783305823384978e+01 7.629527001750735504e-01 3.907673933400611643e-01
6.862082878788410767e+01 4.570911345636750056e-01 7.302667731836507414e-01
6.062885733626890783e+01 7.624385474104318217e-01 5.046196977462921174e-01
7.627393285861407435e+01 4.109868978799697259e-01 8.624201568748266489e-01
7.863817342796127718e+01 5.274982710939895014e-01 6.655877710586297624e-01
6.560302671068774316e+01 4.448097242124529616e-01 7.933786884383620119e-01
7.338749859444489232e+01 4.667902023411094059e-01 6.047549276862066447e-01
6.213986399420042517e+01 7.521906173931042217e-01 7.182190809102019236e-01
7.335298606988669690e+01 4.745411759644524996e-01 8.505850582642771052e-01
8.246057072766708984e+01 6.840843580184088335e-01 6.128551964457480405e-01
7.496843979122067481e+01 7.446498321031981282e-01 4.126523146931243002e-01
7.016051290429173548e+01 7.413392417441178051e-01 4.497133186404944638e-01
5.699050880645798856e+01 8.491155526967359979e-01 9.542664617758130907e-01
7.922389387599109511e+01 3.747927925751268208e-01 6.090920776949154680e-01
6.095966465931759615e+01 4.281559699556793386e-01 6.961474538589998984e-01
6.896131454400480720e+01 6.581077916102168190e-01 5.404311925088611801e-01
7.517038500853675487e+01 6.398477770101664852e-01 4.095497846388179153e-01
7.634596653449062842e+01 6.274497273278841769e-01 4.744865394970674832e-01
6.980954594001298119e+01 6.549341706928631934e-01 8.382927187389770385e-01
7.341159568990715911e+01 6.405945006212681037e-01 4.611381075693882781e-01
7.401776520255222636e+01 5.589104677803761190e-01 5.327521668553164558e-01
7.999257080012532128e+01 6.749812608466478903e-01 4.789928466683891495e-01
6.080675059184841302e+01 9.395878317315949912e-01 7.722573390469364973e-01
7.186103315654862911e+01 4.930091306247710858e-01 6.521571536740510266e-01
8.567245183712974210e+01 5.062382828400636692e-01 4.701702507527976138e-01
7.763846766823513690e+01 4.149581609283937156e-01 4.849361851479301877e-01
7.186932505448253039e+01 5.658841424637297557e-01 4.768567802680364065e-01
7.277810704349504078e+01 5.641010233556613684e-01 6.797871635619434638e-01
9.749520170812976971e+01 2.271199413792120425e-01 2.344526488626587635e-01
6.629800252981989672e+01 6.288344486261071564e-01 7.580295869031007383e-01
7.912774992159535259e+01 4.111131142217638867e-01 8.373451809770451337e-01
1.191550329389147009e+02 1.764596998246881487e-01 3.200065168932727522e-01
8.480984586251349810e+01 5.164226057977597817e-01 5.227398268044982643e-01
6.503305139042596750e+01 5.589947877611201044e-01 9.630478236916046875e-01
7.346389437301284886e+01 9.040873528998419895e-01 4.267156797843673632e-01
7.938032781224276846e+01 6.080147927362049565e-01 3.816452139050607872e-01
6.415831053186687427e+01 9.794413482923768344e-01 4.747776120601467365e-01
6.823911908258180858e+01 6.793656307917186332e-01 7.556598269537218027e-01
4.930550989798182826e+01 9.313815073530737898e-01 9.642016318335264735e-01
7.391971939907958244e+01 3.331620645663271318e-01 5.189143155946291941e-01
7.945181086794008252e+01 6.744600144863350799e-01 3.487805857329023262e-01
6.696893157159379939e+01 6.092270458698635371e-01 6.411317520051090790e-01
5.186505312704568382e+01 7.639387259297930610e-01 8.536298567843809693e-01
9.720550543723970804e+01 5.601455046393468695e-01 3.049203276032260712e-01
5.510915856866430573e+01 6.843942905901220231e-01 8.826930531106946809e-01
6.897384346692328450e+01 4.278031273006685509e-01 9.423190482961204539e-01
6.974518898086265040e+01 6.369875033862721914e-01 5.385759443485667042e-01
7.849153453805070058e+01 3.517638064374092877e-01 5.879286949037567656e-01
6.984519618964954191e+01 9.082288473040179833e-01 5.943057801375579707e-01
7.615591177720364158e+01 7.013096626164565528e-01 4.528785411130792915e-01
6.928167371124749252e+01 4.387223755763698385e-01 8.062324897281519798e-01
9.524619722310571035e+01 6.156373101538195058e-01 2.452075091479726521e-01
7.563346065493404069e+01 5.812175947146669408e-01 3.981207402692291120e-01
6.388994244231881225e+01 5.203160647438470621e-01 7.949268009363680276e-01
7.772581487732804817e+01 5.179347081669811725e-01 5.000489886662998762e-01
7.759036270537693269e+01 3.633390229196460930e-01 4.334349798353569483e-01
6.993301006071739323e+01 5.164472646971840497e-01 6.652067442670203112e-01
8.077121107313510606e+01 4.330853157494916061e-01 4.143056477952848926e-01
7.684637785572709845e+01 2.691178356770168034e-01 5.350517915296719718e-01
8.937974786036343744e+01 6.072036396282299853e-01 3.487973829187953068e-01
8.363128153891058503e+01 6.150908025115212618e-01 3.140626088441446639e-01
8.699672136014601165e+01 3.762766567370575133e-01 6.877286603959620326e-01
6.755626514013989947e+01 7.633380134815157536e-01 6.292750904993568151e-01
6.924356168641965326e+01 4.989437992418854217e-01 9.341054494928707763e-01
7.688037697756671207e+01 7.689545887600262031e-01 4.663013428367286384e-01
7.229318566480264963e+01 3.615864472420883269e-01 6.435496500446595824e-01
7.840804625870003974e+01 2.851343297026896484e-01 5.913888427765137124e-01
7.230234617020597909e+01 3.565448211241382115e-01 7.119502555092170892e-01
8.382852412770826334e+01 6.418412146444218980e-01 4.884113885855557169e-01
7.274092379728026003e+01 3.330353727038105616e-01 5.846994234119138323e-01
9.280892860511778508e+01 3.704623124568259263e-01 3.008683734911950514e-01
5.457381703935137551e+01 9.053879695374730252e-01 8.851622551124885829e-01
7.897833944820348506e+01 3.305445628108606426e-01 5.033853690716062479e-01
6.928531881103292278e+01 7.728147081834400023e-01 7.416657968929535327e-01
7.516107550436127838e+01 5.264946860764696535e-01 5.790302254670824933e-01
6.627220612546740597e+01 6.141870026137169480e-01 8.463568236787286647e-01
6.818177293389791771e+01 3.170280385869840289e-01 5.941137245781835663e-01
9.430271483962687284e+01 3.828729995450326773e-01 2.280720676700536131e-01
7.701387756404386664e+01 3.648226875459156804e-01 1.274721200141079480e+00
6.754815959794372304e+01 5.568487403302418981e-01 7.145115527844155823e-01
7.231224142929987408e+01 7.628592401835523340e-01 4.877030205899617887e-01
7.793742016268343775e+01 3.645555069395640113e-01 6.621191685534464355e-01
7.738947588873053007e+01 8.010241300036462508e-01 3.948315163059401556e-01
7.515817222803654829e+01 5.345576543013078608e-01 5.641841268213502181e-01
6.423231884683139015e+01 5.107435263586945773e-01 7.680734875976276133e-01
7.321012217516386045e+01 6.012736161666866197e-01 8.089887855005968298e-01
7.493547485459353652e+01 4.429457268522137281e-01 1.044802682538911176e+00
6.819450435953422129e+01 5.622485817475314507e-01 7.326060378277531315e-01
5.649681824370160399e+01 7.365183873810842163e-01 7.481200724256777956e-01
7.810938589897226336e+01 4.570564247505171096e-01 6.700146659547137062e-01
9.684054617796500963e+01 5.653011580531065450e-01 3.067461408927303346e-01
8.367622495227210777e+01 4.541829531613456039e-01 3.362575816939247786e-01
7.120649059209389975e+01 7.427377295161760040e-01 4.815938704850821761e-01
6.721584013144790504e+01 4.170030742990499251e-01 7.692952995518593795e-01
8.084903983645121173e+01 5.069523468639091091e-01 3.594481792527911557e-01
8.213489187683677528e+01 3.252285804218242315e-01 4.385125164244672580e-01
6.814029700817638968e+01 6.879573927111185538e-01 4.363125829676989809e-01
5.313569655869903841e+01 8.285812621117866206e-01 1.040964681439667139e+00
7.537925490455629074e+01 4.352316874976738248e-01 6.681677227934412766e-01
7.631985993947034785e+01 6.220703424933237136e-01 5.136361635309585338e-01
7.612295234277405598e+01 7.397160993387148498e-01 3.376115464032641844e-01
7.585652885823523661e+01 4.907488437445716167e-01 6.703146308842018453e-01
7.495104156961951958e+01 5.547097533629451460e-01 8.987429263115768174e-01
6.343072018666035206e+01 7.281967994737963412e-01 6.360733363047117450e-01
7.170662760817768344e+01 4.704098466294036052e-01 7.021122603467778722e-01
7.666036054963957724e+01 3.772802068605641268e-01 7.208721567983839007e-01
7.222546248741944908e+01 5.898418792651877185e-01 5.782888205091901712e-01
8.822310159463512491e+01 5.049121552584473482e-01 3.167012709861917186e-01
7.821947547213490282e+01 4.747839411666209819e-01 5.331353128636225902e-01
7.743995949439934634e+01 3.753851832591613147e-01 5.445423884635482992e-01
8.060389319234764116e+01 5.974709820268585547e-01 3.297460675283572784e-01
7.215615064592581973e+01 5.547427552260629779e-01 4.880297665388625417e-01
6.601426116855405724e+01 6.294401305685778381e-01 7.861128476306569191e-01
7.402239538499196669e+01 5.994132673296037606e-01 5.839246945495580876e-01
7.994499165161121823e+01 4.732191278722526206e-01 6.394537955694247211e-01
7.270579928052029572e+01 5.247388880940951905e-01 8.612699583684649829e-01
7.951560486529814398e+01 4.589438949742735141e-01 6.039114613546591182e-01
8.678863624272138111e+01 6.081866821545137691e-01 5.335371744726785659e-01
7.351958012630448991e+01 5.310381328866632389e-01 4.107617293490312682e-01
7.029327137179629403e+01 7.024368271797942764e-01 6.919299341034607087e-01
8.194751074212172171e+01 2.350597552452622363e-01 4.642438667551070930e-01
6.854392368587417650e+01 4.826203797900002201e-01 5.389114647625345977e-01
8.566366932698961989e+01 4.959950955023815222e-01 5.467326001905717936e-01
6.445838236054942172e+01 6.066083646345192815e-01 7.366963907631923769e-01
9.568311006068476843e+01 2.533479212598300778e-01 3.277756118025872412e-01
6.735897714103163025e+01 8.809136314178949156e-01 5.733212483038740981e-01
6.096936687496825868e+01 6.618840272895344379e-01 1.036824004662335375e+00
8.532096518962568155e+01 5.053177806766910862e-01 3.798477283788972980e-01
6.911034499144676602e+01 5.546185042727080905e-01 9.340249280558819978e-01
6.238902888486965992e+01 4.024630905083697585e-01 7.043228897859474813e-01
8.460368704490083758e+01 7.852962514410485317e-01 4.609201361922142248e-01
7.517170355084496691e+01 5.810121450483947125e-01 6.528034370800610553e-01
6.509637639442603074e+01 7.769477670601581121e-01 6.001646446317286943e-01
7.954536742863943743e+01 2.996115545933451529e-01 7.160084164857911659e-01
6.670117531275604961e+01 8.582092322276410057e-01 6.188393906658790078e-01
5.964617968189821084e+01 9.481356947425884085e-01 7.499397372414958740e-01
8.646360667677652145e+01 5.142949530601373942e-01 4.271089854171260525e-01
7.623172263203512955e+01 5.064198519343684479e-01 6.731019003157350244e-01
7.285101042330751397e+01 4.110683200815071214e-01 7.617059702296047341e-01
7.500801550842385268e+01 5.260168265882888550e-01 5.488432697829843665e-01
7.678596428712437216e+01 3.944937142316685685e-01 5.421867928518887547e-01
5.664995381921693962e+01 6.860928404405853831e-01 8.430443974092406423e-01
7.012526677845821155e+01 9.498443566739439570e-01 5.418896065179044097e-01
6.497006943643967247e+01 5.640229105036872470e-01 7.654855688928399182e-01
5.478842853122934287e+01 8.440803281005874181e-01 9.548605950424542410e-01
7.761777125808342248e+01 3.957015693609999274e-01 6.837491966298832047e-01
7.103337786305041845e+01 7.458650984755100799e-01 5.447642122771466644e-01
7.200512428767301287e+01 4.790219841385343069e-01 8.284104263748740538e-01
5.982918803818778031e+01 6.352681547420272468e-01 8.569100407829162158e-01
7.416505767738587451e+01 5.503443165339741983e-01 5.868418859988973058e-01
7.276239080898210432e+01 4.256465608960304792e-01 7.051006518697929826e-01
7.059280336370200359e+01 5.220402233667178482e-01 8.085140965749694208e-01
6.271593872984053775e+01 6.693049318046299101e-01 6.899946352803238980e-01
6.683011035043921311e+01 5.272611453294501205e-01 8.451423969433798922e-01
7.722681231513442413e+01 3.300307347002565672e-01 7.697594385002954898e-01
8.022358267479427241e+01 3.912839624271031158e-01 6.186807628176401730e-01
4.953055488158138076e+01 8.999613908136617768e-01 9.152507826088632781e-01
6.456231063580177931e+01 4.290938631820642724e-01 7.667702546065087166e-01
7.322260311955405143e+01 4.843863320793915794e-01 7.388596495553739762e-01
7.279113566929018475e+01 5.926397475653105706e-01 4.647721734197762244e-01
5.785740244061509685e+01 9.803258071465241752e-01 6.920222282789239010e-01
8.392092031358848203e+01 3.343525696339230135e-01 5.340810076787749772e-01
7.191320994023661228e+01 4.882439585718629793e-01 5.876315366103426197e-01
7.155756581637946567e+01 5.576285751015571668e-01 7.980122511454901257e-01
6.154126190937408580e+01 6.518033631684863050e-01 1.059663322904539573e+00
8.804244477347901920e+01 5.559032055749479895e-01 3.549889522824295485e-01
7.183429722103714710e+01 5.061449884016282486e-01 5.743657886984913086e-01
7.125819024693558390e+01 8.057184234408342194e-01 4.610003374942173715e-01
7.241456100824211717e+01 3.956095902804396269e-01 5.027100694239444723e-01
5.912597889916396099e+01 8.712860967600678519e-01 5.305384314115701994e-01
9.761022310922353995e+01 4.829389022333221981e-01 2.272478863812824323e-01
5.437428485969833503e+01 8.056330873758547062e-01 8.170803396300179156e-01
6.623620923593396981e+01 5.450401773741025968e-01 6.876240547195590080e-01
9.420242546315566301e+01 4.176051834204844160e-01 3.053041829384006145e-01
7.489699306576358140e+01 7.113465503576670290e-01 5.736227206947137613e-01
7.752670841921290901e+01 3.578764139817648959e-01 7.329196961844125502e-01
8.392571200756195537e+01 3.764910731168277236e-01 3.258496989572635116e-01
7.447066845143017133e+01 8.498455253328257575e-01 5.803430054714363573e-01
6.972174432871767635e+01 5.622344679480587581e-01 6.958565959357236874e-01
7.806654586291509190e+01 5.629893811842808793e-01 3.284368976963408793e-01
6.020905342464404697e+01 6.920506893276527904e-01 7.072065437575457691e-01
7.842319887420899249e+01 4.599113400878925839e-01 4.624491431924749318e-01
7.697851006523202955e+01 8.349784285828384389e-01 4.394452413550490877e-01
7.109510701119383214e+01 6.723000711585566114e-01 6.250166130534106079e-01
7.221559042658414285e+01 6.924951690997713794e-01 4.026863091700320085e-01
7.543652683558298122e+01 7.124464637721998894e-01 4.497954053262691598e-01
7.385173353050429057e+01 4.052668106811675997e-01 9.272162371274825787e-01
6.023107109753043886e+01 8.815450280465402244e-01 8.534302639120280309e-01
6.070463673376576708e+01 7.614568308952206488e-01 6.448301377357731345e-01
5.841967416370496835e+01 7.366537383065578926e-01 7.141759421557347665e-01
6.253625000350393748e+01 8.886574513661703589e-01 7.800981030004621175e-01
7.727314735505498788e+01 6.508163486258389252e-01 2.816004704061215169e-01
7.577963374577080913e+01 3.273918673290597270e-01 6.760463692144503822e-01
9.791823765865547102e+01 3.810784926579590670e-01 6.172250827474135004e-01
8.014834910175548544e+01 9.030794772613291999e-01 3.635555969000775489e-01
7.934089204231240444e+01 4.206899098420554539e-01 3.772135299629198468e-01
7.431414831589921732e+01 4.335846865879129375e-01 7.527965125334269425e-01
8.109038014567695996e+01 4.317462460774936228e-01 6.776962909237608246e-01
7.272277884116608959e+01 6.386358156756379856e-01 4.440795810260335097e-01
6.583413693135116773e+01 5.991674105368243186e-01 8.112372328103780728e-01
5.239181252512754838e+01 9.426600619126750402e-01 1.007388271775466082e+00
8.729037692055921127e+01 5.373304150738621443e-01 6.415951569370541563e-01
7.703103934406846065e+01 2.825455634118300141e-01 6.117598964937267514e-01
6.893412968860003787e+01 5.956870559076009597e-01 9.167025187212932691e-01
7.492036347811932728e+01 4.553816479262224881e-01 5.806519683341594407e-01
6.673717589288214924e+01 4.848960549845158230e-01 7.904073464508684088e-01
6.761418549666191780e+01 4.729268185983079853e-01 8.425149853524518395e-01
7.576374071322352677e+01 9.559725636097672341e-01 4.437791609846970520e-01
7.862792046110615729e+01 4.496004748124832751e-01 6.855630827163745611e-01
8.397813882402101626e+01 5.141757390623449275e-01 5.687887567510140352e-01
7.676812973434067544e+01 5.982411441744561742e-01 4.577326605097751244e-01
8.379055506839137024e+01 4.058821043539115880e-01 3.612069988903305329e-01
5.756583904926875306e+01 8.409988210062342429e-01 8.643058413193278611e-01
7.722787577660093916e+01 7.246606234024591808e-01 3.366802979096968906e-01
7.890191707486863493e+01 6.944554322642038091e-01 4.022176406058409204e-01
8.503427499254851796e+01 2.725063596817224876e-01 4.611469317623712039e-01
7.688898558462108213e+01 6.169460460787874467e-01 6.485578400627648454e-01
9.382544540704732583e+01 3.809469699224713457e-01 4.143362647978723334e-01
7.746467791754453458e+01 7.611742272618103877e-01 3.302934030099493601e-01
6.964037772527633763e+01 6.763923922745160855e-01 5.023040284577213743e-01
9.019252684492344940e+01 5.822015835253223637e-01 4.364858656501027223e-01
7.056287075494752514e+01 6.433140428982236925e-01 5.947093534613620003e-01
8.401755202382803134e+01 5.848610271314881315e-01 6.743603760331329244e-01
8.961527713403218343e+01 3.581613183690349755e-01 7.966989016748173835e-01
7.293671668861094304e+01 5.277750002124775852e-01 6.615673902267071860e-01
7.303774558229196145e+01 6.388886121706651711e-01 6.492770832346926868e-01
8.375933311002187054e+01 6.088126067924036766e-01 4.673230485080675511e-01
8.181785869374031961e+01 4.260826504364164102e-01 1.043750993605424338e+00
8.139105585142166888e+01 3.489660081203637687e-01 6.263873052789227236e-01
8.141662656328765024e+01 6.302846126341451471e-01 3.870844908099290715e-01
7.877167932423583352e+01 9.157226694410666168e-01 3.890710587699087175e-01
7.797386563329047249e+01 4.270375837203104208e-01 6.394578999225820626e-01
6.548476885033637984e+01 5.433364798824925623e-01 9.443402219376690887e-01
1.001103668905801953e+02 4.220127669951846960e-01 2.079255501297981867e-01
7.538327424695961554e+01 5.674814304835129608e-01 6.131233514960316988e-01
9.806328569934100869e+01 3.193036118374594223e-01 2.655741556580745177e-01
7.226706327711301014e+01 6.459237447220744777e-01 6.660760039232348495e-01
8.573244144966666624e+01 5.078784648796872414e-01 5.716450823240130097e-01
7.662675798660315252e+01 6.860928404405853831e-01 3.625577114753305019e-01
5.595964830059144646e+01 8.218284350290349094e-01 6.958384100315548881e-01
7.573300856237956680e+01 6.368883870185417795e-01 6.039834189334261083e-01
7.256364193201795842e+01 3.956309345449401382e-01 6.221064277654931862e-01
5.756521883093057568e+01 7.374884613710146475e-01 9.671460006533498799e-01
6.668730222819638698e+01 6.241717639702961673e-01 8.749945765107275397e-01
6.615241484519835069e+01 6.928293280585027247e-01 5.761896257906344854e-01
8.091582131831077618e+01 7.761002538989949517e-01 3.637262552883354094e-01
6.334749790551934723e+01 4.660140906860105736e-01 1.031234922520735342e+00
6.701523567694238182e+01 4.500083706224204949e-01 6.614398035804994747e-01
7.242737631867385062e+01 8.300142959118234076e-01 5.690321226050011338e-01
6.732350229609426151e+01 5.351633575474751270e-01 8.205955694481267271e-01
7.633229089590881244e+01 4.451184959459946744e-01 5.515031529906235797e-01
5.165446495202103705e+01 9.405555564681770120e-01 7.677474751662747288e-01
6.226276264183174902e+01 6.239754524289878868e-01 6.628635737798037608e-01
8.504451491625300719e+01 5.852143803437008795e-01 3.166118956673725227e-01
7.123181764184590747e+01 5.417371564404435125e-01 7.977415744726393809e-01
5.056712860609994209e+01 8.961203527330978691e-01 1.135036197941767355e+00
8.058008423899383388e+01 3.658079549880901005e-01 6.764636234349861166e-01
7.568746998959636585e+01 5.344234142451657066e-01 5.057830578253654785e-01
7.612822106479100626e+01 6.492599504873448613e-01 5.099313814540608059e-01
7.973123571744497440e+01 4.237025673870328246e-01 7.052584069037801662e-01
7.121745028424962243e+01 6.111486697446039118e-01 4.211494457613801923e-01
6.876914973393952835e+01 6.323668331651220997e-01 9.697016834446805511e-01
7.697595301009715740e+01 6.499576394061556961e-01 6.678693147606664660e-01
7.680214295176396888e+01 4.087386759831057592e-01 7.478695885388286779e-01
9.462932728886504208e+01 4.523416777956849044e-01 3.278651935929558503e-01
5.700168614069469442e+01 8.774224349419089686e-01 9.098964850142801097e-01
5.698643245499845023e+01 7.496445205791749666e-01 6.806981745283672280e-01
7.033699953413001538e+01 4.980197252930100849e-01 7.456311871879262032e-01
6.510635004104992163e+01 7.431754547651693299e-01 6.472519183210306837e-01
7.922141113289734449e+01 3.388270551852234358e-01 4.107113014248155447e-01
7.257330520018541620e+01 7.019417573656343556e-01 5.983210311290001471e-01
6.913015336036328051e+01 4.677266595967146112e-01 6.301553594500488575e-01
8.139390972048593653e+01 6.045453531580851081e-01 5.257427788696548143e-01
5.709956112546255724e+01 7.453821433200205071e-01 7.607089795155683731e-01
8.569942841689427837e+01 2.419077067163672434e-01 4.592030811648659117e-01
7.754030521448635227e+01 5.788737420317195959e-01 4.745383021608137741e-01
7.459947411058016087e+01 7.269740093408549875e-01 4.690677287825145703e-01
8.694043074170235741e+01 5.287301458455121450e-01 2.781201916302374899e-01
7.778990019778260034e+01 7.394284191974082043e-01 4.780263209963261373e-01
4.708516936978912781e+01 9.783129373200699641e-01 7.883745163722050142e-01
5.953890862147319751e+01 6.186314267770756103e-01 7.896955531625166058e-01
8.271675788283455688e+01 4.974491538386229261e-01 4.361197542130893501e-01
7.949459832221529609e+01 3.441715179883148013e-01 5.094926263243494402e-01
7.073659013083090485e+01 4.551912292041184194e-01 7.141138663277510901e-01
6.915373345822955287e+01 5.187982266439238321e-01 8.268640561005851097e-01
6.746456187691995865e+01 4.702019875284682016e-01 7.779701915033946369e-01
5.981771204474772219e+01 5.186199185614865925e-01 7.889893535203558184e-01
4.991871455881567243e+01 9.262416189734780092e-01 9.292220132497903684e-01
6.152534923314969006e+01 5.830311977946625035e-01 7.658656367522429509e-01
6.579920684587550284e+01 5.612031658396943179e-01 6.362172913752776049e-01
7.723286533069938287e+01 5.863217411173442528e-01 3.724486272279565746e-01
7.253844927031751411e+01 7.572675406714145518e-01 5.103510083559362753e-01
7.237645269012286064e+01 5.389148333670201740e-01 6.795638012332330113e-01
6.847711553578172072e+01 8.068184906706513670e-01 6.925103969871372334e-01
6.060819630752102682e+01 6.026826240155247483e-01 9.861183360287915090e-01
7.169453085242457746e+01 4.885959305594537727e-01 6.831631167012380823e-01
7.819942505767771479e+01 5.869856574689804596e-01 6.516377186243672570e-01
8.239525415442922451e+01 6.230783889162886391e-01 3.221947200480077544e-01
8.637907396239033631e+01 7.247786206852019353e-01 3.625804792865248150e-01
7.141833550727881175e+01 9.216727742750298047e-01 4.190893596178915659e-01
6.730083387056535571e+01 5.322802637010352056e-01 8.109572049939322014e-01
8.889523293261339631e+01 5.072938551671395402e-01 2.985276734411995703e-01
6.304434146777202130e+01 9.502895604802708007e-01 6.955215569131324438e-01
7.517382447831573700e+01 3.674676854382171176e-01 6.697100469619767793e-01
9.074251771003844169e+01 2.533479212598300778e-01 4.000680519573625582e-01
6.651377691291294525e+01 6.924950336453208344e-01 6.002887663312885813e-01
6.714701425308692251e+01 6.317137411015609771e-01 7.948008759668652168e-01
9.162395832973514587e+01 4.864706627055129240e-01 4.224707421061358326e-01
8.103341361393454179e+01 2.993469645363439069e-01 5.071329782779726569e-01
6.537587278555395187e+01 5.815559786586129709e-01 7.427031586058633339e-01
9.366621132988562692e+01 6.328560605158357610e-01 2.818965163128118179e-01
7.685876670652031351e+01 5.006053108565632348e-01 6.036860241415172856e-01
7.979994396475905205e+01 6.492548229848650321e-01 4.698709569495396199e-01
5.813866318047739412e+01 7.937016117086862499e-01 7.011803262998221875e-01
7.373344265578998602e+01 4.975587610681381778e-01 4.965532060550679749e-01
6.914231910029454298e+01 4.927370148991893073e-01 7.312769018690620237e-01
8.926184613819398805e+01 2.758282681412269621e-01 5.986793481626192515e-01
9.097600635007998449e+01 3.747927925751268208e-01 4.012325349769315652e-01
7.320334572737928625e+01 5.985718092476101093e-01 5.938081632840269686e-01
7.162439966217739595e+01 5.030695208157751619e-01 1.069272911173387408e+00
7.096705965826375007e+01 6.208766243270785745e-01 8.483831883645672756e-01
6.621341016127603041e+01 5.773218896420257984e-01 6.420539243512162209e-01
8.049760437803388413e+01 4.899043931383417760e-01 7.318459484247945568e-01
6.708414002774208029e+01 4.821393939137347817e-01 7.252413156394081906e-01
6.296223872319378501e+01 5.834489465526113694e-01 5.632640610623969035e-01
6.293070235452674410e+01 5.569548773212642523e-01 8.078344233165292154e-01
7.379636509967852476e+01 5.042420392349890035e-01 7.288805461850016432e-01
9.527337301743953901e+01 3.948281899360087110e-01 3.812453136923337760e-01
8.662585534278889554e+01 6.202019536381232490e-01 2.945623400339125175e-01
7.514869887511126478e+01 6.457030702031091307e-01 4.342816524225605046e-01
6.243525128959157655e+01 6.611913358852756772e-01 7.919490622543770009e-01
8.210351540565316952e+01 5.244117036066413551e-01 4.481730704531224907e-01
7.371199769787583023e+01 4.375531267204276764e-01 5.127704238466648246e-01
7.581309916690818795e+01 4.364329453646410562e-01 5.621152716533878158e-01
6.561129067269273207e+01 6.270180947454524478e-01 6.665156085019372512e-01
7.968006218206102176e+01 3.458969020794206428e-01 4.940457718016396105e-01
7.727859573285327599e+01 3.927656191059430979e-01 6.198412873952225954e-01
7.446195488789447836e+01 5.404830627076304683e-01 5.853635615359279454e-01
6.056940807999042420e+01 7.709910990472924608e-01 6.190295251109791952e-01
7.936560291833920644e+01 2.446223403019538445e-01 5.239636007610007917e-01
8.328298977447546747e+01 4.853853284652792088e-01 5.573080451507704813e-01
7.906454430325959493e+01 4.650055003106768892e-01 5.694000527475931994e-01
7.274291654539568697e+01 4.268175437093663094e-01 7.235711180449754254e-01
6.585241239559928772e+01 5.899239884105317300e-01 7.998034648753495901e-01
8.205795420080143288e+01 5.751893668578391683e-01 5.281010990495219604e-01
7.080017893990219591e+01 5.077675968699800757e-01 7.484186036461306646e-01
7.125035974613790302e+01 4.489932352153063744e-01 7.824105092589914712e-01
8.257707504144066490e+01 4.640359130969793910e-01 5.677105290425102924e-01
6.593522712146605613e+01 5.830311977946625035e-01 6.477610640493125516e-01
6.709689980196287706e+01 8.118576050623762530e-01 6.520046429441338498e-01
6.302479318824563848e+01 9.093508364019804446e-01 4.160614336874160490e-01
6.778830961837286395e+01 5.648343074268437070e-01 8.717649210360354228e-01
7.468138565864147438e+01 4.131282684424826268e-01 5.162071378478466643e-01
7.279562979951518287e+01 5.476999690061433723e-01 5.229029586709935673e-01
7.512436381211406911e+01 5.589947877611201044e-01 6.993553558641104617e-01
6.721318176011968148e+01 8.978961806517394839e-01 5.618680331882129897e-01
6.019296925896620110e+01 8.635882521589357541e-01 8.919377362836524714e-01
7.133346364458300570e+01 5.551825385547818348e-01 6.810859009662912911e-01
8.199432271070801903e+01 4.111131142217638867e-01 7.731104446456202872e-01
6.653267940582217932e+01 5.868391974877891215e-01 5.357286210700649143e-01
8.791043825357201058e+01 5.350078234031317992e-01 3.953292969167500059e-01
7.857218908437180005e+01 5.374352928744053903e-01 3.296144757761304001e-01
8.403464462097373655e+01 6.288155392494864104e-01 4.191314848523259307e-01
7.696719940952253580e+01 6.451367548120159334e-01 5.183977187240750295e-01
7.864486244992599495e+01 4.234922786329505251e-01 6.398629990880142504e-01
7.361454056508482324e+01 4.252007689997597262e-01 6.858635406448794214e-01
6.896938597496124146e+01 8.054876034046209998e-01 6.003603401670278839e-01
8.501206886041018151e+01 5.488730680297955189e-01 4.176670632247745374e-01
6.955077580203692378e+01 3.723122260000720218e-01 7.304420923005033872e-01
8.543794359732180510e+01 6.933368708493489185e-01 2.919174473607063502e-01
8.182500841958633941e+01 2.668126873864944959e-01 4.457472389539419155e-01
6.471910579534733188e+01 5.792163833758289249e-01 6.619551317677898616e-01
8.244749836853451086e+01 3.437521452984717008e-01 6.512414893592104459e-01
7.066854756661618353e+01 5.508442899982288754e-01 5.315827723496344692e-01
6.892497314470612935e+01 4.859196209179698078e-01 6.963115785991429441e-01
1.350665923947317708e+02 2.839379483039047303e-01 2.654646642782022004e-01
7.000334763040014252e+01 4.332288211561167168e-01 7.256676157518422432e-01
7.581702069965312774e+01 7.372882538925238372e-01 4.021774928500504442e-01
9.159772933591266053e+01 3.909667527136678755e-01 4.488818769000507691e-01
6.485296605463601338e+01 5.700667229779989853e-01 7.619777005069062747e-01
7.291241997650280382e+01 7.047236299102661583e-01 6.349812561209389195e-01
7.843626076767206712e+01 4.743738637428384086e-01 8.573189054933031406e-01
8.143615138999682301e+01 6.048683775543064467e-01 4.646147683085474211e-01
7.239791285316078984e+01 4.359576116183558891e-01 5.716867450417416618e-01
6.625454579427652391e+01 4.342072642127871029e-01 8.094687475822446299e-01
7.439108287678172360e+01 6.749812608466478903e-01 5.903578147391825848e-01
6.675664843577924046e+01 4.758023307826633741e-01 7.879595934901389986e-01
5.861307101599503966e+01 6.992509225537598683e-01 7.811798322512387704e-01
7.074637127973046802e+01 4.751801834305792727e-01 5.377149107740706313e-01
8.554491619938444558e+01 3.103026496156476854e-01 5.535878215163448912e-01
6.173016663430237116e+01 6.450989472804506963e-01 8.686132937781855246e-01
6.942799172642958183e+01 4.895777440678099057e-01 8.229432661498168322e-01
7.183106996852990278e+01 4.508026030176222054e-01 8.821083976506285396e-01
7.056486772941579488e+01 3.913354035166980993e-01 6.555517463444577864e-01
7.678287700510276181e+01 3.115564819641297167e-01 4.688744990957380288e-01
8.534703714955419684e+01 4.142133146312461101e-01 4.229080944801644204e-01
9.092729844458948207e+01 4.128773672132816097e-01 5.064451748060336822e-01
7.392317810053481253e+01 6.835329755871617508e-01 6.413485339467862589e-01
9.595739955785249720e+01 5.746931775342513093e-01 3.415495896425161937e-01
7.991613448222321381e+01 4.381994367977497529e-01 7.090379919511901052e-01
5.665174059237817517e+01 8.814352571011135895e-01 7.813249680377332140e-01
6.536805843098801461e+01 7.811720125733222497e-01 5.902300373468325478e-01
7.880773248638033124e+01 3.583216718444511839e-01 6.220256054453975336e-01
6.028867735899196134e+01 7.111527494931485505e-01 7.522756283231614161e-01
7.339613857232538408e+01 6.848856047914293477e-01 4.021458349418378653e-01
8.132425909475225012e+01 3.807377664579330578e-01 5.935882040929991721e-01
8.140846019944928003e+01 6.107311531926697956e-01 4.617791530321199156e-01
1.004829902470353034e+02 4.893292275129813018e-01 3.518997560286873383e-01
7.970896516955093603e+01 4.570564247505171096e-01 6.365012357459374215e-01
7.363782704873389662e+01 6.469611247351312322e-01 6.416202764918286228e-01
1.007574940595919060e+02 3.529265347065486114e-01 2.524947268474290740e-01
5.668182137054756708e+01 9.212066857859290137e-01 8.029962257547113014e-01
7.128095034455697032e+01 5.246129440311299019e-01 8.100674777248146885e-01
6.280282692872465589e+01 5.899582633942748178e-01 8.040751593648176598e-01
6.759765743425707285e+01 7.954196765690265680e-01 5.461705918085961731e-01
6.366462951326802511e+01 5.934674486875729515e-01 6.074588163380766348e-01
6.414419773630807242e+01 6.982083860983478996e-01 9.515037122234467626e-01
8.743129225452145192e+01 6.649762747126819473e-01 3.981364892119435006e-01
5.177355195077703343e+01 8.414602142422777931e-01 8.607432631161042735e-01
7.113550389550228203e+01 4.780247393908518827e-01 4.597274822504692771e-01
7.375187276912097900e+01 4.773034523500778170e-01 5.088449394140900361e-01
8.734284298570021576e+01 4.400129644564815812e-01 3.635330145996991669e-01
7.267712214273207394e+01 6.282858478508314137e-01 5.384864824505385394e-01
8.124057050843171623e+01 4.990015277658637061e-01 2.684849374525811183e-01
8.076029215883845325e+01 6.047754316199825952e-01 5.567697520549466095e-01
8.237653210056680564e+01 5.706767827974984497e-01 6.156350189337997936e-01
6.299906779697012382e+01 5.953535698394371023e-01 6.663149737121784044e-01
7.947741514467837476e+01 5.467181627772248476e-01 4.399348518276869346e-01
7.236254143572858766e+01 6.897447839289000404e-01 5.904303209447006040e-01
6.378792049526452246e+01 6.097327676062040958e-01 8.022962515063449818e-01
6.537603911017225755e+01 6.876993901990602343e-01 8.636259042044459600e-01
7.089050134034984296e+01 3.027481690324548835e-01 4.535639902626688591e-01
8.851795164988084252e+01 5.438438199233589510e-01 2.863576017933451290e-01
9.013746720932903145e+01 4.620254648807293196e-01 2.848729122933836844e-01
7.145774392840421285e+01 3.534076284013941138e-01 5.757894639497699307e-01
6.192281646713964705e+01 5.875896464350440773e-01 7.426763858078867520e-01
6.746093142607298887e+01 5.082318629795338216e-01 8.618777912611992331e-01
7.813578158231226212e+01 4.853853284652792088e-01 6.598959832937769665e-01
7.047824019420325214e+01 6.522592347207910590e-01 6.727859503179920431e-01
5.654536769689897824e+01 6.998196165306165284e-01 9.057143739452536702e-01
9.228707174357865028e+01 4.591768476912311270e-01 2.613300844936543577e-01
7.880003217667884030e+01 6.188661611037841181e-01 5.010653769124552293e-01
6.923249624263726787e+01 6.102678688277031194e-01 6.279498229415085842e-01
7.701083022706518477e+01 7.366537383065578926e-01 3.003573614871325459e-01
6.989739690801951610e+01 3.709202735090935121e-01 5.749278924487365439e-01
5.481585580372065891e+01 9.848196812917856535e-01 8.921981328066719286e-01
8.144392214156235354e+01 4.701714937438081776e-01 4.748921324197872829e-01
7.943728338921310694e+01 8.597722113572837666e-01 4.096781161477387467e-01
8.276096865848040807e+01 3.544226685423758627e-01 8.205456321052982949e-01
6.539109432586097626e+01 7.231213998599985704e-01 7.501118643114739193e-01
7.764035889801797907e+01 6.665017322434743097e-01 6.098726457998222550e-01
9.057659373685071102e+01 6.852410866769882425e-01 3.061065239845631170e-01
7.031065157369644680e+01 5.545074782498015109e-01 7.431512474541067670e-01
8.345661086116908223e+01 5.572913213072391292e-01 5.663384679909447827e-01
7.706210866520434877e+01 3.640625829500916955e-01 5.497138875194484964e-01
6.930219311020577777e+01 6.951224757769105533e-01 6.303559083667862328e-01
7.005903573488295422e+01 6.287179192200963440e-01 6.700362597446400947e-01
7.243814476654176815e+01 3.170280385869840289e-01 5.004456609192764471e-01
7.291978316588485143e+01 8.048539294755682194e-01 3.739750126804185504e-01
5.041000609892076056e+01 9.188594828670404446e-01 1.026838675629270226e+00
7.911210174850602073e+01 3.895574069639216042e-01 5.755345547036212484e-01
7.702783821114789475e+01 5.165416828233523328e-01 8.213259421279732742e-01
8.408836674112731657e+01 5.062871844654186493e-01 4.987258628530528148e-01
7.640184089713834226e+01 4.145671980845139770e-01 4.881378336560283637e-01
7.811330503173020645e+01 6.330949668916788786e-01 5.079457968415568292e-01
9.185696566514172900e+01 6.808871558638684984e-01 3.077838912938000160e-01
8.082030622222303862e+01 4.449102931839419850e-01 5.562888323406838254e-01
6.957075793515457462e+01 5.979635823464112265e-01 5.565259487460749721e-01
6.416394194532074380e+01 6.142003747588671292e-01 7.483152780045305708e-01
6.527854362144400113e+01 7.102539891880753631e-01 5.346279871215054991e-01
8.098704512462688854e+01 3.955591946653503888e-01 6.555784915188647144e-01
8.098934309648385010e+01 4.853695341107772121e-01 3.393967138462875566e-01
6.777195951130678964e+01 7.715177792271546986e-01 5.422308983490781165e-01
6.833514298254138453e+01 6.165618759715475461e-01 8.708343089684054128e-01
7.695400363353041939e+01 6.115212488287419257e-01 5.936172805772688132e-01
6.918143927326207177e+01 5.367120422958342463e-01 7.013303168656399578e-01
7.099573527091727954e+01 5.974779434560913982e-01 7.082603558819802192e-01
6.170587504432292292e+01 7.048840409766556903e-01 8.053546752230869021e-01
9.162505116520438264e+01 2.308118337600945091e-01 3.852652564542431435e-01
6.871349185325176734e+01 5.669154078894046433e-01 9.288498724974613152e-01
6.325383158214243196e+01 7.352639658937315525e-01 7.480688083916209319e-01
7.803070441143272262e+01 4.177791419776570314e-01 6.402147201589004633e-01
7.306843095130651022e+01 6.230763949972164539e-01 5.649376688573245486e-01
7.674463100598514131e+01 5.633822935438577151e-01 5.007762561398939605e-01
6.631826812126048765e+01 7.155093203379577771e-01 6.664060014041801594e-01
6.582903497570224260e+01 5.085197180600981026e-01 5.899282138744957882e-01
6.965909336736822866e+01 3.927148997531383912e-01 6.589753672294462739e-01
6.731361456804852139e+01 5.590647806366410011e-01 6.201897743843260979e-01
7.296414062571514592e+01 7.856493962402221198e-01 5.286537886076391191e-01
7.473009203734979167e+01 5.107803503817837099e-01 6.877594629076938526e-01
7.420367949157042631e+01 5.300200277638245083e-01 5.796693749306046639e-01
7.054672507333069120e+01 6.733814860051907658e-01 7.156443459875789781e-01
6.136747721349465223e+01 7.186961419954033259e-01 6.318572075499732099e-01
6.818355996452180534e+01 8.481101397400269137e-01 7.397720221960246700e-01
7.468130999408879234e+01 4.523365069907543945e-01 4.787521805488038629e-01
7.089023893249751040e+01 2.825455634118300141e-01 7.513770847665259822e-01
7.213172423301969616e+01 5.923307346547236341e-01 7.880238046626371062e-01
8.339250970316415135e+01 3.443908633700032973e-01 6.509781332888229244e-01
8.343671755050881700e+01 5.821762381821095067e-01 6.615477462434592448e-01
8.361294552456523377e+01 5.866320887693083908e-01 5.297436204112853098e-01
6.720217559754088654e+01 5.837683467575832674e-01 5.496876265388477290e-01
8.262806395755492872e+01 4.925847711308600219e-01 3.331728316493848818e-01
5.674254278834623477e+01 9.851676608426872539e-01 7.522253165647699857e-01
7.047846994049986336e+01 5.409953990954227132e-01 6.367799995855278894e-01
7.237379355029864314e+01 5.372849160922288370e-01 7.438879988000736132e-01
7.644592953734527896e+01 5.674996593756679308e-01 3.575610974721879498e-01
7.233664379895564878e+01 5.822168207227753634e-01 4.875998435740749870e-01
7.140769612852746206e+01 4.726367869562120849e-01 6.693871454056983250e-01
7.623178924394497358e+01 3.273918673290597270e-01 6.661051939048945325e-01
7.331851896124592827e+01 5.772654428055528086e-01 7.204402351154159945e-01
7.838841372562700371e+01 4.215385792738604032e-01 3.652481905627944503e-01
5.729671535989007225e+01 8.452819764606108732e-01 8.982751335190791719e-01
6.598181693237090428e+01 8.499552397719446484e-01 6.897696241720288057e-01
6.931629258117247616e+01 4.171172206364549551e-01 5.467884390158831431e-01
7.505068485931066391e+01 6.229510928901930145e-01 5.701732798429040017e-01
6.744342839917692345e+01 7.644447461444876524e-01 6.261745970395898864e-01
6.673747512809056559e+01 6.975185799374995499e-01 5.953507350353099969e-01
6.653092119268107751e+01 5.166347365277887960e-01 7.099416024997853292e-01
6.870724459793585481e+01 4.608142091003357144e-01 6.317238546831220880e-01
7.453578211362248851e+01 6.764167735125971026e-01 5.222964968293063448e-01
5.013140230433059941e+01 8.735078257631632148e-01 1.026030099525583550e+00
8.058109582416790317e+01 3.610989739871829363e-01 2.789977468771193680e-01
1.155449453186459294e+02 4.076547247722845380e-01 2.594080130350553959e-01
6.233129967092955326e+01 6.880133616134502805e-01 4.338388493715676919e-01
7.849068350478745515e+01 6.537832231295561680e-01 4.706795105556592640e-01
7.000954319528030112e+01 9.036575876888052195e-01 5.860751967809699758e-01
6.594220099705339067e+01 9.030794772613291999e-01 6.573109230139808634e-01
6.391467449751342400e+01 6.908273935899743590e-01 6.261816369579356056e-01
7.514769712294246062e+01 4.851084927168106131e-01 6.807417237731911985e-01
8.910812902573583472e+01 4.325393101307118959e-01 3.338059198355898261e-01
7.835259842111341300e+01 3.475722979136752766e-01 4.332017350140647816e-01
6.171375850339760660e+01 7.488532217896525234e-01 7.581813623298667704e-01
8.482044685913547255e+01 4.589438949742735141e-01 5.035996003629150675e-01
6.079217388739776595e+01 5.686541630737985686e-01 6.644288817080044041e-01
8.021275937020563163e+01 4.397105412361713150e-01 5.244536026449195809e-01
8.151486578432383112e+01 8.220864452685437973e-01 3.749546039435911471e-01
7.273030920754187889e+01 6.132751441751701504e-01 6.157404152464990288e-01
8.629732746185041492e+01 6.015917518966208410e-01 3.983801532364675269e-01
7.393230858983726250e+01 5.685173263244144293e-01 6.015884294498619056e-01
7.300387286266635556e+01 5.433088757904472876e-01 6.847985617335613506e-01
7.387125784882661605e+01 6.695069419311256986e-01 5.182157887376688254e-01
9.060387247732151650e+01 2.608506584484717727e-01 5.307004679597328023e-01
7.892160114698785378e+01 2.810466173723443206e-01 5.821048760459104354e-01
5.872005645006188246e+01 5.849778986989845331e-01 9.406457842374896794e-01
6.162600703562694093e+01 6.466632282173689905e-01 7.810464328241607523e-01
6.399269310745867045e+01 6.183328271745894833e-01 7.397097167492717729e-01
9.859302080051851647e+01 3.061682314920440295e-01 3.310140914082819741e-01
9.384224556632898384e+01 5.008768824183644774e-01 3.706877880398084524e-01
7.598455324353918172e+01 5.148392504081550358e-01 7.036942967221733181e-01
5.704717815237010115e+01 9.551755319871544359e-01 6.580917420201994883e-01
6.797854059998188347e+01 5.969665138806731219e-01 7.599367233257708909e-01
7.866338713396105220e+01 4.856395740145728057e-01 6.405876317050160917e-01
6.813997678780879141e+01 6.119103445629373583e-01 7.324395393853513347e-01
9.361607630940547153e+01 4.685507132486251836e-01 1.880211645745517024e-01
6.946304422073318108e+01 4.192854542611824109e-01 7.190696339271323012e-01
6.813330746523185155e+01 5.447062044967737604e-01 7.114755519465253419e-01
6.733814536331730949e+01 8.215348536396162027e-01 6.578330067999434982e-01
8.386031761859317157e+01 5.121742431606807200e-01 5.934643916775773631e-01
6.925522414813414684e+01 3.954963903438217243e-01 5.564775267990256236e-01
6.784369161344720567e+01 6.080145348181655862e-01 8.235957840401145758e-01
8.375223784862627951e+01 4.145671980845139770e-01 3.575335169610023289e-01
5.005258038289921529e+01 9.584512771535987907e-01 9.762929951518776184e-01
8.580921811280845191e+01 5.450176163086049019e-01 4.222947450651879930e-01
6.612896657311529225e+01 5.279000294759289558e-01 8.002139783687197694e-01
8.297757198877755513e+01 7.133067685956820947e-01 2.357791092497680263e-01
7.507406694127593028e+01 7.122636797866489511e-01 5.159778154688806628e-01
7.176169123141285411e+01 7.220157621110770974e-01 6.552682630757635796e-01
8.969427112798787505e+01 5.407566044497348345e-01 2.509805653015412807e-01
6.147805611186502972e+01 9.652557892866240330e-01 7.528457601834039892e-01
8.167533283972693425e+01 4.295125114621841100e-01 5.658084950930892809e-01
7.120918512683475399e+01 4.737276079490523872e-01 5.015258187487239283e-01
6.801608556805003047e+01 5.647942431860836221e-01 6.795556381395426726e-01
7.920445909761126302e+01 6.436317879737938341e-01 3.134191077777010448e-01
9.190986327375341602e+01 5.186411180785366337e-01 4.449169574374084446e-01
7.032406250570734585e+01 5.591063536412661517e-01 6.424132208037069969e-01
6.427023613541345526e+01 9.768025502812099914e-01 5.118361910990498753e-01
7.534853800158913373e+01 4.133163940947647830e-01 9.556857227527383314e-01
6.588063989442279933e+01 7.001865487407982203e-01 3.950910638890240412e-01
8.894270482538553324e+01 4.276184526985403744e-01 4.177585474554788569e-01
7.582234871542071630e+01 3.434427678112684235e-01 6.410368724794464068e-01
6.636492370862701762e+01 6.186723443827503166e-01 7.726412301248136716e-01
7.028943236925749716e+01 6.578685597008471220e-01 5.052824647119521506e-01
9.331829443136179236e+01 5.018621320595005875e-01 4.728235319505545431e-01
7.305138080343995455e+01 4.572270443106444260e-01 7.114084446452084709e-01
6.107161719634240882e+01 8.099165000425030403e-01 7.721423628271262274e-01
6.531695399025183235e+01 5.976834792165186538e-01 6.182083447396301557e-01
5.521919433380870856e+01 9.601867337419508486e-01 8.052024337299763523e-01
8.537193099352633396e+01 6.178988056385344985e-01 4.239697824009427962e-01
6.340186321911294698e+01 6.136601630766934656e-01 6.168302443373242516e-01
7.348854028219072632e+01 3.682627299661104248e-01 5.534657452934346189e-01
7.118460390473090627e+01 5.294815789060349775e-01 6.993463946486967453e-01
6.998061630285869228e+01 5.608611631364692762e-01 7.824390036831463391e-01
7.692000824668579639e+01 9.876634648161960461e-01 2.273828767311371346e-01
7.518620901623555142e+01 6.652230195155161008e-01 6.580071216661734779e-01
8.273171051288497324e+01 2.370195753633705382e-01 5.700245914747560372e-01
9.476368355451312198e+01 5.541469919615776840e-01 3.807933070133206477e-01
8.238619548547612226e+01 5.029093293744760773e-01 5.160880929623639091e-01
6.332073178716407824e+01 5.747741845585273568e-01 5.878431465061088046e-01
8.470842664391908272e+01 5.890907676814475247e-01 4.100935967339757182e-01
7.240727183116202070e+01 4.540685266793189068e-01 6.529990285932746330e-01
1.063444194683749089e+02 2.591964277031748032e-01 2.184035668983279055e-01
6.234856113760950791e+01 8.727866219924365065e-01 7.346802881511811378e-01
7.420185718700572863e+01 7.247786206852019353e-01 5.861926434452023882e-01
7.377427283049186713e+01 7.236517421350866508e-01 7.116625505769570426e-01
8.045266485929064970e+01 6.190344830539563636e-01 3.932107804761694192e-01
7.850177430352462693e+01 4.368573058625657146e-01 6.676806500426072377e-01
7.302832375883430416e+01 3.404509142014099932e-01 7.327741277190705782e-01
6.107025147827331324e+01 8.914612059293069990e-01 6.290611646718714534e-01
7.074686799471606946e+01 4.582181343415048791e-01 8.807436112922721883e-01
1.041903205411903457e+02 4.220098433504316238e-01 2.913255214222117973e-01
8.243543999826275126e+01 4.343697378674921672e-01 8.860097065446179698e-01
6.764865843858679284e+01 7.445662779131313469e-01 6.159761704549139294e-01
6.140941572248153335e+01 7.287598641004746636e-01 8.837433745139925412e-01
7.352011281923697084e+01 6.187323712215296867e-01 7.100738176112175726e-01
8.820628634841460780e+01 5.193294294358261620e-01 4.743018370179614140e-01
6.285165963034483383e+01 6.145813955926876515e-01 7.449746060014782456e-01
6.683203295209003159e+01 7.629527001750735504e-01 4.999319274315906503e-01
8.487970579834301077e+01 3.373599399944982036e-01 4.882444373701636531e-01
7.658101327251161194e+01 4.067258792543865242e-01 5.930836481082618628e-01
7.381399470593332524e+01 7.487316085310365965e-01 4.375000353621402160e-01
7.136647647266784134e+01 7.994581739269325249e-01 5.975135054294502535e-01
7.549183647896921912e+01 4.821912540076729869e-01 7.639018496668344982e-01
9.492256379672039657e+01 3.400664316572502011e-01 2.384664435713620134e-01
8.590199773638836689e+01 7.737713534930071857e-01 4.233912274685681654e-01
4.876737262770830483e+01 9.426600619126750402e-01 1.156579375372066343e+00
5.834126654962045677e+01 7.190776201797117739e-01 9.898311583836407745e-01
5.837173663289892289e+01 6.997316991198287983e-01 9.278230611452580323e-01
6.403327842587071927e+01 6.522592347207910590e-01 8.411521774023063003e-01
6.599080859197380278e+01 7.992486256011827050e-01 5.828958945762128252e-01
7.486247022799875595e+01 6.266165318692190622e-01 5.482194168454219696e-01
5.856733177009472513e+01 8.160573110128882535e-01 7.279035418115706868e-01
6.301880474180741487e+01 7.515067878752288433e-01 8.645220340405653792e-01
9.543515990548034722e+01 3.119621453450701076e-01 2.395835048337007778e-01
5.618070449065631777e+01 8.306040673073802338e-01 8.364214357112402798e-01
6.754999320476126456e+01 7.819760993564186524e-01 6.222601187808257661e-01
6.611683063982344777e+01 6.944681877702597594e-01 7.960857901206424003e-01
8.384946343382983969e+01 2.996115545933451529e-01 6.279235955722002327e-01
6.514098135180729798e+01 5.559032055749479895e-01 8.313592691475497620e-01
5.930441086232282544e+01 6.627301694258771469e-01 8.598083750642622203e-01
6.692497492336877940e+01 6.177044481487469207e-01 7.198869350611939444e-01
7.085339207966654840e+01 5.103361351873639817e-01 8.430976438385164862e-01
6.671243835786755483e+01 5.484597836928569725e-01 6.029241717468852846e-01
5.878638768425020089e+01 7.265663819432794934e-01 9.155575709947841867e-01
8.843419527770045363e+01 2.508979531224728166e-01 4.003505048145917233e-01
9.015415392559228280e+01 3.151859595105834799e-01 5.165264610307501725e-01
7.085737068841129371e+01 4.817666218291222213e-01 5.834293441874766062e-01
8.329767825939202908e+01 2.834468646209660214e-01 4.565390360843596396e-01
8.744578023337331274e+01 4.784165432936032802e-01 4.595851241691912836e-01
7.692521390100860401e+01 5.534823413903641187e-01 5.038402122464973321e-01
5.679463773140570737e+01 9.384444553472202077e-01 8.159069961453450093e-01
6.276943000947315454e+01 7.498997272232046374e-01 9.021093545374082590e-01
7.744719629420451668e+01 4.845958898715483909e-01 3.739345656333670220e-01
6.855717382915642588e+01 5.810901853257725014e-01 6.894455172354523320e-01
5.254215895886536458e+01 9.540886443873184408e-01 7.002802467622312177e-01
7.072002532820756926e+01 4.310071069467231730e-01 6.257150568941118873e-01
7.813135515883902826e+01 3.626368146304109197e-01 7.375441616750426643e-01
7.056309741289797444e+01 5.365628455759752224e-01 7.706902698571403976e-01
6.947664554334910747e+01 5.336551367083470776e-01 5.941030130894426886e-01
7.882478175169765677e+01 7.982048354826557501e-01 4.541977466056386081e-01
7.651659603446755398e+01 4.448428093193267929e-01 6.238106037026428519e-01
6.743274558635495453e+01 6.459835396356653492e-01 6.897610946907207774e-01
6.685163404167622048e+01 5.142949530601373942e-01 8.457737311712547612e-01
7.624718510425466889e+01 7.666309999844530543e-01 5.268827280746868347e-01
6.612951409405762604e+01 6.010328041576781244e-01 6.869686936052145088e-01
8.724970627203853724e+01 5.590647806366410011e-01 2.499850676855681908e-01
8.449167835775392632e+01 2.579762622128843885e-01 4.691529676378868863e-01
6.333938631895291849e+01 9.025878361096335567e-01 8.665997078759586358e-01
9.848127531864265904e+01 4.252007689997597262e-01 2.601793548921163546e-01
6.120368228486302797e+01 5.584067870115511090e-01 5.687807729135047063e-01
7.129454938911743511e+01 5.314257456546329639e-01 5.445642190538737548e-01
7.523478920669035119e+01 4.230716771590454783e-01 6.317201296695227342e-01
6.888452688470370333e+01 4.683478983248522964e-01 7.132419330908732480e-01
7.418612048613989884e+01 3.519880822470525250e-01 7.482460216292190491e-01
8.382630833570995321e+01 4.446026263197828121e-01 3.910128253891744787e-01
7.210779080106097183e+01 8.318439521975159456e-01 4.778361507981750966e-01
9.504932235467120449e+01 4.895400154850748087e-01 3.361453491073581601e-01
7.327151947550127886e+01 7.434907531688409454e-01 7.287663870864937721e-01
4.626424537451602248e+01 9.433761192361411752e-01 9.873677449118415383e-01
6.611978317941391481e+01 6.629327238185546145e-01 5.924176537950543997e-01
8.366537428342178373e+01 5.192941921973509567e-01 4.485956829576404625e-01
6.232930598578628434e+01 8.573805681238981791e-01 7.104740428894268378e-01
8.311890042288554525e+01 4.400452101108542347e-01 6.208888629968576378e-01
9.190258463532148880e+01 4.365511175178745096e-01 4.625650685817604413e-01
6.977527977904888701e+01 5.575523607184235120e-01 6.444715143149237768e-01
7.598279086122789749e+01 4.142133146312461101e-01 5.982696690069626566e-01
5.958481557837690445e+01 7.485644422220795180e-01 8.023568413791068998e-01
7.670782866119516541e+01 6.561845348886830021e-01 6.252010019815050779e-01
7.822295892753017199e+01 8.938389262461523543e-01 3.889479698748911085e-01
6.694991541664506940e+01 4.230716771590454783e-01 8.336411515387653903e-01
6.900319368450197999e+01 5.411776100102917431e-01 6.197767673049506820e-01
7.198601439543533331e+01 4.327893790574171007e-01 5.514087137331729060e-01
6.949576816091295939e+01 5.247388880940951905e-01 9.472425959327972489e-01
7.548258962920219517e+01 7.475524107289780451e-01 5.699183160265467452e-01
5.646886750969846958e+01 6.998427070376554981e-01 8.963865351400566173e-01
8.851596157881800764e+01 1.907879987971281555e-01 4.583930140673258546e-01
7.558892135128033374e+01 4.964618419373760250e-01 7.449981775373729631e-01
7.642259820878064147e+01 5.581349597257099227e-01 5.109657706813318656e-01
8.259916674817394266e+01 3.628167798102218677e-01 2.847807572144317456e-01
7.598319504727707852e+01 5.101797270450519894e-01 6.715148648457816005e-01
6.380164323647318270e+01 6.338751620018484578e-01 7.329022324740929184e-01
7.678063134348144558e+01 4.001429461789730579e-01 6.038452386397938909e-01
8.712526187403020117e+01 3.956095902804396269e-01 2.489843664095297837e-01
8.637299619321014177e+01 3.395408231569106428e-01 3.793731287669023233e-01
6.716034155914304904e+01 8.376251944745566336e-01 3.531529156975834471e-01
6.792464295472353797e+01 6.360688020103185680e-01 7.411913387433629596e-01
6.436941419206591775e+01 7.048638494427612589e-01 6.283502237141606050e-01
9.145818780576789209e+01 4.105307242253993238e-01 4.582477873193653295e-01
8.138764543529504181e+01 7.634263107267797999e-01 4.359847784626639244e-01
8.316080549947220391e+01 6.068888725749049806e-01 2.727109768155352443e-01
5.890705269165358970e+01 8.104952389763198095e-01 9.817593083644562402e-01
8.634497280448904633e+01 4.996736213681535199e-01 3.344024122966636203e-01
8.895955329213711593e+01 3.323782526572757190e-01 3.000123732660632814e-01
9.330788458348222036e+01 4.400408816437729187e-01 3.242874442132008261e-01
7.702436460773944304e+01 4.210552094266044043e-01 5.384678679724300698e-01
9.166523210468241700e+01 7.689545887600262031e-01 2.297988824297271249e-01
6.638519990396075343e+01 5.868391974877891215e-01 5.391403527867338896e-01
7.588601831459904190e+01 8.499748594901550547e-01 4.461583627307994515e-01
9.990940916266518457e+01 4.149042961067911928e-01 2.794979078684193818e-01
7.349088832850193853e+01 5.920951089151835767e-01 4.889296141160212050e-01
7.741698643491908172e+01 6.571389703045934505e-01 4.669918738760669430e-01
8.856899000738691541e+01 3.141233821518440994e-01 3.559889300982592708e-01
7.512638425986459367e+01 6.474194160388304642e-01 7.203388832469941327e-01
7.683666267164210240e+01 5.430708522322978959e-01 4.963329483912222728e-01
9.074868318157713531e+01 5.170605764258322523e-01 4.634786461227844434e-01
6.699050464452498943e+01 4.508778199297385214e-01 8.300127854018092277e-01
7.079875988094374861e+01 8.133244438949869259e-01 4.555499301582728311e-01
7.014175434881443039e+01 6.039421058606045944e-01 4.619200924182931267e-01
7.007974921809140767e+01 3.027084538216778808e-01 4.557044101645313927e-01
7.989304110441591433e+01 4.669282156310841092e-01 4.399925000932415897e-01
8.677083667858684635e+01 2.530726831517597364e-01 4.063742459004650587e-01
7.247088883775550983e+01 4.011478173021486571e-01 6.461349089711917459e-01
8.306146037530078274e+01 5.807085769751764159e-01 3.286350793901552936e-01
5.033193581019286000e+01 8.396291672780549220e-01 1.133950110821069224e+00
6.446954923353523270e+01 6.429621807768400865e-01 7.537571046206007486e-01
7.698187400784638612e+01 5.392447610196378083e-01 5.012836656616120878e-01
6.218022560791979458e+01 5.466352240257583706e-01 7.091276038481283406e-01
7.629506376294186509e+01 4.721277151366444769e-01 6.989677130718984222e-01
6.440302499659196656e+01 6.391749229763189488e-01 7.248059389427464749e-01
7.135139598292759899e+01 5.391663101137219583e-01 6.495974378435791508e-01
9.027995590954972727e+01 3.178603409336938079e-01 6.555705914361189546e-01
8.443529923466807929e+01 6.135780356915918610e-01 2.152253966060495294e-01
7.007945354625775281e+01 4.078767318029972166e-01 6.436428107129684717e-01
8.402520590387850064e+01 4.490283113130433268e-01 6.708648135966015502e-01
5.986454346655920489e+01 7.719485710992850525e-01 4.665049446011576006e-01
6.571327916297127558e+01 5.726811735814935078e-01 6.368177234504721618e-01
7.195084983296942482e+01 5.875604786635816312e-01 6.401273963261229216e-01
7.583493571071669237e+01 3.596262743409596174e-01 6.275166431315163384e-01
7.449899575981140742e+01 5.289844928647795541e-01 6.454565427327355609e-01
7.197688202018584036e+01 4.786459302627187884e-01 6.229674962474625044e-01
5.437643250268286721e+01 5.702210807102263690e-01 7.657171053886775436e-01
5.656905057627415090e+01 7.045386568524575344e-01 8.463665013993819652e-01
6.281652653274680631e+01 7.664237663878450402e-01 6.876006339627273034e-01
6.609076984699495938e+01 5.078545647422696430e-01 7.874582225852428952e-01
6.846070034963797468e+01 8.463661369087336350e-01 4.765704920302434866e-01
8.094515613639410390e+01 5.748212078920105217e-01 4.098431017627011119e-01
7.482924269455351407e+01 5.439953033354192335e-01 6.768348239495527441e-01
8.016926622524107415e+01 6.552883479352537011e-01 4.490404548997188883e-01
5.703187035427531271e+01 6.991944444903716027e-01 8.028468882625777736e-01
5.731775879714199107e+01 7.176980069312742794e-01 1.065166756064827913e+00
9.564346634918302925e+01 3.944089065053815180e-01 2.826591787474242445e-01
6.442651146272612550e+01 6.607043628723671125e-01 9.228798391741749318e-01
7.961396607241444201e+01 3.435842420676952780e-01 5.632901630198301479e-01
8.304016510581563182e+01 7.036822078535043268e-01 3.685921728982784473e-01
7.330715309369172417e+01 4.431385594394818273e-01 5.404240273207038259e-01
6.967775781790169276e+01 5.386728953396273667e-01 7.713979878997911932e-01
6.054176351307017967e+01 6.084367242148751576e-01 7.521461854526112489e-01
6.965008283906790609e+01 4.845427408719030771e-01 6.777104238339161091e-01
8.189216503869725727e+01 2.887965838281923991e-01 3.758763118151453031e-01
7.078661069740816458e+01 6.136973192901320484e-01 6.143319884106851481e-01
7.932651523789822079e+01 2.825455634118300141e-01 5.651203084827391976e-01
6.661287878404040441e+01 4.475218776539305332e-01 8.712600667525051135e-01
5.893552188201137909e+01 9.630216133367713871e-01 8.181050507114490111e-01
6.831387511536922830e+01 4.190486939947704048e-01 7.313940952734770962e-01
5.880690196367168454e+01 8.947784510118387269e-01 9.147822150121225349e-01
6.978196125889699886e+01 4.123272626632557003e-01 7.615179880649709521e-01
8.367377822063080828e+01 5.699780188155740834e-01 6.146266234538092510e-01
6.991574237572844197e+01 6.327578971479828063e-01 6.659604266811798290e-01
8.544789404038614578e+01 5.810991475838729325e-01 4.486011784151939241e-01
8.404170501468168197e+01 6.606127034085824690e-01 3.168328745908555177e-01
8.850379278565600316e+01 7.528035829933366063e-01 2.509283107010904512e-01
7.947432861587788011e+01 3.641807875515732928e-01 4.430932855604739484e-01
7.421644860242301434e+01 6.526579859293057950e-01 6.353707606003323738e-01
6.474150002361201928e+01 7.293766977767264237e-01 4.823737473644904572e-01
7.235682808004165167e+01 4.356749108386395730e-01 7.131077092389958016e-01
8.078837728883995339e+01 4.400306186367122230e-01 7.792475207922819891e-01
8.189951979804308735e+01 2.635259896926829271e-01 6.360084934612955099e-01
9.071425433439787867e+01 5.590212089309081200e-01 3.725080023370551108e-01
8.308012721993092953e+01 4.842338294200003168e-01 4.586861389750863105e-01
8.859602471239119836e+01 3.569757035557585279e-01 5.936775996254427534e-01
7.046829266474343001e+01 5.195034803333183904e-01 5.594091448022187052e-01
7.075843971145363298e+01 4.774702893326189246e-01 5.016906878290051663e-01
6.398219001281899665e+01 8.371683654624078041e-01 6.650463195876191724e-01
7.287373700407259491e+01 3.809038426280778600e-01 4.707349232551406026e-01
7.364265093698941200e+01 6.728055300626961666e-01 4.933782067962035889e-01
7.826620025279106585e+01 6.694884351302609060e-01 4.112758718737088981e-01
9.040841229764058085e+01 3.401743147434294068e-01 4.572145074981942559e-01
5.524343786666257472e+01 7.624385474104318217e-01 6.512979011222982395e-01
6.696958558734394273e+01 7.019427871021783893e-01 5.915129094085701533e-01
7.539609635753717498e+01 5.054616157598593729e-01 6.563299167081603214e-01
1.058507682365937796e+02 3.649591820387981245e-01 3.091893645046951966e-01
7.657492375863209588e+01 5.442924569845623006e-01 4.857294583616878492e-01
7.886746059681706811e+01 3.276660395734076747e-01 6.218045951027120211e-01
5.563586878720781215e+01 6.633647806244763467e-01 8.080731404544762020e-01
6.629183605279699520e+01 5.695193793706286867e-01 7.355610713266051981e-01
5.662788618043663291e+01 8.012579927124847678e-01 8.844296899937222900e-01
6.994250569892157898e+01 5.523544618408900986e-01 7.036627271109796578e-01
8.666403568908442878e+01 5.823704375101302899e-01 2.216246238499915144e-01
9.969782724520567285e+01 5.300847256003897723e-01 3.027174572276913334e-01
8.820080196087296542e+01 6.773798345062244097e-01 4.213639469583708719e-01
6.462032577510993292e+01 4.688949479413666022e-01 9.790901464204576632e-01
5.954123607989836842e+01 7.938460381942341604e-01 8.565941400958011487e-01
6.620189691213201399e+01 4.576507022399555757e-01 6.566602335514251099e-01
6.855970592711146594e+01 5.553645040843735448e-01 9.120184112132019294e-01
6.238258609628488216e+01 5.508164234617678456e-01 6.865006179387223018e-01
7.758269091993527411e+01 6.114281218316111044e-01 3.179526101449806630e-01
7.996478947514458469e+01 2.922795658593752011e-01 5.270208400655482794e-01
9.831672700070627968e+01 4.017292353598329591e-01 4.709248813679601242e-01
7.718343927374043290e+01 4.812722626922442126e-01 7.003977956272764427e-01
9.239042149611773880e+01 3.569757035557585279e-01 5.282266030784692479e-01
5.234790515680285239e+01 7.900312969227784032e-01 8.559222323985283820e-01
6.251949404762343221e+01 6.586826223478090547e-01 1.026529675743852232e+00
8.344415996967339311e+01 3.977145723743109595e-01 6.070163573908029520e-01
7.206828190169699155e+01 6.508163486258389252e-01 3.741593303845370810e-01
7.814015833059029603e+01 3.753675631735798324e-01 6.108521237884869670e-01
6.959614661461658613e+01 5.310381328866632389e-01 4.902924234345039101e-01
7.383668679284224368e+01 5.835341454584195287e-01 5.318475802866684532e-01
9.123037320824151664e+01 4.559946765039935013e-01 3.826828233188088180e-01
8.385970857515370369e+01 3.937472431691839136e-01 6.453128963159778797e-01
9.499700373781513463e+01 4.182934440193116776e-01 1.891261361439452171e-01
8.364073318968434023e+01 3.607714262344465239e-01 5.669441790135343329e-01
7.275995847365349789e+01 5.457824937921833541e-01 5.839736912677343517e-01
5.962827878925835279e+01 6.591121507040339500e-01 9.067857115554043279e-01
6.959858863589050770e+01 6.540080575388386164e-01 7.339364542482713638e-01
5.947709771715363303e+01 7.773525234789019356e-01 9.051070806926827528e-01
7.693049674116558379e+01 6.961854845649545487e-01 4.425534047100002644e-01
7.920247489964077658e+01 4.357660986854260954e-01 4.008211251048064971e-01
7.818416972001675447e+01 4.733784259267718730e-01 4.420350104598619878e-01
6.123173863334731948e+01 7.124464637721998894e-01 7.861248502984288233e-01
7.103275705181157207e+01 6.553630074600675925e-01 6.494902473592191194e-01
7.221046528456591318e+01 9.068090929342228490e-01 3.117676312805304772e-01
7.950314199816061489e+01 2.435177243734600872e-01 3.764887430805174962e-01
6.360014621480119956e+01 5.438854230300346204e-01 8.861189343002354724e-01
5.533750259652433101e+01 8.241529967290285308e-01 8.561672497025815121e-01
7.312603580761391697e+01 6.269033172068663173e-01 7.829473259430368426e-01
9.411890825449511055e+01 3.366331589451000417e-01 6.225122330050680830e-01
7.306193592507234769e+01 5.526086963701862809e-01 5.747175125223877856e-01
6.328484623659100095e+01 8.821526791144870261e-01 6.899851443134542572e-01
8.926177377929491286e+01 4.197801406172032013e-01 3.607514712885357411e-01
9.694541382120011974e+01 6.581190056235733943e-01 1.726776494004618745e-01
5.988836602583760538e+01 6.069963956462720578e-01 6.660470074764326398e-01
7.282534751239343507e+01 5.036186087781041598e-01 5.240482028748545407e-01
5.241790727979021369e+01 8.453298625391494348e-01 1.008518566718739295e+00
6.685110439110964364e+01 5.001153625957565074e-01 7.383035188189671638e-01
6.896782034997301025e+01 5.346030473468780242e-01 7.445399809571783267e-01
5.776204686198329341e+01 5.547979332687292819e-01 7.391722672161329388e-01
6.452358651102474596e+01 6.399931273918865182e-01 8.762177762594638430e-01
5.528530498126224302e+01 6.402495084917171342e-01 7.963205056688936745e-01
5.478984000553244726e+01 8.100225924239130570e-01 9.544603523059582706e-01
5.405340808863695656e+01 9.951024687071832187e-01 8.804943775851968857e-01
9.917862364889366233e+01 4.161289677526205377e-01 4.824197452112963802e-01
5.616792314272723274e+01 7.558257923312238225e-01 7.790982363024929747e-01
7.819161444821541807e+01 5.840587027245748297e-01 1.983318372592896839e-01
6.716005914153664946e+01 7.231781896394211540e-01 7.349876025933165247e-01
7.407398824840697671e+01 4.483931994018166556e-01 5.981103866450154793e-01
6.058067892426573309e+01 4.890328040967624190e-01 7.102749893167494832e-01
7.746361450374882907e+01 5.369070672392406429e-01 8.245171091669132313e-01
8.244233168533291689e+01 5.933838375554870703e-01 4.199438274842781094e-01
9.155607981891185432e+01 4.639311332178563951e-01 3.063306143793075309e-01
7.992201564511755407e+01 9.357919398045162485e-01 3.082504133063298513e-01
7.119575545884417522e+01 5.779098153293060758e-01 9.426717099722642379e-01
6.749350130135465520e+01 4.829677595184376226e-01 8.907934473602219239e-01
7.948451657844249496e+01 4.442609150449706723e-01 5.414307751256978163e-01
6.541983945604170003e+01 8.900486832533982540e-01 4.602568700002762636e-01
7.242752162160979879e+01 6.568792212361507232e-01 7.745428412070982649e-01
6.813839164850421071e+01 5.432423069814187322e-01 6.857106136657902251e-01
8.319937324161976733e+01 4.660085948068634076e-01 2.771113033679310500e-01
8.032468462882286531e+01 5.352596315367661450e-01 5.874003189580728757e-01
6.016654211528798868e+01 7.721306731697296089e-01 6.290469512472638414e-01
7.013112202817335117e+01 6.764525104953303947e-01 4.189334937493788269e-01
5.705182623045457291e+01 7.233837916004326463e-01 7.694222371117193093e-01
6.578711376874150574e+01 9.643352994138212342e-01 5.144669266116969064e-01
5.922989297251560714e+01 7.348883135427638491e-01 9.807028868756934026e-01
8.043969413508656885e+01 3.212050280002719527e-01 6.580805214899944078e-01
8.548502388060208546e+01 2.892840904364480936e-01 7.296942000802606465e-01
7.368549287903390166e+01 3.534139941856572209e-01 5.768170295168059125e-01
7.113130601685773513e+01 5.001116521168944562e-01 5.385369133256706631e-01
8.936090424620950046e+01 4.797546135026727887e-01 2.471657593452273038e-01
6.416122773119309386e+01 5.629795179188892273e-01 8.606626497260772002e-01
6.842920255441025290e+01 4.199960750664227804e-01 5.898424347923137967e-01
6.683760531998085241e+01 5.174202234376829024e-01 6.424892764250738075e-01
7.967456843116470111e+01 4.184472188613601595e-01 6.228370300079937305e-01
7.038677395235575318e+01 4.774031460205159783e-01 6.501034708398193418e-01
7.985828862451495525e+01 4.128773672132816097e-01 7.152507568005995742e-01
7.858459099752317911e+01 4.433059118159159984e-01 6.706508023199857504e-01
5.403722423894384264e+01 8.966777518141871850e-01 6.983839620292412453e-01
9.478088446392007427e+01 4.457145384172768732e-01 3.682461472425510030e-01
5.853180066782461211e+01 7.605477033068935855e-01 8.823721249458510441e-01
8.384087102390050461e+01 3.276660395734076747e-01 5.255997276499834170e-01
7.700581060881856388e+01 6.616349967202165283e-01 5.376399399455219497e-01
6.854801496226785673e+01 5.042420392349890035e-01 8.612515631594730436e-01
5.720343082558996173e+01 8.769139972480733958e-01 1.027828197117645281e+00
7.349591712932495113e+01 3.361921130461298923e-01 5.634435828293393733e-01
6.789351031386726731e+01 4.650665755142892044e-01 9.321376872924266310e-01
7.805084366993641254e+01 4.445254628938455910e-01 5.661892204130681838e-01
7.142616302527102334e+01 7.547458485579453535e-01 5.670276164827668941e-01
7.200247764893165936e+01 6.389311837599909172e-01 6.979701809166010129e-01
6.336264458995076154e+01 5.207188725921281236e-01 6.510548238163633705e-01
6.683302052646824620e+01 7.399715214150930365e-01 6.546964229486391673e-01
8.812054959644528651e+01 4.781219187962452155e-01 2.294333216956045418e-01
6.740026624832289315e+01 4.512310470973149856e-01 7.369044147197707506e-01
7.622499952723674710e+01 6.643262690324992503e-01 6.682379900122215055e-01
7.082283021596074946e+01 7.085020650361533168e-01 6.822026123032680633e-01
6.170424332136025924e+01 9.384444553472202077e-01 6.714211932374191116e-01
6.297774877579396247e+01 7.326195378028353966e-01 7.695945340433455462e-01
7.988229745091260270e+01 8.158735460375440285e-01 5.340516473665846142e-01
7.995600987283263805e+01 5.197742141538765903e-01 7.719556069060342640e-01
6.486051659332005670e+01 6.034074342079529529e-01 7.343494302600935830e-01
7.782717339530472600e+01 4.102582278079108802e-01 5.539972059077301614e-01
7.955135572215039019e+01 8.894166863085084529e-01 3.466363838494770921e-01
5.919345094856835487e+01 9.369083474650560239e-01 7.883924370616605115e-01
7.918998265450993301e+01 4.306464802328082708e-01 8.469000130747040833e-01
6.167040789560828529e+01 7.497275547399914197e-01 8.076921136748127505e-01
7.883863446218074955e+01 5.948335303735863278e-01 3.847775363533376125e-01
7.368607321190951609e+01 9.462573572161859792e-01 4.826856044534333923e-01
7.445172739103090009e+01 5.426927753007657618e-01 6.622279205157661774e-01
8.844001652527055057e+01 3.829777078176830329e-01 3.914586952257870234e-01
8.284201143794577149e+01 5.134605272814072308e-01 5.955201679163569795e-01
6.080468854843916660e+01 7.305811935792626555e-01 8.008820144316136647e-01
6.244859472990038540e+01 6.476695142936241822e-01 7.016597484637986382e-01
7.530451963292914286e+01 3.569280499318853161e-01 5.821721004365910668e-01
5.037054576113806093e+01 8.826129055605277385e-01 8.123034329008527177e-01
6.869984778033953887e+01 6.077593518993141819e-01 5.856826982835795503e-01
6.855944395542933023e+01 8.249188749487444960e-01 4.932877820093877208e-01
7.434985977390611822e+01 3.661799402860628772e-01 6.686176729487353088e-01
7.643688105634478802e+01 4.391834850954043912e-01 6.988471822166423264e-01
7.080422527800189414e+01 5.940203736783662425e-01 6.089647129490470823e-01
7.476619667259089397e+01 5.302802729045217323e-01 4.966256808542617862e-01
6.792726795831821107e+01 6.860796039214119846e-01 8.619908293325019288e-01
9.395210863644425103e+01 5.308598926108689664e-01 2.288100999067617936e-01
6.471979887594990544e+01 8.779377342846821364e-01 6.181399172876047565e-01
8.507814649366363824e+01 3.646830230287802510e-01 4.992094357568019336e-01
7.073108093304813337e+01 4.768021811198592808e-01 6.872431246026632357e-01
8.110889141723141904e+01 4.040936474158212111e-01 4.111625495066706382e-01
6.857136696850704993e+01 7.020794700227631635e-01 5.152802779580090142e-01
7.299946327113944733e+01 5.446566414824617341e-01 5.422369556586835726e-01
6.809926979625647903e+01 5.391028091452777504e-01 5.127489664457904883e-01
9.049702902044938924e+01 3.625854750571577689e-01 4.565646124163272312e-01
7.334284399511770403e+01 6.924950336453208344e-01 4.512833727457528643e-01
6.334182346430785771e+01 6.017521678274381225e-01 9.793846015602706290e-01
5.385436945208602566e+01 9.527168352007128194e-01 8.836614564813295436e-01
7.139277636866026455e+01 5.435288024419214770e-01 6.840626757412121561e-01
7.175766171858036557e+01 6.079871710002350271e-01 6.045553498043650942e-01
8.260778308425456373e+01 6.607043628723671125e-01 4.996703140386408726e-01
1.020139825876454722e+02 4.934142251979157234e-01 2.334716948423397609e-01
7.260396672985234545e+01 6.550456778709020655e-01 5.409505160549171743e-01
6.331820913777265503e+01 6.680552064541561696e-01 7.800568199071589159e-01
8.301106423727559047e+01 5.983689862732389786e-01 3.712829855382653865e-01
6.660748253143262332e+01 5.324891502530700871e-01 8.760871189063430542e-01
8.370094474109941984e+01 3.825923590936169405e-01 5.078920601242209454e-01
6.731650523238663197e+01 7.099404288676506303e-01 6.289785041788359399e-01
6.145394270934882996e+01 6.911653349964064219e-01 7.455560257109603572e-01
6.222240936393671973e+01 7.296468305069342408e-01 7.985255014065837376e-01
7.142522399790895804e+01 4.714906779654494118e-01 6.370058566903906705e-01
6.630576292130423610e+01 8.795635130799257517e-01 4.854853433615023972e-01
8.295358688840003936e+01 6.958440067600382140e-01 3.636977524816208951e-01
5.686958573226867486e+01 6.905693057334505447e-01 9.049683342168114430e-01
7.591723192620452210e+01 4.801573014623010116e-01 6.269951744297642682e-01
8.283291192427914496e+01 2.987885827023807339e-01 4.438654542210314635e-01
8.829880617569511969e+01 5.484597836928569725e-01 2.110580497229260777e-01
6.284654525697936833e+01 7.161930438259358489e-01 7.836889767230439396e-01
6.734945489735086710e+01 7.586339722494626070e-01 8.343125447457682142e-01
6.702672156066900300e+01 6.105990301699956158e-01 8.283342396371988769e-01
8.023162306686303680e+01 3.113502699930942308e-01 5.225752057663847205e-01
7.861123638390223789e+01 2.808040083721070612e-01 4.868530934839106483e-01
7.568789593523061399e+01 4.829295136361247964e-01 6.572349970903947902e-01
6.329204663143615051e+01 9.807084806449786196e-01 5.316596185380821904e-01
7.466757681990956996e+01 6.720772071657253877e-01 4.406425731404936541e-01
5.680375182192766914e+01 8.104952389763198095e-01 1.055138899380508644e+00
8.223921450756972717e+01 7.891829688135491017e-01 4.443400354835186361e-01
7.613922620108004935e+01 7.752860556627747535e-01 6.176840262956708738e-01
6.004772804875242542e+01 7.399075030146429199e-01 7.720175843057683895e-01
7.289374901001913543e+01 5.036186087781041598e-01 5.226180777825636392e-01
8.753752200465804378e+01 6.851535514859778964e-01 3.213910715206778623e-01
5.377298684026589370e+01 7.343187776229793684e-01 1.010525848622646716e+00
7.498469598195572416e+01 6.439696104810002097e-01 7.128171064520493205e-01
8.250820059420290420e+01 5.389992755820184334e-01 4.271272328325773637e-01
7.485749406240420001e+01 5.456041768383081969e-01 6.638241976971658298e-01
5.791136603500184776e+01 7.996614082860042938e-01 7.353867967690186358e-01
6.585262184843364253e+01 4.172407947652289062e-01 8.471389078473462453e-01
6.675638447146995702e+01 8.605354946130611138e-01 4.696761781928127655e-01
6.545270575812618574e+01 5.168776675467130488e-01 9.329385780860950383e-01
6.794027155722660893e+01 5.023831224275548957e-01 6.974555349379254476e-01
6.310771177756126349e+01 6.372920822970458143e-01 8.291281168119190026e-01
9.814630093087374973e+01 4.579548223583833066e-01 3.484788396988625081e-01
7.797365034494620772e+01 3.388270551852234358e-01 4.332859819386860600e-01
5.832706144773490564e+01 6.029877662921288017e-01 8.062907231218214843e-01
6.032300186781560569e+01 7.911771199306170121e-01 4.776358311100035170e-01
9.685465450400938892e+01 3.099820256772736204e-01 3.398266780728450009e-01
8.369269997678313189e+01 4.929600550434420914e-01 5.719595620226849420e-01
6.944364652647853120e+01 5.476576514159398057e-01 6.980967431633490206e-01
6.815714557291056508e+01 6.100491420641436235e-01 8.248138027868523459e-01
7.543997905957060368e+01 4.893975554723212218e-01 3.961436802206811381e-01
8.089871744148848620e+01 3.821297125062779187e-01 3.467783352536092933e-01
6.929946860665734221e+01 5.969665138806731219e-01 7.263902942613160718e-01
8.137652704348191435e+01 5.871952132496660592e-01 5.199685277046642851e-01
7.409968197630898601e+01 5.286867883944385005e-01 7.286495243117703247e-01
5.459697161764829332e+01 9.548992687176207639e-01 9.720079119772537801e-01
6.012731676316772678e+01 8.064243592648505654e-01 6.327970427600989600e-01
7.365292667136631621e+01 3.755276924374447156e-01 5.744186312840899866e-01
6.935144065507388689e+01 9.262926429696796138e-01 6.665123162303667748e-01
8.205103574606678762e+01 4.787266680229373961e-01 6.192888827289299014e-01
6.968281404360020304e+01 4.956348558081976052e-01 5.926396131269981993e-01
8.131879120663128901e+01 7.239425221072380845e-01 5.266302924320458434e-01
6.468725719583066791e+01 6.616349967202165283e-01 8.304564937966140148e-01
7.713827905176238175e+01 8.041981116105414440e-01 6.120179439906626717e-01
7.040439278283975000e+01 4.171172206364549551e-01 5.228828168536249210e-01
7.276888713961103861e+01 4.776716085144649959e-01 7.408725758984738841e-01
9.199193905630657753e+01 4.819709546877278816e-01 3.223078157483493245e-01
5.940676724986667523e+01 5.823611833302599905e-01 7.536303492466810416e-01
8.240478919301158101e+01 9.274034319138008131e-01 2.849014121254426768e-01
8.305931642495181677e+01 5.539195522246618264e-01 5.029503657520911775e-01
1.016243540389891820e+02 3.853698247089777373e-01 3.176779450782517000e-01
6.632824751127189700e+01 5.269423889252794480e-01 7.202628485037142481e-01
7.270123382079425767e+01 4.778912349889937738e-01 5.293997660903143609e-01
7.490571638694558487e+01 7.684770716837603377e-01 4.191464300383639929e-01
6.495806004967299430e+01 5.207188725921281236e-01 6.105037607342559403e-01
6.874647588476693727e+01 5.530925457171976811e-01 5.586499325377489722e-01
8.724709366333031824e+01 3.237338877862956932e-01 4.367927312710789822e-01
6.014937196540130770e+01 7.112102819086580929e-01 8.677651375083722529e-01
7.730255623458037917e+01 4.147651334636752174e-01 6.811970564805662764e-01
7.470101121247421361e+01 3.058604641537618352e-01 5.654596651627671333e-01
6.527242941534018428e+01 7.741219098531179066e-01 6.437603282280224271e-01
9.625653319648196771e+01 4.789751386352145146e-01 1.861213593361869534e-01
7.046095421885284793e+01 6.156373101538195058e-01 6.832198955413312236e-01
7.115819170328950349e+01 7.803796727665658350e-01 5.646840839387569089e-01
7.562678628702501271e+01 3.330353727038105616e-01 5.242284600393873895e-01
7.168326435780687689e+01 5.601913487340165476e-01 6.101627211600284539e-01
8.158800713093884838e+01 3.481054914115229160e-01 6.709605344472544530e-01
7.154260060640180541e+01 4.066398536913045092e-01 5.945270235227115840e-01
8.215905953200089584e+01 7.021109250128354518e-01 2.927400898330777546e-01
5.763563484952924654e+01 7.614568308952206488e-01 7.324146122564235695e-01
8.340131298791349934e+01 4.266271758676037362e-01 6.193704290911165034e-01
7.929898922690304630e+01 8.105894629854486499e-01 3.002788686872511215e-01
6.436526438786796689e+01 5.508164234617678456e-01 6.345504209539210017e-01
7.307346627065940936e+01 8.038512311797776366e-01 3.761499916745713046e-01
7.740240674102258822e+01 5.661648220809257781e-01 8.979346532663025071e-01
7.464847174856919310e+01 5.985718092476101093e-01 5.629534974670968861e-01
7.240791075432579760e+01 4.801573014623010116e-01 7.058491083810318756e-01
7.111081254732468437e+01 4.504934243514844838e-01 6.336301870083252963e-01
6.642329610401806406e+01 5.925078162686957528e-01 5.641903683505248290e-01
7.619292414746878706e+01 3.487471516664576998e-01 7.251638714586170487e-01
7.170064288134089736e+01 5.955267626280337234e-01 9.759052960579329694e-01
7.283580748293553597e+01 6.154970585328655153e-01 7.879836099917060244e-01
8.833616107780179050e+01 4.628039837815333124e-01 3.839824881265068712e-01
7.710732729786917616e+01 6.526024210777877643e-01 4.413322818293460847e-01
7.242063013400715477e+01 5.215056842577455720e-01 5.661805177629718466e-01
7.684569457640265000e+01 4.201944924554972816e-01 7.872316823612123260e-01
6.812246246188010446e+01 6.037068035488344364e-01 6.046470730732758092e-01
7.493876864916892089e+01 5.053396035214389181e-01 6.855361020320263066e-01
6.228026925541177405e+01 6.318606199572830429e-01 8.887208004448161613e-01
9.223047761737871042e+01 2.771114706973340502e-01 5.062150125288293889e-01
8.783965187062587177e+01 5.127055703440278611e-01 3.870346410234686840e-01
7.612837261725888993e+01 6.153322898456089485e-01 4.773595721722075913e-01
5.544467341541965766e+01 6.663615385183790929e-01 1.074706963067956877e+00
6.438781913303127169e+01 9.463332416124223823e-01 5.894223686712717347e-01
6.650528062408184837e+01 7.185146105220279189e-01 5.207987854633057134e-01
5.647272322928881039e+01 7.449557415149155037e-01 9.746561458924770660e-01
6.800390326027719823e+01 5.910426583393105782e-01 6.101919853174271324e-01
7.327641136731871541e+01 4.356927089322209512e-01 9.262282004021773485e-01
6.920828515479372811e+01 9.053879695374730252e-01 4.865344484391397328e-01
1.024920978355873729e+02 2.866966239839538466e-01 4.967705144067591227e-01
7.126117388305263489e+01 7.543044620175506365e-01 6.142819958142428094e-01
6.598883335346290835e+01 5.384710482223697969e-01 8.071843968088860954e-01
7.636234703912364807e+01 4.714715817142848264e-01 6.455446286324895144e-01
8.362660954762701238e+01 6.515729617944672203e-01 3.595903339265094090e-01
6.248510633466280950e+01 5.336992342788983157e-01 7.334722840971300561e-01
7.568279185857480229e+01 5.373301584608551895e-01 4.563369993797632973e-01
5.819796611077629933e+01 6.173206796503725169e-01 7.054502868893481882e-01
7.004155073418301924e+01 3.682627299661104248e-01 6.299172248949722608e-01
7.212170663003256266e+01 4.561866641285873825e-01 7.364960682703618478e-01
5.822116865014290710e+01 9.317444310503592009e-01 5.700075955066841171e-01
4.962294005483295933e+01 9.307057593717438237e-01 1.168186122811585070e+00
5.994126997414985425e+01 8.218284350290349094e-01 5.831916981559739366e-01
9.045458596694612652e+01 4.491056801198645143e-01 3.428153885352510089e-01
6.771004266878226474e+01 4.533289360329706974e-01 7.043873471550341492e-01
6.030382535480925554e+01 6.040483335164563705e-01 8.729775322784288916e-01
7.749229698512564823e+01 4.551687364523590018e-01 5.552997483496209252e-01
7.646634427465333772e+01 4.971662734601878242e-01 5.852341464711605656e-01
7.882415451057525502e+01 6.056096542796182147e-01 7.288942817866379542e-01
6.894654106790467551e+01 3.627969079150891729e-01 5.753190561514676116e-01
7.774993478511916578e+01 7.132679646333869306e-01 5.148712384842096812e-01
7.872997760647940879e+01 3.865909337772788779e-01 6.675140015433648211e-01
7.258123449917285086e+01 3.696942397280494341e-01 6.464872886856436462e-01
6.152005556634740202e+01 8.177634485091294092e-01 7.339152089184838301e-01
7.015799287722418853e+01 5.413067621759635184e-01 5.543356576753101228e-01
8.403858186627741134e+01 4.879148010561381033e-01 6.177322008637332607e-01
7.355696386230145833e+01 6.262389810846352711e-01 6.352814700886222354e-01
8.576812251891944072e+01 3.419337787594998734e-01 3.369153554073229251e-01
7.765529804760824106e+01 5.606308119299059367e-01 5.300569695470962461e-01
6.813132352668483804e+01 6.183086714236295522e-01 3.991789101625647929e-01
7.174681729593511648e+01 5.734320962626219265e-01 7.737978463221708569e-01
7.412214495304736772e+01 5.799192447041213727e-01 6.943223928497062047e-01
6.157158576664483718e+01 5.994034882814728293e-01 8.672587130650566412e-01
5.916060951728651673e+01 6.630665099653019201e-01 7.450244485705409536e-01
7.228081561485393536e+01 4.776110718091481910e-01 7.984119146171684278e-01
6.999245645414509909e+01 6.125110439568705045e-01 7.095870906944513612e-01
6.783220584164641309e+01 6.604957748555696506e-01 5.916560380189380686e-01
5.317920237278192275e+01 8.031922518279692724e-01 1.005273212871272248e+00
1.004718604334107681e+02 4.724540948759001768e-01 3.994270574215828540e-01
6.908814891191963170e+01 5.446356883824298167e-01 6.024241746749086079e-01
7.563272863210760022e+01 3.943792943117275795e-01 6.760418709286964978e-01
8.282546671004982386e+01 4.195512975057996141e-01 5.674741737887143422e-01
8.274827933301357064e+01 3.809038426280778600e-01 2.952287451038256294e-01
6.589189328535843515e+01 5.991228725481397843e-01 8.771155878667689088e-01
6.885433951705721256e+01 5.517451985975385664e-01 5.927832692786417779e-01
6.907455483633090410e+01 5.358714241555857516e-01 7.160333538285064137e-01
8.609676177254499407e+01 6.084258010268328576e-01 2.641987661225673745e-01
8.428860558042418916e+01 5.406975007973383596e-01 4.898105044599798119e-01
8.944588101393748047e+01 5.330996698226017072e-01 3.921372184885418277e-01
7.145751059884500478e+01 6.290087824474598355e-01 7.035818765559913590e-01
7.658257142244923443e+01 6.293939968790343009e-01 4.496368813160112610e-01
8.497573339717327201e+01 4.476686706771136892e-01 2.935017516854567798e-01
7.793668809757495808e+01 3.360331966825133576e-01 6.467744926409503270e-01
7.376479452148875282e+01 4.865534377310081759e-01 8.276542471859796857e-01
8.011256244243608649e+01 6.830544576684152158e-01 3.721733102593951514e-01
7.982751573684565471e+01 3.354943529294718285e-01 6.670895839813163475e-01
8.287249013784033025e+01 5.305508845523200234e-01 3.022840247770126054e-01
1.001020492827779975e+02 4.962844778215501074e-01 1.170716364069304405e-01
7.024516204300944366e+01 6.318606199572830429e-01 6.745642913881801928e-01
7.180255622182924924e+01 4.864706627055129240e-01 8.151498617590533513e-01
8.774167920449127678e+01 3.252285804218242315e-01 3.465900250738772614e-01
7.078366459306408842e+01 5.740780417758150067e-01 4.527406936497615497e-01
5.720561102817386967e+01 6.714219643511902813e-01 7.384216375387011588e-01
8.214107480161864316e+01 7.272896490352418475e-01 3.932264737999855986e-01
6.150914237947337426e+01 5.424014427351329104e-01 8.724969255698169501e-01
1.091536313050100233e+02 3.472438369712727013e-01 2.308705481778440538e-01
8.899719659977255048e+01 4.599529819615461035e-01 4.228790887591135084e-01
7.724295189590105792e+01 3.478384855042904178e-01 7.896583002977606291e-01
4.888284009952458575e+01 8.925332691075358316e-01 1.020508706100335061e+00
7.324449657177170536e+01 3.291624697415788114e-01 5.063082574660017210e-01
6.705388998052117699e+01 6.194007195757015305e-01 9.097063576356096970e-01
6.944653991080811295e+01 5.304238199337121262e-01 7.330886485428569355e-01
8.901574681542020073e+01 2.916052191649498582e-01 4.651523428819568928e-01
7.579512059777910338e+01 5.483948831014101577e-01 6.464487293613012664e-01
7.648047882865539293e+01 5.116717193087626514e-01 4.081518794002222394e-01
7.606186039743735705e+01 3.954534877233966683e-01 5.695216942658705150e-01
6.706865431080773021e+01 4.190486939947704048e-01 7.635397819654798912e-01
7.494112580007717384e+01 5.836039432387073456e-01 5.643965679506677269e-01
8.473456467679369553e+01 6.327578971479828063e-01 3.746085843986117214e-01
5.993016819883514756e+01 9.447675601824387925e-01 6.492279593155073636e-01
6.969103506800713888e+01 4.400129644564815812e-01 7.088977066244281922e-01
5.175150708868050486e+01 8.530490447246917851e-01 7.696970224086878698e-01
7.617584426132903275e+01 6.835001101413058500e-01 6.358551875382378871e-01
5.380212527502514774e+01 9.082288473040179833e-01 1.069706343955349803e+00
7.906618722103911523e+01 5.569548773212642523e-01 4.388994081875599584e-01
8.017750730416631200e+01 7.195695735711574725e-01 3.337846684894760774e-01
7.661754995201718543e+01 3.565448211241382115e-01 6.155309074424557547e-01
7.046199374558655393e+01 3.553481951747238243e-01 5.264651804823071712e-01
5.860801522764717930e+01 7.389281010507474656e-01 8.365037543401718789e-01
7.583000835706863541e+01 5.328512946956264207e-01 4.280362398233302779e-01
7.395602319876024922e+01 3.553481951747238243e-01 4.543478049236566729e-01
7.174598721837820392e+01 7.668228134639228921e-01 5.481399630326357908e-01
6.436691536535589364e+01 5.263760552142179305e-01 7.350517632558374315e-01
5.746305697587100525e+01 4.769385487574513971e-01 8.290732434254877159e-01
5.953347860162520533e+01 9.876634648161960461e-01 5.858354528845338693e-01
7.313558841545365397e+01 3.713911463619776754e-01 7.768517737465985284e-01
6.847309124908043998e+01 7.382407096987250172e-01 6.300847232670970799e-01
7.124865548790708658e+01 6.124119532339377114e-01 6.356449002715526264e-01
6.249864490516176829e+01 8.326735093365035256e-01 8.734614194863866699e-01
5.020328813442225879e+01 9.517384941677380361e-01 1.024957602932314193e+00
7.238659811171579861e+01 6.694592575390544420e-01 5.562007738801011403e-01
6.694831464363161899e+01 6.418412146444218980e-01 8.636963553774649194e-01
8.338842915431796143e+01 4.923368024905793172e-01 3.923745917449960596e-01
6.334010970375306471e+01 5.568113602585629263e-01 7.516815256388138522e-01
7.211704846244155931e+01 5.584067870115511090e-01 3.313795010621453097e-01
6.782691049297453389e+01 6.288985661265649174e-01 6.259283991922778290e-01
7.459093988930003150e+01 4.997832719141708235e-01 7.706350154054799617e-01
8.360094197033251362e+01 6.590842330301601715e-01 5.109030714609017476e-01
5.199880368853796853e+01 9.719648803664105996e-01 9.263829721928826810e-01
9.571331117380334774e+01 3.462998753376115846e-01 3.836915511104801446e-01
6.582881647365827860e+01 5.815559786586129709e-01 7.307122640673617830e-01
6.564149801405650919e+01 4.780617659044079093e-01 7.451234884290672822e-01
9.419739178024755688e+01 5.451408643956171529e-01 2.004129611549510526e-01
9.462024696025605408e+01 3.618695025108937258e-01 4.767781155622327072e-01
7.344058565466743005e+01 8.924736161562080161e-01 4.730252902486858924e-01
8.371024449924014732e+01 4.120601452509620177e-01 6.642495889647602736e-01
5.698754720997647638e+01 9.098521967981624270e-01 1.023414160555649266e+00
5.666719953915291796e+01 6.238265854165726543e-01 8.966677526695123746e-01
8.505598307991375862e+01 6.382712631984284180e-01 3.553182953830705815e-01
8.393502322142471428e+01 6.633212162520353283e-01 3.969848997440913463e-01
8.600531970198122167e+01 4.946522524078267868e-01 2.604309870090837919e-01
6.762145506098012504e+01 7.575208943826570174e-01 6.311919035242542497e-01
6.800100731857310166e+01 6.327578971479828063e-01 7.128696263913533171e-01
7.952926880751279270e+01 5.327485929892107341e-01 7.494419612576243006e-01
9.155641434536215684e+01 6.063909256204549347e-01 4.087615916615852663e-01
8.962137647898940429e+01 3.568566589396454103e-01 2.745010675748549844e-01
6.048428149721878810e+01 4.888824891353337199e-01 7.274436831130146608e-01
7.614826924935991315e+01 6.475111116037285397e-01 5.757932673040844218e-01
7.834938246174208132e+01 2.691178356770168034e-01 5.056043365447238092e-01
6.537183938006971573e+01 5.571262679813107077e-01 4.154194356080749828e-01
6.477665745175194445e+01 7.195695735711574725e-01 6.508960821211332570e-01
7.664138958166591920e+01 4.962844778215501074e-01 4.590179093875637051e-01
5.708539642408295123e+01 7.176972343410632504e-01 9.591555284850007412e-01
7.364888532594855519e+01 6.659888965622593471e-01 6.914340176185903575e-01
8.766466469281726859e+01 5.185159913333564630e-01 6.513670645666806980e-01
6.555137994727411410e+01 5.248073045610660570e-01 6.057338546444597238e-01
8.057928825410412799e+01 8.391276358260197910e-01 5.210012728519929359e-01
6.305723598052117751e+01 5.279203155926028845e-01 6.063196939252019080e-01
6.257582646458983788e+01 5.968911129823913919e-01 7.522049039503434509e-01
7.839720249417129594e+01 4.235624517801626632e-01 7.010883776103508103e-01
6.268586873739955223e+01 6.266868488478698485e-01 8.832207701313768977e-01
6.390201143232431491e+01 6.860796039214119846e-01 9.792796371355088070e-01
9.728743432516139933e+01 6.038816773808020066e-01 2.708134494202047438e-01
6.620513443081640048e+01 5.353542924988049512e-01 5.082930328364353434e-01
6.699093836498406063e+01 4.570911345636750056e-01 7.723641868265125332e-01
7.907056997259380182e+01 4.864054474545865259e-01 5.947871634630563786e-01
8.292136437772629165e+01 4.398977102339858281e-01 8.801918078651255195e-01
5.805167800706454528e+01 8.707707551500142307e-01 7.529445055423941158e-01
6.368998468575406235e+01 5.164454659588199048e-01 8.941763072363294595e-01
7.600618360088709835e+01 7.831533423090816237e-01 5.614883470956804068e-01
7.948175281107880608e+01 5.324891502530700871e-01 5.722028714819921147e-01
6.705509893441211489e+01 5.518935255981405330e-01 8.744780336979748325e-01
8.513140871091898987e+01 3.007924398129831478e-01 5.068146051193811452e-01
6.830100687052292585e+01 6.348949577649219966e-01 6.487512433524658118e-01
7.150179501978497854e+01 7.665590853059669474e-01 4.089053284903526597e-01
6.782801524280733929e+01 6.267586247676438793e-01 6.804932238097181063e-01
7.000680282249295772e+01 9.447675601824387925e-01 4.118414927562369932e-01
1.007260968038076072e+02 3.770159256271129466e-01 5.051932399932804740e-01
6.951828911924935994e+01 6.207793421341103457e-01 5.917448688960891268e-01
8.659200959753906091e+01 2.916052191649498582e-01 5.061624115916876221e-01
8.561867280857978812e+01 5.981693253435216295e-01 3.023483819855022903e-01
8.829618581936109933e+01 5.412489749448361476e-01 2.148035501719267049e-01
8.463368284752293391e+01 4.285927540675535941e-01 4.932736677392376978e-01
7.162921153694783527e+01 5.044060964087849763e-01 6.231987970442242064e-01
7.488866092910002692e+01 4.947181843962539793e-01 7.332531839885297886e-01
7.106313338148660819e+01 4.490022103377439011e-01 7.132104117395606790e-01
7.325214302392942045e+01 5.110395609431610531e-01 7.205973067412801969e-01
6.210652360241751779e+01 5.740780417758150067e-01 6.557086765680326668e-01
4.896705425489560071e+01 9.068090929342228490e-01 9.344302499170613618e-01
8.428564336322055794e+01 3.812324887885839009e-01 4.687636596248643261e-01
8.942620090510263253e+01 3.165355114514036838e-01 4.098307735759593728e-01
7.926691347245410668e+01 4.491188822680308168e-01 5.538386018121149723e-01
5.637256917374602949e+01 7.278428610683453925e-01 9.618742168577085749e-01
6.300943725982561716e+01 7.362903512067836553e-01 6.811164264680364955e-01
7.154884474914581460e+01 5.884214561415735956e-01 7.526435323960569690e-01
8.036332147466862352e+01 4.853853284652792088e-01 6.138863802547279702e-01
6.854160220581917429e+01 5.416269383264890047e-01 8.267240036791840829e-01
6.865839391414272086e+01 4.758412109849409766e-01 7.305243135832468759e-01
5.130003458647835402e+01 7.667434646002367904e-01 9.234788201489555481e-01
8.532934344819720707e+01 5.296509106429270197e-01 4.289250927381422773e-01
6.736911252829112584e+01 4.541829531613456039e-01 6.597070349270964806e-01
5.825180746714917746e+01 7.658353201869889659e-01 8.224380429717758068e-01
6.197052105413089862e+01 4.816691132479409831e-01 1.107848179715969605e+00
6.756715777600027195e+01 6.964295120820521712e-01 4.992100205816358827e-01
6.457223357598822133e+01 5.317216970140290488e-01 7.445338926898968923e-01
8.054475152382012482e+01 2.169011532447157609e-01 4.485000920947226355e-01
6.474026743303991793e+01 5.382225713202520856e-01 7.865720143901011596e-01
6.693863593558248226e+01 5.141188062924284541e-01 6.668210883079911389e-01
8.322305175078784600e+01 4.455861522509425576e-01 4.840150343180706916e-01
7.845669589481481410e+01 3.984382481742566595e-01 7.685480941744609051e-01
7.040579000145987720e+01 7.173091885580965554e-01 7.515759712012732852e-01
9.097765366709046475e+01 6.181991991962662025e-01 3.505136156797236113e-01
6.498011219070630773e+01 5.371166799585870288e-01 9.051522970085901232e-01
7.615961534806119460e+01 4.188565918560177570e-01 7.548360688169137855e-01
6.975785919970510918e+01 7.802631249543208192e-01 5.632442172259349844e-01
7.291509795324350307e+01 6.187410182212792487e-01 6.571048163095168926e-01
9.163076782668780140e+01 3.889651253544089138e-01 4.037436665737202390e-01
9.385920623237122129e+01 5.202438488702670893e-01 3.907702317109419399e-01
7.423219641255582246e+01 5.070974763377407157e-01 7.267278377111242582e-01
7.494053436238483812e+01 6.419089701977965801e-01 6.046973913807714984e-01
9.536763188018601056e+01 3.860479927684031254e-01 1.335436129505069014e-01
6.352840163024988840e+01 5.097316237183505683e-01 6.250079862050815782e-01
6.698760791614687093e+01 4.468731629776257486e-01 5.927483204588664956e-01
7.006254056987127399e+01 5.437673449488046318e-01 6.815730494743671430e-01
7.167390129692952883e+01 7.001865487407982203e-01 2.823285789793800182e-01
7.920371198295809734e+01 7.568103407253971016e-01 3.558189043350106218e-01
7.008842211355855056e+01 7.614854007909658273e-01 4.853471780449860606e-01
8.178699389894337912e+01 6.993350072823616426e-01 4.492048716994263557e-01
4.892224682926288182e+01 8.225587209046930637e-01 8.640845813616949700e-01
6.944105096295810142e+01 5.937367473326720102e-01 7.663798041511508119e-01
8.417141938040370519e+01 5.743887328189148933e-01 4.062881542372808186e-01
9.225536983088400689e+01 5.726293233519705872e-01 3.595786373186352636e-01
5.653249411178574491e+01 9.386641263883898079e-01 5.788506133040407509e-01
5.168491299906943937e+01 9.415617536078787486e-01 8.525023347088513948e-01
7.778010791154987658e+01 6.746902615847554241e-01 6.503858563165895168e-01
6.489937338936539390e+01 7.495383148780765392e-01 6.066441716536826734e-01
5.820962374304534137e+01 6.933368708493489185e-01 8.962288862619151031e-01
6.101443182780784014e+01 5.847194985364102537e-01 7.924393741573143579e-01
7.484759013129435345e+01 4.723839391793394071e-01 5.556864261861629295e-01
6.469744643198608003e+01 7.255556138699535973e-01 7.582024681543227951e-01
8.781277802759527162e+01 5.853864715025741683e-01 4.271681504099203441e-01
7.968588296024988438e+01 5.345689561945650148e-01 4.052841712987005351e-01
8.407506714544945225e+01 5.433088757904472876e-01 4.629404908736634572e-01
5.867650786110293382e+01 5.464974162470579433e-01 8.460399902531612337e-01
7.207385467556466097e+01 8.770743573562681528e-01 3.523194151157894027e-01
1.038673802137028019e+02 5.195254785647526186e-01 1.556811171421451645e-01
7.159974571279833810e+01 6.043404153920635125e-01 5.708107463277798388e-01
8.304883450484739171e+01 3.834920492297915762e-01 1.942970975012393298e-01
7.288306914344285303e+01 5.218696759905279148e-01 9.404903177396456426e-01
7.731712659493703654e+01 8.204908161830970492e-01 4.501180390133885934e-01
6.010986134261366942e+01 9.306556011801131456e-01 8.076463257946254748e-01
6.048814774111703230e+01 7.294475272420758438e-01 7.859627717872164077e-01
8.734091382893825539e+01 5.627674664365717172e-01 5.233021291782994355e-01
7.811481781188675200e+01 3.269088682457145234e-01 4.875103502106401532e-01
7.004187675092939003e+01 4.298143823034140110e-01 7.159664414389806941e-01
5.896904464242241062e+01 7.036919077761416563e-01 7.466538694083356686e-01
8.824990579751074904e+01 4.209807221068305738e-01 4.742555113715462012e-01
5.934884265618865840e+01 8.268407266705317671e-01 8.497437369750051595e-01
6.898767673444251614e+01 5.185617384572569488e-01 6.256261307609644051e-01
6.048257319941218668e+01 8.973624825763145685e-01 7.592981642691443156e-01
7.905372991848851427e+01 6.364682229211742204e-01 4.226224381311300959e-01
9.471200440620248173e+01 2.308118337600945091e-01 3.401152345550820799e-01
9.825708331329924761e+01 4.593685993127351042e-01 4.364569478411962633e-01
6.236063504202685692e+01 5.823611833302599905e-01 6.705652520984013432e-01
6.577897139583889441e+01 7.842759094349094351e-01 5.963732446969010059e-01
6.578655879626910519e+01 6.763624695373599005e-01 7.994345982832211650e-01
7.440575026605196740e+01 3.256662291135600240e-01 7.197811935562620222e-01
8.993273823055598371e+01 2.826310202870521149e-01 3.483202267136211172e-01
1.024984232290838975e+02 4.039204593818925271e-01 3.857051213613043039e-01
6.863428677268483113e+01 5.157168749115224049e-01 6.086608485591606943e-01
8.100715349497475870e+01 3.184243329185025284e-01 4.689607629205471140e-01
7.149423258261957415e+01 6.766291369514213505e-01 6.247395881306189169e-01
9.120729827301640569e+01 4.339270749525412918e-01 3.889081509771868950e-01
7.758526560378973613e+01 4.132909092278397312e-01 6.087366464323002990e-01
6.147227687379289307e+01 8.305520055312174410e-01 6.202976539244361431e-01
6.663918880278508539e+01 7.171683058608168126e-01 7.546032912560497463e-01
7.358989360407427682e+01 5.781498491523959782e-01 6.359094177754709420e-01
6.411244614951083065e+01 6.810076473923170060e-01 5.890905139138472579e-01
6.161873283635532061e+01 4.892738242115796110e-01 8.082564322754178798e-01
5.384772593831332443e+01 9.371786068514555978e-01 8.294323721832116414e-01
8.046392465356576906e+01 4.130215771155177351e-01 7.171209407802252578e-01
9.008054592380142367e+01 4.068387133339192996e-01 6.139828917442754497e-01
8.865224465821624733e+01 4.064304840182290657e-01 3.807542095738167265e-01
5.930307878376042652e+01 4.557944905457271267e-01 8.615935675540590255e-01
5.929126787365861162e+01 8.843731251836493001e-01 7.190836636718817010e-01
6.828687047432946144e+01 7.152942183416970412e-01 5.313009554202564599e-01
8.062257250790423768e+01 3.830275911690489421e-01 4.742561084657418990e-01
7.476050015183096775e+01 6.198244229504056291e-01 4.956010162174068756e-01
6.373097338324421202e+01 4.850964507917661095e-01 6.688160301653627293e-01
7.766586891713194518e+01 6.521699589639069483e-01 6.301320227947988517e-01
7.534905299704729487e+01 5.674718210964297960e-01 4.879050968881228356e-01
6.465760080112391961e+01 9.481356947425884085e-01 6.143070374826780089e-01
7.781209693879497991e+01 3.699130750423484937e-01 5.401075760014835137e-01
7.788539209368279614e+01 4.791675928025707076e-01 5.394133197119104217e-01
8.066066424172318250e+01 3.003287360158326535e-01 5.994077312999316343e-01
6.878548208307304890e+01 7.914386378986530968e-01 4.409935788527622469e-01
7.230793415568716398e+01 4.514099278726371733e-01 8.201164441599345656e-01
7.816014755311954332e+01 4.397105412361713150e-01 5.644882184606303532e-01
7.560744790645074431e+01 6.518688390497044960e-01 4.203370563819515127e-01
7.851176609267234596e+01 3.613404256765792022e-01 4.049709424419014603e-01
6.857439705987825107e+01 3.944937142316685685e-01 7.268587851614463080e-01
5.935205558534576653e+01 7.255556138699535973e-01 9.165504695356428977e-01
6.055288030647012931e+01 8.650384557178626421e-01 6.532434046626728330e-01
6.724635379019034076e+01 4.950453392314541068e-01 5.034776504826438126e-01
6.415904966761458184e+01 6.317137411015609771e-01 8.783869247494844323e-01
7.627813112490375147e+01 5.179347081669811725e-01 5.285184400897593449e-01
7.122361967633732149e+01 5.263467586378640650e-01 5.809021011804654799e-01
7.797343063464388990e+01 4.791675928025707076e-01 5.376751930000235324e-01
8.002932855657013533e+01 6.561793201164812794e-01 3.189557116599634479e-01
6.736005956020034091e+01 6.515729617944672203e-01 6.879131453021812836e-01
6.834463379657954363e+01 4.752191382664699981e-01 9.004068466674597371e-01
7.431896718258045098e+01 5.593081358323266361e-01 5.709092096662577998e-01
5.509813039082747110e+01 7.217090532555877624e-01 1.016737758827813254e+00
7.045438362698395451e+01 5.230403105563982136e-01 6.699040420664384987e-01
4.893432643334071486e+01 8.579883297926730323e-01 1.164764240584809540e+00
7.860315863177451945e+01 4.138251086897566933e-01 7.826713638369805492e-01
6.286203046815743534e+01 6.498015031518573625e-01 7.332623395801936006e-01
9.468185132025263329e+01 2.546419901228461069e-01 5.792132062801857995e-01
6.237857347928245133e+01 8.656441895348854221e-01 5.947027232522134055e-01
6.662702359893530968e+01 7.711762709794726112e-01 7.011019534994076263e-01
7.461150467159470168e+01 5.409252165382562039e-01 7.017722743814243103e-01
7.102038749373033966e+01 4.947181843962539793e-01 8.276584313407021609e-01
8.433708816820151810e+01 4.312443547285245704e-01 3.382005764167790862e-01
6.485486743094064366e+01 5.339148206599558799e-01 5.701515404134259724e-01
7.069483266081137174e+01 6.543913876911248151e-01 6.595993735909558842e-01
8.098108945719940266e+01 6.024493391636909223e-01 6.059629584106318578e-01
7.457492352189534301e+01 5.020962614926736123e-01 7.293899062750553997e-01
7.825327347783401422e+01 6.521402136500124014e-01 4.057337809792646022e-01
6.539128573937153988e+01 5.623941824401019751e-01 6.430990580035140791e-01
7.663015828915530392e+01 7.427265446675170857e-01 6.589412424323637385e-01
9.349343160099873273e+01 4.009379018190376009e-01 4.825005096777233993e-01
7.389407222771210115e+01 5.791910488664613332e-01 7.166657104658468169e-01
6.333782468939796217e+01 7.195695735711574725e-01 6.883991599714740506e-01
8.313572743849906033e+01 3.817765064494539895e-01 5.154610885338350990e-01
6.622682743314312859e+01 6.031529321487235640e-01 8.890305462132346292e-01
7.087127262519371129e+01 6.400905990389793576e-01 7.358709028778888106e-01
8.031312188087336779e+01 5.062382828400636692e-01 5.682753583757256255e-01
8.465324140281084908e+01 6.986604405661318573e-01 2.812213472595828656e-01
9.146423979647475733e+01 4.472087505775731997e-01 3.494444416161552325e-01
6.091504235604501361e+01 6.248493979040828927e-01 8.125541037080653561e-01
7.690128853965281053e+01 7.945026246137577575e-01 5.639663818894834479e-01
6.720879177303260121e+01 4.817666218291222213e-01 6.693893319626540439e-01
7.986602035451301163e+01 4.826203797900002201e-01 3.207497948661649501e-01
7.557331540632097244e+01 4.040188012088937741e-01 8.237281143348151868e-01
8.240467762308122701e+01 7.521619436912621026e-01 3.862535877211363822e-01
1.129351632648627515e+02 3.561492956456335790e-01 3.784600429088439966e-01
7.832486101348894181e+01 4.830818221760451170e-01 7.885579136345256535e-01
8.384505046396274963e+01 6.302198252280262203e-01 3.147610907262841096e-01
5.763102361745598756e+01 5.109938880298063868e-01 8.669704830196734990e-01
7.416002808799669310e+01 5.556720628559171926e-01 7.522130634283340500e-01
6.659901108123563063e+01 5.400200070543201836e-01 6.419377438895623733e-01
6.929091614728352511e+01 6.332809876209465338e-01 4.162163448873250071e-01
6.638856212131527457e+01 5.340265604404033084e-01 8.401421283498000658e-01
7.434622415369850046e+01 4.916069756556222248e-01 6.442451703704814570e-01
9.685916723782723636e+01 3.359487958850175815e-01 4.062942505539504645e-01
6.712922041198382317e+01 7.435966065038779327e-01 6.919549981802546323e-01
8.064706727279289566e+01 3.883712787265407029e-01 5.737448898258578067e-01
6.223241633537425344e+01 4.994189370136343786e-01 7.967169938802854956e-01
9.720913996814938685e+01 2.884258141436690237e-01 4.490150828013911855e-01
8.813258422871979292e+01 3.048016699570463839e-01 5.032719301203280038e-01
6.813583674586752181e+01 6.989952095487876882e-01 6.452135227765996017e-01
6.531035161610792272e+01 5.812175947146669408e-01 6.191110196675082555e-01
8.656130947843865897e+01 4.693151207453892249e-01 4.797961210592174286e-01
8.197707333517217876e+01 4.325393101307118959e-01 4.498315829604795368e-01
9.685858785906692958e+01 5.881983370820592638e-01 2.868487219879720662e-01
9.169674961740139452e+01 5.409321206644702729e-01 4.583742668957402899e-01
5.920553022374540575e+01 9.411757914392151481e-01 6.662779579403806940e-01
7.364772707137132102e+01 8.819492268379870437e-01 4.385258610538043667e-01
8.716830970041942805e+01 5.359160783308583031e-01 4.806043669260113838e-01
6.215535380660124076e+01 5.982117576735052067e-01 6.461441168585770889e-01
7.024725644842008876e+01 5.174966609588641520e-01 8.334446996455853185e-01
7.985562989755923979e+01 7.537611134100611343e-01 3.614710714757385368e-01
5.637603486532720609e+01 9.670145315582652223e-01 7.364392908059448350e-01
5.833056102507328688e+01 6.267508948516256062e-01 7.554103406614951499e-01
7.717614146294930322e+01 5.792160204746428231e-01 4.880575502097826979e-01
8.755596992145432012e+01 4.409485896817538775e-01 3.459637316075607205e-01
7.298122592840002198e+01 5.565949991297415300e-01 6.996646524093187436e-01
7.148807643145681823e+01 6.512364414433865489e-01 5.159266469270079591e-01
7.647084572045788775e+01 4.105398680569091741e-01 6.040556220392945264e-01
7.847913026024727401e+01 4.351892277097089701e-01 4.586988874669939431e-01
7.622066277503991216e+01 4.839580959302728913e-01 5.603972160544850034e-01
7.513778262146782083e+01 6.724207252059939410e-01 4.319741180285859850e-01
7.676469737660536907e+01 5.459523738709233243e-01 5.066936228846328216e-01
5.403138650909974672e+01 9.490901557652458020e-01 6.631246541279479656e-01
7.360227813719853884e+01 2.912542990128382248e-01 6.601897807052165001e-01
7.365918463123101390e+01 4.281975598386520976e-01 7.046038539335595097e-01
6.502112228248573444e+01 7.479611356670448075e-01 7.045016466880190675e-01
5.391940640880550006e+01 8.306040673073802338e-01 9.134381639474283832e-01
6.121525394166191347e+01 7.764281859687452991e-01 8.323307146106857513e-01
7.169014492707164266e+01 4.922232852359296196e-01 5.629819149338546325e-01
7.521432470581756036e+01 5.195583045097235120e-01 5.463929305344644716e-01
6.902294849479820016e+01 5.869013675149444831e-01 6.155645684768717985e-01
7.464130153317437077e+01 5.465390819540573153e-01 7.255465453366465312e-01
7.450159159987626367e+01 2.972730802011611106e-01 5.942272835980226819e-01
8.267855684197347443e+01 4.572270443106444260e-01 5.121302883764251579e-01
5.978099796515100905e+01 5.227290514914640918e-01 7.192453036651204057e-01
8.179566148555917948e+01 3.349901020602054635e-01 4.817655093039120429e-01
6.110925117319271749e+01 5.681710456972242085e-01 7.357421006417197429e-01
7.733478447048840110e+01 5.010121254363752996e-01 7.693058943251475101e-01
8.748793296337761660e+01 4.002687875594233002e-01 8.096870578285927378e-01
5.946092123712880806e+01 6.281921652298971814e-01 6.313589494040596772e-01
6.695050683251807300e+01 5.935788562369779253e-01 7.009327544730241666e-01
8.309642075356497060e+01 6.045453531580851081e-01 4.944827812535139144e-01
8.434219370521510939e+01 3.940206191266255042e-01 6.299702907952643427e-01
7.149192089051905441e+01 6.367735199238713228e-01 6.465717878845110844e-01
6.925080711284869039e+01 6.949582886765917067e-01 6.425410004917547768e-01
6.028899911164356951e+01 6.682167666037249765e-01 8.634805960529278179e-01
6.285529916703748654e+01 6.807152525594292181e-01 7.106277660736453061e-01
6.070352911969350629e+01 5.631840083213984771e-01 7.465317344392194965e-01
7.070611387610172471e+01 6.360688020103185680e-01 6.726955211715366367e-01
7.588505636215388961e+01 4.061928452399640732e-01 7.417230260623147720e-01
7.893381050340590832e+01 6.836855511734715174e-01 3.824057055409949002e-01
7.540509150719081788e+01 3.739932624495447278e-01 6.768573245208784339e-01
6.323679841051710326e+01 6.844792693813428475e-01 9.140303279469939035e-01
8.585468459566546073e+01 7.733967956681147005e-01 3.151905517069566454e-01
6.427771636612717998e+01 7.462164267478866853e-01 6.331060892405619978e-01
5.563319025925891737e+01 6.998427070376554981e-01 9.248725356385213425e-01
5.536648243304889405e+01 6.452991698304854085e-01 7.556992918512749347e-01
7.701844513891333577e+01 4.953155091594954040e-01 7.301648943919476498e-01
5.824654091522772603e+01 7.983240520548952057e-01 8.143958137155383747e-01
9.003024562978505685e+01 3.770159256271129466e-01 6.840145102285659640e-01
7.528226653781862865e+01 5.396389766591497272e-01 8.207302503457768461e-01
6.543447969247090157e+01 7.060748964566897490e-01 8.767058373069009924e-01
8.542272022706073642e+01 4.841150904744199179e-01 4.630841732479489825e-01
6.817707122329589708e+01 6.364682229211742204e-01 6.495811272334554021e-01
7.303436701865334157e+01 5.530925457171976811e-01 4.671406677986664202e-01
7.049946069857436726e+01 5.191967732842521777e-01 6.213346721716331844e-01
5.711510692002431711e+01 6.267389308740523024e-01 6.701160191045193448e-01
6.593368523638373802e+01 6.060361316590284764e-01 7.555687898380333278e-01
7.001233835142966200e+01 6.085594000611830312e-01 4.394549928347317724e-01
5.041919096305212378e+01 7.295031657987074425e-01 9.416132454750908432e-01
7.479118328438190133e+01 5.751610840776907319e-01 5.339274625964771648e-01
6.955014569851837791e+01 4.551912292041184194e-01 7.433546512697382092e-01
6.497765476746359070e+01 8.463661369087336350e-01 5.557201989170215128e-01
6.971808864951876217e+01 7.935455272254400283e-01 5.565624660989481054e-01
7.596028523203044358e+01 3.282877919587395277e-01 5.871543877400124956e-01
6.792921907820536376e+01 5.203773133504918658e-01 7.290659541482107375e-01
6.542532687968378013e+01 7.305811935792626555e-01 6.736954207561349772e-01
7.393022939319548925e+01 6.776775453605745625e-01 5.151776332823072568e-01
7.721036746596752209e+01 5.681710456972242085e-01 3.737779456463937167e-01
5.973234704568515241e+01 8.028683716954988503e-01 7.877886150752557715e-01
7.636484185090682786e+01 4.871160537146121960e-01 6.235762033274963034e-01
6.565226412264247813e+01 7.765508970254173526e-01 7.031248121332805967e-01
9.642013821203046575e+01 4.032823442411774817e-01 3.723186095110821436e-01
1.048560352016879165e+02 5.130629952189215137e-01 3.278214242241226373e-01
7.297046166397539935e+01 4.678982811919569218e-01 7.438457575611219230e-01
5.105110572833484639e+01 8.624932628696317938e-01 8.226034416401841742e-01
6.222098235606234340e+01 8.552222679064074295e-01 6.070667355874268534e-01
7.756168845356690156e+01 8.624684667419632023e-01 3.710901879561835925e-01
5.806220301159399355e+01 6.302309675846484716e-01 8.367715048411870082e-01
6.943420439695724156e+01 7.837918697879278085e-01 5.902009817633714350e-01
7.241702263681787599e+01 6.153109739642512732e-01 5.049128786550290959e-01
6.966513961106578279e+01 6.062223142726654856e-01 7.368293622249572072e-01
9.346345055598810347e+01 4.831550543535234055e-01 1.870018637236382508e-01
6.506074726587226564e+01 5.310489868769867616e-01 8.264027849912352064e-01
8.766255479719188770e+01 3.941244691885821272e-01 2.739542015215988280e-01
6.394856576917721469e+01 6.964295120820521712e-01 5.840442828011735976e-01
8.407898766915737099e+01 6.136048749661372481e-01 4.659430782515656122e-01
6.374635853242281769e+01 8.149137630793189535e-01 9.377003305557334301e-01
6.014313879591760070e+01 9.760512600081000523e-01 6.088472590088355174e-01
7.467047202430616437e+01 6.247647383973357060e-01 8.662875193106819305e-01
7.540773754043050303e+01 6.851535514859778964e-01 5.339447087638962142e-01
9.248000646017385407e+01 3.419337787594998734e-01 2.398865915886361777e-01
7.788095868638923491e+01 6.571654342186693532e-01 3.579487436186722937e-01
6.199997622216463355e+01 7.987611635511582264e-01 5.712538606615422676e-01
7.953921292566556644e+01 6.027998518120117888e-01 4.955769063389256490e-01
6.519615639570609744e+01 8.338329722960100554e-01 8.838843697247346087e-01
5.929814818591056991e+01 9.498443566739439570e-01 8.234198420666862805e-01
6.739564647531859976e+01 6.165094247888005530e-01 7.624261537946540601e-01
7.049989041698320591e+01 5.815675999054845668e-01 7.234649484040908130e-01
9.304819077091356405e+01 2.468142899528404932e-01 3.764480420186307463e-01
6.970867680861937288e+01 6.240825797481477366e-01 6.359730986300824451e-01
8.176620729787674691e+01 3.424303989503947876e-01 5.565196699945855752e-01
7.054896165806916031e+01 4.644043776731079931e-01 9.044794826492310591e-01
7.759487908485596108e+01 5.082318629795338216e-01 6.187151972057637339e-01
6.435095426993062517e+01 8.778342365425506610e-01 6.736813186673522580e-01
6.320843259273484449e+01 6.924950336453208344e-01 6.839723061292033446e-01
5.812451203471349004e+01 6.037068035488344364e-01 8.806611216747194382e-01
6.741428538628632339e+01 4.431569961352850306e-01 8.547462052521493936e-01
8.503338965514485892e+01 7.761002538989949517e-01 2.976905948065258767e-01
7.662402374768161906e+01 4.909809666000853889e-01 4.033173245258271367e-01
9.086707041770864635e+01 3.665658500428067845e-01 5.141142920921890624e-01
5.145458136863388177e+01 9.026631861323080042e-01 8.985299734563484408e-01
6.481430109619377333e+01 5.233862164128838534e-01 6.251991955242400811e-01
7.085569827653330321e+01 8.184478075885710524e-01 5.585905253378182778e-01
4.437013721603316441e+01 9.454225408654439722e-01 9.579235596460653479e-01
7.732742497860061803e+01 7.440229345464210997e-01 3.591889297889566679e-01
6.462302071919289403e+01 4.004885769759524150e-01 7.122684574095841104e-01
6.720125416984252809e+01 5.096796039359535735e-01 6.950104787049831145e-01
7.014636000979697883e+01 6.131804567731518052e-01 7.000856492531372099e-01
8.754685596216994270e+01 5.388237592928840636e-01 3.111926035311018413e-01
7.307448008850059296e+01 4.375790359334092994e-01 6.429069335095065618e-01
6.107662672567752082e+01 9.399654372769448152e-01 6.793191683731160113e-01
6.493576187190616622e+01 7.310292061924189566e-01 6.457509224394801794e-01
5.821333055911036070e+01 6.558330974738105779e-01 9.252009621095409475e-01
8.980638336994108784e+01 4.698375119427936064e-01 1.461120706309488593e-01
9.397447394905947249e+01 4.459684561876333109e-01 3.998453459958589695e-01
7.784227068266831395e+01 5.167077697482312937e-01 6.390288834213971869e-01
6.211430165607390563e+01 7.983240520548952057e-01 7.014162146611813142e-01
6.690528215225799613e+01 4.933602505514113057e-01 7.885831454633720483e-01
7.285860150281062886e+01 5.869665076679260185e-01 7.658766068277714778e-01
9.158060478650632774e+01 3.102972719994631090e-01 4.303335330157205818e-01
7.385903281303869505e+01 5.418537613624193616e-01 4.577720002446680758e-01
8.130478930733012533e+01 4.133392732337556885e-01 5.278566128551621661e-01
8.295157302511735509e+01 5.571228784137918222e-01 3.993779233680274654e-01
6.581407482722251245e+01 4.737276079490523872e-01 6.246134323197073401e-01
8.198043605507210430e+01 5.629922733785255318e-01 7.307467101624605110e-01
7.172633092669524046e+01 7.325661448905395057e-01 4.261022232482528649e-01
8.691713886528130217e+01 6.684683388300861617e-01 4.559549664438949379e-01
5.825375727163574879e+01 9.676769602422697902e-01 7.585900858257789148e-01
7.823298177897244443e+01 5.678887869688857837e-01 6.306782267410542264e-01
6.314153240832015967e+01 6.327926555556164789e-01 8.196078811806057907e-01
6.214290868776220123e+01 8.482261048542610871e-01 5.289939110737429395e-01
7.294659550037488316e+01 4.464177256700636032e-01 6.566518172788331498e-01
6.682514019490852775e+01 5.096796039359535735e-01 7.045505578853795692e-01
8.890327637526682736e+01 4.261367743054241264e-01 2.194724921314758492e-01
8.076907044700334382e+01 3.359487958850175815e-01 6.864436998736525020e-01
7.283479407696623298e+01 5.903577762961291775e-01 6.626166317163555419e-01
7.685912415733142211e+01 5.090014404290896799e-01 5.249735315754280318e-01
7.314515363150459848e+01 4.566236570904970149e-01 7.417888086180138840e-01
7.110339952935538577e+01 6.326016716530400430e-01 4.674548712248601801e-01
6.413313363522402710e+01 3.704380823263284106e-01 6.672116882383881675e-01
7.634699599026097872e+01 4.216500829678246354e-01 4.824739144214376663e-01
8.105040772771158686e+01 5.267779180874428979e-01 6.429016674085477057e-01
6.917077495010275356e+01 4.888167265310496834e-01 6.997250657493947479e-01
8.143905780639896363e+01 8.151190788604304460e-01 3.835952064654955529e-01
8.135922810039105002e+01 3.500435104642643513e-01 3.702063380252765823e-01
7.847313204506158968e+01 3.450785292498335100e-01 7.664767084917645246e-01
9.439089010049760020e+01 3.538941255080599868e-01 3.546726793640640474e-01
6.058072847661950533e+01 7.019575715200703225e-01 6.929768356876498947e-01
7.869404661899008602e+01 3.806235598364292039e-01 5.248852379011132996e-01
5.745476534107532274e+01 7.367635513745804943e-01 8.955458151029962455e-01
6.062334235017680584e+01 7.718395162708210355e-01 9.420786686410175248e-01
7.312508743307898840e+01 7.846334864934373376e-01 6.015696406131296747e-01
8.217808119260877220e+01 2.725063596817224876e-01 5.119307751757899982e-01
7.934080419415124652e+01 2.834468646209660214e-01 5.291793577376390223e-01
6.563250052167325066e+01 6.348085350165777463e-01 6.143541562158173486e-01
6.318586171653615935e+01 4.774702893326189246e-01 6.816624338636148028e-01
8.371724421667525462e+01 6.098975298003553869e-01 4.342912397979152295e-01
5.500602162929246930e+01 6.392765680933512051e-01 9.086117644998348286e-01
7.632454795942280157e+01 5.733264228289921549e-01 5.855166291235134324e-01
6.037097492386873654e+01 8.160573110128882535e-01 6.762806982596746286e-01
1.025659631073196039e+02 4.020027458483309557e-01 2.559005550917240468e-01
9.119090036180185166e+01 3.125415360649249630e-01 5.886573048979757417e-01
7.948156902378997302e+01 6.745412640342526300e-01 5.229194829277939993e-01
5.918285093720552936e+01 7.004237394681758211e-01 7.605792615593094386e-01
6.947802402141265077e+01 5.702609113835340748e-01 6.167494913986198979e-01
8.823137739694475101e+01 3.581523733895774497e-01 3.444842809867289524e-01
7.263752402272159259e+01 6.360061686401196068e-01 5.165326941147108109e-01
6.589582025809812649e+01 5.137989963473909016e-01 6.201640647591707411e-01
7.948321190957473448e+01 3.490918676988882807e-01 6.415199746637675338e-01
7.246803442839545539e+01 6.808038748280865748e-01 4.162333891008006548e-01
6.534046985773660765e+01 5.465545709567648514e-01 8.159701064033676454e-01
6.610778958319011167e+01 4.478942701003995053e-01 8.393177379949597894e-01
9.076111564408377319e+01 6.367875738326060908e-01 3.034929017833393194e-01
8.744530144631943358e+01 4.792765972676876762e-01 4.633872590462216889e-01
7.251193752087002053e+01 5.958634915842828672e-01 8.536888489748807318e-01
6.175634683554954307e+01 6.500734975735223964e-01 6.992948154697326002e-01
9.195890802978524903e+01 6.199180254045129068e-01 2.629382241292282374e-01
5.676321099002389303e+01 8.265484090649845017e-01 7.637363752659310778e-01
6.706944112925239665e+01 5.518935255981405330e-01 8.740771934832591850e-01
8.349895246795504988e+01 3.648515934525566884e-01 3.477551115768637291e-01
6.994475601219302519e+01 5.386559506757001570e-01 1.040130070296115594e+00
7.332643273007515461e+01 9.731739689500500390e-01 2.465997675966080105e-01
7.573605866403875098e+01 4.030075952495764113e-01 6.880948422089727678e-01
7.472924544143315018e+01 3.044177548893787777e-01 6.280739793545907501e-01
6.011055095912740853e+01 5.878421994761825475e-01 7.698763079436657941e-01
8.592147516583305844e+01 3.810784926579590670e-01 8.430296930350038576e-01
6.931440354637524592e+01 5.049322584106659129e-01 7.182313329770866339e-01
8.277782575468630455e+01 4.799049849923122113e-01 3.031434326347122177e-01
8.283674687453104468e+01 4.984088498374146248e-01 4.091878834499536044e-01
6.809417766607916178e+01 6.294854076660075792e-01 5.641677989314772823e-01
7.319562419104826745e+01 5.760569493942585551e-01 5.082453523704142384e-01
6.117770977056398607e+01 5.433063218357989665e-01 9.180415618706195824e-01
7.694399486389210097e+01 6.907116289244268348e-01 4.330157953852639685e-01
8.035200998614249102e+01 4.649009843525190866e-01 5.235027726264961379e-01
9.291917327983028940e+01 2.489173837199830930e-01 5.788281882168285764e-01
7.501243593670281484e+01 5.042597024468160605e-01 8.732099317314387932e-01
7.206937908162784368e+01 5.290751361419050447e-01 6.076021671946819636e-01
9.387775810355134354e+01 6.397462020376637470e-01 1.483429321041895843e-01
6.691562801475728861e+01 5.290751361419050447e-01 7.314175094411276001e-01
7.444621429401667001e+01 5.777900482821136663e-01 5.723535590097548198e-01
7.814377805781050768e+01 6.164468345078784051e-01 8.288347908425176547e-01
7.188745635640759701e+01 4.923452201548336182e-01 7.779281181731195760e-01
6.154543863730764031e+01 7.952351116676938947e-01 8.547101544387265548e-01
8.346312433514083295e+01 3.170280385869840289e-01 3.022457626144484100e-01
6.178232695992295476e+01 8.327599136840723171e-01 6.694422996871954856e-01
6.319378392201122097e+01 6.484229430998598165e-01 6.515621240342770459e-01
7.359420146262155527e+01 3.747636335659406681e-01 6.530998038179717247e-01
7.429041447117093355e+01 4.463795033232407783e-01 5.276954746839113142e-01
5.415372252800102615e+01 8.583093883435386484e-01 1.061948556579158653e+00
7.173969310047905878e+01 9.221598944412492393e-01 5.450128821259181411e-01
5.921378419069716870e+01 9.863603289322370182e-01 8.664988483773301553e-01
8.979441774805114562e+01 3.134600955112987752e-01 3.234719148516248532e-01
7.932021478810140991e+01 4.936533491637726256e-01 6.135824939697386293e-01
7.045768133395608857e+01 6.046145774418680841e-01 3.354244735081028383e-01
6.285405541991120515e+01 6.682167666037249765e-01 7.874324774978651575e-01
6.710886388517623402e+01 6.763923922745160855e-01 5.589746859521770306e-01
6.154879462352181463e+01 9.469198608215756430e-01 6.773706232834200147e-01
7.574676214634668270e+01 4.248454945752863088e-01 5.548625005574632230e-01
7.740121787453810498e+01 5.646763522894632237e-01 6.815819385552105425e-01
7.066819040710804245e+01 4.899043931383417760e-01 9.727326990670717155e-01
7.867396178211494373e+01 3.633294880990892151e-01 4.718595247649559621e-01
6.678081022496017738e+01 5.654933104715549330e-01 1.046729884521725218e+00
8.687008923455987031e+01 3.515159686790260141e-01 8.330262050272058127e-01
6.762430824373329585e+01 4.850498350135900028e-01 5.699431573828833697e-01
6.515365022882922119e+01 5.495390491003584454e-01 7.809626873162700544e-01
8.205557846629938012e+01 3.796518920113586271e-01 6.917188641478162481e-01
9.043589040132194157e+01 4.824287691840494774e-01 4.182516413652201948e-01
6.594640437636684283e+01 7.085276793806786211e-01 8.420246129982011940e-01
1.002273307617150522e+02 4.424031518925072848e-01 3.331570239825225599e-01
6.904647103980676093e+01 5.249414302395430942e-01 5.203873336188074017e-01
7.092223355031326548e+01 7.568103407253971016e-01 5.141357600338248846e-01
7.835611031395026771e+01 4.496004748124832751e-01 6.914101461772583779e-01
7.165535819524406236e+01 6.671859974916728442e-01 5.713126392196733461e-01
7.041896782111294328e+01 8.491940834617256462e-01 5.521443068813295385e-01
7.897625041229163401e+01 4.058821043539115880e-01 4.441846682334846808e-01
7.495530906320621511e+01 6.528397510810766136e-01 6.400223217856445546e-01
6.141692128407768791e+01 5.995878512045407227e-01 1.006841558043932050e+00
8.060740651650655764e+01 5.322802637010352056e-01 5.120065917893287244e-01
7.373391416321686620e+01 7.077780018698591746e-01 5.244571141467259112e-01
8.018234900254699937e+01 4.114858815105665313e-01 6.439061918205092327e-01
6.959047413456640641e+01 4.829389022333221981e-01 7.213841619811286465e-01
7.052143763657031172e+01 6.434954235747671891e-01 5.856144421822394586e-01
1.008100310436514064e+02 2.866966239839538466e-01 5.217448939537940866e-01
8.150423661589532287e+01 4.506917691430040729e-01 4.805581281460166720e-01
7.564661042154233428e+01 5.610156690162193538e-01 5.481039976200998698e-01
6.587635780461930324e+01 6.117302348597609685e-01 9.473095397967612463e-01
7.153055006221902090e+01 5.361648133552259221e-01 8.372152861356478848e-01
1.070188377036154606e+02 4.260635703221195003e-01 2.851704704633840071e-01
6.933789252485914290e+01 4.927724749111638269e-01 4.317587019883494803e-01
8.931240740943962919e+01 5.938697929628933281e-01 2.947824759651224702e-01
6.377518002511748563e+01 8.617449173617837133e-01 5.583394192044369708e-01
6.077024999291955254e+01 6.571900055447321698e-01 8.040997036012493826e-01
8.494483137201127931e+01 4.471144478664815236e-01 3.601618619266479526e-01
6.956797144223119744e+01 6.412520445282565706e-01 6.698751967558330689e-01
5.564120906717362658e+01 8.492833538447620567e-01 9.111570683451650776e-01
6.115613603954741961e+01 5.358297669865856871e-01 8.028097773983551289e-01
8.858610342706302276e+01 6.913939840133028758e-01 1.926005988849555650e-01
7.427688511909539670e+01 5.998202481324705904e-01 7.509013711530270196e-01
9.581070554606536405e+01 5.181982861041055655e-01 3.847791772727280346e-01
6.891815154074120642e+01 6.331571832271517541e-01 6.188987589727231731e-01
7.781820676336270992e+01 6.538903529447005480e-01 3.213256161591452886e-01
7.024025419354971689e+01 4.449203132005188910e-01 4.553382696810819308e-01
7.029387686816862413e+01 9.141865979969941991e-01 3.247988039505922964e-01
6.525633338326656485e+01 7.747428006200562933e-01 5.966353700576930708e-01
5.178601615289996829e+01 8.120518597486550139e-01 6.681991668355486969e-01
7.125161881032998679e+01 5.418890518951264834e-01 8.034992347622265108e-01
9.902815790680818964e+01 3.429689136057004206e-01 3.333004752471784293e-01
8.335070134139314746e+01 9.213590828557945978e-01 3.162052416410576772e-01
7.447872527631999162e+01 4.579621708719748274e-01 5.842183061303586333e-01
8.499684850042098105e+01 3.654351641171766918e-01 6.033328576803057564e-01
7.708686781941756294e+01 4.030228964587933005e-01 7.005168806064796527e-01
7.899436968770079659e+01 5.413067621759635184e-01 3.804663602117283605e-01
7.892516650173129733e+01 4.558886696629829149e-01 4.146366102065918158e-01
7.491105829734429733e+01 4.581759135143058104e-01 3.552769418503757270e-01
8.517945930261572585e+01 4.306817214357225310e-01 4.672044296031611643e-01
6.272016423359101367e+01 3.592591844167656312e-01 5.922159200360617159e-01
7.953663957992300482e+01 4.034765874729908108e-01 9.013360483760379793e-01
9.002018320825720821e+01 5.183889130194733186e-01 4.677631758905419490e-01
5.930214172390354577e+01 7.804819894635766087e-01 1.131259282142508926e+00
6.070476890285321758e+01 7.100113883120171554e-01 5.116771821807702958e-01
6.841625094641013050e+01 9.102366423122576489e-01 4.157606805416805829e-01
7.663859626152866156e+01 4.105398680569091741e-01 6.005445817589315505e-01
5.447787677676322460e+01 9.178117475061372543e-01 7.473936877180902272e-01
5.191291735650084860e+01 9.224749030131371708e-01 9.537243361511670292e-01
7.387997030752772787e+01 3.704623124568259263e-01 6.341668722584534734e-01
5.668620335808653010e+01 8.634380022641290342e-01 9.349429579385124534e-01
7.037412593506836345e+01 5.316867308289416894e-01 6.241879878616353183e-01
7.676576129225115608e+01 3.031907894055804187e-01 5.729961895419760642e-01
6.898212700997223124e+01 5.109938880298063868e-01 5.597579353336805674e-01
7.568626202114867851e+01 6.747626276004417001e-01 5.866648291660135905e-01
7.599196194301045182e+01 3.818641386120372183e-01 7.099207163179658275e-01
8.486064668272335609e+01 6.047013349038287133e-01 3.698172774314461009e-01
8.141308426995637149e+01 4.663700501491894745e-01 8.863034287066238193e-01
6.860895373825856325e+01 7.102809639394325192e-01 5.200572857860794596e-01
8.935841533271285186e+01 5.156166701700897192e-01 2.037083424041349344e-01
5.519213316652533763e+01 9.473775994697204439e-01 7.497230213702157364e-01
6.323016666492586779e+01 7.084682276126806899e-01 8.688426147316806736e-01
7.415656266956105469e+01 4.118948070403394279e-01 7.007804226579932294e-01
6.237767600300269066e+01 7.561955304360321595e-01 7.558831463154805919e-01
9.570978931595639949e+01 4.383134657278198731e-01 4.207636540824534754e-01
5.859748545081767190e+01 8.770743573562681528e-01 6.633285925179567277e-01
7.954746573137413179e+01 3.619127530079888078e-01 3.954486039172334655e-01
7.234732112466615206e+01 6.126068864397691272e-01 4.170696081937765309e-01
7.507668883688114647e+01 4.212631845138875009e-01 6.960277813617234965e-01
9.467667312951691372e+01 4.658087820398412182e-01 5.096752481413399094e-01
8.644098538796615117e+01 3.148963100004171234e-01 6.198029137633183083e-01
6.718413277692421559e+01 6.571900055447321698e-01 6.318673095629601111e-01
6.436460941753577458e+01 5.430708522322978959e-01 7.862802406546752776e-01
7.615048066213697098e+01 5.810901853257725014e-01 5.209833082194718079e-01
7.565098260295620491e+01 5.734320962626219265e-01 6.822564046250325642e-01
5.663237465501857315e+01 9.794413482923768344e-01 6.707623612179779427e-01
7.498354088681044516e+01 5.030199166587424608e-01 8.526784459232709112e-01
6.932014452580287411e+01 5.631193897553893324e-01 7.041365220470419128e-01
6.670566734107136142e+01 5.619500111001058951e-01 5.450273433745205232e-01
8.835614240397561048e+01 4.185905032048937158e-01 5.482990347691385491e-01
6.340970072788039857e+01 6.164266057541858412e-01 9.940406365047760318e-01
8.813943351279777971e+01 4.398977102339858281e-01 7.688798734718695904e-01
7.041117027596422417e+01 5.503443165339741983e-01 6.714424648637663529e-01
7.587120933957719160e+01 5.046621792340746371e-01 6.259826497275585711e-01
6.731760195430157978e+01 5.251412500357858226e-01 6.967510232693501226e-01
7.951530324819023576e+01 3.142839979177027843e-01 4.623025411482213909e-01
7.422001630763141122e+01 4.921275985442041812e-01 4.157256388152534843e-01
8.680997612497984051e+01 4.699949937495060959e-01 4.951938221147637043e-01
6.889576485041290255e+01 5.196470677473884470e-01 8.752618579750869321e-01
8.175711765923827556e+01 5.870773559152554499e-01 3.954469441488250858e-01
6.570546837704567622e+01 4.720476220851732019e-01 7.703497573824034106e-01
8.909089527526590757e+01 6.723000711585566114e-01 2.967737010952961607e-01
7.577263411706270801e+01 4.185419415543455979e-01 5.706294414436997586e-01
7.208089043818074515e+01 4.228785708748579730e-01 5.766768322246100809e-01
7.118353991120639535e+01 8.010241300036462508e-01 5.164359644750712297e-01
8.881900379635783338e+01 4.079795798333453738e-01 3.328783812012826027e-01
6.351461392159357189e+01 6.306292544398017785e-01 7.937989852326801099e-01
7.541159762246374498e+01 3.809469699224713457e-01 7.596859658688739358e-01
7.754763175362818117e+01 4.041768587008003899e-01 7.076431221099714897e-01
8.122177752156254371e+01 3.080180929254290323e-01 5.493016016128571266e-01
6.927242954410027664e+01 5.607299100093791067e-01 7.059710591609349439e-01
5.754841955575026446e+01 6.521402136500124014e-01 9.114907211905947104e-01
6.786836702177046732e+01 7.762722278311074975e-01 6.774698581370123263e-01
6.613264253103010049e+01 3.840289754554990775e-01 7.615899734437149293e-01
6.158667492371301933e+01 7.691196467394082470e-01 8.249556440450857009e-01
6.511641006890066308e+01 5.451271472608737456e-01 6.872533342017345115e-01
8.670943307861760729e+01 6.684012591373842405e-01 3.771501641780053982e-01
5.937746347476578990e+01 6.502669517507804198e-01 6.434253383267295456e-01
6.943566958574952253e+01 6.924950336453208344e-01 5.329477001521599755e-01
8.340073992895486299e+01 3.549322293034041231e-01 5.950722992784254206e-01
7.791583183924198863e+01 4.968905173187541102e-01 4.857028060592183949e-01
8.214544658288667733e+01 4.235221129006268015e-01 4.550661658329948622e-01
7.759509229470475589e+01 4.636639309315712110e-01 6.685539790102857927e-01
6.819285144756011618e+01 5.582431632899890195e-01 7.944520195654355410e-01
6.380300310269974062e+01 4.795572517133164236e-01 7.908382747451772055e-01
6.728201418520927746e+01 7.652557000088318073e-01 7.232492428190132605e-01
6.337074453444784439e+01 5.903824893840428079e-01 7.738249854220278223e-01
9.152234865329832303e+01 4.392230908955385704e-01 1.990878907153681154e-01
7.199737757188870546e+01 5.347875046241513664e-01 4.173537070584033559e-01
6.845334595991542415e+01 5.520727383598891258e-01 6.798254108328770640e-01
5.146737010889741981e+01 8.361643276809518355e-01 8.808255948416043868e-01
9.528893111065339383e+01 4.841652160809676864e-01 2.473042630941210962e-01
7.603953229983108031e+01 7.785640186871517487e-01 5.511741910104043241e-01
8.303788342727034433e+01 4.859234248155978042e-01 3.345587029209624585e-01
7.993275924762956208e+01 8.383508280444461613e-01 2.838000460123382696e-01
8.447588210222599514e+01 6.734449153125559029e-01 3.245510696721275457e-01
8.625672809753169190e+01 4.723839391793394071e-01 3.499164942628057995e-01
8.505481723884011558e+01 6.818324927732645202e-01 3.859499535338433707e-01
8.790376205043892810e+01 6.154857670037527928e-01 2.641652348876362688e-01
9.764851798887494283e+01 2.608236033887644245e-01 3.261820319152603509e-01
7.926570348967453583e+01 2.922795658593752011e-01 5.404884410810314455e-01
6.395090938205333231e+01 5.484718567336770434e-01 8.959766353850546761e-01
6.780616822377568553e+01 6.944458022968477140e-01 6.629720120427289309e-01
9.423027512790386595e+01 5.880873583369977675e-01 2.985203517013427232e-01
7.182289375622674754e+01 4.414788661574499118e-01 6.544801216631289664e-01
6.011821111631145698e+01 6.793656307917186332e-01 9.928184451166117697e-01
8.343328015688850030e+01 6.467429641194151202e-01 4.072190351287100496e-01
7.800585205244699694e+01 6.516641899334196797e-01 5.326974432586751851e-01
7.292238624613429465e+01 4.208813780212403155e-01 7.445959539858597598e-01
9.273713352009642108e+01 2.656583464420737561e-01 6.430623226776822632e-01
8.595719731464954805e+01 2.949632060428088454e-01 3.884947826196651355e-01
6.775292563062690476e+01 7.594382733960758358e-01 5.402239686138026187e-01
7.449973837168113278e+01 4.801619601960466222e-01 7.034488009455848179e-01
6.988039779845509258e+01 5.158077876113585925e-01 5.076551267475639673e-01
6.970160903226251037e+01 8.087396009052700840e-01 5.510283263326093417e-01
8.455243128212136128e+01 2.419077067163672434e-01 4.789979200331105358e-01
6.748052230908983518e+01 6.790434389285986416e-01 6.014224001559531629e-01
8.707858723800927692e+01 3.932158698510395123e-01 3.989073992099465005e-01
6.916665797315482678e+01 5.316262543849157307e-01 6.270732647467086585e-01
6.829878876510939278e+01 4.005086013008027912e-01 7.812494511198251335e-01
6.745445030714746792e+01 6.777105650553482130e-01 7.256812481602232801e-01
6.467555514456488197e+01 6.366637418436860152e-01 6.708557005572344245e-01
8.900146534042526980e+01 5.772654428055528086e-01 4.172814966306633289e-01
7.706089128828671164e+01 3.796518920113586271e-01 8.013673042099880295e-01
7.784935064406023741e+01 3.689732197422621041e-01 4.660650224538267494e-01
8.246053657019983518e+01 3.681461438891453497e-01 6.988352953626738584e-01
7.045358773301829558e+01 4.720476220851732019e-01 6.510395530288299870e-01
6.971643920023971930e+01 6.054476824846800609e-01 5.652051546491603240e-01
7.249812232644983112e+01 5.343061123949036650e-01 6.723513121355229050e-01
8.725556634219427110e+01 5.396677688119176919e-01 5.058321836421625362e-01
7.482822462466982927e+01 6.359182969017104226e-01 4.797133107912297523e-01
6.119978901546132732e+01 8.392322214563934235e-01 7.298969768221506005e-01
7.232271044026890650e+01 3.830275911690489421e-01 6.434439372700878623e-01
8.596107687116382579e+01 5.958634915842828672e-01 5.636678237693205640e-01
6.924098636513703298e+01 7.587247306257171031e-01 6.196209194452607649e-01
9.179917483193491989e+01 3.056257544105369650e-01 2.854804001892645715e-01
9.638003307835040800e+01 4.940645059492532742e-01 3.204032612911208999e-01
9.044575368818122740e+01 2.046414522472575492e-01 5.549465205946706448e-01
5.701631359831257129e+01 7.601981542163867012e-01 9.228851021902042540e-01
9.157152055298723781e+01 5.495390491003584454e-01 2.671649362080475987e-01
5.836807905549680697e+01 6.895694086316350724e-01 9.444080023961652914e-01
8.197208807540403086e+01 3.615361194286824120e-01 4.227679535589913828e-01
5.768448164697214509e+01 7.622859338796834638e-01 8.003803975492824740e-01
7.090916687728631018e+01 5.510993280721081522e-01 6.910183165388348314e-01
8.019415892061175555e+01 3.608067611483830595e-01 5.630704491095099851e-01
6.633965319865428967e+01 6.500193499899206140e-01 7.333093324390865808e-01
6.791105364615883389e+01 5.328048368181872441e-01 5.984246182600616581e-01
5.180272394845962225e+01 9.276954760894872143e-01 7.550737889856367069e-01
7.184530297018118006e+01 5.344234142451657066e-01 5.863098252547125355e-01
7.498549630200007243e+01 4.263933114219807807e-01 4.288609835758620537e-01
5.854299353631008529e+01 8.434150581350357001e-01 6.203257344735169099e-01
6.908247993414251198e+01 4.632668256999982193e-01 6.219422074427127800e-01
7.702810511739366461e+01 5.279000294759289558e-01 5.454916074927331771e-01
6.804604173355154728e+01 5.346030473468780242e-01 7.681722100916132945e-01
6.747379128308828911e+01 5.752574033221070637e-01 5.123810009706236679e-01
7.754842960709001431e+01 4.341962897361650309e-01 6.515415031472224783e-01
8.739455278518826731e+01 3.854932386495321661e-01 2.456058933967060209e-01
5.884960860961323448e+01 8.643768830053641938e-01 8.443045342916738472e-01
7.164271448165209222e+01 5.665528492208200539e-01 8.796878506674716824e-01
7.433364504716661258e+01 5.004988619478195622e-01 6.735510537800782904e-01
9.138738170897246960e+01 4.086517600965628993e-01 3.824939246245591673e-01
8.112878139310193149e+01 4.450882735210718866e-01 6.155431863930858061e-01
8.159132066270498740e+01 6.439336100885174607e-01 4.238336756461143495e-01
9.040759253734746892e+01 7.078181679661877945e-01 3.531190972645842918e-01
9.372289740565523175e+01 6.302198252280262203e-01 1.761929373872339610e-01
7.111030766989226493e+01 8.697011971245726114e-01 5.848388748810869897e-01
9.475803535644278952e+01 3.635195728759880729e-01 3.718431319414379210e-01
6.853373618943518863e+01 6.476695142936241822e-01 5.505686091046860797e-01
8.044429653956122195e+01 4.140243139084294755e-01 7.486135879231995416e-01
7.907047635405834285e+01 3.310676998165497098e-01 5.738858008487592866e-01
7.262618849429284751e+01 4.685507132486251836e-01 5.313743197295803800e-01
6.718350274633348818e+01 4.122824776362153387e-01 7.715907199628045943e-01
6.527638010143397196e+01 6.514537266299613716e-01 6.018397441389828906e-01
8.498929290905428502e+01 4.839710904837026262e-01 3.432644994724705634e-01
7.406378249596994578e+01 3.331620645663271318e-01 5.159598418580552126e-01
6.252500360480268426e+01 6.907116289244268348e-01 7.634858639421261417e-01
7.353878230829009510e+01 6.516641899334196797e-01 6.258002410045612196e-01
8.821875482604777119e+01 3.252328614803481344e-01 3.554417111846810418e-01
7.448106083749969741e+01 3.960219056351584888e-01 6.481945694601761732e-01
7.893056886873995381e+01 3.181757389274065262e-01 5.923901449261970154e-01
6.530316830579926091e+01 8.246282094755905678e-01 6.067523632032110203e-01
6.558353233823039830e+01 6.049357764084252187e-01 8.125787947335735284e-01
8.312372968291866471e+01 5.174019460607627297e-01 4.879593405132822692e-01
9.207745297463021927e+01 4.341962897361650309e-01 3.909425799960813408e-01
8.697880832676280249e+01 5.446566414824617341e-01 2.943666643149343565e-01
5.799301429992059553e+01 7.312086738631583538e-01 9.529267682875914858e-01
7.549196705451167588e+01 4.965516631287679727e-01 7.444644130799553672e-01
9.650742041490536849e+01 5.219421386480627145e-01 3.545330445886644144e-01
6.905118312234205291e+01 6.639683064013958136e-01 7.089300235584088394e-01
8.512813563442034592e+01 4.303521564324637172e-01 8.089145128386500128e-01
6.818513852014636711e+01 6.951224757769105533e-01 6.570654904017849685e-01
8.823842802148527653e+01 2.414558635520092922e-01 5.232746436424731140e-01
7.314309158813352951e+01 4.809213825870329861e-01 6.118909857390746332e-01
6.988041626785555138e+01 9.317617444801483684e-01 5.157836151689331183e-01
6.995620787208430613e+01 6.260416221790389146e-01 4.255120743872419786e-01
9.598130230103427607e+01 2.656583464420737561e-01 5.875268031069217356e-01
5.197618760046314890e+01 8.643768830053641938e-01 1.088198558045701425e+00
9.303454900349576917e+01 3.276660395734076747e-01 3.748398994785678839e-01
6.622914492172293421e+01 9.372799874767709927e-01 4.499107924992050700e-01
8.871159375951091874e+01 3.777488494646630834e-01 5.890725667961123069e-01
8.687351105958099140e+01 6.136048749661372481e-01 4.187870214600543095e-01
6.434664251349859398e+01 7.912568890120058596e-01 4.963348861566722059e-01
7.641777323510406461e+01 7.765508970254173526e-01 4.631936428714983345e-01
7.973720572589934363e+01 3.755263954957701045e-01 5.481684977067545761e-01
1.088101775713949024e+02 4.435615104261813046e-01 5.344106932501869744e-01
8.063858588242625558e+01 4.888409840037536980e-01 5.247287468466778071e-01
6.179245253529393267e+01 6.680174367997876450e-01 6.604566705196878162e-01
7.942238020377298824e+01 7.143745880222515110e-01 4.545654474670594025e-01
6.146343355599612579e+01 7.449513987142547533e-01 7.889483818020972539e-01
7.700673180903966397e+01 3.966215734179350805e-01 5.253635265457563541e-01
9.426905984389026116e+01 2.579762622128843885e-01 3.167756229409894320e-01
6.440911617447075344e+01 6.424428512128561586e-01 8.409477888007103052e-01
5.789686168428061563e+01 7.700347871893158391e-01 8.564904361505815134e-01
7.518567986959504879e+01 5.808677831685277182e-01 6.148519267310569303e-01
6.994533941340974081e+01 5.254836433338210266e-01 6.925324974161690683e-01
6.599807193177844056e+01 6.241253757693786541e-01 6.052384092297703466e-01
8.313688523835514843e+01 4.703563961244162095e-01 5.956104155174690717e-01
7.420605000857480604e+01 2.522540629772606069e-01 4.680138612338489712e-01
7.048121406010761802e+01 4.000649421260197292e-01 6.427073730776087235e-01
5.719625736004379490e+01 8.311212096234370517e-01 6.262623691350001076e-01
9.843207421938230084e+01 4.027805935955062755e-01 2.875320468970131715e-01
7.061670920826286135e+01 7.594382733960758358e-01 4.777618664194205889e-01
7.850881579736520166e+01 4.962411152489910049e-01 5.192867041563886676e-01
7.791954689531866052e+01 4.453852443905657599e-01 6.972344587381750225e-01
5.853519116518702958e+01 9.727767383892830244e-01 7.165928392792143553e-01
6.614269533436809922e+01 7.619653381377158308e-01 7.202957851171315484e-01
9.764892066682267568e+01 2.949632060428088454e-01 2.222472013513087374e-01
8.221132029432409638e+01 3.350117974232577622e-01 7.018054143774563602e-01
7.547681652278382103e+01 4.012236126859551888e-01 7.278117441616503980e-01
7.456477913480007658e+01 7.148418984318011260e-01 6.009590772634167966e-01
5.838073836502632474e+01 6.974958376888003020e-01 8.859146541037470346e-01
7.406895781110235077e+01 5.673986299386631904e-01 8.259144450892771383e-01
6.143222497070586030e+01 8.716393301900952073e-01 6.365252934911702631e-01
7.689449890807277654e+01 4.979723306800121763e-01 6.277354268168545692e-01
7.299934615382731806e+01 5.593081358323266361e-01 5.993067904195049644e-01
6.351976330808960824e+01 5.564825025250184076e-01 7.794285449675961708e-01
7.472785452589637600e+01 4.327893790574171007e-01 4.944859678969938943e-01
8.183541680378621663e+01 4.893975554723212218e-01 2.870350529592097244e-01
6.268416777837732923e+01 6.321881582253336962e-01 7.130568021522148969e-01
6.312185418614171795e+01 8.090412946114194925e-01 6.197699088257653255e-01
6.674893277747408149e+01 8.233581060036766486e-01 4.603152881104182192e-01
8.219789289836316470e+01 3.723122260000720218e-01 4.641931289992549114e-01
6.880129116869657935e+01 5.174019460607627297e-01 7.977094310153652890e-01
9.334579895676749572e+01 5.959347359353972529e-01 2.603612729747870613e-01
7.084726670792866798e+01 7.519633131723890695e-01 4.878029160185470836e-01
9.318594322549149922e+01 4.954886340251732912e-01 2.703216376052905989e-01
7.557494002789117360e+01 6.247121125186334556e-01 7.028480598529822654e-01
8.803972096438668871e+01 6.194232077106278656e-01 2.771522759083210885e-01
7.452457470379668791e+01 5.779098153293060758e-01 8.558976089393737219e-01
7.416399485777938594e+01 6.188542901620693870e-01 3.180354050162994550e-01
7.179989301629271381e+01 4.514572809332113024e-01 5.273010222329456154e-01
8.539589723907280927e+01 3.572781481372564460e-01 7.600543452247930931e-01
7.317221327398651454e+01 5.126494571557843605e-01 6.839281536917081183e-01
6.704570335882063148e+01 6.026837215049537511e-01 7.381844646524705622e-01
7.117230653341458435e+01 7.307925314782663939e-01 4.170581917652145254e-01
7.656915855694016670e+01 4.994189370136343786e-01 4.603012767451298282e-01
6.648747991326906970e+01 6.984674132261201596e-01 7.208315031529142214e-01
6.894821146701217174e+01 4.472263549888800260e-01 4.980375531483801077e-01
8.172886495851203392e+01 5.469015224092758087e-01 3.408984702727877458e-01
6.737377054788358066e+01 6.953590313148122481e-01 7.030406501956472098e-01
8.205846450562434313e+01 4.857845179285841253e-01 5.454848048162985741e-01
7.221425979777770010e+01 3.044177548893787777e-01 6.847744523131437111e-01
7.786233164643316229e+01 4.039204593818925271e-01 8.241502276731070831e-01
8.252508909883843558e+01 3.549670197045849962e-01 5.365753782843819542e-01
7.273223699681432208e+01 8.438209626584174394e-01 4.629022066880786879e-01
6.893229654269728712e+01 6.059146840168033732e-01 7.153841657771801144e-01
7.829101254329003723e+01 6.020496839710055559e-01 4.837183250857789996e-01
9.593026586938719902e+01 3.579850666035998552e-01 6.502431069621222859e-01
8.572464424907458636e+01 3.373599399944982036e-01 4.735756690102994049e-01
8.563269267251318695e+01 4.297839562419725201e-01 2.335240981381127290e-01
7.824175731959842039e+01 4.553816479262224881e-01 5.135526610972059869e-01
7.376488577196808194e+01 6.010328041576781244e-01 5.123512879131184583e-01
7.841521449534845090e+01 3.343525696339230135e-01 6.417922316291932994e-01
5.869836728741250909e+01 8.998736968794546209e-01 6.290729779890478213e-01
7.148037981870614033e+01 3.677583032760670667e-01 4.990657614267215991e-01
8.108819346842075504e+01 2.530726831517597364e-01 5.049326514781049546e-01
6.309584828264086553e+01 7.356404020261874122e-01 8.181844467183764236e-01
7.403574382247300889e+01 4.893975554723212218e-01 4.226243239016306830e-01
8.700453192267772806e+01 2.726967500197695071e-01 5.450288281473100183e-01
6.931986844534998227e+01 6.516641899334196797e-01 7.247489454521622854e-01
6.077854763855659570e+01 7.173261198307451236e-01 8.152503520832757866e-01
8.462524019089033800e+01 4.511929000763901243e-01 4.107753163322978573e-01
8.950449285685076006e+01 3.809469699224713457e-01 4.826152940974174910e-01
6.756422549972415936e+01 8.620219736972594138e-01 5.103501778528729549e-01
6.607377965449538237e+01 6.698105359911171730e-01 6.156195476965898861e-01
7.727290398275137306e+01 6.742291952742014427e-01 5.511526527688834776e-01
8.435274012190122050e+01 7.994581739269325249e-01 3.515732842257592861e-01
7.771351574629967729e+01 4.468664920201723123e-01 6.013388251055348244e-01
5.564401445486377895e+01 7.535149197018558009e-01 9.854922597221597025e-01
8.840802996628468691e+01 5.972877563784786403e-01 5.346721338745129559e-01
6.820708739861153447e+01 5.164454659588199048e-01 7.687320277284823700e-01
6.606439719416292178e+01 6.150371699657999347e-01 7.376731624843003710e-01
7.882266872167066651e+01 4.464697011347650291e-01 4.832989277849193965e-01
8.083441686509169699e+01 3.450331305496397993e-01 7.008398814759488893e-01
8.006140602956348573e+01 3.283251635815065961e-01 7.638975756665206118e-01
6.811231205208204642e+01 5.635748258225060647e-01 6.295600113402283204e-01
7.806640723538933457e+01 7.233993015649737846e-01 4.453735479304753442e-01
8.405119917401765406e+01 4.926584879797489824e-01 5.720618063572595613e-01
5.341377009051023350e+01 9.028731569478838370e-01 8.158962723590340582e-01
5.221291374812243902e+01 9.520865433305936154e-01 8.574364661556060918e-01
5.576142202745508314e+01 7.657622940422346147e-01 1.013235601214159454e+00
6.100987524963097997e+01 6.456351345238219297e-01 6.109195043894876109e-01
8.620553017432585818e+01 6.136611104764362334e-01 4.114187309555803473e-01
5.584390190014753586e+01 6.868453132865105504e-01 9.786579418747256565e-01
7.502662728222291832e+01 6.143393831745491696e-01 5.693866866370398405e-01
8.014625722408797515e+01 6.293931919176409817e-01 4.628630713495449078e-01
8.574579455968680008e+01 6.540080575388386164e-01 4.074104814084638093e-01
6.773903061625965449e+01 6.094397353051859145e-01 6.252383448424220225e-01
6.701320018990719518e+01 9.760512600081000523e-01 4.439114044067563047e-01
