# m1 q z
2.239088978875885871e+01 8.455563687088155644e-01 3.233535362417327974e-01
2.206450950155668878e+01 9.420609287800126852e-01 2.429044394179788457e-01
2.459335804550691762e+01 6.831622965265956582e-01 3.269187397975475418e-01
2.772290546334848926e+01 5.593138549461412756e-01 3.179520276133153134e-01
2.398346607574320188e+01 6.883470274218488338e-01 3.198739680709637434e-01
2.749300257571476180e+01 5.672033847707604881e-01 2.855142597127728887e-01
2.559517865141184956e+01 7.157911174278221988e-01 2.588198313259725269e-01
2.755451950702416397e+01 6.772466722591964361e-01 2.147158155084060160e-01
2.178023745195564231e+01 8.777909562345179717e-01 3.354051791808237426e-01
2.068098464733927599e+01 8.888877023557487655e-01 3.166310098539365514e-01
2.216048698474209999e+01 9.014043073672599604e-01 2.827303814829734696e-01
2.535818142219049065e+01 7.954571866372167621e-01 2.171474446958785720e-01
3.040695931116957951e+01 5.430272131544454650e-01 2.583781886691597918e-01
2.335680642181357669e+01 8.686103291876013932e-01 2.360783800534654864e-01
2.044243124709063153e+01 9.960950582465533110e-01 2.976962386989817633e-01
3.268088930226842592e+01 5.002550210874371350e-01 2.676854107180776099e-01
2.150286916148181504e+01 9.929793191343605496e-01 3.053635854835132779e-01
2.425725309795268458e+01 7.765083568898966115e-01 2.736822633148319195e-01
2.517303847082936485e+01 8.003095482202811084e-01 1.801072323544604670e-01
2.604941825969903846e+01 6.899653981544840997e-01 2.347973256575542622e-01
2.589773777729874382e+01 7.730682807015768487e-01 2.336341605649455144e-01
2.675937212828827683e+01 6.242898745219968015e-01 2.803070346187873652e-01
2.230006041308379849e+01 8.858673733107516046e-01 2.873206326976995295e-01
2.355897264984208306e+01 7.626208836499632771e-01 3.464787132449494989e-01
2.898130053607139445e+01 6.253545963917287454e-01 2.374830619237372764e-01
2.168011303930662947e+01 9.338370554322902306e-01 3.214216894925254198e-01
2.215679731336604519e+01 8.753165191218759134e-01 3.006748942545067194e-01
2.355055302926093930e+01 7.558407105518345492e-01 3.091720245929694411e-01
2.152772030953013527e+01 9.816689238252915839e-01 3.185663996237965145e-01
2.477710982759208136e+01 6.974336869323343180e-01 3.223362583888300659e-01
2.487347933142318368e+01 8.547196706864548243e-01 1.734200388538628124e-01
2.488830428514281934e+01 7.263179187277355453e-01 3.009124542691337112e-01
2.397898602478213093e+01 9.824807918079420110e-01 1.861831645762128673e-01
2.812486141977990428e+01 5.201390932339321482e-01 2.409204837677455802e-01
2.775305302765919180e+01 4.725145282755148224e-01 3.183782052523229655e-01
2.571225931146370769e+01 8.487700559589088645e-01 2.050102008188376401e-01
2.608737751803769456e+01 6.705375855278824515e-01 2.812388737952006834e-01
2.060188359322775042e+01 9.601883061294275157e-01 3.028687918480637009e-01
2.249295937164020387e+01 7.686903848739352618e-01 3.530821572283678322e-01
2.684993500641127184e+01 6.511299686644199669e-01 2.686881548391503727e-01
2.664993506445741289e+01 6.043422529974168400e-01 2.781823999750247522e-01
2.223927247761976389e+01 9.766587143451181952e-01 2.610402111092377520e-01
2.520049892511177703e+01 6.384323976249882682e-01 3.213732511873446662e-01
2.320191998184994375e+01 7.733320394057374703e-01 3.465966198019540534e-01
2.555786513104887447e+01 6.998961595589965334e-01 3.282298900726560720e-01
2.420704188330532602e+01 6.920040398810902715e-01 3.458640939603976339e-01
2.136747250357000993e+01 9.215957399600762656e-01 3.099224830269357578e-01
2.327483943807537514e+01 9.115223269728143229e-01 1.471439440771183937e-01
2.302741262506524222e+01 9.363593086264735410e-01 2.728493645844740634e-01
2.802728399431286377e+01 6.581967138097627457e-01 2.513218463345440190e-01
2.679218840740043817e+01 6.632377091906043187e-01 2.723649215984315641e-01
2.154595255783981500e+01 9.081963318321070178e-01 3.183290303687135725e-01
2.940789245527964368e+01 4.984976093020538901e-01 3.259982816001485983e-01
2.938625491445355564e+01 5.471015347465498779e-01 2.689545898788486822e-01
2.564551890443037507e+01 6.468861674351126245e-01 2.943570788115695280e-01
2.322927647555997055e+01 8.351218674883588156e-01 2.946111345071622534e-01
2.384291769439260733e+01 8.234649092177430685e-01 3.010895779662820515e-01
2.432197651142123718e+01 7.217245900510146361e-01 3.355362666372500025e-01
2.452939348689147536e+01 9.997082996600343829e-01 1.697587947352772464e-01
2.652259381103494107e+01 6.205130695129139617e-01 2.848516905285402023e-01
2.526070648645934469e+01 6.698003865770035814e-01 3.084958653221903657e-01
2.305749578519746024e+01 7.863015013772064465e-01 3.367895637571471368e-01
2.968766279624777127e+01 5.729265704476522725e-01 2.255081187548786115e-01
2.521270367870380014e+01 7.010552107231887708e-01 3.078142695091392045e-01
2.559234905821920236e+01 7.470005025903638796e-01 2.608703576379101663e-01
2.748487043927272566e+01 5.919041898061351281e-01 3.405025352894992530e-01
2.574579548984327815e+01 7.846277603752024321e-01 2.230375590280884168e-01
2.189465102084975001e+01 9.848329953228045497e-01 2.761920805685357250e-01
2.230638301510361998e+01 8.783781178319352012e-01 2.757337773451067897e-01
3.232750285121137068e+01 4.979312147675200584e-01 2.113153736998468757e-01
2.347831543928068143e+01 7.023342028725162445e-01 2.976769719214281129e-01
2.197890012831996742e+01 8.192960068126290407e-01 3.854654830947965571e-01
2.316345875639870755e+01 8.130372240600942657e-01 3.430121278938648710e-01
2.510926191555754627e+01 7.007053849993644112e-01 3.001211215011648781e-01
2.121152731674761682e+01 9.822992593957966534e-01 2.785504587758997341e-01
3.031495043648050824e+01 5.171728763538266938e-01 3.267386928562974191e-01
2.454095905027180180e+01 8.706913874934982811e-01 1.741315605339776029e-01
2.595048794624573318e+01 7.811249111904265963e-01 2.287351669477832306e-01
2.433953188670382772e+01 7.524364259046781855e-01 3.039242946307347815e-01
2.481221922208919750e+01 6.865851442112209657e-01 3.026903105504525349e-01
2.020353828336651958e+01 9.689868781217763072e-01 3.437778538183688948e-01
2.432256140060519911e+01 8.562392147724439129e-01 2.469182724697545350e-01
2.566628410653948933e+01 6.959856246548894454e-01 2.775623786383768499e-01
2.381565188643875075e+01 9.672254265062381062e-01 1.721475697907000890e-01
2.122869586176081214e+01 9.958407294515422281e-01 3.028573334826689112e-01
2.247110795273497175e+01 8.120282782507480812e-01 3.163789942228780183e-01
2.989141276345864284e+01 4.949160910935880842e-01 3.064185088354393627e-01
2.152396678947472353e+01 8.928471467731056155e-01 3.051511505747643849e-01
2.433957938399436216e+01 7.397794210837250750e-01 3.691259461045047763e-01
2.898928590586978515e+01 5.426094671954280191e-01 2.438857323556789802e-01
2.398316371971559136e+01 8.973911037028322601e-01 2.162006628967538813e-01
2.210696503030530380e+01 8.819301661453642360e-01 2.990110076038877129e-01
2.143831596366390002e+01 8.388137443236625135e-01 2.212576473398579213e-01
2.211734196805790376e+01 9.655732214403883740e-01 2.952398790335898360e-01
2.059690276920527552e+01 9.581358264920899481e-01 3.713875220556889789e-01
2.386207821990894828e+01 7.012196260928048597e-01 3.192504461821283890e-01
2.376364651919266890e+01 9.176432732228247957e-01 1.835041089812370907e-01
2.198762768186838557e+01 9.742321593686270598e-01 2.905753337263215497e-01
2.692993492347484263e+01 6.810521120840484777e-01 2.499008157119874396e-01
2.473933930845184648e+01 7.253153378136159013e-01 2.891901552167596146e-01
2.363910840677394631e+01 7.341775342716356789e-01 3.671967982646665019e-01
2.346776757422248849e+01 7.189993480339075260e-01 3.070356779982068018e-01
2.165030372440039130e+01 8.434171011553900366e-01 3.164248899438181772e-01
2.589706219741012561e+01 6.009108101447746542e-01 3.260534703691336800e-01
2.708463241895432816e+01 5.857377057741234294e-01 3.393874763686452467e-01
2.254881813178917938e+01 9.322218404611113396e-01 2.964972746811929682e-01
2.470881794440298052e+01 8.294928631698879062e-01 2.388083659710751316e-01
2.476897615172945777e+01 7.112704280572599291e-01 2.900001810628563548e-01
2.324996763132794442e+01 7.876123472981689799e-01 2.693217117765506208e-01
2.804821669369211889e+01 5.784333127596331670e-01 2.828783968160388795e-01
2.590270581464843502e+01 7.042053666770392573e-01 2.407500299276235101e-01
2.527116306980580873e+01 6.486755801381816067e-01 3.350019253168589062e-01
2.278417549021766320e+01 8.302453172091542877e-01 3.141955036777351329e-01
2.325426269511011412e+01 9.124839562836667417e-01 2.459598086792912641e-01
2.308963042268297983e+01 7.515653103772483856e-01 3.517089286245489999e-01
2.589468268299732401e+01 7.129803385947985905e-01 2.614612616706317727e-01
2.741181728665323547e+01 6.059480471783519340e-01 2.736827685450270997e-01
2.628646150087150346e+01 6.569519582594310902e-01 2.921867296126952618e-01
2.363931324119538857e+01 7.990995991840507129e-01 3.066363391702699448e-01
2.459974785302875944e+01 9.387541522850174625e-01 1.509279406699733372e-01
2.732897717809789384e+01 5.614973920820596209e-01 3.482231594076739545e-01
3.256703883829838730e+01 4.572870100806874505e-01 2.476034896083589287e-01
2.654296035474555282e+01 7.921737367324737100e-01 2.209600301739305661e-01
2.569571121527693691e+01 7.375525928638206885e-01 2.545040183175986681e-01
2.300862277784781185e+01 8.586564659269418920e-01 2.984685153073048380e-01
3.074482335206228001e+01 4.438567787977297230e-01 2.754893910074326380e-01
2.647676457658448612e+01 6.970446129613607766e-01 2.202510384116684039e-01
2.954411579465144655e+01 4.686522579347227602e-01 3.475240393549693385e-01
2.181431662320960996e+01 9.801131700886440701e-01 2.400473533752985889e-01
2.677034491734491795e+01 5.432521336166731274e-01 2.553947740635267305e-01
2.661719935523666081e+01 7.378436219585828848e-01 2.438349675587151155e-01
2.424012323420519266e+01 6.973821889952550590e-01 2.488831228232017412e-01
2.367782199588852166e+01 9.432542662233788233e-01 2.376551650548915928e-01
2.422707888014212685e+01 7.880506312704947947e-01 2.934641248129789548e-01
2.453386359699454999e+01 7.369436515388867459e-01 3.073831864541991532e-01
2.596159168117075922e+01 6.318456860906619399e-01 2.912698214223513604e-01
2.520673343018695434e+01 6.630869863973050116e-01 2.750653849727559552e-01
2.142600702184288863e+01 9.336676893786310938e-01 2.753361101917815579e-01
2.947528753523257805e+01 6.385130738839360776e-01 1.679989795988315326e-01
2.178319240818960267e+01 8.511387637408230900e-01 3.050743915090680103e-01
2.225075452195724424e+01 9.708730017841639137e-01 2.927547771570195856e-01
2.431003693976419555e+01 7.178341638861555074e-01 3.173977493002606010e-01
2.701015631367567238e+01 5.845024102367173402e-01 3.495799207178923451e-01
2.233813366260326916e+01 8.636556870464910940e-01 2.759491368387496646e-01
2.755634109768204709e+01 5.641512720391860247e-01 3.008272121233881990e-01
2.499247839729035547e+01 6.599392799177802305e-01 2.785210154240576053e-01
2.047538498901606729e+01 9.767523573409989668e-01 3.238981898896430289e-01
2.388745765793180809e+01 7.872373570159133527e-01 3.428937618873270643e-01
2.251811596242319169e+01 7.988960649421957827e-01 3.057246533127827570e-01
2.258924441695226548e+01 7.797143991484440928e-01 3.424247957690768063e-01
2.475776126939656052e+01 6.999883599065556128e-01 2.800853625164884120e-01
2.739017955438620078e+01 5.942504406518319682e-01 1.843140800484637520e-01
2.943357638486656924e+01 5.253660426178089482e-01 2.759148962366559377e-01
2.752992734878063530e+01 6.072443418073076860e-01 2.837155655532483944e-01
2.437195556979296640e+01 7.197863246560275430e-01 3.084941220811057705e-01
2.511782521399702262e+01 7.229296222125931592e-01 2.813639306486205860e-01
2.411142088851721965e+01 6.789174080165708558e-01 2.740968548977830155e-01
3.091662763663731184e+01 4.540617675889134786e-01 3.528729254976786245e-01
2.253644671428950019e+01 7.661448331541630408e-01 3.505438138408444870e-01
3.474669067779662868e+01 4.046811971951924103e-01 2.655597246595733929e-01
2.862931111635332471e+01 6.520523972896699050e-01 2.601756137994460372e-01
2.275175046159954206e+01 8.671749040617400262e-01 2.973585786728275560e-01
2.635126857568181435e+01 7.747197795872406978e-01 1.887732816862567331e-01
2.170067691189956705e+01 9.823242718074900459e-01 2.974992919706406780e-01
2.755963300190162713e+01 6.358633540433898945e-01 2.601329408666469556e-01
2.672620281509141904e+01 6.677850361637823751e-01 3.064592499870957276e-01
2.534652804210582744e+01 8.236193546220944572e-01 2.235913933319348401e-01
2.436353026753154793e+01 7.921824372018936300e-01 2.465000962005981511e-01
3.052360791392107586e+01 5.998049425398109813e-01 1.582202223374819250e-01
2.288765058805216412e+01 9.405329632763848036e-01 2.283429214093084803e-01
3.425383923146373633e+01 4.086598714992660253e-01 2.933320475878596900e-01
2.322118925994652727e+01 7.732602506490328098e-01 3.699763362958209401e-01
2.697377709861142137e+01 6.420055326326360445e-01 2.645622659835719093e-01
2.493488624592172087e+01 7.406230844473640218e-01 2.610839145127473726e-01
2.841866600224823358e+01 6.638034002444895831e-01 2.071220848968822470e-01
2.402092802558998130e+01 8.144644130681472083e-01 3.529227520555278108e-01
2.969439851784616025e+01 5.537184564303891943e-01 2.516661992084779365e-01
2.556458927607880582e+01 7.683499316047613936e-01 2.303810856752858405e-01
2.765257713907535830e+01 5.805882225181028256e-01 2.734766965986288878e-01
2.561319959827060444e+01 7.381255664384805959e-01 3.246168649648805138e-01
2.592041036787002994e+01 8.401383963388138199e-01 2.000811096666933742e-01
2.974032033907799999e+01 5.149359664802775072e-01 3.188583548888481167e-01
2.677871613415484475e+01 6.232660206007238912e-01 2.723881408033253515e-01
2.114001126482645887e+01 9.779517768204157857e-01 3.611028628184235756e-01
2.213552416705728731e+01 8.908749967333379205e-01 3.584301415756744325e-01
2.569140536940440711e+01 7.320894319026306496e-01 2.590938607228761015e-01
2.212541049781094316e+01 9.348601296751621881e-01 3.111979490524326430e-01
2.445824543231878678e+01 8.508999798036473994e-01 2.022939159140235421e-01
2.754338472824877471e+01 5.691067274994459080e-01 2.668442166205266530e-01
2.434448532496957185e+01 7.722563087636268309e-01 3.643009868604094592e-01
2.169879361090229963e+01 9.252676755900094419e-01 3.051098337311716202e-01
2.220611358009447045e+01 8.722700305966584189e-01 3.462258978605812221e-01
3.164916457093625723e+01 5.070664037916930988e-01 2.247600999119588605e-01
2.725288681711121441e+01 6.253067736813229249e-01 2.800379536184587348e-01
2.528381578742341063e+01 8.203096204662819746e-01 3.222760122658271387e-01
2.602310205937223486e+01 7.914282224228768037e-01 2.279879599769834841e-01
2.637499618845616567e+01 6.671495890464941292e-01 1.509101990543379734e-01
2.632121369420130108e+01 6.396149207213221999e-01 2.599994070062985330e-01
2.295312421982735174e+01 7.801262903099378532e-01 3.224721177045665743e-01
2.413568611041907985e+01 7.671239551160158321e-01 2.349957067466507676e-01
2.489669175931172163e+01 6.522115721354571072e-01 3.094656638158026496e-01
2.438198520125730795e+01 8.816491452997291534e-01 2.503505217364599411e-01
2.359436247302045686e+01 7.826631473521722393e-01 3.458406078084075852e-01
2.483248814476094424e+01 7.126403006671605533e-01 2.458003205600276520e-01
2.274770213602401370e+01 8.604614500841573088e-01 3.225157170722932065e-01
3.070286187477326934e+01 4.853981758677436975e-01 2.707906093994708052e-01
2.769538803942695893e+01 6.183111837226439311e-01 2.894634952493288504e-01
2.293575349913083627e+01 8.341537731887078699e-01 2.519485332243339704e-01
3.024583463855416809e+01 4.687475735961414425e-01 3.500734750916373317e-01
2.060219164393464908e+01 9.612931609786335985e-01 3.564380438794020334e-01
2.631359006735594264e+01 8.417198056504130443e-01 1.682417891548099176e-01
2.237094864966305607e+01 8.343996007155612959e-01 3.544637751376161772e-01
2.801603492138114149e+01 7.336528324600658513e-01 2.153120200317208133e-01
2.564585447626978976e+01 6.058506581603652075e-01 3.245350551572101505e-01
2.728042799385074346e+01 6.530332856107847750e-01 3.706945633591692824e-01
2.850271733976689958e+01 5.190978579759739642e-01 3.160024300229650751e-01
2.430966233685613176e+01 9.328061168825952931e-01 2.007484173982939657e-01
2.323421651582991032e+01 8.333781558044908166e-01 3.101633442740583946e-01
2.132202758664418951e+01 9.936945766126648039e-01 2.342948843782785007e-01
2.536552328967795589e+01 8.239668958362468265e-01 2.482994605195577298e-01
2.372142312338941750e+01 8.145995458267895062e-01 2.960410760838789179e-01
2.421877001472820723e+01 8.378881722317683689e-01 2.260632900720763172e-01
2.846248662546773289e+01 5.678751399097908825e-01 2.654869482942255887e-01
2.464249893618113774e+01 7.465366358812739467e-01 2.931988355802611634e-01
2.541996592233285668e+01 7.537562428535498071e-01 2.551734740469155382e-01
2.474224406190138836e+01 7.546334726907217849e-01 3.150911211925199185e-01
2.939204091450907441e+01 5.100995633793983242e-01 2.869222890482430177e-01
2.617043477648893557e+01 6.464799283700664034e-01 2.999152823792840539e-01
2.425412226145301631e+01 9.833589043641516314e-01 1.601532097091123430e-01
2.336593847127185342e+01 7.216615434955195862e-01 3.254753900664403288e-01
2.748423722882252918e+01 7.146673193379614597e-01 1.891126700936532068e-01
2.389722348447169509e+01 9.515708530308039093e-01 2.020543216660306840e-01
2.564795844847028405e+01 6.275954542995829666e-01 3.319443715294341235e-01
2.711290504537873858e+01 6.529909587952706929e-01 2.782031445382513457e-01
2.568014196920152870e+01 6.773972963163906735e-01 3.076317864008630276e-01
3.350085094234628968e+01 4.622181445123817456e-01 2.394102262500229505e-01
2.359380340113425589e+01 9.400459478350056131e-01 2.498106351401140901e-01
3.021425599763810865e+01 5.272034326204613208e-01 2.641704441422721428e-01
2.753906773158067267e+01 5.869823902259567738e-01 3.032776525925826583e-01
2.130472519087222594e+01 9.201070120322109025e-01 2.910633695199650872e-01
2.649615519004701625e+01 6.104926638680524542e-01 3.146272021643800043e-01
2.245372895620683096e+01 8.889856635798901729e-01 3.238733957701522836e-01
2.735421668827327935e+01 6.140863525341268003e-01 2.580221129487398901e-01
2.821084025183314736e+01 5.355035562829674189e-01 1.920410381507998698e-01
2.304432197151054851e+01 8.130247809229889100e-01 3.555994594268980791e-01
2.710353773889887563e+01 6.815930225836422940e-01 2.268318184935174397e-01
2.285309569793014361e+01 7.395397370919793989e-01 3.688151983478155649e-01
3.063698498366784406e+01 4.983656526938127773e-01 3.229945149326565179e-01
2.799271598090417967e+01 5.407557563691595126e-01 2.403381221296130577e-01
2.441810555866961252e+01 9.565866626739901735e-01 1.695004264694446872e-01
2.278523187062203803e+01 9.802214847474546300e-01 2.491448976790108516e-01
2.268473222713133808e+01 9.607173800638333372e-01 2.541633173471430918e-01
2.450928829153381017e+01 8.590409942357578599e-01 1.688264164214783036e-01
2.582952263284396466e+01 6.807294092816547071e-01 3.150398555788305743e-01
2.523953746901615958e+01 9.073066994895516713e-01 1.670134465784242350e-01
2.153052752409926640e+01 8.925533495496277281e-01 3.210270987525224995e-01
2.620331266000932047e+01 6.619288085348535855e-01 2.791330767944172897e-01
2.247442798482901694e+01 9.391036132731637176e-01 2.625528373161198914e-01
2.692052992295993974e+01 6.194982134321010969e-01 2.870627921389243276e-01
2.636035455390715398e+01 5.918947409152572892e-01 3.419905170923249749e-01
2.091888154571994107e+01 9.777509619400697183e-01 3.298513473046894018e-01
2.761440692760075066e+01 5.517757664025756403e-01 3.875307488458855087e-01
2.980762510707860002e+01 4.589621475618194668e-01 2.779385927810184564e-01
2.856931531485518150e+01 5.494380662716380481e-01 3.042427486261991554e-01
2.756452930340439522e+01 6.224502586091832379e-01 3.005564994965593817e-01
2.482016845708265862e+01 6.086304659852579402e-01 1.967788207550069390e-01
2.511236126365862376e+01 7.238996786039663123e-01 2.333119489379706091e-01
2.130592508465621293e+01 9.331827817418876236e-01 2.891165067914019393e-01
2.167879120137439486e+01 8.578965500460761229e-01 3.409158185454611578e-01
2.367300980150347200e+01 8.507203591407808130e-01 2.318271298553702120e-01
2.143466796551520304e+01 8.988624053427402005e-01 3.241466954198495842e-01
2.456408787334969901e+01 7.993071119182828532e-01 2.783604227484488547e-01
2.650012185644870755e+01 5.475148153104745230e-01 3.514675505563105706e-01
3.055072867662170566e+01 5.699791115608923153e-01 1.735162988066148715e-01
2.284941683035484417e+01 9.107018978549935584e-01 2.783139875577626543e-01
2.433321175062049946e+01 7.704368177856504296e-01 2.876332408215800940e-01
2.092358049914187745e+01 9.843972332722369378e-01 3.470958307883720839e-01
2.228363752339085835e+01 8.659867270548989859e-01 3.274002946801150560e-01
2.871308085437173219e+01 4.806156300849570573e-01 3.714125747003879652e-01
2.608384545205146310e+01 6.413500632281333713e-01 3.054409059266686155e-01
2.211269045191477645e+01 9.115422711916824072e-01 3.411878024778599583e-01
2.958490179342145865e+01 5.713916386407500436e-01 2.466683738640118029e-01
2.667664635521813565e+01 6.259795211136468529e-01 3.040320226644285251e-01
2.922754863066424136e+01 5.254936798869906944e-01 2.758656754911550379e-01
2.883511752563013886e+01 5.059975787989913210e-01 3.273679922972033696e-01
2.611373948220237651e+01 8.212877667644767898e-01 1.047416820076744470e-01
2.600747426329128942e+01 6.652205615188966359e-01 2.602465099373115764e-01
2.633585083736754484e+01 6.050886148043138624e-01 1.934403878496324392e-01
2.337764283619434025e+01 9.659832019716579898e-01 2.236257348114077670e-01
2.279118045522260516e+01 9.203621940441460980e-01 3.086630327651937455e-01
2.924126601415534310e+01 4.881450785874805742e-01 2.687394810379976073e-01
2.338461538534872020e+01 9.018647135029482786e-01 2.610505887684144155e-01
2.643988886503132463e+01 6.137097716136716841e-01 3.216153654660958150e-01
2.110269199126123496e+01 9.913605725169830629e-01 2.991135025273965464e-01
2.831459750855725943e+01 5.255004131563145719e-01 3.027804041197729168e-01
2.856680240672501370e+01 5.234557771976952045e-01 3.174879898843427362e-01
2.945374859201858797e+01 6.069108751492304776e-01 1.662356698674158917e-01
2.897750007640664194e+01 5.625329986655838166e-01 2.660077627024036162e-01
2.441300828318997063e+01 8.364310992855825688e-01 2.470916366543548792e-01
2.992869577703419637e+01 5.259720358570695309e-01 2.535434217031747317e-01
2.436774432271478830e+01 8.341876544927645520e-01 1.954071717583358292e-01
2.117196920773303503e+01 9.173753914586221248e-01 3.307449241794533368e-01
2.425780164971944686e+01 7.300093512255082517e-01 3.149792547704347578e-01
2.855753234508767591e+01 5.173338126376193502e-01 3.248364208077225146e-01
2.686419445162484365e+01 5.851666572512297382e-01 3.200563237688552887e-01
2.648236653906280935e+01 6.150003976887741253e-01 3.526892379641649589e-01
3.031067599622999964e+01 4.860829426973243828e-01 2.355661523487787290e-01
2.317940774909909152e+01 8.089217815964616642e-01 2.924954054408987481e-01
2.026044695093000669e+01 9.963169180234615618e-01 3.521987877765125341e-01
3.320248199880985140e+01 3.326048611493364615e-01 2.216880338155051977e-01
2.865573377743739414e+01 5.223056531548204706e-01 2.924017888053036529e-01
2.570906041473100245e+01 6.857605641410231545e-01 3.343053031062321323e-01
2.241453886655133232e+01 9.245530713897321951e-01 2.650662991886837960e-01
2.500211816833522960e+01 8.513348284043505965e-01 1.972579239333323020e-01
2.515266283648084666e+01 7.399941910731183681e-01 3.200047001565576310e-01
2.436460301190380306e+01 7.661896057792176862e-01 3.091153345387299689e-01
2.193592141382913496e+01 8.599019078212943867e-01 3.822209128397104916e-01
2.311724865841843624e+01 8.670000714614896076e-01 2.981857457316882121e-01
2.528669421868297462e+01 7.287582176863665051e-01 2.821750172913648491e-01
2.546868391526783526e+01 7.022089129788313677e-01 3.211076056933927503e-01
2.218173874676850943e+01 8.827122024467540795e-01 3.708926296201498496e-01
2.696867802630621469e+01 5.867758821347545117e-01 3.448590737914519200e-01
2.593130024019649582e+01 8.305798366795783538e-01 1.921379127602556025e-01
2.643448953457213335e+01 7.276319546217888679e-01 2.477506450922201953e-01
2.520784733231378638e+01 8.348862498478456518e-01 2.218383609095848918e-01
2.051866113168374284e+01 9.660874036403858112e-01 3.625860407461237722e-01
2.343353707438381761e+01 9.194677767867661666e-01 2.371088095449445654e-01
2.564157682088989176e+01 9.499089927276830325e-01 1.106283106319680548e-01
2.678034938370195306e+01 6.113050427861609348e-01 3.291602302750448739e-01
2.826884597296150403e+01 5.813931736776354331e-01 2.677525164974521865e-01
2.455476421118572006e+01 8.167538807909497933e-01 2.126930975529585377e-01
2.561733697652079655e+01 6.766745702203391666e-01 2.967330184638933277e-01
2.254048090188887343e+01 8.627143987511124434e-01 3.927839563509360477e-01
2.349797009412856852e+01 8.415702778372300408e-01 3.326768311652869570e-01
2.527054238179858459e+01 6.857605641410231545e-01 3.574594138494536777e-01
2.241686489151242512e+01 9.702406029234493801e-01 2.884763022026836654e-01
2.438696577766294027e+01 7.437182934299794157e-01 2.680262818727556229e-01
2.428785694529026884e+01 7.519517406443569918e-01 3.212865285298605045e-01
2.598127897342600789e+01 7.669611832201931323e-01 2.570949080072996717e-01
2.570318924404039151e+01 6.256149806100124167e-01 3.573318387226544490e-01
2.361837594335640134e+01 9.344300195116252983e-01 2.914160347371033133e-01
2.550422143970488520e+01 7.194025307611796594e-01 2.234233993229688964e-01
2.556869926764837331e+01 8.528150268909663323e-01 1.410367058527102480e-01
2.679099858949789237e+01 7.319647565221656382e-01 2.623961189299321983e-01
2.776384295045236783e+01 4.983282240726266132e-01 3.052931137298259823e-01
2.275011048182173923e+01 9.380298219495001311e-01 2.395731238956484155e-01
2.378055507243704625e+01 9.386311393496206135e-01 1.644594552486166317e-01
3.167771743319265099e+01 5.424134505338513712e-01 1.900179477459245092e-01
2.902727985109847708e+01 6.107618968528963910e-01 1.888386476826344473e-01
2.491053168504125637e+01 7.241939199746902922e-01 3.092765819379211800e-01
2.584380917882293005e+01 8.026809034698128009e-01 2.171567212807551661e-01
2.522741794230002910e+01 8.146122876868168161e-01 2.311822626611220732e-01
2.398809770687158505e+01 8.600167209946935065e-01 2.642446643599667966e-01
3.355150545774331050e+01 3.532592374950441205e-01 2.510821927223030881e-01
2.620918913866284328e+01 6.629873270689828901e-01 3.378847435822355805e-01
2.755624019967757121e+01 6.042576534025447810e-01 2.604022839232137398e-01
2.331191315403064834e+01 8.490848373801614946e-01 2.911122026013980291e-01
2.931622425678296295e+01 5.481655257715420948e-01 2.365501786394477446e-01
3.108210733778958712e+01 4.375918238012695971e-01 3.332049314849704902e-01
2.493620895919352520e+01 8.920656132921864767e-01 1.465781817231787965e-01
2.226799108302850172e+01 8.562222092631700532e-01 2.834624696966289159e-01
2.129371994469903484e+01 9.389237979965198155e-01 3.386293475501519490e-01
2.166392805095888008e+01 9.231640774152848339e-01 3.295959932127772163e-01
2.288216497117361925e+01 8.272376117193420697e-01 3.290572094592414953e-01
2.964620935070664132e+01 5.818037008397186627e-01 2.290749355844554636e-01
2.344295829895915872e+01 7.563709171551670218e-01 3.632685795824239783e-01
2.081243080658036959e+01 9.997374640018725778e-01 3.130144681225854320e-01
2.586017017653618666e+01 7.056115228402490835e-01 2.815738083261480895e-01
2.233574128259344249e+01 9.577115291131714780e-01 2.409434474198462739e-01
2.588233206968388700e+01 6.968356267310450436e-01 3.219440072560098565e-01
2.110719575549310179e+01 9.733684922260116279e-01 3.118826440090852747e-01
2.442120555121369918e+01 7.871371514756644316e-01 3.264487871372036554e-01
2.796306780072182718e+01 7.578189705256798137e-01 1.930200401943927557e-01
2.488472464347126589e+01 7.991599728146523418e-01 2.777742086884261163e-01
2.365949248338773003e+01 9.458265947127573181e-01 2.345357638350668572e-01
2.082131199920191733e+01 9.778452186019238601e-01 3.063616794172608904e-01
2.507077781239718206e+01 7.060148266092097780e-01 2.655620480591286414e-01
2.316000182886487124e+01 8.046894239280962813e-01 2.692821215496103426e-01
3.117989529101938118e+01 5.037919266558300579e-01 2.932792125610487743e-01
2.463533102567410893e+01 7.502643599664730045e-01 2.841719831553402575e-01
2.838940459364427937e+01 5.429167887713554075e-01 3.175725525598251386e-01
2.195305880310462143e+01 9.403314152145472171e-01 2.863621284355133412e-01
2.596600189091649824e+01 6.373475046668402033e-01 3.084039689951749152e-01
2.514594199514597861e+01 6.519893501414351089e-01 3.875969619756468032e-01
2.307341415992545208e+01 7.530097148414385266e-01 2.829531870250450720e-01
2.218374768047206658e+01 8.338812234398617074e-01 3.752218868059158940e-01
2.530371238327054684e+01 7.588350192864611321e-01 2.511226437883235518e-01
2.319506236307589475e+01 8.462579989545429004e-01 2.754684131689109083e-01
2.229954182512806682e+01 8.968232636788117107e-01 2.275060695965484547e-01
2.951693815501591800e+01 5.693041077503475655e-01 2.149799909896231154e-01
2.566693914968297818e+01 6.056057397878544801e-01 2.851037216390320261e-01
2.556045280293022159e+01 6.890368015792732725e-01 3.008147679488847315e-01
2.432791011972140183e+01 8.061850072874674478e-01 2.727052148752853178e-01
2.625219574138382228e+01 4.502972394714891413e-01 2.209928394744625768e-01
2.154570728908359101e+01 8.582956447200454919e-01 3.571032903047579032e-01
2.636694560685702982e+01 6.318165358656815389e-01 3.024452548706865196e-01
2.585892856356541358e+01 6.046103541547015459e-01 3.145478340465973077e-01
2.439387752559458988e+01 7.768874616333388827e-01 2.753147779081625002e-01
2.539457856446209760e+01 8.869273057105341307e-01 1.741264973728901821e-01
2.220821691480047022e+01 8.448764193105912090e-01 3.227426030545105240e-01
2.871793371609264156e+01 4.917381814660283790e-01 2.918067921945381449e-01
2.715032266962387197e+01 7.438884636283512597e-01 1.622441969384294802e-01
2.658978798940152544e+01 6.213234277821447771e-01 3.091157588406484580e-01
2.686187947498786599e+01 7.203086999952128533e-01 2.282557160004559937e-01
2.301262077090765246e+01 7.632924614401391805e-01 3.392690899137397187e-01
2.203226796219774286e+01 8.610476194489292689e-01 2.696397186683952563e-01
2.507166078008974708e+01 7.940277389389629459e-01 2.933791098018464494e-01
2.280695122267591302e+01 9.962473605227046836e-01 2.398648569520143992e-01
2.907632328609389205e+01 5.474022076319623453e-01 2.780772162938222603e-01
2.434957962132096654e+01 8.013651065341790281e-01 3.014846322823269698e-01
2.367594498364927702e+01 8.691020985491365591e-01 2.896546176625415803e-01
2.252655887952639091e+01 9.315599060499442086e-01 2.209187822139045410e-01
2.447165260139911780e+01 9.428317542700055398e-01 2.037280049848786412e-01
1.990157097710901724e+01 9.781305742906625245e-01 3.257954094460859262e-01
2.458929277549377801e+01 7.844816483461923839e-01 2.898708789294671684e-01
2.203601879443765199e+01 9.444617786021262118e-01 2.751205527499496206e-01
2.544623158338432845e+01 7.161229700824538469e-01 3.003851643158679252e-01
2.986674354953205679e+01 5.418190443914808752e-01 2.486191694995748547e-01
2.180583742248200707e+01 8.273253548897597787e-01 3.648420358608469027e-01
2.489711138723878392e+01 6.609923415127068047e-01 3.408717040338868909e-01
2.307568061138130489e+01 7.916085051410879370e-01 2.928007751153351435e-01
2.399157720324081211e+01 6.997033272143983185e-01 3.023360254082408383e-01
2.789080335418691448e+01 6.496568790613700406e-01 2.486142488934305339e-01
3.096884748340894333e+01 4.057813750344599901e-01 3.171358209453101207e-01
3.066306042605752324e+01 6.568297145608922305e-01 1.642653779004391579e-01
2.278461495012813032e+01 9.864287822944165507e-01 2.635343000117411627e-01
2.325704553552822418e+01 8.756265864688200784e-01 2.457079515560732508e-01
2.736255288650653483e+01 7.036001107691119971e-01 3.215250935050037451e-01
2.270931656704004808e+01 9.179828404136669562e-01 3.175668135566224182e-01
2.677927544095191337e+01 6.086562713601600949e-01 2.899698812219909105e-01
2.411436636095711705e+01 9.041799840720062820e-01 2.063289439125929325e-01
2.654050390615455157e+01 6.078603208664055124e-01 3.357516566137677683e-01
2.312570633931518671e+01 8.843154758209081923e-01 3.787229793394459865e-01
2.740200011779487355e+01 8.225369222001532865e-01 1.286412269427607280e-01
2.556915075527406245e+01 6.345037682995127160e-01 3.053541888621124634e-01
2.446308932534643787e+01 7.641275872520973955e-01 3.686731790613880788e-01
2.120771568344058977e+01 9.536938197718604071e-01 3.222002176021454001e-01
2.811408882707008772e+01 5.672265421530493512e-01 3.841784733130977902e-01
2.686506741902974937e+01 6.235950287498568390e-01 2.730794796143485859e-01
2.229304247443371523e+01 8.600371334631270459e-01 2.840672960210832154e-01
2.497109887904487024e+01 6.283366802911456439e-01 2.998105964814966606e-01
2.273645583967514838e+01 7.914883403867623013e-01 3.551994549339408391e-01
2.270022977690224408e+01 8.304213020922371902e-01 3.079443787461223492e-01
2.281107422105410976e+01 8.450590657934727856e-01 3.184763213229664935e-01
2.261420692629176443e+01 9.789960057939579574e-01 2.863156526201582897e-01
2.112048250575999475e+01 9.476715729926057374e-01 3.578088446409061762e-01
2.152424829638538739e+01 8.555331221350664928e-01 3.796604419129394059e-01
3.047253241599345586e+01 4.959136085393738846e-01 2.890521541367217506e-01
2.644908368383870823e+01 7.853825782624676011e-01 2.001464097875956527e-01
2.355859581920250534e+01 8.762560514480450813e-01 2.507550580856675593e-01
2.836092808605870985e+01 5.903547269409441522e-01 2.527513277656561752e-01
2.269592593799424662e+01 9.508759350043765046e-01 2.253894374181380778e-01
2.580221733523744021e+01 7.064664064467068849e-01 2.411376392162546123e-01
2.941117172752148079e+01 5.575827935526469492e-01 2.324075371805672530e-01
2.055143787129147626e+01 9.207137491682368946e-01 3.926011949163211168e-01
2.925130622716988782e+01 4.692260913872451367e-01 3.496813197728527167e-01
2.425988407688915416e+01 8.550498351674256092e-01 2.490901730663026004e-01
2.806929807171660585e+01 6.251244184122656256e-01 3.481022350964968481e-01
2.328524218920639299e+01 8.844715302883399133e-01 3.002237989030770993e-01
2.551130840759904217e+01 7.042758374504665131e-01 2.631482405604723129e-01
3.078077817594280319e+01 4.748059281244894070e-01 3.040418180303867679e-01
2.610546886610842066e+01 7.032252413770327948e-01 3.017573389067284007e-01
2.415061783965989051e+01 8.097822657256856793e-01 2.980425415293325164e-01
2.478716021418863491e+01 6.645027171843070901e-01 3.135003376383283524e-01
2.582009185972095366e+01 7.594793922153265653e-01 2.078508858424848449e-01
2.878816422952930054e+01 6.082434349915403216e-01 2.545807195768693965e-01
2.343951770948195090e+01 8.479394808154927521e-01 2.546773827170458748e-01
2.630940865998774925e+01 6.305893379066069837e-01 3.002601223640302686e-01
2.546574122532175721e+01 8.169723433434183946e-01 2.077726432889814567e-01
2.288390252669261216e+01 9.907528099599901550e-01 2.117121326797489211e-01
2.935888685654964902e+01 5.282023004689213597e-01 2.922479908480304922e-01
2.640289784559546860e+01 7.164538180605418694e-01 2.957093855827166995e-01
2.419521549317419229e+01 7.190559413724291193e-01 2.891817813449874541e-01
2.377472985676578077e+01 8.451660113043366618e-01 1.921550432080381399e-01
2.740471452110249118e+01 5.511646527285336550e-01 2.909272732468102252e-01
2.301862179591693902e+01 9.940506675052405150e-01 2.241795055991404051e-01
2.787802972980746219e+01 5.631674979643972456e-01 3.283864415663700353e-01
2.499655238199403229e+01 7.173343728184122803e-01 2.956257048868271009e-01
2.896452025183290857e+01 3.499088112249189031e-01 2.373690831587068062e-01
2.383098745117629136e+01 8.028903525169381883e-01 2.991011058621158014e-01
2.321828709564417181e+01 8.094619442514086050e-01 3.454001965777732108e-01
2.620709306216072676e+01 6.116150444973380562e-01 3.279595535283145180e-01
2.640316724158379813e+01 8.287556130868598547e-01 1.692886036407014461e-01
2.298205617149071500e+01 8.706112094521156752e-01 2.464138148509678605e-01
2.320191535522769399e+01 9.219728336910879563e-01 2.784359397464249986e-01
2.199285783620549495e+01 9.988627371075797790e-01 2.905808135824612948e-01
2.605133511546435088e+01 5.994891690877978130e-01 2.920522243901616521e-01
2.953600801403328191e+01 4.729470804027506303e-01 1.869076819753513474e-01
3.295582656510175923e+01 3.642261825223329086e-01 2.727621254939364137e-01
2.565638792573198756e+01 7.629271710027668574e-01 2.147455444345949260e-01
2.311399911750323710e+01 9.523501149367739060e-01 2.156799678616863059e-01
2.181154415482485831e+01 8.924839332812014581e-01 3.283026978689739805e-01
2.144857692656211512e+01 9.462964444756523097e-01 3.629656617944997943e-01
2.318249450734321115e+01 9.606154863892201190e-01 1.966959345870662734e-01
2.816374944597544783e+01 6.059254701061939086e-01 2.747019259584991269e-01
2.314520350300924889e+01 8.344059412837694367e-01 3.358162554997202731e-01
2.392367240407239137e+01 9.754920631656697205e-01 1.849726473896230461e-01
2.370969881551151204e+01 7.984450088145272906e-01 3.208659624677105415e-01
2.062251054100037706e+01 9.583016962142346662e-01 3.450560391012674200e-01
2.423118486853845255e+01 6.881944214287202266e-01 3.329784120630728816e-01
2.479374833795914412e+01 8.257245758596647445e-01 2.726359939871849103e-01
2.269955410730202772e+01 8.095980688894014454e-01 3.562983218807470043e-01
2.602136275180827241e+01 6.514460338593694999e-01 3.584153471172973338e-01
2.168414918895314258e+01 9.026216411571338361e-01 2.791932476015628328e-01
2.467208664645405491e+01 8.886523345852972433e-01 1.537659136151935391e-01
3.099103328519469613e+01 4.530425483148776133e-01 2.529690024651363722e-01
2.322064723384034579e+01 9.696869359997842830e-01 2.536872341730894154e-01
2.891610238881714423e+01 5.327983502427011686e-01 2.674246392019751783e-01
2.499079432416179358e+01 6.948679454564944402e-01 2.782788866957027762e-01
2.495786539056635789e+01 8.166654592663854517e-01 2.048002241548855518e-01
2.580554328459104596e+01 8.231079372397772653e-01 2.302789755017851381e-01
3.083425650726028167e+01 4.375384026258086756e-01 3.400617557642371946e-01
2.483058915187854865e+01 7.595658674129908139e-01 2.591977074708038953e-01
2.866261842099749302e+01 5.448662222322302462e-01 3.082307741648649402e-01
2.117633508231549300e+01 9.902295999127476156e-01 2.728115528133739920e-01
2.834139086333645707e+01 5.867573156204870521e-01 2.863322644344157841e-01
2.143711042336137140e+01 9.248389164996788647e-01 3.751703275965792561e-01
2.426691175912485576e+01 7.143889959153018054e-01 3.221809152361182482e-01
2.943765352368427202e+01 4.718527299039537160e-01 3.653419104319476363e-01
2.698654281040262859e+01 7.803655645984128864e-01 1.475127219543039270e-01
2.475625120563919523e+01 6.737444570466832872e-01 2.974015960578751394e-01
2.137769437469165368e+01 9.875942699840167815e-01 2.328147980136511253e-01
2.011143324363679596e+01 9.923924727480795127e-01 2.155712713117365342e-01
2.815162455014941401e+01 5.378686311807036047e-01 3.400047988268392607e-01
2.774677433452966113e+01 5.519505300040354889e-01 3.308247247470423869e-01
2.572138662486100813e+01 6.484357234665500958e-01 2.450023363778311147e-01
2.032217836837804370e+01 9.260760143196979932e-01 3.317697264460429118e-01
2.304629767745613478e+01 8.539585709204985386e-01 2.842456942951609999e-01
2.405639823692352053e+01 8.480533676055840298e-01 3.102285663321444065e-01
2.422613780770594616e+01 7.100419365156388496e-01 3.010082205994505378e-01
2.293876489375786321e+01 7.041594187895364731e-01 3.747364007933648988e-01
2.251192737383707154e+01 8.475412335301457656e-01 3.108304012619979018e-01
2.489239087354915014e+01 7.473324055406358468e-01 2.740745893439947012e-01
2.428079290825279202e+01 7.394127761587467873e-01 3.011091777987697782e-01
2.726301592119912343e+01 6.188210849268235281e-01 2.997959517393588014e-01
2.883975255853843578e+01 6.533002667682199505e-01 1.875648658614955944e-01
3.051618196247647674e+01 5.157702019231902302e-01 2.911443301818124052e-01
2.556831686036071360e+01 7.202301903169978647e-01 2.884705282819458039e-01
2.486495725099182152e+01 7.381184435581176206e-01 2.449469278484655288e-01
2.616122602546296605e+01 7.247898342633327662e-01 2.529124176453458883e-01
2.605736726304324336e+01 6.858453802219353079e-01 2.680120518163934262e-01
2.639887141778981672e+01 6.128976912463253157e-01 3.341923185418859132e-01
2.868402257180351000e+01 5.731086426201889017e-01 2.612269158586161266e-01
2.631163185625005951e+01 7.758327057630480805e-01 2.185005698581795608e-01
2.922754964570008696e+01 5.261291090367457013e-01 3.231030400280055503e-01
2.852116909380955079e+01 5.066436036119474906e-01 3.212430096234242805e-01
2.671118511783476634e+01 7.596451896762668188e-01 2.187035876406942247e-01
3.030782816752417830e+01 4.823651656741364535e-01 2.507146407980889169e-01
3.071923469713673072e+01 5.758417626895324659e-01 1.996620302085168885e-01
2.327020831112731614e+01 8.413645227908200797e-01 2.925674898474012187e-01
2.152599976371142176e+01 9.332895226643678210e-01 2.972921058484901402e-01
2.300361568006858093e+01 9.389879018348437079e-01 2.421604366686658238e-01
2.479030203719343817e+01 6.801550710810567724e-01 3.063330291846446118e-01
2.195271580871819239e+01 9.753219511619845017e-01 2.880248513719074754e-01
2.522397738492607644e+01 7.764863203174936501e-01 2.787226316581067898e-01
2.509282298742567718e+01 8.074182497077578846e-01 2.100881990302229385e-01
2.543541890864644373e+01 7.303151350681285070e-01 2.624306834785317677e-01
3.087296808010289340e+01 4.325562979291291410e-01 2.676882464168071629e-01
2.791046699761503902e+01 5.425960514829090142e-01 3.141221929616253572e-01
2.563353029860190091e+01 6.636743547345311800e-01 3.079529315204431739e-01
2.315369222437446339e+01 7.600225866598822044e-01 3.804645218989355371e-01
2.232466705251987804e+01 8.709959926841714939e-01 3.437602501299539814e-01
2.607098041289583890e+01 6.889830582496956346e-01 2.987782022479831823e-01
2.182944717030676784e+01 9.603556910158469462e-01 2.702589703302449853e-01
2.544798967534272194e+01 8.661424933810707438e-01 1.881294878888354338e-01
2.425871017174481281e+01 8.360754379035235662e-01 2.497328302470649963e-01
2.672900530670921526e+01 6.068565744804264028e-01 2.351175639308457355e-01
2.117473390601644923e+01 8.588323218684020821e-01 3.458324866552955346e-01
2.225024945780742769e+01 8.895432766951330006e-01 3.500087163299305248e-01
2.920637402062819632e+01 4.299463667475467155e-01 1.867304058826450563e-01
2.615852752963706251e+01 7.262943474056794413e-01 2.405579840277509152e-01
2.845597647724594736e+01 6.958502403429011052e-01 1.807681372661802954e-01
2.916407207469815077e+01 5.576293539941200583e-01 2.409577668067240386e-01
2.581797699646026345e+01 7.587956826240238595e-01 2.090288177961184268e-01
2.918746543798153326e+01 6.996271974100155555e-01 1.424544978518430816e-01
2.276286015437302979e+01 7.572395913530265421e-01 3.191532068729555083e-01
3.042068408513945599e+01 5.743547380019337067e-01 2.061622955064940366e-01
2.565578233687219267e+01 6.382058512078488954e-01 3.159829180395689607e-01
2.396409659851759955e+01 8.158952961998593434e-01 2.536975675436057842e-01
2.378077212309352362e+01 8.513993224990951125e-01 2.787561535686327585e-01
2.418000761047775526e+01 8.877210999291098581e-01 2.711619951962609409e-01
2.910970750699479836e+01 4.920856028924560088e-01 3.402403442715723481e-01
2.734588444039761512e+01 5.294550761112235548e-01 2.960093378980009904e-01
2.421899693864855507e+01 8.446688863855298379e-01 3.019168983941128426e-01
2.336037930512371474e+01 9.081652366603528703e-01 2.923167179809977867e-01
2.498059692061014303e+01 6.323296742435288165e-01 2.816284473699013913e-01
2.844468500336811445e+01 6.859948156966357846e-01 1.675379994694520813e-01
2.387348017228705288e+01 8.031334782044130538e-01 3.477882072621849008e-01
2.466460046032333508e+01 6.894325047220165592e-01 2.890655502141420974e-01
2.165542069760753208e+01 8.421353616480101723e-01 3.622482546806031767e-01
2.486686204603511996e+01 8.241608783222382772e-01 2.158346726920202241e-01
2.967656672270646823e+01 6.465585578318181481e-01 1.424331958971702394e-01
2.323258924322920649e+01 8.563641283886528344e-01 3.209067244505742766e-01
2.334732620251978474e+01 8.232584014981907394e-01 3.071526899842985658e-01
2.568177429299346670e+01 6.538510088356743744e-01 2.733334590736558600e-01
2.753704053845651245e+01 6.770649179010889140e-01 2.365505427775788372e-01
2.437264986792536448e+01 6.559363022909474594e-01 2.689132937762715447e-01
2.968262744308054479e+01 4.930385339045332826e-01 3.389668197243020931e-01
2.139209510321894925e+01 9.545518832402158926e-01 2.847461883442141128e-01
2.041453183402468952e+01 9.656544594523506220e-01 3.421632704061321473e-01
3.016762930313157653e+01 5.143857190784877353e-01 2.642919431920000006e-01
3.203568509066981562e+01 5.207717984759968610e-01 2.053014407873801350e-01
2.535364987465331765e+01 6.678543682818109950e-01 2.884389123205504668e-01
2.747747118405565203e+01 6.551127935765843624e-01 2.583680812222227119e-01
2.240884483159724638e+01 9.575147607469008948e-01 2.915069455233278428e-01
2.290663472589629279e+01 9.086980462127447478e-01 2.908275688832669958e-01
2.658839164994950721e+01 5.911139260591663502e-01 2.604887153920740217e-01
2.938719345360365409e+01 5.053053811156509312e-01 2.916009886047467026e-01
2.605004579803782505e+01 7.224583964049460238e-01 2.244360154801794127e-01
2.665787760313170907e+01 6.456558109163290649e-01 2.728143136822580028e-01
2.149268857126397236e+01 8.860632485629907906e-01 3.790109816081692062e-01
2.494411921787288833e+01 6.878373333227485453e-01 3.770395126405989839e-01
2.518486444314574513e+01 7.793153855235271932e-01 2.140225123536501073e-01
2.851562602874629704e+01 5.999830236015754048e-01 2.522469172619434263e-01
2.382637891853831746e+01 8.400671212087796880e-01 2.847883467029506677e-01
2.524213893306968970e+01 6.699748937140873606e-01 3.185146542698347183e-01
2.395679894087730588e+01 8.340287679418653122e-01 2.562913936764318890e-01
2.688957373812551666e+01 6.570191419571838054e-01 3.249025494544613979e-01
2.242949134575968984e+01 8.812221117265224279e-01 2.911616451097668312e-01
2.366064587957191634e+01 9.396038143760765404e-01 1.496410987985570262e-01
2.698942349010137676e+01 6.278226666419659541e-01 2.555389236879882509e-01
2.225524254613378616e+01 8.157065857735246173e-01 3.376760700252269265e-01
2.496728603646517186e+01 8.343012231154596225e-01 2.690957009854129667e-01
2.748130834491968244e+01 6.279826062124355124e-01 3.047908946124006646e-01
2.482778420032738609e+01 7.010602443906240877e-01 2.971515860732615866e-01
2.814127090336991799e+01 6.090390212119130009e-01 2.729211993925876323e-01
2.818056846440195073e+01 6.460873703531357926e-01 2.423276860218293027e-01
2.800877044514297864e+01 5.252126978568201210e-01 3.176581546266045719e-01
2.580512995752737027e+01 6.784923179937649707e-01 3.234118312425816599e-01
2.761572717303960545e+01 5.533434500374542209e-01 3.333512669439398501e-01
2.297236308562526474e+01 8.436097380462499462e-01 3.273293360834177990e-01
3.263779659388476517e+01 4.642958419864125497e-01 2.234178335596108955e-01
2.281596281936368342e+01 7.988651818857082088e-01 3.157990649888672841e-01
2.254792635502699127e+01 9.841726409383414476e-01 2.447557880438196165e-01
2.310043811284368687e+01 9.788358682383039300e-01 2.250257722637312441e-01
2.683389093101514078e+01 5.743767334667957414e-01 3.337037861133266281e-01
2.035321226794808780e+01 9.772094959600824415e-01 3.607332920677686627e-01
2.445367164724839881e+01 8.242127609412843725e-01 2.652600314448224084e-01
2.571594663728170005e+01 6.875976534402650220e-01 2.428164661730951579e-01
2.476924150888958209e+01 7.940277389389629459e-01 3.091705811568096762e-01
2.412521681611642066e+01 6.516874683587917660e-01 3.054813602457187027e-01
2.589704407291281285e+01 6.801432250490998532e-01 2.234880808777373884e-01
3.167145495774868280e+01 4.443780007844344015e-01 3.145677836479346956e-01
2.300962282631880740e+01 8.503219879470201858e-01 3.164639994377027588e-01
3.118199503074755441e+01 4.242944272355201329e-01 3.106954654360594703e-01
2.043353344558580531e+01 9.041969483604921365e-01 3.078758900793501230e-01
2.636258726710447320e+01 7.383072991971244559e-01 2.059289965961857150e-01
2.510011421206500160e+01 6.804030454045890686e-01 2.889787357321096928e-01
2.446364339457964476e+01 7.526502399139494148e-01 3.107920077534320757e-01
2.532271192903244383e+01 8.100512590012238778e-01 1.926267732906820629e-01
2.446376003533485388e+01 8.335328260923975385e-01 2.024067485193717097e-01
2.411775435927643940e+01 7.946487682955671872e-01 3.044442114944075350e-01
2.956986562361788984e+01 5.384821199867144692e-01 2.740797684437354387e-01
2.541893912879844208e+01 7.447562130889076037e-01 2.799559074853716911e-01
2.535131903354543326e+01 7.155410568037211538e-01 3.113384799024921934e-01
2.736323425765577966e+01 6.482449188756146397e-01 2.664780636905590416e-01
2.815749641189191266e+01 5.194258042174947354e-01 3.052336820258749750e-01
2.957298142804720698e+01 4.595514250801207012e-01 2.731881428914774146e-01
2.288956451841209372e+01 9.771162084121527425e-01 2.356891501086731677e-01
2.675556302792797325e+01 6.270664341675100673e-01 2.650422267115603026e-01
2.149928245058261922e+01 9.042822077509872214e-01 3.599869024044575205e-01
2.449615435854860124e+01 7.185531579205193253e-01 2.808619035973410893e-01
2.240232858932365190e+01 8.002468239847417841e-01 3.532065106160452439e-01
2.294043456266514269e+01 9.111164241454782209e-01 2.877993270430970196e-01
2.279932693667652188e+01 7.486129932329460557e-01 3.766064341327733933e-01
2.482249528196149768e+01 6.315190930949033943e-01 3.386228735692588532e-01
2.141835271147539999e+01 8.564441019713897596e-01 4.112651976691754641e-01
2.483796312033882359e+01 7.014544677294635155e-01 3.353571696706771355e-01
2.575055605652655899e+01 5.986937077433918120e-01 3.821612447999491180e-01
2.661257376529899688e+01 6.659519891221354904e-01 2.234826260949050458e-01
2.853184692162895786e+01 5.453593056933985217e-01 3.112262881478641829e-01
2.979646978351506448e+01 5.440673547822219014e-01 2.573992320977044335e-01
2.686561674770580055e+01 6.665734523976823978e-01 1.928157334248813970e-01
2.870033857895064244e+01 5.324949961052932723e-01 2.926127655407135819e-01
2.819441990845157875e+01 6.880394978760795421e-01 2.321247487011510457e-01
2.435294512254575139e+01 8.024203756969821022e-01 2.204846103964160087e-01
2.322888177806220966e+01 8.590042775994953805e-01 2.779871124132643478e-01
2.941465185393908399e+01 4.871625113985603717e-01 3.142316337358718736e-01
2.689365428825281867e+01 5.927085198599164606e-01 2.938988845211263912e-01
2.294547029557247342e+01 9.120465495249191479e-01 2.545316031245045130e-01
2.288332228831602322e+01 9.023313369160829156e-01 2.451478211004013419e-01
2.568356250773722138e+01 7.035699639934216432e-01 2.667916881656197670e-01
2.231843480113911937e+01 9.417318231864855171e-01 2.383635482957507934e-01
2.618605565394910073e+01 7.855564032032099631e-01 1.681140705337940966e-01
2.195194143650621044e+01 9.679525678382208120e-01 2.864323715694336303e-01
2.631690070830861927e+01 6.512644241227354414e-01 3.136218005102493489e-01
2.420165829026373672e+01 7.086515819799704685e-01 3.394056233944717782e-01
2.594635603077319530e+01 6.372882083163068367e-01 3.253050506024646182e-01
2.824404967056185356e+01 7.035399955425785112e-01 1.515486589766203984e-01
2.277989116037140604e+01 8.109873844884571970e-01 3.467162522849526751e-01
2.525146306456540657e+01 8.024086556595255715e-01 2.784002492997167399e-01
2.937816592731297760e+01 5.740064950958211343e-01 2.583905731084195634e-01
2.445210227876449594e+01 8.541019917513630322e-01 2.276037423514171709e-01
2.821437071967639909e+01 5.372279776120993944e-01 3.323426415057655903e-01
2.365871030988208545e+01 9.431305971355373741e-01 2.440431715626905362e-01
2.998181786000479931e+01 5.170675959914855513e-01 3.457916859927614439e-01
2.396670070182499757e+01 8.147252310673251952e-01 2.506778101090127442e-01
2.646679101846543958e+01 6.984338050627724170e-01 2.906608952920717859e-01
2.144112682499766720e+01 9.204817861132610357e-01 3.587261247728433800e-01
2.233194152689177514e+01 9.963169347497935480e-01 2.038357848059821897e-01
2.533121725597335328e+01 8.010061192431816579e-01 2.349099805419113951e-01
2.679452118973956587e+01 5.267598785697860109e-01 3.812169422804100871e-01
2.359097724819966047e+01 8.199939475816644396e-01 3.365125939120942045e-01
3.149754708084282129e+01 3.263427083589895417e-01 2.148596478653790054e-01
2.379015870787482356e+01 7.507082047461069996e-01 3.182692349639072438e-01
2.441733723845441517e+01 9.788256969712243460e-01 1.287052419621305122e-01
2.388524246691941499e+01 8.400069047245217746e-01 2.757686803676865916e-01
3.252288140226487911e+01 4.813413149005654201e-01 2.098390641236594634e-01
2.111017003707517148e+01 9.905932923068750950e-01 3.236674560159079062e-01
2.206881272021695395e+01 8.818355811638477482e-01 3.622605762901150439e-01
2.580323226247816137e+01 7.464980197186187327e-01 2.456504102773429399e-01
2.418101269859876368e+01 7.703931281630953531e-01 2.846138160033620523e-01
2.379724556525604129e+01 9.447981304390078439e-01 2.178531852103556266e-01
2.068094959873754846e+01 9.554885088871702958e-01 3.452225664566874186e-01
2.483842106545507633e+01 7.022059465819638913e-01 3.303677395949754514e-01
2.603614843673527091e+01 7.882705813415291640e-01 1.944751149635293441e-01
2.604762461614644309e+01 5.823502368545960817e-01 3.054252960250273818e-01
2.818510936288383917e+01 5.564820500740617071e-01 3.523229143100580774e-01
2.245781413411494043e+01 9.354874787967661920e-01 2.746460223621282060e-01
2.392556820129600581e+01 9.296046127038410933e-01 2.525974961900560589e-01
2.551020685628152407e+01 7.007053849993644112e-01 2.796870658727245718e-01
2.475667276925997129e+01 8.380430003601389011e-01 2.217975317083886733e-01
2.109767443958375566e+01 9.842883113775571235e-01 2.949763141002325062e-01
2.597802966367194344e+01 7.766654219122235414e-01 1.763072536081624064e-01
2.438841799177872716e+01 6.813262280400737003e-01 3.386705859424730125e-01
2.431466179598412580e+01 7.086122630997945260e-01 2.721859363244396590e-01
2.730297838647097564e+01 6.886335772762141039e-01 2.257872498040232323e-01
2.301693054103943226e+01 7.367713384688442391e-01 3.105792270474748151e-01
2.577310917542262203e+01 7.296170760676509159e-01 2.760763719538031902e-01
2.690541621320927845e+01 6.770101941064691209e-01 2.436677376483520063e-01
2.261205862469724437e+01 9.001203267390188723e-01 2.490462088248378003e-01
2.425592340649786038e+01 7.406636093315809299e-01 3.324741361695899289e-01
2.715650150850500566e+01 6.460239646902466992e-01 2.912072205019843874e-01
2.857844090878179699e+01 5.319093858963229726e-01 2.354695055126372061e-01
2.118432389486143208e+01 8.920405450675394921e-01 2.948532214673397212e-01
2.362647714348280914e+01 8.705821642822273443e-01 2.210704909681382724e-01
2.513089390361311715e+01 7.461919046121818777e-01 2.837259660904866143e-01
2.798477678037778915e+01 6.080805159232205437e-01 2.733925002560117501e-01
2.265083607940524502e+01 8.591907221078007861e-01 3.567240836834846829e-01
2.175643376007952767e+01 9.922186027074445525e-01 2.969513839194150018e-01
3.074136221479211883e+01 5.290326926735561264e-01 2.208321711560422562e-01
2.271610174592265352e+01 8.817661231793217924e-01 2.891055108954440067e-01
3.140933609170321006e+01 4.250615004849476186e-01 3.174549300409025832e-01
2.614755505480340148e+01 7.105479130508051133e-01 2.105492433461932933e-01
2.206574315440066769e+01 7.863892214515245671e-01 2.644795217289558908e-01
2.555566499798024793e+01 7.593228679714567608e-01 1.916920780253439927e-01
2.447451262669629557e+01 8.008483074504068044e-01 2.718494141235608952e-01
2.196846938535786364e+01 8.382020625223668420e-01 3.346954846656696181e-01
2.827117672491308653e+01 5.205033752774949063e-01 3.416224444019974049e-01
2.524770399318333958e+01 8.407506712548654670e-01 2.465240707691413180e-01
2.890205079602839078e+01 6.098103234179419463e-01 2.974054554725207300e-01
3.054453845166619885e+01 5.522223516173550006e-01 2.170760330846549513e-01
2.369356801970782556e+01 7.232375222067103371e-01 3.628566394419289742e-01
2.767563531630757723e+01 5.035593815379997285e-01 2.544931983969485056e-01
2.597863376873787544e+01 6.875976534402650220e-01 2.302495276908113897e-01
2.550582628145697583e+01 8.353052734359781573e-01 1.331329772928711019e-01
2.249864755665833016e+01 8.531702406908386882e-01 3.398793297752441545e-01
2.653121523539014959e+01 5.942795586037878941e-01 3.178068076049911372e-01
2.979950505074065603e+01 4.805087375112307990e-01 3.111212352903905409e-01
2.260326083270420838e+01 9.016644751065410190e-01 2.398684786664381230e-01
2.356879943967848234e+01 8.999660563609656050e-01 2.619503445197063352e-01
2.443243213804575831e+01 7.055923913724257979e-01 3.147623402931690739e-01
2.343471324527591904e+01 8.842956422092961288e-01 1.972208682552962500e-01
2.203592987057773911e+01 8.619563186567834601e-01 2.912701350065100558e-01
2.339229092018064193e+01 8.252464378150775604e-01 3.307862211908637606e-01
2.722060010427984977e+01 8.484526826250340381e-01 1.959305445716315042e-01
2.595205222494516661e+01 7.876514350649224117e-01 2.400025751647989480e-01
2.452829641618492573e+01 7.609282064166893456e-01 3.109990324975100418e-01
2.392247689091178486e+01 8.244224339062949936e-01 2.821064229185735184e-01
2.316748791482730141e+01 8.019661181569257558e-01 2.702323951023810067e-01
2.710968284613566226e+01 5.982445839962264866e-01 3.586659777234992852e-01
2.136639321646060807e+01 8.182325598419083468e-01 3.593229232225443881e-01
2.455239923891145892e+01 7.521994957510248492e-01 3.325032911624759557e-01
2.747464650214428872e+01 6.518245285297836755e-01 2.591411085729658503e-01
2.572762704704947723e+01 6.708241130108658634e-01 2.991474410149393415e-01
2.143060173284670711e+01 9.152953234730462073e-01 3.588959349685303946e-01
2.206849933974782729e+01 9.444617786021262118e-01 2.732438229256005102e-01
2.705612955280717813e+01 6.275683583359358275e-01 2.645012999211531213e-01
2.880180774950475708e+01 5.591664282963640931e-01 3.182515149693598833e-01
2.946530762924531999e+01 4.868157853068953989e-01 2.460586905378208400e-01
2.443460980066488730e+01 8.925148983859516605e-01 1.652596013832771937e-01
2.361843349660111713e+01 9.315482730736082129e-01 2.596225521756260202e-01
3.041260193937182876e+01 4.979817158001307309e-01 2.855315726491855499e-01
2.749756115570213666e+01 6.372818607367505273e-01 2.648649276731303015e-01
3.293811415735491011e+01 4.490288888914885090e-01 2.673705129003096093e-01
2.569929931678314716e+01 6.509886925534165147e-01 3.213158021245930418e-01
2.480386680635267282e+01 7.908736854405170602e-01 2.779340790101033076e-01
2.612225529773156651e+01 6.582904600430534714e-01 3.296156702705655972e-01
2.242866169971029677e+01 9.814355704433502803e-01 2.701136633499830464e-01
3.003204444984822530e+01 5.400762187953378479e-01 2.411299526251239889e-01
2.432442638197334617e+01 8.728929727459747712e-01 2.621116727260888735e-01
2.915102900142578690e+01 5.249997321883277390e-01 2.422525885855412453e-01
2.617795037068104591e+01 6.044059358142005456e-01 3.543608458883833467e-01
2.399229565686649224e+01 8.101739709675901402e-01 2.588829199314727769e-01
2.078168676705785956e+01 9.129050007553635160e-01 3.116752973259260817e-01
2.845117729471679624e+01 6.699709703918813597e-01 1.768098561911695676e-01
2.783692733019574561e+01 6.200278639834001515e-01 2.218008747352835930e-01
2.916087951796377808e+01 4.983502624746390941e-01 2.926725981429044721e-01
2.144682403122908099e+01 9.698045844130445126e-01 3.746342487563166790e-01
2.768277994220930438e+01 6.103237131380461200e-01 1.820289961111284938e-01
2.874016296234237799e+01 5.792413025067200127e-01 2.366663249073918396e-01
2.243185429466550929e+01 8.139673775849849413e-01 2.582634891860884352e-01
2.384667478346100467e+01 9.010440726312205495e-01 2.591075469372462470e-01
2.211409169931625840e+01 9.637569218154981021e-01 2.772837081636652101e-01
2.204022554718774174e+01 9.261921258382990185e-01 3.082327653704706183e-01
2.881893050729430428e+01 4.378048092722960916e-01 2.992587730131445745e-01
2.146886148794685312e+01 9.019358454844074169e-01 3.518691804578369386e-01
2.374477994207009601e+01 7.658823633911426843e-01 2.866720315040489631e-01
3.114351558263731690e+01 4.356254384436077376e-01 2.625833875721838018e-01
3.048006406246628330e+01 5.272270941195047467e-01 3.133109719076519473e-01
2.769138212908858421e+01 7.230732959219849931e-01 2.230679113499469679e-01
2.181554438577809663e+01 9.572294783349698521e-01 3.187315250677513201e-01
2.319196458223755641e+01 8.471342088295964468e-01 3.106972356505138810e-01
2.729464026001533128e+01 5.938825783776070510e-01 3.011498481311016828e-01
2.623372702504463660e+01 6.068586534456776871e-01 3.287091625859837052e-01
2.483179428569910030e+01 7.581620523380583343e-01 2.845030523147246138e-01
2.422341472283571306e+01 6.871946277118056168e-01 3.369064642328584713e-01
2.429510482065797916e+01 7.583296798849010756e-01 3.135888149262716640e-01
2.858665693899958526e+01 6.047423208328126520e-01 2.407108618934402089e-01
2.423022134191230137e+01 6.354702460462335889e-01 3.385317464099897866e-01
2.135086908225995472e+01 9.268623065510271930e-01 3.571721417340674165e-01
2.352210062566887672e+01 8.094342687804801928e-01 3.806227019443837456e-01
2.439404014640911100e+01 6.906365182924354418e-01 3.263168531210889345e-01
3.343080087627554775e+01 4.454965792983071604e-01 2.656786958451751723e-01
2.357748192337896853e+01 9.667237548689764370e-01 1.958376454082125240e-01
2.572655564553319252e+01 7.046597262900387015e-01 2.601605038584868801e-01
2.155542379176334933e+01 9.346532857343921030e-01 3.499045464613203538e-01
2.196014326333819255e+01 9.152439725222873967e-01 3.388568470830807255e-01
2.278205135934445025e+01 9.417182911542539836e-01 2.650069686554781256e-01
2.485938018781615355e+01 7.932380976650952320e-01 2.677666854217863324e-01
2.593004867292641791e+01 7.920883320302622987e-01 2.002450638610916156e-01
2.302032261688845693e+01 8.169906155280218796e-01 2.999156337345419421e-01
2.750441185115623099e+01 7.464085567409389776e-01 1.651747728740718124e-01
2.367834824592930332e+01 9.491317926282996087e-01 2.021497922371072453e-01
2.715084784933611672e+01 6.211269574079938405e-01 1.692217301109031624e-01
2.648602560906797976e+01 6.046426990075060015e-01 3.150936653615186711e-01
3.601693436063861498e+01 3.750216787207175662e-01 2.789743955391168484e-01
2.217403130844086689e+01 9.905322228500089698e-01 2.441653757172310701e-01
2.306336672714579095e+01 7.145801730344709668e-01 3.451132808733721746e-01
2.569080083457294350e+01 6.476280179721430885e-01 3.285938403776224037e-01
2.181569552955598112e+01 9.091710128757192200e-01 2.831018982246612525e-01
2.659238626766305202e+01 6.217395961529073034e-01 2.754604957645326313e-01
2.653379734268220602e+01 7.780433751908584217e-01 1.653528649608543288e-01
2.543098136100987006e+01 8.296552132956341863e-01 2.015320903100694949e-01
2.572600410809267757e+01 6.179115809762369960e-01 3.180530812037843380e-01
2.909138365268602655e+01 7.228364897374741638e-01 1.378215143579319679e-01
2.555935527478609259e+01 6.632471182190369241e-01 2.992725601569527494e-01
2.440453432221345054e+01 7.859662475568066631e-01 2.461853855666251145e-01
2.399864962409600011e+01 7.523539944593379269e-01 3.431425651132804511e-01
2.377632700480272732e+01 8.815761724670017063e-01 2.378716191448033146e-01
2.618963474600503361e+01 7.855564032032099631e-01 1.679544353257881317e-01
2.338347863278831085e+01 8.828364072088880077e-01 2.895955982388356831e-01
2.389546865682162391e+01 8.064250675932264079e-01 2.403060036393062371e-01
2.643728614960470225e+01 6.147837289199176158e-01 3.254644778929741133e-01
2.945004981341776329e+01 5.771466628141206368e-01 2.374270208922795999e-01
3.042511228463753170e+01 4.849125169975673777e-01 1.254367408812213092e-01
2.671084242809012110e+01 6.319458055724623824e-01 3.315677409617240889e-01
2.621268019732336185e+01 7.256781363971228638e-01 2.738481284375724467e-01
2.194978425217044560e+01 8.045782626224396994e-01 2.947401613421001265e-01
2.772403079327867914e+01 5.465621568956845477e-01 3.139282509224717299e-01
2.557207075425288423e+01 6.528380935034264754e-01 3.280935315175133593e-01
2.175723642147412207e+01 9.147447326093041120e-01 3.794041985420503194e-01
2.592818274867375195e+01 6.656849815786773927e-01 3.024282060142272632e-01
2.245772036600195420e+01 9.935075540760786028e-01 2.025210013548965071e-01
2.471226147900530989e+01 8.934907284484746581e-01 1.655672296782941255e-01
2.385718097764358703e+01 8.624660581721410590e-01 2.193627744788823331e-01
2.420262085681202180e+01 8.628886454802295880e-01 2.884441399284723984e-01
2.263843718002799932e+01 9.813714661441658160e-01 2.846810007455683467e-01
2.640921294570954814e+01 7.002181090343371217e-01 2.458049393907186519e-01
2.398121534498153906e+01 9.556481976217399144e-01 1.519409974305835909e-01
3.022171725985896273e+01 7.189694391892483827e-01 1.560758988046208051e-01
2.477785772652610063e+01 9.049787522198260437e-01 1.812520690989079530e-01
2.168052488178775761e+01 9.697744946240471897e-01 3.016517878543232833e-01
2.502121869251801911e+01 7.784789247210893715e-01 2.919376068209953989e-01
2.603783601420720828e+01 5.982813103421998902e-01 3.964107295194431724e-01
3.307638652207365482e+01 3.820860197071465070e-01 2.883407343263714728e-01
2.411033387316625820e+01 7.974984167612472197e-01 2.810895301726453743e-01
2.264195159520365053e+01 9.001036731739392449e-01 2.989269961808481701e-01
2.671076730854191084e+01 5.742347515884224096e-01 3.251019536617256733e-01
2.082675254648859564e+01 9.616638350856131501e-01 3.452704122977589551e-01
2.628460117805994400e+01 4.805512588353267889e-01 2.462748341068866365e-01
2.355352798354597610e+01 9.006342876361331795e-01 3.010420914510296697e-01
2.549773770938752904e+01 6.150642725754982276e-01 3.882064769184196407e-01
2.519782049607956509e+01 6.275978171874699862e-01 3.239855567429191230e-01
2.276511288914563025e+01 9.575109696219533673e-01 2.246982577891456223e-01
2.921582463731657953e+01 5.128811338383347795e-01 3.121567087721062728e-01
2.446203508397952575e+01 9.607622464634822945e-01 1.562685876755798287e-01
2.600993991882172907e+01 6.262108292819186239e-01 2.908178365198391679e-01
3.055967717228199021e+01 4.570902226422757786e-01 3.254437911299681851e-01
2.172472725439268615e+01 8.825167726165691340e-01 3.277410564108231839e-01
2.137654124758455509e+01 8.088325476104881728e-01 3.412098422287127009e-01
2.317567540865450582e+01 8.920639091771562779e-01 2.908994856187949174e-01
2.721020472321834660e+01 7.126536857694001359e-01 2.181689630534317526e-01
2.597084894073982397e+01 7.367893444886923771e-01 2.645132399284097491e-01
2.556893909981976520e+01 6.987943734117338934e-01 3.141804971552596415e-01
2.271078802640446526e+01 7.305952876338795976e-01 3.756042627112066712e-01
3.148576632307909406e+01 4.399945852949281866e-01 3.439911869535542954e-01
2.426545331042767373e+01 7.711883466563993483e-01 2.652994685981395762e-01
2.374508309854779142e+01 7.597561053638054451e-01 3.231292840549888079e-01
2.049757779019751069e+01 9.173753914586221248e-01 3.745278025752004081e-01
2.240608887143902805e+01 9.989480820621472468e-01 1.765419710972485623e-01
2.565834430777293562e+01 8.238213286293887272e-01 1.780368137620952917e-01
3.534035612144111838e+01 4.013267575996022352e-01 2.492643975767780962e-01
2.431965982003568882e+01 6.771046255939342506e-01 3.594310380035674601e-01
2.428418451297520164e+01 7.117644075760761746e-01 3.510418973958699396e-01
2.347452443432219482e+01 8.563641283886528344e-01 3.072930803620614326e-01
2.282642099761402577e+01 9.521841943848117218e-01 2.591662055102675333e-01
2.508655523394144637e+01 6.618731379650456548e-01 3.243720817617890551e-01
2.801814390662722332e+01 6.804917255140815469e-01 2.283386058458172496e-01
2.526255307212408496e+01 7.349684286281955581e-01 3.004616245715881484e-01
2.349316511089835657e+01 9.034640571974837941e-01 2.675741119870349016e-01
2.538498924883268515e+01 7.962971212726700498e-01 2.304784946025250081e-01
2.374721195408038810e+01 8.002149520194878907e-01 3.370278481466498777e-01
2.541105025226323733e+01 9.135885385572002360e-01 1.667609463418806837e-01
2.657958463091909351e+01 7.010920083359230004e-01 2.626841656135048275e-01
2.809515006446146757e+01 6.926794110429381757e-01 1.679578439636938703e-01
2.349633482707223564e+01 8.042375641194925429e-01 2.682366287341680922e-01
2.394357411606901209e+01 9.012305665565740753e-01 2.730940727476658392e-01
2.150570169399209774e+01 9.612698878713686890e-01 2.922703757208403585e-01
3.181620083049688574e+01 3.172242665468056888e-01 2.119282276584352753e-01
2.418107939274889517e+01 7.836977350345610827e-01 3.042494644790169067e-01
2.349197919254140388e+01 7.506613692866407339e-01 3.246542913245731299e-01
2.365252439364870440e+01 9.189385368269280541e-01 1.992264787768878165e-01
2.565553789047788413e+01 7.440314828637616396e-01 3.169128525479895653e-01
2.191641371320491771e+01 9.155004082923100528e-01 3.032151102944498633e-01
2.337904998427366010e+01 7.422075452134839768e-01 3.204037999381961210e-01
2.108216261051197549e+01 9.894666731639600865e-01 3.098500336542036604e-01
2.594888775315306972e+01 7.212761075966870328e-01 2.871222146604983649e-01
2.544039957138559416e+01 7.843007934177370633e-01 2.857207122993231652e-01
2.446491560486176553e+01 8.500506755235939238e-01 2.860731438325122555e-01
2.648406089298386235e+01 7.800652663554489274e-01 2.197082028089503980e-01
2.439093503505363003e+01 7.998288229171923724e-01 2.722846502058473561e-01
2.443893751523237512e+01 7.568115159877019105e-01 3.016702156633365162e-01
2.240723119764867377e+01 8.291502985700971440e-01 2.703860389124557728e-01
2.462213729890725844e+01 6.871640476575120449e-01 3.084315076772333186e-01
2.246158422022633516e+01 9.309782588585082674e-01 2.586347957696086830e-01
2.601741112327689365e+01 6.866074336275360679e-01 2.804535873074965879e-01
2.424966987623115600e+01 7.852457244876916986e-01 2.379263761663352739e-01
2.158944961759199899e+01 8.576807042572097695e-01 3.715696228165567550e-01
2.317095688218694249e+01 9.186994349860140296e-01 2.501254011812534817e-01
2.751832588868951035e+01 5.497798362242174441e-01 3.424293021265276682e-01
2.031796661952533611e+01 9.770305858420972323e-01 3.380798378409638483e-01
2.412197368131009156e+01 9.110266360400789409e-01 1.960174659737611569e-01
2.419645041234486271e+01 7.106659644188241254e-01 3.665294902037623537e-01
2.876868013931904855e+01 5.966904490097204583e-01 2.984471396158224765e-01
2.287885671875337934e+01 9.203360182556510338e-01 2.712559280402098705e-01
2.357158676473703807e+01 7.120107640251817083e-01 3.507028009436405358e-01
2.550399771095727885e+01 8.102173809460386789e-01 1.925319767718438879e-01
2.210958360528314870e+01 9.655301494207251256e-01 2.541226936514956458e-01
3.057635836315752087e+01 4.753485488451676955e-01 2.942369819289970545e-01
2.948467172447698914e+01 4.904960722084051872e-01 2.979665940404353508e-01
2.223701572554936234e+01 8.601492839589651718e-01 3.208719383489494481e-01
2.477122116526070883e+01 6.887893511962838167e-01 3.275948820459039235e-01
2.646773415453748157e+01 7.263846037569735570e-01 2.182024870246984105e-01
2.265079771323164692e+01 8.461066825106104972e-01 3.324528807640668160e-01
3.054298973624358737e+01 4.937004880062475509e-01 3.180917740840762398e-01
2.656915820492335101e+01 6.675418025707583469e-01 2.351496433763537175e-01
2.491182473754711069e+01 7.389340013957785835e-01 2.944335774341834688e-01
2.666788762472424423e+01 6.021813211780414621e-01 2.860720204594592309e-01
2.542939411526814908e+01 6.108826514225993431e-01 3.551652009565200441e-01
2.185820046538098183e+01 8.532730620229425078e-01 3.079409690048442449e-01
2.291384577040113157e+01 8.846292651961972231e-01 2.686130073274700658e-01
2.598500297595310116e+01 6.756452369323096008e-01 2.506735361698321785e-01
2.194959096961705214e+01 9.232054430128582290e-01 2.470128645606450568e-01
2.940816661325454717e+01 5.346783551527677369e-01 2.835073614438930467e-01
2.553068359802439247e+01 6.820842365746090374e-01 2.999533099508787659e-01
2.979558153400875042e+01 4.795353107583439911e-01 2.936772992175036290e-01
2.795507387822342338e+01 6.803806606957305547e-01 1.933367771718225714e-01
2.349152209381561818e+01 8.841093330877591860e-01 2.069635725650693647e-01
2.262059331095143477e+01 8.844432712392187312e-01 2.672217224245233003e-01
3.104539688678378795e+01 4.580736771000534224e-01 3.586052595289579981e-01
2.213540977290915635e+01 8.469833933186460273e-01 3.225547352759710051e-01
2.777107337163412382e+01 5.658117471453705249e-01 3.307480260237266045e-01
2.763359210006643707e+01 6.366652126267099421e-01 2.353646396819349673e-01
2.515679387178935045e+01 6.021535884100497338e-01 3.321476714041222689e-01
2.302930595284715665e+01 8.003515298284259449e-01 3.168423230127080381e-01
2.671961493133724375e+01 6.066604817853753495e-01 3.074248822205908893e-01
2.715766605746915729e+01 6.096280561940223830e-01 1.912683449315726592e-01
2.991263267618377242e+01 5.271332207775470957e-01 2.096764247162397066e-01
2.411981421980568641e+01 9.060501126029192331e-01 2.527010113748824338e-01
2.596064034270511556e+01 6.231541253002667036e-01 3.542183563497919851e-01
2.660520105995641060e+01 6.238716849267613718e-01 3.331367465343050838e-01
2.360531089489783341e+01 7.952680076526358333e-01 3.348413663913234473e-01
2.645034292678602839e+01 6.241167859543658158e-01 2.723581120235615272e-01
2.601977492867323249e+01 6.741175187938828195e-01 2.729145281773227016e-01
2.816122212119254442e+01 5.946905195926138754e-01 2.810928955143082164e-01
2.486564853098773398e+01 8.503969612688591084e-01 1.651483964752602229e-01
2.693318511543722238e+01 5.786977097148718885e-01 3.109826886294699277e-01
2.655318208949392300e+01 7.112343283525107696e-01 2.470342372204593351e-01
2.750315017308826171e+01 6.455628741838898010e-01 2.816642333138061338e-01
2.280061318581031315e+01 8.705705555547778030e-01 2.009085887793679026e-01
2.345647877479543553e+01 7.600440417689389161e-01 3.220983751761651304e-01
2.340466536331513581e+01 8.041393841023859457e-01 2.702507241869975818e-01
2.092178328490502537e+01 9.783513890252923950e-01 3.322481906924683037e-01
2.544059598802330058e+01 8.396845407106560133e-01 2.275326792918773988e-01
2.291759843526168794e+01 8.620175342862506085e-01 3.226311464477764623e-01
2.691724871583110001e+01 6.353835383120062241e-01 2.330596557541511904e-01
2.252487054220859264e+01 7.326813312180431303e-01 3.400522952052524306e-01
2.474952991406423308e+01 8.809413841681822399e-01 2.167368156287310665e-01
2.366384345057774752e+01 8.415112323363471702e-01 3.109894706971335077e-01
2.575485837486898788e+01 7.395733823186911859e-01 2.518004388642134384e-01
2.199092211959803222e+01 8.018540617663751924e-01 3.111367064775612534e-01
2.343817976907118350e+01 8.842956422092961288e-01 1.970437984201433290e-01
2.609767505289283207e+01 6.719715918459875370e-01 2.478683181387150991e-01
2.927715682154498111e+01 5.452326113329690749e-01 2.641480662919403755e-01
2.344815828777306166e+01 8.220627114609475594e-01 3.310629498670203397e-01
2.841996869680908233e+01 6.123078827903342125e-01 2.510019979717337257e-01
2.187473812024756370e+01 9.752026664247384069e-01 2.410470227484700634e-01
3.105846139623667312e+01 4.174874802528931172e-01 3.474056129713420926e-01
2.973716397378415621e+01 6.689068818053419685e-01 2.070623423545355779e-01
3.056414952243956051e+01 5.255108364578824354e-01 2.929240017879811697e-01
2.550572467297487478e+01 6.898202850134507180e-01 3.095215596368443012e-01
2.272244897624644722e+01 9.604470863004932468e-01 1.927019464374178648e-01
2.698075464993084793e+01 6.605462168711847548e-01 2.722978839065511303e-01
2.240770784549362560e+01 8.927928308592981699e-01 2.913007060764288836e-01
2.925459744234512627e+01 6.063231211111507202e-01 2.550962116606125818e-01
3.020296604522606998e+01 4.901196393668580398e-01 2.504675131967225021e-01
2.343921853240573938e+01 7.854998893304483421e-01 3.407540523665528731e-01
2.651840952489542147e+01 6.389759117618476481e-01 2.905276035605141027e-01
2.423045657672723863e+01 7.787915310402314661e-01 2.777970933086712502e-01
2.656582622056081888e+01 5.366932881606739647e-01 3.085027391421416021e-01
2.446887959782657873e+01 6.149967179859769928e-01 2.025569673153208572e-01
2.804706416628965826e+01 5.067322478763627291e-01 3.580866969691863244e-01
2.534856249120523231e+01 6.624077220492891049e-01 3.363143372689654242e-01
2.620244839275794391e+01 5.922698531718554316e-01 3.451852109847038941e-01
2.319641579328971659e+01 7.897102725656144351e-01 3.430594057230466065e-01
2.980116667123951046e+01 5.271502666206961951e-01 2.785005382150516073e-01
2.616363849968187338e+01 6.149236815950624990e-01 3.547471986871335581e-01
3.453364219041691996e+01 4.107873776371427921e-01 2.507554786727965723e-01
2.718153064081431225e+01 6.024371913116014499e-01 2.977866073329009655e-01
2.248264833555470332e+01 9.062821437459377405e-01 2.598950797117803302e-01
2.263370093018195561e+01 8.246269783961224231e-01 3.831107192644492287e-01
2.844280020711674339e+01 6.498607421900001180e-01 2.490172500456379612e-01
2.349899533749184499e+01 7.922242911766923523e-01 2.852242402175779734e-01
2.359641936230810444e+01 7.452669923857824230e-01 1.848312069209163411e-01
2.867033329396872787e+01 5.472528212915260815e-01 2.650105681717233597e-01
2.620919878070512965e+01 7.632688900855379988e-01 2.009893516257768298e-01
3.273695925193887035e+01 4.126954118256204174e-01 2.402342958566918152e-01
2.562110326761981938e+01 7.981766460297191612e-01 2.767112569070702133e-01
2.935981353437595942e+01 5.226114886689141592e-01 2.926394714257208318e-01
2.277125105366690860e+01 7.648887558323428371e-01 2.309253837227289996e-01
2.733027702186184982e+01 7.745639614211126123e-01 2.245980977746155349e-01
2.412100386770637428e+01 9.392468893354729564e-01 2.387781878657047052e-01
2.160427020139321641e+01 9.128174295240337743e-01 3.591923155178665117e-01
2.519494327395641520e+01 7.068333979989818161e-01 3.166216875071832249e-01
2.863129945492535455e+01 5.405536273696731620e-01 3.247038033721438288e-01
2.866703175580698471e+01 5.590468465741168513e-01 2.480991988329398767e-01
2.457032452491267094e+01 7.517326938223609645e-01 2.960668241603634510e-01
2.447968587578931832e+01 7.122030905439719062e-01 3.466992698146126317e-01
2.690434468037192417e+01 6.275770188438076769e-01 3.248836503841205370e-01
2.091519984315568692e+01 9.655582874070957056e-01 2.835168504326071037e-01
2.591334346222805962e+01 6.738557543321911369e-01 2.581651016601739790e-01
2.530864944317501752e+01 7.132376773594443220e-01 2.846663243386874931e-01
2.546230741297480549e+01 7.200888779766615455e-01 2.868103103062271120e-01
2.875290533343960675e+01 5.887962461308262618e-01 2.529301659765126886e-01
3.138838710944134647e+01 4.136483393838127354e-01 2.724868741951073647e-01
2.355909273458750874e+01 7.826836716136423844e-01 3.287349491501482257e-01
2.613515194263006691e+01 6.402712321050041400e-01 2.867073841394128797e-01
3.029010309281427382e+01 6.395681880989363410e-01 1.873675011436603255e-01
2.467634451666701167e+01 7.174832324601874145e-01 3.024055018922602311e-01
2.094954552979004347e+01 9.661652480996292258e-01 2.744410417486224385e-01
2.695303562879358594e+01 5.703596830485127001e-01 3.165124675294929135e-01
2.388704047999073410e+01 7.297745274505632596e-01 3.288626329082847688e-01
2.481723070748391891e+01 8.062755801281776824e-01 2.409487272231583821e-01
2.453850916907893875e+01 6.396656538355275368e-01 2.544746523964431240e-01
2.357861439422377003e+01 8.042375641194925429e-01 2.638110098613504761e-01
2.472330440238861016e+01 7.431974390271982589e-01 2.604232593230335624e-01
2.617339294673615413e+01 7.943382686972308981e-01 1.740177948734489832e-01
3.341431656320906995e+01 4.578436340261043402e-01 2.393105648792909490e-01
2.463428710404327404e+01 7.631007071694609900e-01 3.034582469790889081e-01
2.783083623550918162e+01 6.672274252500388636e-01 2.194989709375097520e-01
2.260060725717420382e+01 9.067539420442265463e-01 2.760951715337724988e-01
1.962223049572888911e+01 9.808512509130158374e-01 3.458396511248029159e-01
2.978936191362908659e+01 5.904830137847074667e-01 1.584538418700262852e-01
2.544285146590867086e+01 6.653229389390548087e-01 3.681080068395372606e-01
2.841982526611916882e+01 5.772024319479038823e-01 2.234823583658400170e-01
2.927677380206663216e+01 5.557049411509090708e-01 3.181244586884248160e-01
3.333942253897927799e+01 3.086230414268603117e-01 2.416845080516668853e-01
2.232278873393618923e+01 9.259606384676699609e-01 3.447626034923533811e-01
2.400945959225782644e+01 8.213180049906209090e-01 2.913041289502557030e-01
2.424643238025113590e+01 7.562874393476843871e-01 2.579824293325319040e-01
2.193400692576101463e+01 8.274524150507985842e-01 3.100241810010732069e-01
2.388487553247880868e+01 8.781253284101601109e-01 2.678824753661352975e-01
2.119592499004532726e+01 9.368274567953271958e-01 3.118856275687580948e-01
2.607619105710168483e+01 6.517209554557261697e-01 3.435190003429148264e-01
3.073595693034712184e+01 4.932693980842763337e-01 2.575938568354170233e-01
2.508382729360810970e+01 7.064879406604740453e-01 2.915915671263511477e-01
2.509814705799702139e+01 7.467891375248311148e-01 2.437506561875558975e-01
2.392561197303887255e+01 7.732921759412628715e-01 3.044850531789027315e-01
2.281530323127046600e+01 8.449896951398825351e-01 3.121080556753818014e-01
2.696796152987518980e+01 6.264890914767969887e-01 2.690042310415870497e-01
2.436275622674558150e+01 8.244433565047334378e-01 2.411227548331253412e-01
2.222238495341320785e+01 9.431895638840821494e-01 2.666873018573767129e-01
2.344865649800653529e+01 9.870465343549655879e-01 2.275447322448013177e-01
2.906203657311607103e+01 5.217334947941588696e-01 3.151142744354600844e-01
2.306273829826534794e+01 8.868719866173434552e-01 2.345965676244753662e-01
2.366768070099052679e+01 8.286493230354505801e-01 2.641100606133106599e-01
2.735910271009747063e+01 5.588377496759718843e-01 2.863902892355160157e-01
2.443225424517165223e+01 7.951377636617549260e-01 2.609097556742688284e-01
2.656677747650984855e+01 6.241868047227314698e-01 3.078079585683627939e-01
2.358695499050474709e+01 7.277135649250594529e-01 3.697974540129986276e-01
2.270939060734822945e+01 7.957199885054256905e-01 2.879575727324653056e-01
2.332451811325416813e+01 7.486558976958870293e-01 2.837161215993764252e-01
2.938250051363512227e+01 5.247857697209519223e-01 2.886196745458756152e-01
2.199045107226203655e+01 8.291426618079840161e-01 3.519970044861106540e-01
2.583393495564828157e+01 5.964454768972055065e-01 3.991669368381431937e-01
2.297806701063972312e+01 8.824590314315104989e-01 2.914228600531838520e-01
3.046226277074510946e+01 5.179790256975866924e-01 2.400953267983409745e-01
2.756552562374956494e+01 6.659836960591258848e-01 2.227772475362465310e-01
2.810691995275960053e+01 6.237925135871317250e-01 2.518731851029314961e-01
2.226779805640988030e+01 8.988599685354784485e-01 2.025971546992959005e-01
2.301395975343635314e+01 8.421361573643155740e-01 3.020394871907166046e-01
2.559787957067628739e+01 7.276554029004481672e-01 2.822261061622872713e-01
2.269504106866882154e+01 9.679620292652011404e-01 2.122492900098436330e-01
2.185080838604576314e+01 8.635653962884891621e-01 3.312774711542932349e-01
2.370172852715219847e+01 6.966359525135115138e-01 2.754722703604876033e-01
2.401056668591660426e+01 8.019707226568746350e-01 2.818367085355187318e-01
2.064556286285041153e+01 9.391002632795365512e-01 3.861297045530788785e-01
2.462171025126304613e+01 7.597629594463385372e-01 3.865022099160095315e-01
2.507118841349038973e+01 7.504307397601310825e-01 2.576181260598592315e-01
2.467139259795230188e+01 8.386182612212003118e-01 2.358401210953399163e-01
2.107559860760348514e+01 9.885519964621842792e-01 2.875178831076999897e-01
2.797545853397898696e+01 5.508688051098398208e-01 3.148494406340713869e-01
2.347818186412568053e+01 7.723871221450807623e-01 3.239761056734180023e-01
2.306092197461819282e+01 9.200848857117061019e-01 2.245483334929693209e-01
2.792671101374382303e+01 5.165049094173342903e-01 3.424755254614232358e-01
2.293548515495920981e+01 9.045120900111409679e-01 2.774308804619692870e-01
2.074873123063710523e+01 9.560405557280885480e-01 3.356138708287126349e-01
2.287605162923029312e+01 8.541316955660743782e-01 3.246050867548893604e-01
2.727884072771186652e+01 5.998890699282569683e-01 3.084677501740683558e-01
2.841221805916713095e+01 6.561168965676147380e-01 2.066308213096684221e-01
2.819855962105871683e+01 7.014302221837229734e-01 2.042034725888342284e-01
2.525956528649197708e+01 7.331867515829008086e-01 2.852230557548527390e-01
2.478872372110323496e+01 7.518194841642872328e-01 3.135653157207983766e-01
2.399888941809694032e+01 5.698757516477692686e-01 2.203213361037614226e-01
2.443256937867302270e+01 8.222696453332648536e-01 2.211827056147749604e-01
2.777402305958906581e+01 6.411624458475098098e-01 2.583997921585115543e-01
2.564677814439461656e+01 7.023646114566777232e-01 2.752805082596090358e-01
2.671283726975041972e+01 5.996498051170604526e-01 3.185662721407526710e-01
2.396528540115149397e+01 8.416699783136666335e-01 2.886172187518340482e-01
2.168119670451634207e+01 8.394452294068692755e-01 3.474894482291857600e-01
2.692186645047068083e+01 6.062589006371804645e-01 2.623360730567887988e-01
2.812936778391053139e+01 5.595703202094234330e-01 2.960205198324052933e-01
2.287349557515199905e+01 8.645243589064833811e-01 2.611128029640797932e-01
2.621918581019805572e+01 6.282490133983091862e-01 2.651583656144980150e-01
2.554595997647355077e+01 6.528804146272462194e-01 2.927171260152758303e-01
2.169399957259312117e+01 8.485776305850235568e-01 3.464399252806412699e-01
2.241070136189259188e+01 9.599329332258644820e-01 2.369236440840682412e-01
3.004743283512086549e+01 5.968325906516904755e-01 2.879877365403568090e-01
3.163308257531906875e+01 4.651996270379188947e-01 2.595585559708074030e-01
2.158328521969576741e+01 8.818329725493925242e-01 3.291279468815518916e-01
2.243773585832976636e+01 9.069188895372196635e-01 3.138490236903431763e-01
2.653341588501231740e+01 6.946243434043832821e-01 3.225771097360471407e-01
2.027860121645588976e+01 9.533938736233845690e-01 3.804620322723295534e-01
2.481343238713510146e+01 7.624708676140622421e-01 2.973603154811377824e-01
2.242716643827163026e+01 9.569679771419996595e-01 2.805006204902525391e-01
2.596870220641569915e+01 5.982110952804192694e-01 3.707735187209411643e-01
2.133155842512956113e+01 9.773336608679282778e-01 3.338010453941749889e-01
2.456856128804306749e+01 7.263594507721710114e-01 3.021632962585787396e-01
2.369321973331204845e+01 8.322265945341772442e-01 3.442249471473071143e-01
2.444264898187878998e+01 7.156854436761743710e-01 3.578475257856419955e-01
2.328908144756425713e+01 9.193846231600244501e-01 2.530199606630542664e-01
2.308352761209127735e+01 8.446869025520918894e-01 3.376048106808948734e-01
3.004947910891833374e+01 5.968325906516904755e-01 2.879000286786934093e-01
2.364827884785452383e+01 8.550026479897504528e-01 3.255908422017821935e-01
2.302344828589635028e+01 8.309940337613566097e-01 2.814433736880320724e-01
2.518655334735994344e+01 7.339084580099323185e-01 2.856039847423556544e-01
2.374686541874372736e+01 7.465366334383580771e-01 1.595637757989910588e-01
2.782361030596099738e+01 5.519677935709621508e-01 2.137846824327419570e-01
2.511764940480770392e+01 7.280968541714883946e-01 2.964812816422477404e-01
2.498114201927887379e+01 6.330690855150780116e-01 3.072327212902662974e-01
2.297550732850315924e+01 8.610125705480653480e-01 2.892376250314203645e-01
2.624831032130299491e+01 6.835249171154783587e-01 2.758473681543576195e-01
2.271301840025644481e+01 9.679620292652011404e-01 2.112897958964095879e-01
2.367814222533491275e+01 7.609636277548562644e-01 3.669387961329447778e-01
2.170193468532537651e+01 8.719020084280756366e-01 3.524524698974747516e-01
2.409027068550900097e+01 8.072631680142511312e-01 3.013564650805083955e-01
3.034198378276686725e+01 4.524532107779336010e-01 2.991987967972081774e-01
2.159444744088163759e+01 9.455985096425519876e-01 3.169342605928357481e-01
2.615268352779416006e+01 6.316483285615006604e-01 3.307764427584380940e-01
2.175346127831327436e+01 8.310696206625564075e-01 3.233483202389598188e-01
2.332111656437138336e+01 7.557269968214107569e-01 2.704600305265500992e-01
2.915010476704211939e+01 6.527312930136430769e-01 1.668542080338194233e-01
2.608242852592101357e+01 6.797629819398267603e-01 3.341806455631502470e-01
3.032672780203317231e+01 5.392862268317655250e-01 2.661212328074208378e-01
2.751827783294925212e+01 5.671936654710049153e-01 3.215893559422671188e-01
2.609658589398328843e+01 8.740497750254330178e-01 1.624203349117475936e-01
2.281705254820717954e+01 8.605112511604110503e-01 2.936961951204474230e-01
2.577408353389885676e+01 5.983855985132642274e-01 2.773986122313373825e-01
2.350903451315516079e+01 8.262316161206103571e-01 3.267212628399426833e-01
2.453291346972106624e+01 7.168273899342676447e-01 3.493201150354803830e-01
3.259500363036438131e+01 4.640931652591409051e-01 2.212929301909520308e-01
2.400337259454819971e+01 7.819748698075572602e-01 3.207801168787365875e-01
2.843950893390088197e+01 5.855386652104030976e-01 2.648512013046248059e-01
2.168776551751656712e+01 9.640781950031902525e-01 3.038593318089365947e-01
2.688759316614083517e+01 5.793985506241053907e-01 2.653993471786215697e-01
2.232708530366834054e+01 8.272026564783004909e-01 2.977966402222961273e-01
2.146866930361617065e+01 8.888312322534913656e-01 3.298142405178682846e-01
2.035555674189223296e+01 9.759189841080961880e-01 3.630558709388510552e-01
2.475306113243484063e+01 8.003977417902418123e-01 2.742034886623568313e-01
2.789235835573793310e+01 5.425359909329953156e-01 3.053032684164476707e-01
2.335874999434937038e+01 9.309214833340740958e-01 1.655184454274218064e-01
2.167743188845825131e+01 9.108232261640875072e-01 2.871817810152764161e-01
2.623197499984394199e+01 7.648212928261850507e-01 2.226002682721807957e-01
2.257300649559351058e+01 8.226849689193607151e-01 3.467546802952163332e-01
2.751262872897218159e+01 5.483680191401004711e-01 2.603605814212903158e-01
2.385169623910719139e+01 9.080349093539996641e-01 1.847979758587961485e-01
2.533331960753102052e+01 7.166896237066308073e-01 2.402027903832183175e-01
2.332078418291103361e+01 7.793825833753708077e-01 3.235249220491240307e-01
2.091119084274240336e+01 9.742808825631465997e-01 3.072239680112174298e-01
2.193916593082920130e+01 9.795292481104564963e-01 2.536529035731781012e-01
2.248133702340177109e+01 8.380543401885514054e-01 2.857970797379303374e-01
2.437842760318866908e+01 6.731801527671025243e-01 3.288337219037650305e-01
2.641876031573774597e+01 6.727714730213489869e-01 2.624777477095083245e-01
2.410204331501614305e+01 8.545251844297984123e-01 2.423801229134909807e-01
2.472433950577768513e+01 7.325967338483321267e-01 3.142249844807302184e-01
2.953485347023269014e+01 5.203205222595326251e-01 3.105246262882296326e-01
2.694742876866321879e+01 5.643747856991033762e-01 3.527008469748152408e-01
2.484461201045032652e+01 7.152866826702168890e-01 2.888010345766415798e-01
2.301421786268799252e+01 9.083933026625610196e-01 2.643540641840644856e-01
2.498504375750349027e+01 7.277034936805344412e-01 3.056337048430823877e-01
2.899084669473419851e+01 5.719093393193195318e-01 2.905154679536787188e-01
2.195457271984251690e+01 8.798587282282752664e-01 2.795176958314568583e-01
2.583056915839614831e+01 8.021457416500664683e-01 2.229201159972697965e-01
2.335330364877862763e+01 9.161515538606783693e-01 2.970011049791796975e-01
2.089297739493969885e+01 9.551587870627228360e-01 3.553186066833500245e-01
2.668746836896726293e+01 6.274949597958615621e-01 3.123048813578672145e-01
2.473455759064528792e+01 9.565866626739901735e-01 1.545379277469024759e-01
2.238380566443194652e+01 8.360766032932135383e-01 3.625297997922620752e-01
2.478020994126410415e+01 7.269710122631244387e-01 3.442990503851555695e-01
2.154544817366181064e+01 9.660598711432996089e-01 3.265746668442446876e-01
2.225964200534608395e+01 8.641289254806827635e-01 2.940576889818049544e-01
2.371629054305780926e+01 7.645517789396276687e-01 3.278724756479576841e-01
2.723301213796307962e+01 6.212838528852042685e-01 2.961879120704071777e-01
2.694708495295666495e+01 6.599658859512695930e-01 2.853231373598158482e-01
2.540525285385484011e+01 6.529993563701450565e-01 3.529123869289460536e-01
2.946931730035651142e+01 5.405403369427026483e-01 3.245997167424695129e-01
2.954588840558876228e+01 4.244295084780915772e-01 2.258391833580749575e-01
2.701679296525220408e+01 6.570724903099445235e-01 2.389337870051052581e-01
2.152071725634948507e+01 9.778069770122053139e-01 3.260632977840853819e-01
2.116717395850926664e+01 8.790099083337681307e-01 3.549794413303832830e-01
2.623490738882821915e+01 6.280530952449907556e-01 2.969120642062368365e-01
2.610651317108449376e+01 6.624245071353801473e-01 2.054686783413367801e-01
2.734060805022569696e+01 7.468130513138601101e-01 1.883376800477579716e-01
2.131956464737801582e+01 9.973760179567243700e-01 3.268236367878404325e-01
2.541203577801258717e+01 5.986806614323961773e-01 3.316248086724712940e-01
2.401804156889257769e+01 8.001479133491057327e-01 2.983386667661516722e-01
2.454397622027447667e+01 8.589374423176767692e-01 2.502238915649788176e-01
2.737676408579837428e+01 6.432266101404616743e-01 2.361514827070030631e-01
2.370811311728867921e+01 8.262316161206103571e-01 3.155806960738838929e-01
2.497448111195422626e+01 9.066075767453661838e-01 1.822705655399518010e-01
2.474095981853535520e+01 6.642596988807971670e-01 3.066205447218804947e-01
2.650486126334676129e+01 8.793605488901277134e-01 1.472918358654011772e-01
2.277142230235713782e+01 8.676014177470683375e-01 2.941811685396804044e-01
2.601972925692029648e+01 6.407487242196208133e-01 3.394028511596490216e-01
3.072653611395310591e+01 3.718030690419031337e-01 2.154158971665304512e-01
2.392578328450461456e+01 7.933478107533376011e-01 2.874042449301941748e-01
2.198053385570056051e+01 8.141684731266243258e-01 3.051644814914941661e-01
2.627815054733058631e+01 5.872639062553881573e-01 3.421694381623093251e-01
2.562190644476688561e+01 8.771926481270081455e-01 1.908687912705026857e-01
2.939843015719544539e+01 4.577416234899486791e-01 3.553581382678361877e-01
2.903602102907344573e+01 6.150714333641974507e-01 1.709198410921742017e-01
2.534496211183275349e+01 7.787819201015377946e-01 2.505480563308088993e-01
2.673330326657742262e+01 5.626807704065970306e-01 1.565897006753661780e-01
2.786902977574477092e+01 6.985323611250624509e-01 1.978044054141627484e-01
2.662048372565953969e+01 6.631771318586702213e-01 3.330684632799614242e-01
2.468028922843811301e+01 7.318495219017475684e-01 3.589667780274002906e-01
2.210931551042567023e+01 8.953993782417467573e-01 2.929554070250044440e-01
2.138507831806544246e+01 9.997793431363095618e-01 2.336384818403832442e-01
2.433350176346842630e+01 9.134279088736472207e-01 2.154618074479947853e-01
2.868133507306779251e+01 5.671180489321099305e-01 2.641663777455788287e-01
2.873479459716605433e+01 5.034455963818249558e-01 3.168278894582353677e-01
2.713648926811594819e+01 6.336639717942952332e-01 2.498655785584500133e-01
2.219629835991813849e+01 9.071010097699937491e-01 3.340165831495333637e-01
2.488374220952211502e+01 6.942019357283117920e-01 2.665937829256296299e-01
2.910601937005658613e+01 5.994986681371478054e-01 2.425960932364273903e-01
2.754843358157820887e+01 6.145170252394602795e-01 3.208617179340673697e-01
2.369606678757457985e+01 7.798577679629133952e-01 3.399542175849306624e-01
2.279763834018675439e+01 9.666559863208789016e-01 2.611447029503013439e-01
2.350718190949807251e+01 7.927295846426624104e-01 3.015001890493293479e-01
2.309931675109006477e+01 7.874515774010371061e-01 3.196212487256888113e-01
2.724366331475637892e+01 5.724584106106105352e-01 2.885766889044079075e-01
2.615303009136988521e+01 6.105653813412188491e-01 3.038084828661265502e-01
2.716566932975668180e+01 6.250329084063174223e-01 3.344213816543800677e-01
2.732158781658123203e+01 7.380907852278433268e-01 1.946913771232074986e-01
2.974817880319942631e+01 4.906743971745439747e-01 2.958467506244881196e-01
2.208969052845656833e+01 9.359781313488189092e-01 3.265921806353543899e-01
2.351834735220835526e+01 8.988297086931175128e-01 2.291986603707311665e-01
2.347105864222622884e+01 8.919464912662513623e-01 2.189068269157690150e-01
2.291034282585365744e+01 9.081747908659298929e-01 3.015583563186755578e-01
2.745583303438089118e+01 6.886151959528860056e-01 1.823819071634436850e-01
2.185180204607583221e+01 9.752195858789853844e-01 2.678409105356609476e-01
2.243367947722977007e+01 8.822259320775398539e-01 3.332712303160842437e-01
2.289393520897331769e+01 9.615960375473513455e-01 2.598795448547749354e-01
2.579314962111430276e+01 7.160409093708632877e-01 2.898228923392658918e-01
2.279044485860458735e+01 9.525734490530141096e-01 2.871729198944639183e-01
2.429364599062443020e+01 7.239560627857306585e-01 3.435431492411957777e-01
2.400225485565385597e+01 7.702697311493553745e-01 2.756370092994859800e-01
2.258531543926758900e+01 9.894916045793039627e-01 2.679163664422382074e-01
2.648040765505118088e+01 6.663730774711114080e-01 3.468333779590345722e-01
2.170996606733876533e+01 8.840380308167661294e-01 3.600768179419168158e-01
2.919768797996648146e+01 3.624159809459052140e-01 2.134542288574295399e-01
2.670285698274136976e+01 7.150969056591579553e-01 2.484976974657996385e-01
2.217958134149189675e+01 8.708582864912862709e-01 3.584515753841790442e-01
3.108192958435230580e+01 4.792909845603842700e-01 2.631234335947613689e-01
2.445704551258463155e+01 7.303151350681285070e-01 3.129326377907145074e-01
2.452975414319184466e+01 7.649511338120190684e-01 2.920145724908824181e-01
2.327727192070979001e+01 8.121585513286952995e-01 3.702063797800475564e-01
2.744809621098446684e+01 5.740533741331758089e-01 3.250644707900356423e-01
2.194011085444465792e+01 8.994401017158629719e-01 3.459808949421110391e-01
2.590291249965293474e+01 7.575873729022458702e-01 2.871250208666040193e-01
2.929597705357835125e+01 4.813777935702314714e-01 2.619229135003718900e-01
2.834766513819664624e+01 6.980434886440624043e-01 1.638546896601871528e-01
2.186428931065700354e+01 8.387958384919369514e-01 3.037554125175067621e-01
2.917399523911694104e+01 6.719644034257999943e-01 1.652861347463460973e-01
2.716786311051681935e+01 6.727678649029676938e-01 1.512220221621185245e-01
2.492588889534259877e+01 6.839664870100471417e-01 3.296634901900123982e-01
2.876356314545754955e+01 5.057114813015544108e-01 3.284762139037241679e-01
2.416529169048548908e+01 7.567045745335282403e-01 3.009907399048826204e-01
2.629659594195816297e+01 6.297482818102828617e-01 3.374482283678174044e-01
2.892511750614923116e+01 5.176575082745911160e-01 3.037828000480480850e-01
2.697997466741207262e+01 6.118804334249257071e-01 2.950979024351107483e-01
2.768386528060394625e+01 6.138397646908134719e-01 2.952886702283590292e-01
2.872160540632750170e+01 5.119021112890784764e-01 3.378694235847299332e-01
2.145268959199059466e+01 9.628809163481450994e-01 2.943573230030684940e-01
2.738588510934765452e+01 7.709638971247547712e-01 1.579749180208393222e-01
2.425969638507313064e+01 7.245857871963622410e-01 2.648406299341501957e-01
2.473933570404405557e+01 7.975398725974605085e-01 2.733412946683608236e-01
2.708553172936396081e+01 6.845091741039039945e-01 2.255000021184745129e-01
2.339267224055608452e+01 9.505791377606215287e-01 2.356854476726488179e-01
2.381490129882654472e+01 7.434876430031880368e-01 3.239750183036845810e-01
3.036268655744514433e+01 5.503938457547719043e-01 2.177601792092085098e-01
2.206710880498722460e+01 9.739552339934962610e-01 2.197342281477346337e-01
3.149454914625284374e+01 4.873062707008706251e-01 2.273332855243771766e-01
2.182633256393539867e+01 8.096311076313403854e-01 3.137212498362724200e-01
2.685935635458056225e+01 6.084587698938235256e-01 3.051185027649509496e-01
2.202168950959521965e+01 9.965852251600190170e-01 2.586427815816451092e-01
3.000379234314152299e+01 3.922280130865403169e-01 2.550649995898054967e-01
2.684679228002442386e+01 6.115212553761270042e-01 2.440091262035893604e-01
2.689785005562716691e+01 6.546358224669803771e-01 2.543862390301478982e-01
2.958358078715695427e+01 5.231599603720017422e-01 3.164438254944816897e-01
2.321922632119277452e+01 7.835704691798281996e-01 3.278961966406513384e-01
2.106567937478257591e+01 8.447514259165773698e-01 3.185198525094133926e-01
2.920716789512309575e+01 5.214781707002547062e-01 2.693213080851097341e-01
2.427581232161277569e+01 8.111915155953443035e-01 2.701708003886310605e-01
2.611152586649300744e+01 6.901103505504881941e-01 1.476711718221359326e-01
2.415962220063506294e+01 9.292931553336505335e-01 1.597759747795775842e-01
2.840405174482028272e+01 5.333010797300229422e-01 3.609948097825060875e-01
2.477369795335261315e+01 7.106602172032006060e-01 2.981067174158847921e-01
2.832585500470478479e+01 6.270879263012641980e-01 2.665942991163303133e-01
3.259879243031471674e+01 3.141940853463373040e-01 2.531216558687431895e-01
2.203110041807909880e+01 9.477326581597608213e-01 3.012091317876539054e-01
2.116931166842685030e+01 9.727925607446109568e-01 3.316937244435835819e-01
2.521001006872711869e+01 6.633780834484738209e-01 3.305288656235870204e-01
2.356648408391190586e+01 7.682146115455508184e-01 3.605357478469144450e-01
2.472861905475950550e+01 8.299344255289867744e-01 1.896449256134962458e-01
3.139800319400312745e+01 4.772251239164418957e-01 2.181320224995544343e-01
2.741491719975162411e+01 6.336639717942952332e-01 2.371718510769819932e-01
2.414848820130345430e+01 8.796626069159348971e-01 2.107715825399124887e-01
2.078336487782229369e+01 9.583081066089086386e-01 3.084897589062727263e-01
2.530336061261594693e+01 7.622024498718688035e-01 2.714756767234253187e-01
2.143998876941402898e+01 9.930259315331072534e-01 3.076159259314731886e-01
2.163953381915231589e+01 9.659910840767323981e-01 2.667043508587034761e-01
2.459983196400114025e+01 8.356409583874827574e-01 2.424975676095650623e-01
2.982183764155488603e+01 6.091112049364504344e-01 2.104930222020697794e-01
3.064790206035937459e+01 4.800668850619935202e-01 2.981184443839391962e-01
2.874442633617300302e+01 5.035933424708738393e-01 3.380739320081975197e-01
2.220311387407751980e+01 9.232779564094452107e-01 3.272594326753253680e-01
3.128398965072783611e+01 5.313242069005121859e-01 2.220422607292494299e-01
2.558971016784365204e+01 6.432374455828488991e-01 3.022246828487269998e-01
2.328938179885075854e+01 8.470503382868139752e-01 2.823349629211662770e-01
2.273511639613044366e+01 9.727409442303562859e-01 2.308272306478060254e-01
2.327392849376626316e+01 9.780157425624059764e-01 2.510416845669714569e-01
2.160206562373109307e+01 9.042258601120939376e-01 3.213659160654938063e-01
2.814133501008107530e+01 5.463159746934158623e-01 2.799728097351857348e-01
3.399448197879837608e+01 3.926547500093556797e-01 2.967989635669344151e-01
2.736220292863994175e+01 6.031474888051590044e-01 3.047848829577156082e-01
2.413375888338349995e+01 8.911233050528557520e-01 1.825531864169419316e-01
2.694441601766603966e+01 6.230980431835563271e-01 3.012070570587613849e-01
2.402349913399854486e+01 7.757128518979992116e-01 2.901415968130319212e-01
2.444019309714058252e+01 6.497100104251618546e-01 3.665487012046098059e-01
2.542052625164781077e+01 7.257115062865197030e-01 2.857965728767274949e-01
2.365440648413368052e+01 7.744756323350967531e-01 2.529874186080161014e-01
2.880686591055187762e+01 6.161347920649666854e-01 2.572114586029448091e-01
2.892199690817331259e+01 5.148465371296289117e-01 1.481975129045089434e-01
2.398789994619706434e+01 8.689669692859498529e-01 2.619590018448818558e-01
2.178369074622383295e+01 8.685634433583191427e-01 3.228467707459331537e-01
2.692680951495737318e+01 5.872206407493774094e-01 3.282373747990986468e-01
2.715028583740402723e+01 6.150882291544638170e-01 2.611195658256648677e-01
2.578689532127195250e+01 8.584707639684625580e-01 1.732616146854916439e-01
2.911244962477141840e+01 5.977087272370240623e-01 2.322976324103474544e-01
2.882649644430615155e+01 5.652739557492568734e-01 3.221265217411505843e-01
2.128827900219373959e+01 9.780556783612159855e-01 2.584039009366404516e-01
2.731504373480143855e+01 5.813261958045163880e-01 3.227161965059613946e-01
3.002894493978322998e+01 5.177030743449528849e-01 2.957772318814981816e-01
2.326291266806859426e+01 9.419950569334252233e-01 2.214666009584848050e-01
2.466571061322107994e+01 7.545343056821590677e-01 2.548522833242538033e-01
2.798203050402953451e+01 5.882488505593217454e-01 2.442265717528614155e-01
2.200983798102357980e+01 9.922128450286802348e-01 3.447591334957569864e-01
2.735338218029859547e+01 5.638238275008445877e-01 2.906429828755921485e-01
2.130644957595021083e+01 9.350924962452943356e-01 3.296513924595514400e-01
3.086407673277133412e+01 5.238110259505561750e-01 2.802129914864906479e-01
2.255635132244291796e+01 9.395311597885145360e-01 2.499925570536083441e-01
2.878044230744802334e+01 5.841131431549402286e-01 2.365296701549010061e-01
2.398266961652479878e+01 7.291535933701819294e-01 2.998973338888027418e-01
2.730161835871064824e+01 5.687167424013119810e-01 3.394845407793294356e-01
2.283588667496669800e+01 8.554033066162185506e-01 3.463729570220184240e-01
2.772988487623840115e+01 5.387150568221412694e-01 2.770437725404634732e-01
2.513128893934685593e+01 8.634385769995243098e-01 1.562435465464630524e-01
2.602608735046330679e+01 5.972758096271896244e-01 3.020815348326109095e-01
3.218881030178788905e+01 4.289917322021979396e-01 2.144858400584603308e-01
2.533638114310128486e+01 6.954869768006799458e-01 3.098099828476607032e-01
2.588032141199958858e+01 6.184026801377052740e-01 2.845857058413285290e-01
2.302127517013919444e+01 9.071416304320254476e-01 2.747485384706439548e-01
2.194179106050705741e+01 7.655423583060018133e-01 2.586552557902107585e-01
2.433847245212709254e+01 7.584059053269014417e-01 2.933238012471306444e-01
2.064346899562706028e+01 9.604092373129327065e-01 3.341551619193330880e-01
2.690900866414772352e+01 6.815930225836422940e-01 2.357007612890500980e-01
2.400668668372701120e+01 8.720771422112154614e-01 1.763844463195662071e-01
2.215049750396238792e+01 9.176339541076556916e-01 2.529080987015887017e-01
2.418593066088248733e+01 7.694423189847814371e-01 3.198266296934382802e-01
2.560354195463463256e+01 7.924888649755938985e-01 1.946698910159419815e-01
2.746712050202865640e+01 7.737207008062899627e-01 1.869867485556125086e-01
2.122792405791313541e+01 9.846912417013702346e-01 3.102939180418018417e-01
2.760267148135694981e+01 7.290840599424072144e-01 1.987922067347631938e-01
2.023549420359252693e+01 9.641777883639637281e-01 3.159257061625124763e-01
2.810712690132671199e+01 5.788094624500329521e-01 3.205923432755484193e-01
2.367279174156285393e+01 6.931529187811267256e-01 3.063333699138674482e-01
2.271300111192091364e+01 7.856319647439574672e-01 2.814351744104535147e-01
2.946436556288241704e+01 4.541484174718633526e-01 2.710668935508131483e-01
2.770437412326698023e+01 6.215765786881153332e-01 2.641914371545690532e-01
2.931960026259049812e+01 5.541848131306096326e-01 2.625604589887299833e-01
2.173106878316288260e+01 9.431543875062153859e-01 2.934818345363161551e-01
2.898955384712225580e+01 5.212253655044950529e-01 2.979551382270776982e-01
2.667928858503108103e+01 5.953482989206164699e-01 3.281654952795698965e-01
2.297106565394357958e+01 7.675662295781691125e-01 3.766875958532651114e-01
2.259987128095398745e+01 9.870132424954801698e-01 1.860133699851383438e-01
2.469325512894287300e+01 8.383579010018287203e-01 2.021449453683756003e-01
2.042893435761176590e+01 9.953508210725430239e-01 3.276830865049137897e-01
2.263227818764475074e+01 9.861024838701910600e-01 2.378183728737766345e-01
2.284475949109044279e+01 9.604428460119189825e-01 2.621380381042472951e-01
2.224249775033496945e+01 9.119588427557989707e-01 2.853295639522682170e-01
2.404707246662959719e+01 7.702697311493553745e-01 2.732595472068185538e-01
3.156140918493685632e+01 4.759072978228015560e-01 2.853860971967486782e-01
2.175335117330197576e+01 9.159588218579171048e-01 2.652756876867305436e-01
2.225131524270204508e+01 8.532182882981320660e-01 3.063123223919899663e-01
2.554849373151864711e+01 6.659218736625246438e-01 3.420029206547130496e-01
2.816632879500936326e+01 5.686621926404268335e-01 2.875378815571183466e-01
3.213502309760497155e+01 5.049097839044229818e-01 1.962525337515418633e-01
2.848312357820730512e+01 6.604959392824899522e-01 2.075900852689209486e-01
2.151985106725512509e+01 9.169902008878749733e-01 3.407677957582280204e-01
2.470847758885011203e+01 7.207696685204716402e-01 2.869150961330332872e-01
2.855064185678135402e+01 6.281734816884108064e-01 1.805622487519478181e-01
2.449424250102615730e+01 7.117270709784212501e-01 3.115028257380013654e-01
2.281933970798984035e+01 8.556272261107439325e-01 2.748143741753624192e-01
2.802327436115675852e+01 5.563636839819583457e-01 3.134622594787734862e-01
2.906063702138489191e+01 5.178850148063123271e-01 2.507122707993649224e-01
3.312265555164067621e+01 4.431235932182641113e-01 2.522874334141350650e-01
2.760421440544434546e+01 5.686858150203771833e-01 3.149736051076630905e-01
2.310994582991702018e+01 7.887169850320967512e-01 3.171437627367685863e-01
2.619276051165685004e+01 6.353106858600652274e-01 3.435992942254885718e-01
2.354594825768497302e+01 8.511610239971705294e-01 2.842988812697482826e-01
2.601957401687390004e+01 6.303619997929265084e-01 3.481712358146498154e-01
3.219321909747028343e+01 4.526277694707035448e-01 2.335517254469975934e-01
2.421654558984529260e+01 7.847456248134542234e-01 2.540744830994197123e-01
3.114869719615703403e+01 4.484457712167531640e-01 2.539392656072577692e-01
2.265752676150389178e+01 8.385173771925782393e-01 3.494974882543775974e-01
2.173531662732360203e+01 8.539260111279710630e-01 3.020644125661998691e-01
2.679645307552974742e+01 5.769387108809210796e-01 2.949574946593095381e-01
2.180206461108369709e+01 9.738542033842263468e-01 2.847586903511949430e-01
2.531928516815879249e+01 8.156633554110840345e-01 2.322465290224570988e-01
2.662269753851925103e+01 6.536659359047781725e-01 2.580160425541687674e-01
2.416953855485795799e+01 7.821059420220289882e-01 2.993908949173096912e-01
2.863098619006466805e+01 5.281678335785360279e-01 3.282177307709410741e-01
2.226299246284000688e+01 9.330370393711674426e-01 3.409780193131985437e-01
2.120969746534562717e+01 9.052563597550153940e-01 3.217460954673193596e-01
2.244581545172889747e+01 8.528705946864444387e-01 3.471553909580463726e-01
2.147034733999002754e+01 9.784705048809203554e-01 2.398836887454400268e-01
2.437795561272978873e+01 7.568534042983540155e-01 2.710682532669619338e-01
2.246811455400300162e+01 8.301987002103548008e-01 3.261633332974527288e-01
2.288920574234744976e+01 8.548105662558377338e-01 2.665232765405534110e-01
2.277208006118373973e+01 9.103870137620068137e-01 2.535153401685444341e-01
2.640780837918592638e+01 6.361227819551775742e-01 2.748690574166649525e-01
2.249728697593366533e+01 8.898517332797204471e-01 3.202103738046317427e-01
2.977959033959720969e+01 5.006380704408435189e-01 3.131352406368911878e-01
2.692603516593568713e+01 6.557098329498923794e-01 3.131683267750557942e-01
2.861030531738365212e+01 4.791006281146847900e-01 3.024927927977061892e-01
2.438339950302324866e+01 6.316836196458062158e-01 3.860044730845130778e-01
2.717315608102483182e+01 6.194982134321010969e-01 2.750970960160004086e-01
2.094304581866338566e+01 9.312741974602264383e-01 3.411688453221954354e-01
2.394598705635990754e+01 8.825176120292114179e-01 1.872151470127359774e-01
3.243004809498808072e+01 6.298181104067986924e-01 1.099596907484596126e-01
2.513018058844882674e+01 6.283652733380897804e-01 3.262637415848019806e-01
2.412736830782555231e+01 8.995110869664524333e-01 1.792774774074208932e-01
2.853367112851860199e+01 5.077680252119803894e-01 3.075766282422072173e-01
2.225021050309417348e+01 9.891878077420682702e-01 2.262871756740827134e-01
2.863479734304232238e+01 5.165049094173342903e-01 3.092785534134254721e-01
2.310204744976439883e+01 8.709787473584171824e-01 2.975730214556481235e-01
2.440008166405938539e+01 8.024203756969821022e-01 2.181268550291689812e-01
2.129263994900822254e+01 9.084824028223829062e-01 3.366624031955723351e-01
2.231706840053616148e+01 8.741655106466367231e-01 3.200937678692749033e-01
2.363312400546588776e+01 8.519543771021194090e-01 2.274779597461879799e-01
2.770272005767135681e+01 6.336211509763742811e-01 2.172722236362082948e-01
2.765713005959952042e+01 5.527207835809517800e-01 3.174875095562183502e-01
2.569348093282413004e+01 6.667254522679810780e-01 3.405775942687525037e-01
2.583521348516390148e+01 6.473862314404839058e-01 2.954528118986786689e-01
2.694811891194086684e+01 5.716862723058726559e-01 2.947942375045863872e-01
2.347184824096453326e+01 7.457047655025886845e-01 3.532691640990751059e-01
2.214448250357233761e+01 7.543144676917312719e-01 3.556196259489421974e-01
2.476867080939421939e+01 8.048328216680695757e-01 2.246825206474702685e-01
2.252501447274841340e+01 8.276941519989363671e-01 3.138379211516507117e-01
2.588479196358735024e+01 6.392155555090467400e-01 3.625913850829046159e-01
2.298476601283744003e+01 8.666714549031043768e-01 3.433160761415303130e-01
2.549759035976742183e+01 7.102630545711247079e-01 2.747962423921295749e-01
2.443645257701362894e+01 7.389174233102708822e-01 3.017806690204690168e-01
3.428028733890710100e+01 4.836300743401222846e-01 1.734540547115815123e-01
2.863444801808452311e+01 5.199886822554019572e-01 3.109274599984235277e-01
2.999777180527912179e+01 4.917230201254257360e-01 2.823709710501512982e-01
2.145741544266661549e+01 9.391394745421720591e-01 2.957927763543976574e-01
2.332706788003256193e+01 8.064994571765198295e-01 3.045355909244495396e-01
2.328927372172202226e+01 8.756265864688200784e-01 2.439841147251978204e-01
2.612896564571756386e+01 6.163908871699711467e-01 3.251760525293549975e-01
2.328651000604073218e+01 8.270213871629639169e-01 2.798359236319177268e-01
2.807221126396133215e+01 7.424398484349917782e-01 1.884104012844597942e-01
2.813028860647792584e+01 6.074859841126244442e-01 2.796209029181436212e-01
2.327297058082859493e+01 7.301122899572087821e-01 3.441447787745477993e-01
2.362631315729564108e+01 8.535327192311796818e-01 2.441857071977441562e-01
2.130489164945397818e+01 9.647317543077252866e-01 2.963077245828184547e-01
2.163950193769878894e+01 9.608676832092686304e-01 2.646207140733015661e-01
2.293387863444008801e+01 8.017276158329358360e-01 3.146857463050064529e-01
2.136747564547889411e+01 9.978877195312434445e-01 3.117198229565560919e-01
2.359890564230255450e+01 8.078941308114490072e-01 3.188647881119839322e-01
2.571057550977567630e+01 6.431155434547777272e-01 3.202847712426849514e-01
2.373510594357748005e+01 8.295880295394567616e-01 2.758963250995822847e-01
2.215080780443694408e+01 9.070469717229419082e-01 3.224009515033703921e-01
2.182506631771125427e+01 8.349901731794578952e-01 3.486063812094823966e-01
2.248120786796645376e+01 8.510423060062003442e-01 3.225602387998625642e-01
2.578393447686109141e+01 6.679703331080010242e-01 3.051942783510681045e-01
3.563028042521655436e+01 4.008647037889790932e-01 1.975617815053926085e-01
2.272040382987955098e+01 9.324441034914152659e-01 2.548448311662323551e-01
2.689652753874846169e+01 6.686922190642690111e-01 2.143996040464251074e-01
2.284851452297177588e+01 9.453835462715913796e-01 3.173698088544246176e-01
2.286279942707048818e+01 9.834871271855674113e-01 1.438969541671754615e-01
2.871881172826999773e+01 5.681661441191047102e-01 2.552448281364251281e-01
2.165834224537089625e+01 9.726216556371087840e-01 2.482666119435264218e-01
2.418020705337752219e+01 7.760934606000549074e-01 3.141690915034625609e-01
2.475272953274372867e+01 6.839851336083276889e-01 3.209926479182580450e-01
2.561127330125853518e+01 5.929210257689434549e-01 3.834941337906873637e-01
3.022715490394029558e+01 4.792867247115206175e-01 3.764230113290912283e-01
2.934627143863099974e+01 5.463446299817092955e-01 2.802818455073634030e-01
2.684326440926259494e+01 7.204643978614553301e-01 2.570925357073972628e-01
2.410949000444018253e+01 7.254383617639201809e-01 3.879274573651023683e-01
2.641659756677900361e+01 6.338103214694770227e-01 1.661858306763774606e-01
2.124955968306401388e+01 8.801202400818871618e-01 3.201619617635211301e-01
2.841768977600502666e+01 5.967474842660456247e-01 2.299667127587141646e-01
2.516288726314471091e+01 7.214863644983535718e-01 2.553526782405328710e-01
3.135457218423568548e+01 4.101029148780154232e-01 3.077249122471250042e-01
2.309350279073855461e+01 6.775931686082775629e-01 3.393788770061799687e-01
2.769631797933300277e+01 5.603819861136283276e-01 2.852274149399228742e-01
2.837991962010368496e+01 5.818794206609010367e-01 2.650560255023460821e-01
2.314806636473826984e+01 8.476380639744969248e-01 2.668382311263997608e-01
2.715806301828252600e+01 7.323340842005205964e-01 1.786602104178535710e-01
2.633211659151989537e+01 6.609344805667339839e-01 2.855256531944815879e-01
2.358138696501333698e+01 7.366172282346018507e-01 3.413240390615881470e-01
2.373461298457045743e+01 7.217037030440648371e-01 3.359053037932718810e-01
2.762294849091411564e+01 5.792169896367275195e-01 3.597028334755200119e-01
2.259300711822402974e+01 8.793312317481946083e-01 2.954918228996497032e-01
3.116114051893674741e+01 3.823808812709711957e-01 2.683047092035714676e-01
2.458003854051712622e+01 7.612046862996039165e-01 2.579627861580379156e-01
2.808455707602836426e+01 6.134811030531427400e-01 2.515631115491549497e-01
2.876845925496452239e+01 5.506106637576291263e-01 2.656585626738243167e-01
2.346932952534007200e+01 8.315572061234268730e-01 2.844215450309520721e-01
2.317875973254013999e+01 7.777158615618839921e-01 3.393073770331389016e-01
2.530192929822538161e+01 7.302558760249674430e-01 3.137724778127409242e-01
2.073913173003759169e+01 9.793914657877492713e-01 3.116011857023095466e-01
2.258505349235164772e+01 8.110162148422369599e-01 2.992073956198468276e-01
2.734410128574594623e+01 5.830016448454703459e-01 2.905399692008999168e-01
2.607700125463019347e+01 6.355806891073298992e-01 3.318963590396293850e-01
2.119699431767984166e+01 9.630936091208951444e-01 2.976840009016676336e-01
2.234774760598102716e+01 8.159310498140334156e-01 3.358395249755622980e-01
2.310158995293517847e+01 9.975945316783123573e-01 1.908036655566056061e-01
2.142155009002853916e+01 9.695741766208550994e-01 2.537657802057581291e-01
2.153445851297618319e+01 9.103876538407534857e-01 3.205302514341176190e-01
2.393737772435277478e+01 7.657053963343118941e-01 3.017692428542843586e-01
2.745662360983619976e+01 5.892175959914955907e-01 2.946688288899901864e-01
2.310476877363650772e+01 8.242643555954221046e-01 3.188520034993967411e-01
3.048628821632186003e+01 5.494043274924710341e-01 1.992263422385665561e-01
2.470256706537589864e+01 6.870141620694099061e-01 3.386881924357525442e-01
2.334508954848397266e+01 8.798993494752709310e-01 2.609358795094701144e-01
2.483752968783620219e+01 7.281693646011249132e-01 2.675385924322846165e-01
2.352535089727522433e+01 7.825558006951013335e-01 3.569587677949199178e-01
2.357114019723455201e+01 8.578121768115305468e-01 2.375806828840018314e-01
2.672064055881122258e+01 5.991796912305942246e-01 2.743381103820193290e-01
2.794280545731590948e+01 7.381748486144151800e-01 1.409003927011208690e-01
2.803797618872540554e+01 6.395391056162863519e-01 2.286341571900998293e-01
2.242544208986166154e+01 8.414427046706931534e-01 3.351085010997878477e-01
2.150732539379601249e+01 8.983902036513996547e-01 2.740631780745546031e-01
2.631377465758049539e+01 6.713979752851995109e-01 2.350309206811173335e-01
3.388965943885945364e+01 4.299067044297629203e-01 2.096869972503725976e-01
2.727820618898460836e+01 7.108944239604201298e-01 2.146435717413993638e-01
2.271529962656174462e+01 9.218474483442521406e-01 3.331607399866607366e-01
2.697024095724820469e+01 6.325755053778775450e-01 2.637250276628099743e-01
2.250290430248019291e+01 9.603538962627994335e-01 2.579656666797119913e-01
2.406385986843471869e+01 8.642891232922121914e-01 2.420906249394601528e-01
2.287007206089842626e+01 8.684971071554273836e-01 2.855790754867285619e-01
2.208638920326772492e+01 8.566021124323707214e-01 3.492279033691307322e-01
2.570010772841138191e+01 8.512906398555419862e-01 2.090752270364624466e-01
2.305308155662793723e+01 9.219364416739318502e-01 2.371446796741717156e-01
2.564954530981724545e+01 7.880978263600716405e-01 2.817310618759280572e-01
2.146934957366736541e+01 9.817680270929359798e-01 2.709334066999631863e-01
2.464144873667129687e+01 7.507672218815679699e-01 3.541316937849142144e-01
2.552439493565169570e+01 9.703306377410915173e-01 1.301712249183334946e-01
2.653517089574316401e+01 6.275309982723465962e-01 3.195641794417707349e-01
2.769011370370119351e+01 5.379471698208603270e-01 2.864632054283676732e-01
2.683454600412683178e+01 6.546044546281823973e-01 3.018343062723792269e-01
2.148778715369855163e+01 9.287343133902186132e-01 3.072766190566708633e-01
2.207591178767956919e+01 9.879488386074535278e-01 2.650214265706931638e-01
2.458859510780606072e+01 7.012601756290064436e-01 2.631455835357411899e-01
3.344328369579639570e+01 3.575024853273922054e-01 2.276076305814916101e-01
2.727418839020051067e+01 6.632330307996151531e-01 2.008734062369771645e-01
2.345405786618408683e+01 7.712880978510541219e-01 3.450006000358354918e-01
2.775073749782532673e+01 5.488969491053311556e-01 3.096395673851932706e-01
2.313480473403837578e+01 8.748510002442783096e-01 2.242440958068455947e-01
2.687463710203567402e+01 6.479186144674565773e-01 3.271003069165080435e-01
2.771816616101819264e+01 6.213176396497446241e-01 2.777127666450989740e-01
2.476263988796057447e+01 6.956501475015330893e-01 3.409141411061276106e-01
2.640253168936051154e+01 8.280920181598241392e-01 1.547808635041355851e-01
3.147782422305854766e+01 4.444269734529292526e-01 3.013374628487128226e-01
2.537597436076154622e+01 7.240412041824307865e-01 2.958342822988618837e-01
2.408891676409857396e+01 7.478125635954984141e-01 3.061297198205382708e-01
2.384880250944532776e+01 8.291162210986934289e-01 2.100990642897463401e-01
2.556993388445201631e+01 9.440526121305311547e-01 1.751771200430354003e-01
2.694556463568480709e+01 7.421790277098468946e-01 2.016935395189393132e-01
2.290274168197758087e+01 9.509226391280956037e-01 2.138977511883233817e-01
2.324194696263160509e+01 8.517078124162972275e-01 2.995299865792355187e-01
2.476404537718174481e+01 7.185531579205193253e-01 2.670058718037936485e-01
2.700186736323803771e+01 6.471247751738710141e-01 2.984682705874169284e-01
2.287627573807385417e+01 9.107171003771653561e-01 2.584693479801699056e-01
2.760215908460591550e+01 5.338515881662154738e-01 3.230719950631034676e-01
2.477845321630596587e+01 7.388613693566500329e-01 2.670680572842508149e-01
2.331016988529631107e+01 8.741234567636519959e-01 2.455920990517972968e-01
2.677794740676801410e+01 5.920964070774737964e-01 3.302994332158911694e-01
2.645511560302381326e+01 5.646984954253181366e-01 2.841562900735187247e-01
2.183057981357505284e+01 9.551753780047423925e-01 3.028044245638014109e-01
2.481776097817045823e+01 7.169406173298540352e-01 2.886538778591045129e-01
2.560015316237830163e+01 7.292157931826973583e-01 2.875183719728273690e-01
2.473956547087144742e+01 8.250503788957799234e-01 2.649874050412206472e-01
2.817871352302273991e+01 6.389983126413187886e-01 2.578242590499897346e-01
2.881127457303284700e+01 5.808975965019674836e-01 2.586460370475822113e-01
2.836624556232441563e+01 5.898787131415103024e-01 2.482358630677636291e-01
2.429971991625156846e+01 8.824451300325609759e-01 2.420251904738759674e-01
2.865247397689436681e+01 6.144638525386934003e-01 2.241847408374915973e-01
2.836070229420788280e+01 7.342625846645857157e-01 1.556888351165769679e-01
2.373187604066282219e+01 7.373014268751988398e-01 2.566354960198338753e-01
2.787166737961509355e+01 6.445838245292556667e-01 2.275355335145779756e-01
2.604857064330505523e+01 7.379596230607250451e-01 3.008970190456533023e-01
2.688608126853806368e+01 5.672264209388546696e-01 3.379663774227893991e-01
2.088021767159240483e+01 9.452788132610012717e-01 3.895988390073298335e-01
3.105695500494933370e+01 4.939268492947416211e-01 2.921204530390966170e-01
2.625497727207740084e+01 6.561015811340323856e-01 2.853582912147166195e-01
2.386402896739959445e+01 7.942126875740594949e-01 3.545351948087135385e-01
2.200280065939832852e+01 9.754271037941755207e-01 2.762391469440675373e-01
2.397239092974218622e+01 6.758525850951613290e-01 3.282312741059246752e-01
2.794716883412004904e+01 7.717394909511428036e-01 1.663052855028652188e-01
2.488683523670608011e+01 6.675879595124956101e-01 2.887238611380697484e-01
2.500719168517198554e+01 6.273084836708354706e-01 3.373145755071615959e-01
2.327050459620837586e+01 7.798572638963242598e-01 2.994674149441195476e-01
2.709801129055161795e+01 6.255796101768663631e-01 2.359677818561723706e-01
2.261375170610284968e+01 9.626091487015342452e-01 2.770630234183075746e-01
2.397986023613346873e+01 8.003819353982513096e-01 3.169423939410867530e-01
2.645841115021930179e+01 7.441750414754352283e-01 2.059981437807237858e-01
2.959359639383476193e+01 4.513753090971862059e-01 3.020657304917198083e-01
2.180604782389203677e+01 8.972330125443016557e-01 3.662066851346157392e-01
2.400289866322049548e+01 7.479128174816902508e-01 2.987364818223711693e-01
2.848243029412351746e+01 4.735825816977043967e-01 3.213487735809223977e-01
2.118568099316432907e+01 9.746877780001604874e-01 3.165250337923128932e-01
2.335440638377302847e+01 8.944593784655520130e-01 2.586360080628967162e-01
2.549427107837673034e+01 7.458468308935582991e-01 3.294675430848384989e-01
2.313656156777102169e+01 8.801502373635683441e-01 2.789356242346395232e-01
2.818877157797038535e+01 6.697873022285572020e-01 2.550195949128658546e-01
2.192380938488770781e+01 8.245955771124701128e-01 3.281814063454954744e-01
2.601174247849435517e+01 7.060345849539494401e-01 2.508673437866773548e-01
2.705706464599615302e+01 7.612044623946144783e-01 2.296245361999662560e-01
2.905045635000797333e+01 5.903881802450712257e-01 2.806052353429399071e-01
2.605095716806507866e+01 7.151704053320785404e-01 2.723941389334089136e-01
2.931304385897495024e+01 5.258061803520206468e-01 3.223352090250532487e-01
2.181770855878984960e+01 9.272499796615760737e-01 3.109865980188633583e-01
2.814245817888711088e+01 6.228120242218382341e-01 2.566844673218732220e-01
2.503147387873671903e+01 7.404897081235920497e-01 2.608491300770230947e-01
2.253819431543703189e+01 9.421698646184387682e-01 2.788611972153180463e-01
2.395211030337932812e+01 8.424191095957657138e-01 2.772351372773034783e-01
2.257549190899329616e+01 8.986789164031615540e-01 3.115003690808511028e-01
3.112673620564038757e+01 5.482174193981624866e-01 1.599203358678779885e-01
2.538441398566234497e+01 7.794747725222139767e-01 2.712018660181527152e-01
3.029177421382176405e+01 7.189694391892483827e-01 1.534021975070883337e-01
2.840584008548357531e+01 4.733894482079444299e-01 2.864793807010428406e-01
2.309634303662716803e+01 8.640925762314664027e-01 3.241800471909592196e-01
2.485928512820308711e+01 7.020131004585112855e-01 2.937813629059088383e-01
2.623899246444258893e+01 5.777865563525783621e-01 3.670090606137485501e-01
2.691005375945556821e+01 5.608932629291107919e-01 3.317030789584403672e-01
2.511689759017566814e+01 8.900310071573188653e-01 1.480318148017339408e-01
2.237988937455137517e+01 8.792905885095669838e-01 2.583231558056571786e-01
2.524986442250907004e+01 6.528512005612943092e-01 3.578899820814060440e-01
2.485135693700205195e+01 6.941052617219551912e-01 3.403048768491832021e-01
2.730817375590237006e+01 5.332832578411298430e-01 3.268360325260342147e-01
2.262744361090793532e+01 9.469548284353664913e-01 2.787665397697946523e-01
2.814940652180065328e+01 5.841652116996174371e-01 3.012758918525828555e-01
2.256346093607044878e+01 8.626459981295993007e-01 2.999613065936745926e-01
2.673482667002221191e+01 5.584089141012762436e-01 3.710498674217635462e-01
2.447771420960792099e+01 6.986192741214088953e-01 3.159367268657585215e-01
2.425666787942429892e+01 7.908215699965175371e-01 2.733603179934389060e-01
2.307746642259175829e+01 7.758096983604506613e-01 2.793974938973233790e-01
2.696397139683851307e+01 5.796688975556267831e-01 3.565378696257904267e-01
2.285451344457317546e+01 9.870733244844535070e-01 2.114479809316465730e-01
2.390892895601852786e+01 7.593506742674208665e-01 3.686548254850851580e-01
2.332734038004621269e+01 8.827639454773770211e-01 2.655717566090087245e-01
2.542218825832492612e+01 6.320953834034251928e-01 3.357399630209091934e-01
2.287174868901336566e+01 8.114510487470191213e-01 3.115852992657506815e-01
2.895272160762483438e+01 4.961847993658817235e-01 2.963490376415575112e-01
2.926495519067734463e+01 5.402639151731448708e-01 3.100592538824604172e-01
2.631744997387187723e+01 6.171270145252272243e-01 2.801550611626828502e-01
2.849689526384316807e+01 6.593618428458549729e-01 2.303171550394608469e-01
2.081493484289311269e+01 9.830231852728971154e-01 3.869236543336306289e-01
2.694116412291614537e+01 5.354099249277504136e-01 3.233696524749603562e-01
3.019352041813970544e+01 4.392219728142441326e-01 3.019620976329463469e-01
2.465497935418969533e+01 8.348755506730184406e-01 2.204369519354295315e-01
2.326474527149801830e+01 9.374778387918946132e-01 2.737464800005187104e-01
2.585936609736034342e+01 6.955077410114889336e-01 2.574586925317526309e-01
2.541849628909544023e+01 7.800652663554489274e-01 2.708393898470733974e-01
2.549152431716659351e+01 8.203293436744033551e-01 2.508290673561736628e-01
2.466625514414934983e+01 8.820795539890539105e-01 1.995523206144130812e-01
2.195064305930381465e+01 8.710271008018354300e-01 3.216007619647802684e-01
2.525559126729582715e+01 8.108608045043985690e-01 2.569007759861281492e-01
2.631537254308135942e+01 7.257692262869034350e-01 2.653099044096471903e-01
2.971863994545293153e+01 5.187760539843816465e-01 2.601777813985192145e-01
2.744863411392095642e+01 6.283474450817488899e-01 2.409300650180504211e-01
2.933924430385332727e+01 6.044332749299261565e-01 2.079769609496716909e-01
2.733345386344093697e+01 6.379054555379664038e-01 2.580594847208596554e-01
2.991673410526134447e+01 5.146942411156376629e-01 2.738340461428504513e-01
2.937005371515943253e+01 5.281910052492134744e-01 2.396450397642103658e-01
2.035083736537771770e+01 9.862204789074628941e-01 2.954196936142784446e-01
2.383420925575833493e+01 7.792286675773980598e-01 3.279530060904853883e-01
2.503583224415512731e+01 6.953042117323375848e-01 3.066270898121226107e-01
2.434459154529007208e+01 8.284029005642415955e-01 2.386320050634622159e-01
2.195980519873238990e+01 9.431415828824201153e-01 3.143032013867193553e-01
2.702351584171511334e+01 5.873776712166840497e-01 3.508260224794507720e-01
2.845058518511740431e+01 5.879524470378731937e-01 2.761394191109565188e-01
2.532086217036451714e+01 7.103994839505300973e-01 2.067060704742264554e-01
2.144005695186787364e+01 9.474870293969541724e-01 3.398641019266750996e-01
2.838160085954784861e+01 5.631781124724708487e-01 3.077480683471701672e-01
2.298850372823571320e+01 9.741557285516334597e-01 2.047839388358649870e-01
2.910601039042572324e+01 6.101468648450317778e-01 1.689881948019855140e-01
2.555668216020796635e+01 7.388953897707473129e-01 2.389130905326252718e-01
2.518956752670315424e+01 6.247204756090265487e-01 1.521011742512581033e-01
2.878159783751510403e+01 5.742705059500405884e-01 2.776912923390390531e-01
2.419618785138126071e+01 7.084823968073190592e-01 3.220365831134068824e-01
2.957886456916788376e+01 4.961847993658817235e-01 2.689071517732118943e-01
2.470845270266739391e+01 6.754046984143282639e-01 3.247982713116756570e-01
2.187679945904311651e+01 9.856101143654427688e-01 2.477725743994184937e-01
2.585305417955257212e+01 7.745021391681944367e-01 2.250274479699442554e-01
2.897342528537571482e+01 5.588405397399449637e-01 3.166826769180058898e-01
2.367279874922216720e+01 7.157765525403775309e-01 3.221483942854588278e-01
2.428834938693540124e+01 8.186933802697577978e-01 2.679896339044023912e-01
2.407602266799301560e+01 7.938166769725404359e-01 3.019667812738222046e-01
2.876334584483197077e+01 3.604468715145716096e-01 2.358743002767608177e-01
2.891512511605830227e+01 5.417552999914992951e-01 3.244508925905588148e-01
2.362897693416779532e+01 8.710377442679897442e-01 2.685096751562704998e-01
2.715502411670122029e+01 7.301884026234932712e-01 1.691535229085627812e-01
2.572002130811689469e+01 7.162726480922048111e-01 2.897126871952817595e-01
2.634836665038899994e+01 6.474091466257086980e-01 2.973138382796464696e-01
2.975829087079139157e+01 5.627529838188504163e-01 2.521230432417997380e-01
2.223626533131880123e+01 9.274087013851235461e-01 3.175624178656553664e-01
2.616598076754071300e+01 8.252546779506949592e-01 2.678296881417640551e-01
2.483577387925965851e+01 7.314627136923620432e-01 2.894671096465589732e-01
2.295676443167811343e+01 8.511374053964746444e-01 2.907179525770245410e-01
2.996168613169179196e+01 4.558880733293869669e-01 3.044975292096149255e-01
2.355220915237672230e+01 7.411372682224620645e-01 3.014139109855084042e-01
2.421408174226201027e+01 7.566213330464072184e-01 2.991615096422050035e-01
2.521782727959324077e+01 7.968100605426274852e-01 2.522668167655158777e-01
2.476975163950158887e+01 8.157914532512974271e-01 2.375312022099307085e-01
2.709843864722499163e+01 5.671936654710049153e-01 3.420648898386627335e-01
2.526721603092358848e+01 6.145583431526935314e-01 3.221824934331912749e-01
2.238582550883781508e+01 9.761964844615780290e-01 2.493474576458297176e-01
2.733347443767319973e+01 7.256287177984273029e-01 1.806211289585755997e-01
2.938348584442302780e+01 6.012130523768212109e-01 2.136020151123785016e-01
2.370807249546083995e+01 7.892418126318448968e-01 2.339929153650902593e-01
2.288305719720257514e+01 9.061555281908144632e-01 2.673902909401305039e-01
2.334089663576199669e+01 8.513025326070255971e-01 3.353825036612879673e-01
2.770497657507476319e+01 5.619664381611501058e-01 3.065472522295927815e-01
2.540491859575862321e+01 7.356630614344777941e-01 2.745195128899593495e-01
2.487739078245434854e+01 9.310329257562445227e-01 1.868341548539851071e-01
3.144497597249132426e+01 5.398388363109606347e-01 1.904927433657596370e-01
2.949603365149018686e+01 5.280025341633980407e-01 3.020480797532644757e-01
2.258747973038375179e+01 8.193629481586238716e-01 2.706183267623490929e-01
2.242858604019772528e+01 9.273045803701145395e-01 2.470781517521953297e-01
2.695044225059639587e+01 6.210966151566553739e-01 2.893999497804580212e-01
2.202080541931577784e+01 8.409201146877526289e-01 4.189255454968723313e-01
2.393502010630173871e+01 9.464652021615813648e-01 2.315343590122025119e-01
2.377121429038585632e+01 7.975223441623703335e-01 3.056250210590951699e-01
2.450531118143271314e+01 7.399884115463659651e-01 2.993409696999804193e-01
2.207844578171345873e+01 9.196085881716492549e-01 2.955858692196598470e-01
2.472866626782180788e+01 8.909462860874072243e-01 1.727652103012444207e-01
2.734436874953304297e+01 5.377641650759416025e-01 3.502313119409634079e-01
2.692774350227287528e+01 6.723393515742386306e-01 2.513922972029727365e-01
2.171590479292145659e+01 9.792620154681020983e-01 2.600380968690766958e-01
2.547332672235614126e+01 7.687883474709111820e-01 2.604631333296768547e-01
2.488015846180890378e+01 9.118949053704654695e-01 1.787059308424410187e-01
2.759853886336987472e+01 5.687015317980876894e-01 2.920656656699930909e-01
2.916890458231883443e+01 5.914841207802223888e-01 2.520613910603272112e-01
2.433838684747684766e+01 8.771832537280563891e-01 1.627683816143440931e-01
2.480388350399247699e+01 7.549502739677844687e-01 2.945639235485740803e-01
2.876996498210431952e+01 5.397935484743692225e-01 2.719958462186428116e-01
2.635312291175929289e+01 6.416768296205545008e-01 2.646637204234658647e-01
2.584523632020577821e+01 7.047978520288989968e-01 2.461924940720468802e-01
2.340814609457178008e+01 9.071054488347215505e-01 2.585325033023495034e-01
2.535097656109163111e+01 6.797655678986244121e-01 3.521331451170175986e-01
2.507979843587896696e+01 6.982162581463964290e-01 3.087954283313852355e-01
2.390109171780232344e+01 8.488141745561256224e-01 2.766819200467084405e-01
2.978639135592806042e+01 5.690245462435213897e-01 2.738071623414016775e-01
2.685925485988182260e+01 6.150907952337706375e-01 2.478269972277710453e-01
2.296525690118610541e+01 8.082089899345161754e-01 2.432511590760082221e-01
2.346098215694422962e+01 9.822041450480883951e-01 2.076289676083723224e-01
2.113561323320561769e+01 8.908937193300680013e-01 3.752593683250478596e-01
2.368413989966724387e+01 7.166305137186144147e-01 3.747818729599128318e-01
2.212637059062994993e+01 8.128153766345689313e-01 3.554522771595258201e-01
2.174168552287555656e+01 9.058834580775383394e-01 3.474867684063507878e-01
2.133619304192792754e+01 9.447554778032680733e-01 2.706859427845401123e-01
2.426153909671850784e+01 7.828062206622218300e-01 3.026674441762381984e-01
1.966911242806715165e+01 9.227618882809388579e-01 3.037394100555821375e-01
2.339704556880850106e+01 8.720658596906044613e-01 3.181713423799061857e-01
2.699470557765541656e+01 6.294111889040122643e-01 2.321071673590613393e-01
3.077245062378330331e+01 4.031011391616694528e-01 2.657456315974819350e-01
2.549752758545884745e+01 6.864531819420978120e-01 2.796103547633716491e-01
2.512386466550588437e+01 9.508903577598837309e-01 2.921790922646217425e-01
2.446684117972279182e+01 8.267971015263089196e-01 2.454216562300384485e-01
2.751982047941940834e+01 6.383748611665777117e-01 2.624661791526053389e-01
2.498671655733753028e+01 6.991150151901708298e-01 3.088265668540484121e-01
2.647413794903257056e+01 6.178666059256714416e-01 3.138772220915214684e-01
2.238147949650208801e+01 8.855635228857173802e-01 2.474129511909697043e-01
2.775387188289315077e+01 5.873827254383546803e-01 2.405318403027519591e-01
2.698925741395386169e+01 6.129503361221835256e-01 2.999659570993401525e-01
2.470779848975258020e+01 7.488712166721755992e-01 3.214016848138808724e-01
2.127846811803225791e+01 9.714102027466838818e-01 3.350111583571052654e-01
2.607644577769485750e+01 7.160946330107361701e-01 3.328337521303613156e-01
2.628315989688303134e+01 6.723504022227603238e-01 3.279483604533716123e-01
2.514314759629480278e+01 7.220973396268977051e-01 3.181590823807657897e-01
2.484060328640976323e+01 7.009104753251461650e-01 3.379922984664435193e-01
2.219071160390028297e+01 9.836056626183017348e-01 2.354200426239318189e-01
2.000293822665014787e+01 9.882744272185514101e-01 3.724725645528529361e-01
2.376228799888687959e+01 9.215058182862054803e-01 2.506529186235946227e-01
2.612550659945262410e+01 6.676477837158262263e-01 2.902674014222356713e-01
2.362273878812445105e+01 9.288525896379071778e-01 2.174115370063606223e-01
2.164264803840027795e+01 9.650090335266641173e-01 3.381692369263311626e-01
2.339497582059578917e+01 7.372289544934920169e-01 3.414152486373607798e-01
2.576686436001589087e+01 6.908413717101871132e-01 2.727932964250059933e-01
2.419867931248869652e+01 7.631959558465162274e-01 2.853140627796167950e-01
2.028617522217172109e+01 9.955140323479800823e-01 3.320127545918702960e-01
3.252467829597757998e+01 4.104025608660896163e-01 2.881229542695970536e-01
3.099504265133879244e+01 4.842253261335597303e-01 2.045995153730707505e-01
2.578205442968433658e+01 7.148043434284140352e-01 2.546212862284414347e-01
2.233721923381940755e+01 8.358682062428388626e-01 3.363672522663653242e-01
2.585123047326277756e+01 7.041706634435028755e-01 2.930473955141462139e-01
3.338881301288275694e+01 3.427775758667592765e-01 2.548892022960269621e-01
2.519992121500882831e+01 7.082539850831454098e-01 2.777654691183194524e-01
2.625265788521847909e+01 6.311957030057173679e-01 2.923282867039009303e-01
2.769620122060625178e+01 5.966831629155791017e-01 2.885148752255058957e-01
2.847093117666496909e+01 6.562798265601893499e-01 2.079109276655970173e-01
2.387944701011576498e+01 8.690181310782887358e-01 2.431714314473313598e-01
2.458254054665386334e+01 7.342961887409205080e-01 2.933613991304424018e-01
2.572284211603882298e+01 6.432501684931798414e-01 3.294928686984366917e-01
2.293114853211628201e+01 8.940086707851269132e-01 3.011534266144777483e-01
2.518590756334339886e+01 8.649544511338418395e-01 1.591156412520758345e-01
2.808110495201938406e+01 6.215966775604656602e-01 2.559748026657407416e-01
2.240748799796704915e+01 8.875873604168702524e-01 3.119879310502037817e-01
2.715622602406301311e+01 6.517694199074668404e-01 2.577046960650820617e-01
2.631455040621834485e+01 7.550531724843719816e-01 2.253211158058014696e-01
2.739141417104729115e+01 5.713916476801649269e-01 3.177592701364096439e-01
3.152516901474730560e+01 3.652771947843858613e-01 1.987381060851485526e-01
2.277430986665261514e+01 8.863920079102807215e-01 2.984549997564289736e-01
2.980527319135561370e+01 5.664345782614995661e-01 2.764146302967959157e-01
2.875099548029128371e+01 6.109215702087292810e-01 2.168515638366850795e-01
2.259355537822586513e+01 8.324921108939588033e-01 2.618094366880613366e-01
2.433779227792751954e+01 8.013329250940763870e-01 2.681790970615939851e-01
2.300397303288506379e+01 9.747198504859462265e-01 2.646203770345544881e-01
2.529372262659770598e+01 6.473507369868893857e-01 3.042391732243470703e-01
2.943602683453519120e+01 4.653793280221122375e-01 3.417771338602257902e-01
2.640296866359762262e+01 5.576883776713943419e-01 3.048451066905787377e-01
2.873129092505146431e+01 5.298300411253826780e-01 3.136912177812634095e-01
2.383601546803911830e+01 7.415493077998983606e-01 3.195387107358026446e-01
2.309036249025961496e+01 9.127193342383148611e-01 2.893339483606566787e-01
3.033575389274065870e+01 5.273640379796837863e-01 2.660838770890629479e-01
2.972011327836481343e+01 7.019790288782774557e-01 1.698152324055271223e-01
2.381820419148401413e+01 8.604582030371394907e-01 2.525257679267994826e-01
2.791579166673576751e+01 5.373412674467150651e-01 3.219994318374537756e-01
2.310813913783572815e+01 8.120033121957513922e-01 3.550953101829221747e-01
2.996348502228343591e+01 5.063664541256652774e-01 2.559713522431348309e-01
2.291059271410716391e+01 8.324796162427754442e-01 3.173996592216920543e-01
2.268099115209323102e+01 8.685809803096642412e-01 2.642310184167558362e-01
2.282930290701601805e+01 7.095559772328513537e-01 3.405493130393420498e-01
2.331921472624052782e+01 8.972847104339791713e-01 2.382542108270339354e-01
2.215384079337961865e+01 9.856647063044184920e-01 3.359695133905384323e-01
2.845067759881902703e+01 5.976943965557713900e-01 2.839774651003543759e-01
2.678510088515177756e+01 6.112283212888057760e-01 3.182886827878154690e-01
2.599488090687613351e+01 6.847014468424219569e-01 2.588139218979406131e-01
2.258487326023481856e+01 7.690687454883418095e-01 3.661992461898392337e-01
2.396811640980223501e+01 8.124107438164163142e-01 2.426981666904697854e-01
2.897913033480436695e+01 5.056565892320700195e-01 3.296360350052529586e-01
2.388072050614351838e+01 8.099437688791990553e-01 2.952976053502317511e-01
2.495498960076413653e+01 8.687475431229277900e-01 1.550482371141123639e-01
2.458339646477104878e+01 7.833353159309264235e-01 2.638076533244635424e-01
2.379227903097655883e+01 8.806836721318540562e-01 2.807241711847057175e-01
2.332498578333288108e+01 8.722642383006254940e-01 2.571513779735559724e-01
2.209226512491893857e+01 9.610741168804149970e-01 2.955843518939793024e-01
2.562977635474478788e+01 6.638028539822162788e-01 3.075772720690926887e-01
2.245482991007935070e+01 9.989480820621472468e-01 1.739881384516731300e-01
2.220234220491026633e+01 9.151146674335268738e-01 3.142430645078380658e-01
2.686738050963527158e+01 5.587087694822197026e-01 3.282704789936317646e-01
2.802339252334312647e+01 5.312878306468509226e-01 3.364557991775913304e-01
2.638741851882863543e+01 6.800041251701831602e-01 2.407784926335896636e-01
2.680041118974591186e+01 5.841348156098076227e-01 3.366506607722044575e-01
2.318493723029150289e+01 8.970523687456688489e-01 2.897658847016543748e-01
2.753867845013064297e+01 5.254145699503955935e-01 3.260621843516166574e-01
2.798386177552233178e+01 5.551867720461732825e-01 1.862220047419291535e-01
2.444270123853499754e+01 7.851671387047965966e-01 2.586828335796337863e-01
2.440300166360001555e+01 9.109258405319732299e-01 2.460487079845102565e-01
2.378820696642386423e+01 8.612242793131855700e-01 2.182448084099540553e-01
2.293659170639341127e+01 8.632813267170219573e-01 2.737118789912081351e-01
2.680646330344684714e+01 6.834735353203819086e-01 2.723981217933004739e-01
2.649304967298928659e+01 8.123062879799640701e-01 1.630381472597078329e-01
2.957967434761325620e+01 5.114456028111676877e-01 2.845336834644439650e-01
2.812780152156056346e+01 7.271095672345045946e-01 1.705518474445220922e-01
2.179338248938037736e+01 9.477326581597608213e-01 3.154024650053475209e-01
2.317406151566137495e+01 8.574019286844203336e-01 2.593604756961718771e-01
2.483748811919649668e+01 6.683389555432260876e-01 3.579098303268989922e-01
2.907545444082222730e+01 5.503440828469137180e-01 3.052154646825867568e-01
2.534814018936981839e+01 8.795850271960122813e-01 2.069174802488445986e-01
2.556617172684289585e+01 7.143083862673625939e-01 3.057933100380307301e-01
2.549923141780691438e+01 8.179678627759512377e-01 1.692337304334290138e-01
2.457621344522408791e+01 7.235664733608665466e-01 1.990156543167202474e-01
2.153512800915742886e+01 9.324146167096770688e-01 3.639362409615513050e-01
2.220602578599303456e+01 9.524808186885762584e-01 3.075272939907196523e-01
2.762718194834355501e+01 6.121810041920738854e-01 2.817777308969522387e-01
2.496280815032513090e+01 8.454045670340721852e-01 2.590584580970787254e-01
2.624541569439642075e+01 8.297429597677716817e-01 2.174356514385833161e-01
2.572745055131287728e+01 6.152224888960478033e-01 3.415306176964404417e-01
2.599895661255237300e+01 7.326918896756928756e-01 2.051563179144507421e-01
2.492635961530724131e+01 7.318705097213068500e-01 2.654557945046691625e-01
2.403010534430066514e+01 8.529851922327554847e-01 1.913189221288956465e-01
2.734148048075924109e+01 5.663993973002782178e-01 2.831783754132848330e-01
2.662279037755638100e+01 6.378731438938887166e-01 3.490779427056769357e-01
2.304193103396907105e+01 9.378335836369070533e-01 2.555304990591200087e-01
2.346081070830221194e+01 7.317785146253990014e-01 3.228434886355268651e-01
2.282376147283613577e+01 9.531861400073755597e-01 2.461458804399215272e-01
2.473937376053690329e+01 8.719880628815033230e-01 1.705567459917639583e-01
2.709196728863053139e+01 6.797629819398267603e-01 2.844645410144024944e-01
2.829574159152846846e+01 6.523049190086683824e-01 2.142308370506615378e-01
2.804963660442443540e+01 5.098893016294389069e-01 3.537633417375609102e-01
2.113299004817012872e+01 9.973703333308763241e-01 2.414603802794474396e-01
2.396225709407832838e+01 7.834918852353889296e-01 2.304740474678326767e-01
2.697894177056069509e+01 5.951457978785116287e-01 3.084882777975674339e-01
2.453259747100849353e+01 9.093242515737895992e-01 2.350964734840299275e-01
2.572522931761887222e+01 6.821966440689721800e-01 3.017528655467353049e-01
2.745749397100899003e+01 6.502111644704714477e-01 3.065303721184006736e-01
2.589475305705542851e+01 7.621944752559367542e-01 2.317307095219004187e-01
2.798213447405779419e+01 5.183252663927894188e-01 3.324793730194942065e-01
2.346547812822121415e+01 9.937669981991609225e-01 2.195029756382433916e-01
2.626184265926043082e+01 6.340837188619453668e-01 2.811227748562378781e-01
2.137334865944676920e+01 8.678096191558761774e-01 3.230455367001215383e-01
2.403635923132961949e+01 7.959005990664055341e-01 3.066210879615814955e-01
2.547063484135530587e+01 8.115711674454589852e-01 2.160503191423296110e-01
2.497346388465719969e+01 8.733281583335208431e-01 1.888603476342954612e-01
2.433462524577029384e+01 8.893095714889759362e-01 2.276389682020337479e-01
2.446843419674130971e+01 6.631434026260667469e-01 3.829892543253994308e-01
2.676063278685807845e+01 5.634611309056530848e-01 3.555348403032403404e-01
2.367734131726019697e+01 9.695597032210985233e-01 1.499482246220683601e-01
2.967491119402191657e+01 4.744365790089131174e-01 3.023936476934994122e-01
2.368834788983854978e+01 7.831471821806902378e-01 3.342326256043615662e-01
2.452776790806790075e+01 6.566079533986868277e-01 1.918452578536386233e-01
2.920617465405024049e+01 5.296838758068586062e-01 2.614431953002800957e-01
2.687509873748293288e+01 5.393749737364268437e-01 3.548888172579943712e-01
2.625187784372309707e+01 6.150962815155761598e-01 3.174637648543221502e-01
2.237764601475178594e+01 9.781906487520449778e-01 2.576050053548636365e-01
2.703751113301058240e+01 7.003249284665551411e-01 2.297951802258393350e-01
2.172557413572887342e+01 9.887888858875897302e-01 2.892293187805364818e-01
2.543167678419933964e+01 6.458994058496410062e-01 2.894118704229483030e-01
2.770281386267040702e+01 6.090872374236571130e-01 3.309779874263834576e-01
2.451996686023588268e+01 7.315556824755902188e-01 2.864192235363752781e-01
2.526744654094125764e+01 7.206940625145031865e-01 2.462146670585458053e-01
2.523210512955019169e+01 8.664508540649847879e-01 1.658992081844212485e-01
2.883868403803618818e+01 5.697574479846871931e-01 2.499785871382551872e-01
2.327752123181575783e+01 7.792584535915182409e-01 3.413575904053459675e-01
2.516253202536308464e+01 6.833513015378398503e-01 3.103973353605073426e-01
2.397673034304888873e+01 9.069926681057495221e-01 1.850951394204370937e-01
2.380999152432220001e+01 7.650462524185115409e-01 3.203533988512115571e-01
2.077667710800788825e+01 9.378894887115372114e-01 3.740620518742546197e-01
2.662424976636714646e+01 5.765011515623418292e-01 3.337657220171146299e-01
2.280911647312938939e+01 9.819904648306041484e-01 2.694026230191538529e-01
2.283079480415435825e+01 8.467647578285604215e-01 2.982377764834708844e-01
2.357603794526104934e+01 8.292387179440928735e-01 2.461242277909589660e-01
2.225969317850602280e+01 9.310775159256987621e-01 2.517189026834176779e-01
2.654765306505552047e+01 6.071878272453823389e-01 2.855618669563150802e-01
2.360788986474182849e+01 8.816493729852828976e-01 2.300735509772897369e-01
2.702335814918639301e+01 6.992537664058559033e-01 2.289588456461581767e-01
2.208771346813688297e+01 9.585592197584308360e-01 3.044589375895851990e-01
2.102397611948696010e+01 9.523908789588718671e-01 3.680089977340516016e-01
2.911402594069174654e+01 5.229339554234215814e-01 2.900076569806089855e-01
2.614418735289089923e+01 7.859581170734425415e-01 1.690134147070611881e-01
2.372704227853545333e+01 8.422718970180048670e-01 3.752694853098457739e-01
2.321355761396198858e+01 7.738254276140134058e-01 3.503682765679586586e-01
2.736204908399034963e+01 6.901874816355558773e-01 2.289163930232437361e-01
2.269189951870412969e+01 9.676253651618882401e-01 3.094031310102796084e-01
2.737880603603406726e+01 6.927797435912254054e-01 2.232820406427220017e-01
2.618762329652902920e+01 7.444534355388002789e-01 2.275034997536320713e-01
2.506006995644844082e+01 7.114184151244740129e-01 2.752075942046830481e-01
2.540893700436458502e+01 8.230987557819624545e-01 2.067405033797332092e-01
2.666870619890473293e+01 7.587958473268419102e-01 1.977609405614439986e-01
2.237794651820708580e+01 8.993459944927344463e-01 3.220266939421527197e-01
2.703713214569937762e+01 6.674294256328592301e-01 2.573022135241391228e-01
2.067769569021848497e+01 7.740294866159667109e-01 3.093852845125073525e-01
2.662503839886916168e+01 5.938310701796812863e-01 3.065831310311592506e-01
2.983053655480338762e+01 5.254980230710388778e-01 3.300265966533196260e-01
2.753926961842882548e+01 6.667783500880519743e-01 1.891521798587821879e-01
2.441377357560001116e+01 7.554868850728286844e-01 2.969278095266355000e-01
2.473856035965828326e+01 9.584465373128571164e-01 1.622086204956220135e-01
2.528837354969720508e+01 9.446235812517727037e-01 1.315861081686948708e-01
2.597458205565386891e+01 6.610197144803414693e-01 3.147000228760945539e-01
2.924062133952087450e+01 6.466066361135519580e-01 2.008807340801764540e-01
2.278348173675138355e+01 7.754323049124013378e-01 3.753812308719250423e-01
2.199314090754749529e+01 9.610186728004154189e-01 2.891395394687712450e-01
2.209113240598908945e+01 8.285312406158537035e-01 3.243519193003007728e-01
2.240187117515989002e+01 9.686899501561264669e-01 2.455170164596222337e-01
2.468023439986702172e+01 8.907066667879658395e-01 1.665890286341338011e-01
2.511326939951859671e+01 6.420305725752620818e-01 4.100603264843619145e-01
2.178681347990774597e+01 9.143445057645875895e-01 3.308664304884945118e-01
2.863413001647655420e+01 4.897010808978563556e-01 3.676673549346081149e-01
2.391009230413976994e+01 9.968059891685732143e-01 2.027094908735762313e-01
2.732209602900389811e+01 6.825308106130301145e-01 2.537467896385002253e-01
2.249513668686336487e+01 8.084867397366193309e-01 3.220270131613258147e-01
2.399594442851867271e+01 7.553667766138566497e-01 2.711104935077905953e-01
2.460122738506156281e+01 7.498788083081239231e-01 2.526842576320300071e-01
2.663192892382082633e+01 6.820842152637215383e-01 3.093732767785059012e-01
2.483441317821842276e+01 7.903262578509067104e-01 2.751567539475161528e-01
2.640071611443047317e+01 6.240165795854349939e-01 2.825415791123636611e-01
2.479314922486087269e+01 8.401230047869573392e-01 2.398269857746708755e-01
2.398492910988706583e+01 9.840313409144879619e-01 2.077577524131452580e-01
2.114544287155298008e+01 9.972722114547835082e-01 2.853014942836615830e-01
2.562442559572708234e+01 7.813990400521469981e-01 2.209680509971360951e-01
2.408643658906826701e+01 6.900053728966505373e-01 3.120480133947984291e-01
2.724423824408154360e+01 5.906481831183528763e-01 2.869295825372827902e-01
2.331956515604724345e+01 7.511089725991563215e-01 3.500316065538658927e-01
2.421734938296980388e+01 7.381362098285200180e-01 2.968695648589216862e-01
2.124613725721530244e+01 8.585192893314820273e-01 3.289021324278512126e-01
2.592860698386606089e+01 6.959856246548894454e-01 2.646371243299932563e-01
2.653568760383414471e+01 6.818054568177503993e-01 2.239870629392672896e-01
3.142002584663474707e+01 5.008330962374225592e-01 2.190721809497133687e-01
2.431138750345294852e+01 6.948679454564944402e-01 3.140017097664068446e-01
2.827569630456411787e+01 5.501252799770224300e-01 2.821184934317041426e-01
2.763156267382171549e+01 6.168178662652802346e-01 2.873489961009914051e-01
2.235495712046486005e+01 9.573656593009985949e-01 2.968060226554771752e-01
2.685366602667639668e+01 5.744713456520469386e-01 3.215995014729415846e-01
3.004933521851258860e+01 6.227786307312708214e-01 1.999370905200704707e-01
2.563953730969888412e+01 7.102702278195817120e-01 2.612767199057619560e-01
2.944250422498054220e+01 5.442324805186351533e-01 2.903703431664293455e-01
2.698641628634969791e+01 5.646675245664657394e-01 3.059383090718893472e-01
2.926704972956415318e+01 5.212234558628723313e-01 2.860969239853418666e-01
2.783991601793887938e+01 6.717751775954527993e-01 1.798747598662052138e-01
2.192435438383485646e+01 9.579676178040191781e-01 3.158391353836020321e-01
2.126853726541278888e+01 8.528927569311715029e-01 3.084084688791959850e-01
2.717549631314873082e+01 6.616761607255803312e-01 2.440271339475972856e-01
2.145419736536782551e+01 9.369050406916925589e-01 2.970529313885535427e-01
2.639032307652569997e+01 7.390147012751331346e-01 2.012751281980293128e-01
2.361277873423806994e+01 8.581331653474335575e-01 2.903844990828414740e-01
2.366446360444691877e+01 7.985695303130150302e-01 3.062744117116641407e-01
2.515026131841187151e+01 7.128654815010170287e-01 3.081513156320953573e-01
3.213684335733955066e+01 4.226470858703173517e-01 2.942527421455347070e-01
2.806541905202932341e+01 6.175387030158727697e-01 3.018133239044114569e-01
2.229413189214414714e+01 8.758427714526104690e-01 2.887370871407996531e-01
2.518408071253445613e+01 7.452917680047866922e-01 2.914841524653555282e-01
2.144912073011755638e+01 9.817490187215608399e-01 2.924702855826492587e-01
2.682440045767936354e+01 6.077404591233996900e-01 3.359106955594052812e-01
2.793032262680790723e+01 6.414740255753450526e-01 2.300980162300834131e-01
2.615892680993342623e+01 5.700458114404157728e-01 3.321597572419102140e-01
2.403157715724625376e+01 7.299599322883876251e-01 3.374676679046876293e-01
2.523138166623628109e+01 6.998597854713999311e-01 3.725270079244840105e-01
2.230251416422072808e+01 9.064121777142991609e-01 2.939393557358541131e-01
2.663872136701100857e+01 6.280530952449907556e-01 2.772522910217428138e-01
2.855322436367234218e+01 5.421347888348313493e-01 2.996136284837143671e-01
2.811197377978192691e+01 7.146674336410667738e-01 1.886174234715342901e-01
2.511229083630464132e+01 9.233056069368734686e-01 2.007128096672510797e-01
2.736626320097989051e+01 6.544118310414884787e-01 2.779689866062036163e-01
2.753434832245066488e+01 5.669205343550479670e-01 3.607979796085819535e-01
2.648336149285322350e+01 6.038637908079957928e-01 3.237488932970665756e-01
2.150795495149800374e+01 9.634418912715854155e-01 3.000122448016586674e-01
2.331292622415575977e+01 9.617473087084097427e-01 2.597680154603450586e-01
2.614934849386501625e+01 6.323477117638584000e-01 3.264143297632962626e-01
2.405097860539268240e+01 7.052655934869339616e-01 3.430831692671258426e-01
2.122689321057365319e+01 9.725689729787291293e-01 3.033280628378885457e-01
2.768890997242269592e+01 5.597666769100978490e-01 3.142139024522725421e-01
2.910072280662014066e+01 4.878298346462665025e-01 2.884692563930087994e-01
2.072615314418256460e+01 9.720146094009320947e-01 3.159303184526850439e-01
2.447247301252204466e+01 7.457591196828132762e-01 2.646019152678064090e-01
2.548470556888507232e+01 6.145583431526935314e-01 3.108988292440850731e-01
2.611839779144359142e+01 6.630021298205650560e-01 3.094618358549234283e-01
2.552613189667984628e+01 7.098458181930233923e-01 2.563227369816947765e-01
2.396333541511833687e+01 7.487650928297509001e-01 3.015107902868288114e-01
2.710595973146452309e+01 5.690936033478787293e-01 3.202463272737192113e-01
2.726560425851685565e+01 6.280045430030919418e-01 2.723701677172178925e-01
2.706769006156588375e+01 6.637739200047492183e-01 2.586946976691250621e-01
2.579349411803124781e+01 6.571117276184610390e-01 3.622993256004613527e-01
2.187925205866149270e+01 8.953993782417467573e-01 3.065510172917444431e-01
2.403101383167601668e+01 6.323296742435288165e-01 3.322718662636634512e-01
2.192787214369104376e+01 9.008235203894384702e-01 2.660587584158484176e-01
2.887038041327339855e+01 5.701396543472346812e-01 2.455294362838681133e-01
2.425198557421888523e+01 7.395111323765956035e-01 2.962843699916011264e-01
2.608828222526025442e+01 6.124919758253903890e-01 3.393978847719411607e-01
2.925943909739082827e+01 4.938412259514139979e-01 3.305152343356116962e-01
2.858503111422589527e+01 6.291221478283929303e-01 1.054701974767700695e-01
2.415847852686260921e+01 7.539425616339787695e-01 3.349191230296139632e-01
2.462337889235143962e+01 6.937469601852338519e-01 3.021598926869808466e-01
2.239311345512275864e+01 8.913695095757659947e-01 3.223174918402617606e-01
3.108822871069761717e+01 3.910188809246799013e-01 3.209848437457409331e-01
2.276788365967204442e+01 8.341706954359643378e-01 2.840383208949678329e-01
2.266164662907752003e+01 9.291380652678694618e-01 2.703167001107713574e-01
2.332923419579546120e+01 9.096674861309741456e-01 2.335634595384312173e-01
2.483368888519237672e+01 6.859074051044505849e-01 3.245060317152426710e-01
2.341607817749530440e+01 8.876603519971050238e-01 2.721056985837154163e-01
2.739961490796831711e+01 5.857758343124555012e-01 3.206854522024570886e-01
2.593677752726891939e+01 8.219417711107572799e-01 1.903601232984683811e-01
2.559921880280410278e+01 7.065811178145775528e-01 2.741611961846289747e-01
2.928098285432568559e+01 5.556712581335850887e-01 2.713491476027872218e-01
2.859916480054010890e+01 5.637339153777140011e-01 2.668910955956962372e-01
2.714480629125904443e+01 7.874304959374310853e-01 1.659540498964684752e-01
2.543974910480129736e+01 7.948118525959035896e-01 2.307263134926536285e-01
2.287945595955293143e+01 8.921950199864523423e-01 2.622823735905164821e-01
2.665848258119219594e+01 6.425786718274304476e-01 2.160348665767319876e-01
2.424491218973212980e+01 9.000251312095906009e-01 2.735170456970166808e-01
2.954439110217074571e+01 5.227833761457467698e-01 2.727040413724605705e-01
2.278312031871384491e+01 9.511018576685768000e-01 2.878189863438879170e-01
2.617968010826506742e+01 5.430667638432231659e-01 3.439291822756729844e-01
2.319975888316882617e+01 8.978424095266279714e-01 2.627403992714559267e-01
2.269659021190044967e+01 9.157428273803589480e-01 2.608521378978024829e-01
2.389598408347326952e+01 9.036551496716798137e-01 2.093014859811582196e-01
2.764349102358997712e+01 5.154306455974868584e-01 2.345414923294209530e-01
2.300626649735481877e+01 8.166288821161844513e-01 3.118802789954918664e-01
2.363174052117069479e+01 7.455036824645276949e-01 3.502308003386335189e-01
3.094325816003911456e+01 4.650380026677689016e-01 2.755765187089236901e-01
2.720591270015266971e+01 6.211110978491336532e-01 2.952326521114621571e-01
2.501364211035314256e+01 7.946794755897857998e-01 2.752742767194899520e-01
2.390233331572331110e+01 8.042652478734712007e-01 2.995463891517836097e-01
2.404629417604683894e+01 8.237580032192874935e-01 2.379229099431295902e-01
2.467366414353895721e+01 8.358499665361440734e-01 2.259724427528852220e-01
2.868995765681919607e+01 5.904123863187251686e-01 2.903682419849010765e-01
2.411083860870012074e+01 9.742066007861277521e-01 2.321262868640902033e-01
2.926123373614155909e+01 4.968547003371610038e-01 3.151471201650782317e-01
2.698027339481227926e+01 6.562960446809054105e-01 2.747292130243491060e-01
2.625507411252828760e+01 7.414502349932375891e-01 2.962265181697973926e-01
2.890481624755838652e+01 4.763559765290914516e-01 2.847538959495655719e-01
2.075832066422295341e+01 9.842267291224526815e-01 3.357867317580695565e-01
2.649803265045222744e+01 6.908078353683592132e-01 2.499709235337309876e-01
2.409358228699817417e+01 8.196749682129906844e-01 2.454743056921506184e-01
2.848390388162313513e+01 6.031036403854062034e-01 3.121947410335992323e-01
2.656138788873098378e+01 6.612169112290939843e-01 2.747664711812671245e-01
2.537342711649882077e+01 6.984333890522675947e-01 3.068038158551449346e-01
2.568528639164109961e+01 6.690123850606729539e-01 3.124275317912159067e-01
2.217660837804044505e+01 9.431892612647813090e-01 3.021921257442364284e-01
2.341814873526625718e+01 9.106213808269185694e-01 2.968625825664343854e-01
3.040221543511832181e+01 4.592333366281806106e-01 3.340314950675790651e-01
2.615183073461475161e+01 7.489287808670331836e-01 1.960653845775875426e-01
2.543974554130740628e+01 7.252093791074544216e-01 2.644796823938466712e-01
2.552838079476600086e+01 6.734667340235966915e-01 2.914602297621562976e-01
2.374573107996878818e+01 8.406091560252209050e-01 3.151930952126442698e-01
2.842301538900060009e+01 6.720137774948349296e-01 1.815180103673349477e-01
2.281051504853463996e+01 7.345356897803003715e-01 3.416008907246673165e-01
2.715742628595972974e+01 6.915607785097389604e-01 2.279002597236389205e-01
2.832934036507678854e+01 6.114017905168109834e-01 2.576719894010293110e-01
2.532879707526564417e+01 6.911191659730391290e-01 3.759129727894195416e-01
2.233756681506499575e+01 8.411455154487527119e-01 3.811551369690429625e-01
2.324212533677360426e+01 8.085161682705187536e-01 3.507780937963178580e-01
2.188784875363485938e+01 9.683974567955149215e-01 2.276060657989378566e-01
2.925746043415709963e+01 5.442324805186351533e-01 2.985315101413624772e-01
2.153315828591812320e+01 9.336676893786310938e-01 2.689899033551741425e-01
2.311900660931609863e+01 8.013203982658940738e-01 3.902339949013374776e-01
2.562588867724550212e+01 6.703801934819013653e-01 3.178781588344339881e-01
2.851938610916390715e+01 6.301889692066299231e-01 2.747257396814980490e-01
2.507079055891878383e+01 6.423653583414866697e-01 3.810329653703087849e-01
2.881033844669152089e+01 7.575005826699724443e-01 1.504001374637497779e-01
2.328215364532556109e+01 9.943818810454171375e-01 2.390887017399245806e-01
2.611874617376376406e+01 6.586873916751366798e-01 2.878619287785823544e-01
2.671720994324637743e+01 6.074626018218965973e-01 3.213873476972198828e-01
2.623431827231450697e+01 8.177523101030623742e-01 1.939637708631736790e-01
2.674962280993349850e+01 6.176382775335134134e-01 2.893388776777364169e-01
2.560667710713153866e+01 7.236860726584757320e-01 2.857633195871758236e-01
2.507035484518291213e+01 6.786566614010512977e-01 3.613234391669531975e-01
2.254229537083275758e+01 9.048648637489993263e-01 3.393855200826208507e-01
2.502868269353617237e+01 7.431299444027279488e-01 2.873709542085847168e-01
2.446867527647631491e+01 7.446580018583636162e-01 3.423492312590498132e-01
2.345158318450399904e+01 8.505359982291984533e-01 2.247295875225780171e-01
2.582995968548717158e+01 5.769610166959387998e-01 3.375270250439710296e-01
2.778489626028878945e+01 5.502598462605619023e-01 3.018486598102299578e-01
2.405050463435967600e+01 8.126349173642762880e-01 2.614655813218600966e-01
2.297856753974478039e+01 9.554775824013149732e-01 1.841198016981815677e-01
3.116367094888994060e+01 5.300872378518096673e-01 2.205767872937217933e-01
2.931993782686818761e+01 5.917732370842845313e-01 2.292983850282200864e-01
2.355718834823548846e+01 9.766725062358707632e-01 2.042134720047624752e-01
3.022448690611930644e+01 6.281464817445010507e-01 1.791752867575173436e-01
2.848120713089885925e+01 5.415299046515635872e-01 3.514478197830225858e-01
2.474101718467099431e+01 8.720331783438733941e-01 2.197653924090884892e-01
2.171690692357806185e+01 9.348626705246636526e-01 3.724770091894497037e-01
2.423267463548093303e+01 7.394196543609059535e-01 3.305244185510637922e-01
2.176203922076263098e+01 8.559155453403916036e-01 3.344847849632594516e-01
2.571645550372318567e+01 6.612448867211537795e-01 3.092778978159149150e-01
2.236458918962325626e+01 9.349083428111577554e-01 2.815899655767866161e-01
3.726002662470488502e+01 3.439018605835302833e-01 2.606728791052081995e-01
2.483313446128404678e+01 7.486099412602662539e-01 2.576583814721497001e-01
2.308165606368591583e+01 8.377632762380683440e-01 3.414784186723383574e-01
2.705210459829284275e+01 6.584932403216098296e-01 2.608699130690908530e-01
2.151686709602400072e+01 9.429162028148406760e-01 3.173618971569382441e-01
2.697633522721991639e+01 5.530756432613200824e-01 3.619844056298208157e-01
2.249075632209435938e+01 7.977874164740386131e-01 2.917834910578804841e-01
2.376933913453355629e+01 8.694231938139943550e-01 3.052028004597033828e-01
2.740716970957079113e+01 6.118183442893276869e-01 3.051039246114728432e-01
2.501203290847330507e+01 6.186748373037693760e-01 4.150278438839040684e-01
2.366119939790006299e+01 7.157408667147747705e-01 3.251882489065667237e-01
2.348176661007340016e+01 8.636405116825095485e-01 3.226526457959655314e-01
2.893238269809863894e+01 5.436704615743072067e-01 2.795279007895494217e-01
2.867623988283323655e+01 6.856672350338837152e-01 1.721110624458378202e-01
2.890420697681907214e+01 5.746188156328578822e-01 3.528346636953962334e-01
2.673342140564609437e+01 6.732605485419477231e-01 2.525206886448996269e-01
2.123050205653655453e+01 9.342449583450843642e-01 2.793559530251314427e-01
2.453365438594721937e+01 7.733081083165166403e-01 2.578614132689954763e-01
2.511595911519235713e+01 6.685195714356081398e-01 3.308355639561928463e-01
3.264884756917680875e+01 5.589654509508891200e-01 1.265623849522920508e-01
2.551187053164964524e+01 6.255265534186245091e-01 3.360271006202719124e-01
2.882330645461501462e+01 6.645387342494639693e-01 1.909089591095528005e-01
2.776126865128641796e+01 6.613125093432538071e-01 2.195739961926534700e-01
2.331424246209099849e+01 8.923128174445105198e-01 2.698238015278454638e-01
2.454533368210002919e+01 8.720717316321282553e-01 2.175378630295180526e-01
2.523848493995907560e+01 6.608868868551586173e-01 2.910345140147284626e-01
2.144993510222342792e+01 9.838833497723623589e-01 3.364151944474389477e-01
2.235371734730270177e+01 9.784261460291460155e-01 2.455577304263871219e-01
2.744065816776298661e+01 5.407557563691595126e-01 2.652915451514759049e-01
2.436141496816701491e+01 8.443486930380716959e-01 2.278870363321417736e-01
3.187635769708425570e+01 5.092916270442915394e-01 2.169809859738337232e-01
2.504157764770398487e+01 8.108408467683636545e-01 2.909116080347263211e-01
2.255936665481829095e+01 9.506854970560915108e-01 2.214163561752236220e-01
2.536538532836401671e+01 7.068733076615039135e-01 3.114544349304887438e-01
2.074785652425256544e+01 9.760385337526413796e-01 3.331518086096327269e-01
2.402340760103224326e+01 7.385755563441246396e-01 3.235888441559202633e-01
2.362824946665301695e+01 7.892418126318448968e-01 2.381616986755445975e-01
2.240044110457328230e+01 8.967605650297251207e-01 3.093456837684184224e-01
2.798593529194106821e+01 5.464495754812312978e-01 2.789119523311040516e-01
2.506304834111611157e+01 6.587539257163232964e-01 2.873804714938147375e-01
2.285924010037210508e+01 8.268081334500891888e-01 3.166007794126922126e-01
2.307429038893926432e+01 9.115595532264847423e-01 2.740531964644914442e-01
2.947364190445260945e+01 5.044203002163141214e-01 2.312448676216594945e-01
2.781608405838651876e+01 7.023996599791783035e-01 2.070430888999417185e-01
2.562989291790988489e+01 7.694277041476135226e-01 2.695925376174609922e-01
2.615580978113157684e+01 6.834527895287311194e-01 2.792954531984295774e-01
3.067511178145075945e+01 4.879919764586517217e-01 2.363441221400965631e-01
2.345130343972989806e+01 8.179527824834683658e-01 3.120000855007030172e-01
2.089822395307979974e+01 9.727143971193583649e-01 3.500541404522681255e-01
3.112574397539789217e+01 5.609059340308387709e-01 2.084595692708033354e-01
2.847051226115001299e+01 5.310158447720725317e-01 3.120265283978880255e-01
2.177047759233535373e+01 8.633121829027571303e-01 3.799356441645918014e-01
2.399042596493641000e+01 7.924682631734424332e-01 2.778986042757450869e-01
2.263532285197945626e+01 8.402846381365924877e-01 2.942616939834826195e-01
2.107318577500542389e+01 9.206968866505573779e-01 3.137950952547730044e-01
2.261131156573548751e+01 9.018183024528833025e-01 3.223689109704905853e-01
2.594916403565607155e+01 6.587441005687608708e-01 3.309641929145651362e-01
2.272809329952453439e+01 8.931627647402624604e-01 2.213597656918543377e-01
2.732669094280727506e+01 6.344532568542992079e-01 2.663395040724280127e-01
2.682288412471904948e+01 6.982079812316124290e-01 2.738651924790547199e-01
2.314826575686905841e+01 8.112714795685667113e-01 2.722939136199750698e-01
2.476432066768838780e+01 8.093557002814808499e-01 2.742431308550334346e-01
2.403588636316259297e+01 7.701056345243685319e-01 3.124928364810453107e-01
2.347484327517967628e+01 9.979826699506124665e-01 2.155477568765184482e-01
2.708868078038488036e+01 6.859248000242798016e-01 2.755116786413190910e-01
2.479314114435246452e+01 7.791031989442058769e-01 3.092520862618550748e-01
2.443632703853471710e+01 6.452676407635475897e-01 3.386853831120187341e-01
2.830521087145406156e+01 7.158533470137624644e-01 1.836033281390333782e-01
2.934310064005671848e+01 5.239989685815079623e-01 2.386087535556776773e-01
2.212515858942647995e+01 9.407354668365834893e-01 3.008091959212840227e-01
2.133947691838881511e+01 9.734610472953190152e-01 2.976284861428781237e-01
2.315006900758002928e+01 7.559993986742213901e-01 3.862560601875975608e-01
2.268175785689771473e+01 8.468612258162250273e-01 2.839769970594612225e-01
2.379026078673902589e+01 7.673465157224459432e-01 3.308655374923630821e-01
2.429006648972247717e+01 8.605654731416358949e-01 2.269268247727858623e-01
2.209758444942360711e+01 9.225706681060770187e-01 3.604546837024294459e-01
2.374508430643195567e+01 8.874145059776954447e-01 2.476244974492100293e-01
2.303217699380138583e+01 7.204537390486034365e-01 3.631238037961831977e-01
2.477442094583842191e+01 8.413900425081808354e-01 2.336665103684869016e-01
2.130500365588844147e+01 9.093144800071730760e-01 3.404526529226856169e-01
2.214914193130349673e+01 8.369797527810050042e-01 3.234125508651498060e-01
3.454653336219377735e+01 3.385704723213410761e-01 2.430596015126120502e-01
2.740910662509843831e+01 6.079965970876606285e-01 3.131158249662024384e-01
2.405221026745088864e+01 9.434942678121099879e-01 1.596088108957743334e-01
2.534312634315637425e+01 7.979495939627783141e-01 2.319523471772052259e-01
2.271360072613853021e+01 8.140792899051615406e-01 2.959829326442448560e-01
2.221992803197049682e+01 8.802694478623687147e-01 3.438792461015330315e-01
2.315767968868058446e+01 7.914408689062190083e-01 3.482391192140383285e-01
2.254992367383943730e+01 8.349117530095342410e-01 3.349158622230458682e-01
2.575782654840920216e+01 7.460415621411070619e-01 2.192907881323369612e-01
2.281791852555955558e+01 7.797474592356031797e-01 3.771848668964504769e-01
2.515243380617718216e+01 6.864252262313305097e-01 3.381524196855784647e-01
3.217786880527755500e+01 5.913007338760811749e-01 1.328210187778917362e-01
2.552369949906417901e+01 7.259610090104280378e-01 2.917729104889429381e-01
2.187948056221468462e+01 9.725689729787291293e-01 2.644544064716736198e-01
2.349670870958137670e+01 6.949170673217985872e-01 3.548229155928396272e-01
2.505702384937485050e+01 7.720828929868217561e-01 2.198651678660471231e-01
2.543948673707059527e+01 7.277008015527911544e-01 3.063558662314689873e-01
2.246944751312833688e+01 8.386419266990043919e-01 2.929125966982770168e-01
2.233414159037538127e+01 8.892794453027570434e-01 3.036659702184184018e-01
2.699285191462448097e+01 6.622385940968378293e-01 2.655313736128441238e-01
2.638627596656429120e+01 6.872012735284064311e-01 2.377995159868051822e-01
2.967908909087817548e+01 5.150980250122841886e-01 2.741512531300938638e-01
2.406671945591531525e+01 9.449449885844940500e-01 1.923997534497917106e-01
2.292351989551456626e+01 9.162831641402704452e-01 2.738175870611224694e-01
2.364796044840463907e+01 7.619410065820595435e-01 3.510328203197826125e-01
2.827720277863673104e+01 5.635574302048640405e-01 2.559370935932704927e-01
2.379700344420461633e+01 7.476248531636915384e-01 3.146235221660740877e-01
2.870159647978838535e+01 4.797796664149807655e-01 3.479134831565112718e-01
2.947446044207132587e+01 5.139886791771659524e-01 3.247127918892737108e-01
2.216401916620479184e+01 9.445277923581752999e-01 2.949164637833415759e-01
2.235002280751973913e+01 8.969735821347386562e-01 3.725618426395209126e-01
2.220437384246856283e+01 8.736915446661670526e-01 3.099589838780719142e-01
2.433157274944174731e+01 8.150560611104160635e-01 2.545672438947295113e-01
2.732388941936414284e+01 6.733951551407560965e-01 1.831893959962846430e-01
2.819653638288249553e+01 5.633153170599295434e-01 2.762864628972212522e-01
2.276406197424770994e+01 8.733645581166002980e-01 2.896104785336247045e-01
2.663201117160763687e+01 6.258964057862361763e-01 2.950510897921333475e-01
2.400352028339705868e+01 7.060278233832271155e-01 3.846946058509907451e-01
2.440780294737197309e+01 7.012104064653481572e-01 3.536083496402318560e-01
2.278470857211699396e+01 9.597203966894259919e-01 2.444945924977731111e-01
2.888251259211227406e+01 5.568118955184176988e-01 2.951114053471226017e-01
2.578919383929277487e+01 7.517299429102054509e-01 1.979043822184591295e-01
2.398335059460534424e+01 9.014053012593020719e-01 2.261891606088385354e-01
2.183128390807230801e+01 8.821210952319032961e-01 3.864061413394397904e-01
2.475181352719828354e+01 7.773733550586984231e-01 2.852927660912426555e-01
2.605039975020646992e+01 7.068974685795089696e-01 2.406868749530252372e-01
2.416752134178917544e+01 8.738786755894701885e-01 2.347304323543936699e-01
3.315531421379866828e+01 3.709017551276618252e-01 2.273753324004227083e-01
2.134296670162235543e+01 8.769669359538802000e-01 3.303718218815636654e-01
2.591448420484995907e+01 6.510246248006251735e-01 2.605660426279516884e-01
2.755797430523527680e+01 6.235269843239218401e-01 2.571199988836725958e-01
2.675255016334063285e+01 5.318501392539592976e-01 2.247986906943530983e-01
2.489051159257178369e+01 7.003559716997818096e-01 2.984398084076410052e-01
2.041610546308850616e+01 9.519935273815072208e-01 3.577543421774888599e-01
2.901833103595247465e+01 4.824448358980285567e-01 3.509013678374889866e-01
2.118140169353897662e+01 9.606235575818050654e-01 2.958613941975622441e-01
2.407665792299829022e+01 9.234326938245761562e-01 1.572635594787682167e-01
2.970096141042864701e+01 5.140194543277284422e-01 2.796592043400243921e-01
2.879888837767075316e+01 5.536678696558008372e-01 2.621126507520600279e-01
2.878975650604306935e+01 6.386120250729719894e-01 2.297871167074399812e-01
2.529932617631588343e+01 6.667888471377781956e-01 2.910558617306593376e-01
2.662700600728332745e+01 5.979464218487549054e-01 2.252410451557729787e-01
2.918285547566579652e+01 5.456071987222262942e-01 2.310357526796040784e-01
2.351011006793607194e+01 8.152635355997859268e-01 3.058208605666441482e-01
2.456533146772651222e+01 7.613508366884353951e-01 2.637742147944967530e-01
2.486927568130709432e+01 8.313758856516432205e-01 1.664779415977124533e-01
2.641641100251721497e+01 6.252518179935971920e-01 3.588230472796478665e-01
2.629683297713371815e+01 6.382909655755633072e-01 3.072735160562672929e-01
2.868483192167290952e+01 6.183959923945500092e-01 2.508583836814479162e-01
2.175594856888330852e+01 8.285506271938928302e-01 3.820920758056390309e-01
2.868834018534766273e+01 5.249997321883277390e-01 2.622877797387817567e-01
2.403666216015880863e+01 7.672931076574879272e-01 3.140752304554595975e-01
2.391776205826288049e+01 9.509424605928432639e-01 1.962283148675434130e-01
3.145357785200124923e+01 3.991924853081215696e-01 2.694302529343324260e-01
2.533932311178831753e+01 8.844232139908362322e-01 1.706480088638997195e-01
2.902150415176517839e+01 4.817248231330371611e-01 3.209724524086357555e-01
2.459662352423173459e+01 7.312891749405816544e-01 3.203595569852850100e-01
2.868557083318253831e+01 5.319149276452390662e-01 3.034768335887161883e-01
2.334540964976847022e+01 9.302333993523956845e-01 2.646630005674791564e-01
2.413707277893030678e+01 7.738288005315765439e-01 3.187161319111462277e-01
2.689231681113275130e+01 5.662548629606143358e-01 3.264212159394280222e-01
2.315680106165731189e+01 8.627143987511124434e-01 3.557148971049916009e-01
2.241912538815206801e+01 8.162785227743365457e-01 3.076753687065397758e-01
2.278011196909191582e+01 8.779596319738333099e-01 3.370028587827030297e-01
2.201351909827304709e+01 7.963247392989591944e-01 3.646894785094340063e-01
2.760683898591806340e+01 6.551159084833328983e-01 2.421187425335656895e-01
2.718646011662812967e+01 6.124857053028652798e-01 3.248479450390549528e-01
2.244117171750367845e+01 7.967150614973717015e-01 3.131014709625063452e-01
3.336913259239490515e+01 3.709017551276618252e-01 2.195107167177637320e-01
2.539317224625571257e+01 9.056735836301464948e-01 1.494103651832964785e-01
2.559861811554915789e+01 7.215324858330636193e-01 2.706525588232618351e-01
2.781926430737176048e+01 5.791367759720115194e-01 2.871158291655052652e-01
2.736388078532188217e+01 6.457463924482645945e-01 2.420943685864308248e-01
2.331168960840218674e+01 9.055716751740056081e-01 2.763960847809293075e-01
2.596283792211267993e+01 6.149154311889326596e-01 3.238870397000154222e-01
2.385685912694243171e+01 8.997503550718199961e-01 1.988922635345274081e-01
2.583308743185788003e+01 6.788382978454911010e-01 3.575358081485255357e-01
2.500805760976231085e+01 7.105724989829915739e-01 2.603330215021547600e-01
2.338438758969215669e+01 7.957707971359734289e-01 3.572180963653579511e-01
2.096802406258131768e+01 9.982129555144243493e-01 3.033029839599116761e-01
2.752522018155135441e+01 7.547676618253078562e-01 1.809944947380726088e-01
2.773307224997066101e+01 7.502314147850659420e-01 1.630763800330691238e-01
2.862400627968284539e+01 5.269907094251583546e-01 3.027518901379033234e-01
2.479924121635262324e+01 7.584091528264075288e-01 2.087403174064037803e-01
2.337762599040767242e+01 8.552058229034124048e-01 2.754518512922090046e-01
2.794571726992725402e+01 4.733894482079444299e-01 3.076611062973403921e-01
2.547141731543190346e+01 7.904894657183986206e-01 2.541087148614243896e-01
2.136316405766891435e+01 9.408170165132574425e-01 2.863903348010314320e-01
2.538101217132859588e+01 7.042965229897404367e-01 3.045981016403644381e-01
2.340684652501589014e+01 9.677971161072207451e-01 1.836405489978707450e-01
2.746418976259350586e+01 6.636050723075735958e-01 2.424450380454637732e-01
2.230641947710075002e+01 8.885032106165059451e-01 3.342354573263443540e-01
2.270973618848733011e+01 8.824433051876215961e-01 2.830151935461868162e-01
2.154448426175175513e+01 9.386631759352830340e-01 3.171265378926025336e-01
2.523872630820275020e+01 7.402454878185505960e-01 2.516942792680600949e-01
2.432002113215556349e+01 7.891127353892583018e-01 2.856938620874662771e-01
3.090794464868252689e+01 5.247038729886523978e-01 2.730096436885906530e-01
2.958998268171611201e+01 4.957449599733389500e-01 2.147391976378814904e-01
3.564624332511322535e+01 2.809346529143673665e-01 2.048176793969660736e-01
2.236248373446240478e+01 9.608042193731488601e-01 3.071784666551516385e-01
2.180807464571170939e+01 8.668558551084573072e-01 3.539354618058731528e-01
2.443836186292816137e+01 7.030305230289733975e-01 3.623388048228536329e-01
2.631614650617361306e+01 6.020310495524011651e-01 3.269724013753257941e-01
2.873935914747407239e+01 7.106990413399839612e-01 2.111590779142671903e-01
3.156848857680636655e+01 4.786396350133713118e-01 3.388089095201168299e-01
2.475961063459990186e+01 7.800390170995092909e-01 2.256330163745554340e-01
2.733442713870129381e+01 7.092047288558096518e-01 2.167402903105836720e-01
2.961477037478925212e+01 5.517400528180590458e-01 2.483419867843685291e-01
2.261813585957445838e+01 9.833546943666608975e-01 2.895485694626939721e-01
2.097716242634874106e+01 9.660074731409187265e-01 3.104603352185283383e-01
2.259190868838553357e+01 8.853520836377291037e-01 3.076567070140368010e-01
2.703294068717025667e+01 6.138421531551057075e-01 2.990782082953741261e-01
2.611841554057302517e+01 6.357097140593448437e-01 3.175328891290993272e-01
2.848092902425672435e+01 7.360932492770009272e-01 1.931692868107128536e-01
2.454002190172680287e+01 7.480826374775801924e-01 3.163021980570969727e-01
2.487133508082149902e+01 7.735567832283009038e-01 1.840808607645553763e-01
3.115493460785937430e+01 4.562506605309314955e-01 2.728820485550548236e-01
2.840773766154799418e+01 5.483945703735019217e-01 2.625976708984986141e-01
2.383251753747865109e+01 8.807011903954932164e-01 1.916853688868483951e-01
2.039985539193068576e+01 9.745190636585593369e-01 3.688170980682257127e-01
2.596193690722425629e+01 7.337813853136960773e-01 2.580521096047511675e-01
2.430730583294579361e+01 8.511476400708520851e-01 2.481602314633333528e-01
2.907535735658873222e+01 6.171315743791955244e-01 2.691311386249891080e-01
2.867662695550521335e+01 5.439047962796957902e-01 2.801690567785931618e-01
2.423310576866179389e+01 7.045147865026397671e-01 3.068319568306758782e-01
2.245968933270087931e+01 8.470946337403886250e-01 3.059039682672897165e-01
3.018253383904982456e+01 5.828559735523920482e-01 1.847209468147407718e-01
2.399560801078463257e+01 7.536240088416422678e-01 3.278531358659183548e-01
2.247543048437028190e+01 9.929421323310889669e-01 2.466400694071521627e-01
2.583811394674386364e+01 6.072122694522854580e-01 2.842401534150528764e-01
2.691539290920385241e+01 6.092423023909853130e-01 3.092681283429580819e-01
2.299597158707767264e+01 8.476626231164049452e-01 3.359991223312801534e-01
2.268570829031603253e+01 8.641997442295331622e-01 3.182755408834878619e-01
2.397897307164870284e+01 7.102362993419530923e-01 2.908801485842417156e-01
2.048434613550220362e+01 9.033854762458635168e-01 2.913707562475363333e-01
3.074608052563172578e+01 5.197878211815640803e-01 2.255305632821835715e-01
2.566056277310073952e+01 7.674106809640026672e-01 2.400490532141185962e-01
2.722531061340578162e+01 6.485285960714494147e-01 2.662631507740832459e-01
2.193955242121741378e+01 9.850220842316460557e-01 2.743378804837379725e-01
2.455385100604559057e+01 7.261830972101245285e-01 3.086228070836203319e-01
2.736458883561846278e+01 6.237222572101253082e-01 2.711619021459469869e-01
2.195040231115749663e+01 8.935675572769453678e-01 3.179178573286501885e-01
2.931181464587806573e+01 5.295254590834165276e-01 2.743024680085029421e-01
2.630049801734605808e+01 7.808494892909411123e-01 2.276459268252506996e-01
2.788288524032206084e+01 4.104309475638372451e-01 1.919476142990171053e-01
2.518915522380690319e+01 6.631581377087261142e-01 3.406424900466321071e-01
2.574952280866893517e+01 7.436186872004570958e-01 2.422117455920541063e-01
2.218760183831462385e+01 8.997503381829130564e-01 2.994313796028071351e-01
3.033944700134724926e+01 4.638207122855625975e-01 2.452291198962498475e-01
2.452978587317590708e+01 7.343278932423701333e-01 2.831864567252006526e-01
2.496516210337761166e+01 7.425634405508002578e-01 2.443110504717673215e-01
2.241576730594107048e+01 9.716105997373618575e-01 2.331659444158208083e-01
2.766811441699787721e+01 5.400008788116054115e-01 3.405548770012364890e-01
2.305370939795733420e+01 8.415230963458966151e-01 3.136911116310842074e-01
3.091151067695654220e+01 5.411947431891594995e-01 2.414352662588392651e-01
2.558172459218370065e+01 6.606228603000110500e-01 2.867669636038543968e-01
2.541423786858341316e+01 6.581869259969727048e-01 2.946087671019048115e-01
2.553988358508986778e+01 8.223800003209501552e-01 1.918723276088814544e-01
2.804404001413208647e+01 5.336493892867520961e-01 3.181992087134468683e-01
2.901139010246059868e+01 7.491643566556107636e-01 1.042025621385324896e-01
2.640618628728036299e+01 5.951856621494395760e-01 3.152712785817273211e-01
2.403618072568618302e+01 7.884982871026761098e-01 2.354291475790284416e-01
2.223090742439593726e+01 9.791577596135105921e-01 2.933248310735474540e-01
2.485692218199051950e+01 6.242443724799937588e-01 3.248491457307841612e-01
3.043929627418067696e+01 5.017247706056646717e-01 2.803452621698779290e-01
2.521465665676361567e+01 7.444373876448694416e-01 2.665280383921886376e-01
2.874331635805433649e+01 6.973700675831480122e-01 1.677237996645370433e-01
2.729513390231967307e+01 5.344826593236552403e-01 2.899648194017295233e-01
2.554084679731664664e+01 6.944363705347209592e-01 2.876926568557677255e-01
2.326883175528192638e+01 8.289836290852061751e-01 2.755659521934183953e-01
3.125865437168619820e+01 5.282063507058450957e-01 2.436643902294476638e-01
2.828845079519911110e+01 5.274212195512376633e-01 3.366222993197833246e-01
2.958038769209941776e+01 5.562754747781583076e-01 2.940594938599835895e-01
2.653061875106826406e+01 6.548808911308666714e-01 3.066687961240229798e-01
2.125745104512727934e+01 9.006797925905526414e-01 2.893019838397720145e-01
2.975102202523644479e+01 4.762071248929396483e-01 3.253233008248543889e-01
2.591333204522381806e+01 6.613222077471521132e-01 2.843798596846374149e-01
2.400220401331400311e+01 8.280353847984062154e-01 2.906384082682383907e-01
2.614558180584933922e+01 6.510151533778431032e-01 2.503949954916246390e-01
2.609101515356810808e+01 7.086678763357153743e-01 2.104339094396368015e-01
2.490194792777469601e+01 7.170484365907942026e-01 2.894504978168792042e-01
2.711124227047610091e+01 5.980212275528392629e-01 2.603813462379093169e-01
2.733007880105635934e+01 5.982199003358366074e-01 2.620902066800338548e-01
3.048625858370689556e+01 5.257217758213499348e-01 2.310581707054687184e-01
3.039930908970036327e+01 5.598284044843871987e-01 2.361313122459625935e-01
2.838246900570259967e+01 3.765690812541518939e-01 2.351837131968778360e-01
3.248455575892845815e+01 4.673474193115904618e-01 2.193622524132303464e-01
2.579468330590091441e+01 6.222195275871891251e-01 3.508512418002597277e-01
2.647816263734336673e+01 7.204505520429739240e-01 2.550264602572224204e-01
3.069983134353915233e+01 5.052322265056248263e-01 2.546688217266661058e-01
2.679020806148395906e+01 6.037767380088783220e-01 2.797635093684328056e-01
2.574546239937989611e+01 6.406028171885231881e-01 3.245439878797856670e-01
2.657368944768098018e+01 7.472275266250926196e-01 2.030862138509280101e-01
2.161146585159382738e+01 9.121192567712625987e-01 3.696519083880528411e-01
2.239804639391302388e+01 9.048542829729055992e-01 3.154268999734342049e-01
2.623148048202376614e+01 5.338217601087775765e-01 2.563289611045594385e-01
2.408101461647132879e+01 7.112068905209310010e-01 3.418656693284238823e-01
2.100950503237258715e+01 9.560758248978430407e-01 3.498100330882876752e-01
2.165435156010245166e+01 9.592663068383493474e-01 2.648594392471194658e-01
2.974819336942896442e+01 4.693875531117291944e-01 3.353760181314550115e-01
2.614484168279237863e+01 7.431476438278248331e-01 2.565984612262919851e-01
2.305557031700930537e+01 8.133997561900924156e-01 3.158308144672999362e-01
3.076596221472401282e+01 5.335236401425896835e-01 2.868570232302669609e-01
2.835405543078299573e+01 5.244638371805878663e-01 3.161832700676923125e-01
2.524966144002983626e+01 7.279768570453223342e-01 2.421444079710481090e-01
2.666317498706455424e+01 5.101851557186326547e-01 2.410242456582199766e-01
2.221424044782198948e+01 8.813618217510247321e-01 3.017803637950451923e-01
2.170940135449336594e+01 9.072366161289699971e-01 3.197576889709509151e-01
3.486529686786007431e+01 3.617958329064158152e-01 2.692684486932098720e-01
2.914537068588507651e+01 5.316055702467967770e-01 2.508256589333004438e-01
2.831469321245688064e+01 6.164322446548271550e-01 2.485385889865695808e-01
2.275234860624561151e+01 9.297702719240584779e-01 2.893034086792767301e-01
2.441836793176064191e+01 7.984975503923540385e-01 3.132469428030673630e-01
2.757743873300708870e+01 5.406448796556785341e-01 3.180712330233584351e-01
2.427090192076866515e+01 7.611528439462558193e-01 2.405303907536170127e-01
2.604484189733051025e+01 6.821845287880493602e-01 2.605141516453449713e-01
2.535614107762348368e+01 6.474117541068330484e-01 2.462426556754525320e-01
2.317892939598636204e+01 9.202023000153963794e-01 2.350578843994329259e-01
2.591112267939728042e+01 7.147531982947015194e-01 2.874649309199169278e-01
2.267048184773021902e+01 9.763197031427969241e-01 3.014093269433402167e-01
2.295413257092272730e+01 9.172688346677342341e-01 3.021867906015221483e-01
2.463217460600440134e+01 7.955672928990367154e-01 2.638730313511639114e-01
2.277420113136060564e+01 9.714399628199765768e-01 2.412077337848224923e-01
2.129302907415413415e+01 9.903316871783690578e-01 2.996712714102633957e-01
2.240952128282697942e+01 9.215056064519980827e-01 2.891010301233796209e-01
2.149346905008155417e+01 9.862447036803579925e-01 2.540306367894989426e-01
2.294433030894019865e+01 8.344567196935885889e-01 2.851737072941410989e-01
2.619697598438773056e+01 6.647868352844612527e-01 3.308778690818111046e-01
2.387775478020040154e+01 7.381201510099090202e-01 3.503013653203341238e-01
2.311498977743095296e+01 7.374056354419573633e-01 1.640278932141141233e-01
2.410686377415498072e+01 8.033502242348503630e-01 2.528278153129500105e-01
2.555910749927835823e+01 6.165074703566822967e-01 3.322604847571078990e-01
2.075877830178657035e+01 9.370519924554554514e-01 3.526137325542285650e-01
2.226857773574963772e+01 9.099094364747785102e-01 2.698209008329399694e-01
2.747014498327475707e+01 6.394356115849212374e-01 3.196513547108637554e-01
3.078834593654180907e+01 5.984209606016058780e-01 2.203867623401250253e-01
2.531132836004061204e+01 7.160844416265567114e-01 3.029253728342892193e-01
2.385060147078888093e+01 9.261452067445674619e-01 1.697285457784508955e-01
3.290911423551103354e+01 4.152230966695778513e-01 2.689294910179109710e-01
2.374539054164780438e+01 7.769782431655839483e-01 3.354889669490468407e-01
2.441781931103587056e+01 7.306800389271634888e-01 2.716877361380023448e-01
2.472916481620438134e+01 8.694995418077494653e-01 2.183683174434348506e-01
2.223213220888317920e+01 8.636526523441758751e-01 2.910089478341884028e-01
2.714289185894027412e+01 6.631373286391601951e-01 2.918030315275049746e-01
2.219387162704080652e+01 8.553770641976308209e-01 3.647087884728768548e-01
2.836075737907642136e+01 5.537628606981458423e-01 2.721363559614800587e-01
2.413270464945766491e+01 8.731846900485551455e-01 2.888952412578668638e-01
2.810606889525518426e+01 5.353466074827560872e-01 2.474082548047240315e-01
2.711755650436476373e+01 6.603553719116052045e-01 2.169832945145715175e-01
2.683040157359181777e+01 6.736149630715209113e-01 2.612056670784190793e-01
2.533088704766233334e+01 6.684451753839205645e-01 3.192831223181230027e-01
2.147799511034849118e+01 8.649001801511998488e-01 3.409981192949783635e-01
2.969485994933520345e+01 5.524805807573422989e-01 2.631249274250215264e-01
2.947501524574934351e+01 4.649768797216740635e-01 3.025706416296276569e-01
2.573184217019625919e+01 7.836959785636984366e-01 2.500140436588646486e-01
2.296226534384600271e+01 8.838607610384393576e-01 2.132034054174813675e-01
2.282744828242773139e+01 8.569371348147492018e-01 3.380820415482567176e-01
2.345096860523298332e+01 7.637761002778675756e-01 3.186306404926003699e-01
2.720310910616202449e+01 6.179538987327317656e-01 2.863798609020059005e-01
2.046353905917762361e+01 9.925565636652018409e-01 3.493231917999179981e-01
2.588547621398750209e+01 8.487700559589088645e-01 1.969466777540147262e-01
2.286728892782491585e+01 8.688074865351714804e-01 2.954320451210917797e-01
2.507032686575129077e+01 7.577113139674737097e-01 2.261823261229403692e-01
2.287942206043600279e+01 9.418376897688114369e-01 2.608690637603713891e-01
2.816618291471506907e+01 5.912982887542556076e-01 2.601275924758162938e-01
2.576841801091324413e+01 6.411552729688010377e-01 2.961008569785466005e-01
2.316896330590490294e+01 8.427363749840230955e-01 3.092802260628353395e-01
2.321215280810971038e+01 8.552089159910668537e-01 2.861074777920313839e-01
2.939566939693720471e+01 4.664789580128649860e-01 2.760052675042824477e-01
2.494440916221068250e+01 6.928675771745775869e-01 3.298708308738006467e-01
2.758619437561055321e+01 5.961565004668217815e-01 2.886658006815275290e-01
2.568753079954094076e+01 6.629606789997780636e-01 3.138979911814608337e-01
3.048642833923235784e+01 4.860829426973243828e-01 2.284431911480315491e-01
2.443984805521705894e+01 7.634820784493996371e-01 2.778167721111943211e-01
2.845650290369372115e+01 5.044203002163141214e-01 2.752540411515397856e-01
2.591275149464685157e+01 6.138763577137574812e-01 3.297338109313320831e-01
2.843804250406369860e+01 5.429167887713554075e-01 3.153190931041214840e-01
2.039025304808105687e+01 9.770305858420972323e-01 3.333361491593245796e-01
3.001104902129669938e+01 4.736383231881279854e-01 2.979464989312173850e-01
2.705440379142207519e+01 4.957633998298798250e-01 2.907076548587813614e-01
3.019927660619845255e+01 4.746518404801834401e-01 2.564279384765696390e-01
2.417727698706904604e+01 7.329084321273671154e-01 3.448655402563792771e-01
2.603955428520776039e+01 6.424907560583823507e-01 3.061384368666207889e-01
2.450305072648789562e+01 8.760795882447642846e-01 2.350737220697278196e-01
2.423650750960091926e+01 6.993791463073004699e-01 3.167791359197389967e-01
2.424804680675897828e+01 7.851276450546070818e-01 2.198860051841890761e-01
2.269873556216429122e+01 8.202628614566557230e-01 3.373949594676049490e-01
2.940648351666824567e+01 4.807253703625129493e-01 3.303676127989823574e-01
3.075560802457199117e+01 5.711938048350116981e-01 1.992019708276806800e-01
2.782470249960265107e+01 6.088008402333325852e-01 2.643924090970037333e-01
2.053453751131097604e+01 9.308721787156037930e-01 3.475617601841153870e-01
2.153123951766714583e+01 9.700128912604149001e-01 3.122451171389513114e-01
2.264610192682988909e+01 9.002890204672920893e-01 2.414982096035737380e-01
2.224815810805888106e+01 8.486141893227351352e-01 3.449474512616373389e-01
2.624781702847442943e+01 7.304748677059559325e-01 2.337088982144094329e-01
2.573565716671471293e+01 6.336243717975127421e-01 3.385328637158659948e-01
2.562187478196338475e+01 7.086772476655553987e-01 2.718736705712949675e-01
2.424694173124690266e+01 8.173115601057820978e-01 2.675687018659986816e-01
2.601299577001480401e+01 6.258277435585112292e-01 3.002468588392585014e-01
2.492627185511683052e+01 6.159203378205128088e-01 3.442857988348562159e-01
2.453681935342967435e+01 9.491473100251982542e-01 1.691314990666447360e-01
2.218724680776513836e+01 9.691525511455613140e-01 2.393739890919482638e-01
2.273768828538209519e+01 8.185405362577357069e-01 2.953062898751480647e-01
2.196420731683014793e+01 8.484074809095568659e-01 2.968528564259418356e-01
2.644218638553204315e+01 5.839257351870840163e-01 2.822972368251449038e-01
2.301221246142275234e+01 9.399545842211913804e-01 1.964773162582424404e-01
2.209469551738815341e+01 9.849097528577573923e-01 2.294221731740632431e-01
2.626110268505487255e+01 7.421121321046211250e-01 1.659678425376453215e-01
2.742665186371407771e+01 7.044643446877364434e-01 2.089447865245727121e-01
2.656247197170979391e+01 5.953743248127483234e-01 3.569090633183110151e-01
2.218760908824252454e+01 8.162785227743365457e-01 3.213202892404163902e-01
3.296488910197078326e+01 5.198009288453002696e-01 1.963748767107403592e-01
2.706859442166473428e+01 6.787477552788534485e-01 2.535911343614243862e-01
2.346410321208974281e+01 8.222233054642114070e-01 3.119060225019159582e-01
2.884188920432492509e+01 5.980750442924408494e-01 2.750994715115407940e-01
2.558120350661326370e+01 7.103089438654810461e-01 2.905790249466216335e-01
2.498020355969945072e+01 8.965226611649340649e-01 2.077658696801413796e-01
2.327923565126552319e+01 7.650330276593464429e-01 3.152871027978323970e-01
2.778206972029763477e+01 5.906715901047699946e-01 2.632677602673382244e-01
2.306632735229716502e+01 9.762116478909739214e-01 2.162361865876639699e-01
2.872843559557267312e+01 5.275154424758617955e-01 3.000620598452499177e-01
2.560040936674748480e+01 6.567825266613293023e-01 2.900815719086103361e-01
2.243206827346406840e+01 8.594974750268424835e-01 3.468301474198156598e-01
2.498737426520120408e+01 6.395019106523025521e-01 3.503098654501468623e-01
2.297481578238738820e+01 8.967334581794353943e-01 2.926418204193949602e-01
2.356533760375969422e+01 8.033152596752852759e-01 3.294725569225462336e-01
2.761333376149921293e+01 7.255903790441970980e-01 1.734235831906131564e-01
2.525065325323415877e+01 6.566823566629512721e-01 3.088487989347579732e-01
2.146203274776491554e+01 8.807295082703820999e-01 3.023623838243333362e-01
2.147040771364527600e+01 9.698426827007380346e-01 3.062462272178742562e-01
2.640369608313952909e+01 6.225336141335902074e-01 3.341851226101071326e-01
2.371630220052135485e+01 8.250402730813758412e-01 2.812448664740011539e-01
2.503963294640287529e+01 6.813159992716962821e-01 3.214219733325019979e-01
2.405158084128058604e+01 8.820334899333432954e-01 2.658368796837559667e-01
2.401497213164657651e+01 7.305303727064774710e-01 3.119169701278039497e-01
2.619913793785255862e+01 7.739715979596807349e-01 2.912492804979235350e-01
2.915793938097955618e+01 5.362977243186785037e-01 2.762040212326255517e-01
2.518681987128648458e+01 7.331867515829008086e-01 2.889350799524428859e-01
2.921140603126032076e+01 6.187427102700057135e-01 2.410833657418224030e-01
2.197385904950400715e+01 9.000603320353427472e-01 3.543862023223894875e-01
3.035338695495357442e+01 5.446621054245693871e-01 2.487768319961591312e-01
2.138314023225988336e+01 8.799928954454129260e-01 3.042860715128613558e-01
2.396343057606323512e+01 9.597805766095118818e-01 1.632753595753225484e-01
2.731873088022785723e+01 6.331194375067101809e-01 2.945452929870264192e-01
2.316418458371378009e+01 8.299367666117923870e-01 2.575902102299635898e-01
2.575063320074323414e+01 7.833684762745212193e-01 2.057842840148414176e-01
2.573375068493851359e+01 8.282321563931095421e-01 2.151084208643395668e-01
2.526403795568045751e+01 6.412356031210117990e-01 3.235007365228195764e-01
2.397188844111005679e+01 8.802293888248025056e-01 2.352431828777336031e-01
2.569756245830421548e+01 8.658579861187093440e-01 1.405038701004819313e-01
3.529917717292838120e+01 3.801286212100771778e-01 2.093495766250522971e-01
2.615540575039799975e+01 7.980980747507835371e-01 2.109734269163036358e-01
2.408616482320743302e+01 9.941651750155507949e-01 1.728153042661500494e-01
2.958859429720571654e+01 6.534677346005766108e-01 1.964977442966383547e-01
2.511067756172177567e+01 7.171234186749759765e-01 2.823033087767070626e-01
3.240990327162734985e+01 4.331665049644586873e-01 2.965538270766220341e-01
2.715473643611321819e+01 6.978957836304442441e-01 1.863243223399327630e-01
3.052046274913086421e+01 4.468094887227774259e-01 3.130848043422428950e-01
2.968988015273672687e+01 5.243176081571183644e-01 2.543491813228284659e-01
3.075607223755232411e+01 4.745463017188441546e-01 3.269081923747621521e-01
2.798649738530754405e+01 6.309396937721973853e-01 2.737158530357995945e-01
2.295671698563643659e+01 8.931237210889912959e-01 2.677412499513532884e-01
2.654420837848075365e+01 6.030692818901874919e-01 3.446083725504717199e-01
2.686546893259582802e+01 5.688845716582595635e-01 3.327269956970733134e-01
2.808306185406908995e+01 5.728947816020060202e-01 2.995162919582440297e-01
2.258244331765384771e+01 7.870550195752236133e-01 3.073743667690891912e-01
2.132148958290306240e+01 9.668082730883331699e-01 3.007043242264607064e-01
2.617792323759339013e+01 7.224812556740267677e-01 2.557937152133434311e-01
2.257991363101064408e+01 9.299625547358627564e-01 2.516768142801594776e-01
2.405955526424376600e+01 8.234943200226809701e-01 1.646525856717548086e-01
2.408035822125838266e+01 9.560989002533520909e-01 1.714894057585469866e-01
2.664186251490968615e+01 6.598446028553331955e-01 2.513202820725770059e-01
2.192625770210394265e+01 8.225014302626233453e-01 3.591116020552806987e-01
2.957755436960535178e+01 4.479363268497004169e-01 2.686481108510556659e-01
2.097010360125218753e+01 9.069992098231118849e-01 3.938344630211136899e-01
3.115324414527817254e+01 4.683612517070560588e-01 2.577766876724689182e-01
2.293317385330768943e+01 7.614909319233706952e-01 3.059465995302969588e-01
2.332774432027542133e+01 6.402043748819676861e-01 3.478179816861187157e-01
2.166949907626522176e+01 8.887611143343606690e-01 2.813415071018172120e-01
2.614204486165556673e+01 7.325125464732750169e-01 2.597416444436090321e-01
2.479574196661723562e+01 7.213270478121577289e-01 3.232913999098288027e-01
2.133064117999806442e+01 8.073799627517539435e-01 2.982242773596728291e-01
3.273884165625204190e+01 4.156370146975629787e-01 2.702217869406377537e-01
2.412949339198531717e+01 7.765864067245433766e-01 2.742232363821004437e-01
2.263300141535456689e+01 8.481238380131158605e-01 3.289357240544777961e-01
2.679022559210756427e+01 5.915039834067910007e-01 3.420941415125681173e-01
3.025978653695415943e+01 6.462719110676700129e-01 1.784333231212296422e-01
2.947238580216456683e+01 4.967888479413976044e-01 2.920828657889896207e-01
3.281949029755026004e+01 3.266645656558435640e-01 2.379459120025399221e-01
2.741265538331696661e+01 6.643005292005341733e-01 2.332144294405034957e-01
2.319544580261750255e+01 9.116815863441785073e-01 3.303316763968931480e-01
2.353346157940122296e+01 7.901750976530713677e-01 2.544918952654597333e-01
2.548723682554522796e+01 9.025669516630618894e-01 1.626927526657842571e-01
2.239110859090965278e+01 9.217583076351256732e-01 2.027737242186249400e-01
2.135308845852125970e+01 9.096463852393760208e-01 2.952486024063902259e-01
3.293907420961540566e+01 4.489975886997666366e-01 2.288842579478196360e-01
2.184077992741050167e+01 9.308391406019534964e-01 3.169800649539176174e-01
2.333762658689787983e+01 8.438378105604422696e-01 3.091887584225924135e-01
2.243837787192742184e+01 8.906188759975430802e-01 3.203988349949230541e-01
2.341829726986047433e+01 7.468437009895898537e-01 3.628729551207565684e-01
2.841521853146585030e+01 6.619416360625370865e-01 2.135457606158184529e-01
2.283689636731524786e+01 8.499887943919413047e-01 3.529662392722648367e-01
2.748549806110326443e+01 7.024522873778094034e-01 2.032044115424772868e-01
2.579426068483864043e+01 8.084475006800061481e-01 2.410330184473069293e-01
2.094891174708110171e+01 9.785642544246050401e-01 3.423806080219863324e-01
2.116766942300557730e+01 9.157855792174429688e-01 2.626995865059940094e-01
2.998146854141981166e+01 5.325906464626770642e-01 2.735035371595289089e-01
2.364811055325680300e+01 7.565094944990847781e-01 2.906196696960797188e-01
2.607137996759312060e+01 7.174318894827371729e-01 2.461300374570451199e-01
2.653121690160685375e+01 5.997250490700919423e-01 3.348821619893198598e-01
3.040953157882498203e+01 5.125229261316072149e-01 2.662581939626490479e-01
2.825749483967079456e+01 5.985634644544199912e-01 2.617895000217300150e-01
3.104371210677754078e+01 4.876284770627125065e-01 2.779288784336329532e-01
2.879931965544463424e+01 5.975043967876226825e-01 2.921196312065589273e-01
2.266624846379126268e+01 9.696869359997842830e-01 2.843514467251626043e-01
3.272001612587434494e+01 3.864946464416000871e-01 3.095211862606461195e-01
2.949002582696378028e+01 4.980019207386579549e-01 3.190683742699945702e-01
2.409113779867357152e+01 7.634966712818659351e-01 2.997712757458092514e-01
2.150408121607865297e+01 9.005019455670048023e-01 3.415824182843865131e-01
2.747138013685023239e+01 6.307903477234676481e-01 2.562428722842296502e-01
2.764777662380679146e+01 5.045514078928694524e-01 3.188594720770705493e-01
2.535246133786532141e+01 6.803202406529527124e-01 2.864049151350162581e-01
2.370074160155408549e+01 8.299367666117923870e-01 2.291198414874975331e-01
2.472689031571703211e+01 8.740134132424406399e-01 1.641826790479862241e-01
2.048357189792784894e+01 9.799285282682514975e-01 2.931248286921682156e-01
2.226844301832531059e+01 8.401212910027950898e-01 3.408354718550580809e-01
2.370777500781197844e+01 7.951581751050974534e-01 3.148720396768712737e-01
2.538170143369342568e+01 6.601394177946181552e-01 3.309270856378040970e-01
2.147554670709601510e+01 8.618348399675075378e-01 3.425722747533739287e-01
2.824616162952152365e+01 5.496388441630390975e-01 3.294422062630862902e-01
2.490859028330961777e+01 6.406513726714572199e-01 3.411833827731880486e-01
2.707437574331894936e+01 7.821095764109089465e-01 1.931438411357138396e-01
2.096757343879044200e+01 9.404044950939690617e-01 3.315453066999602405e-01
2.392251103028446124e+01 6.667983419454655003e-01 3.667223985541415154e-01
2.077703352409820070e+01 9.970766071166187183e-01 2.960854075609387071e-01
2.575618367920364449e+01 6.861851597017641913e-01 2.696302546911686915e-01
2.732585014269159984e+01 6.785227242444307194e-01 2.396081040300734877e-01
2.222295916207670885e+01 8.882701495918242651e-01 2.937991072544066662e-01
2.508767311054861437e+01 6.437396259362270223e-01 3.704284094175440689e-01
2.659732386957472272e+01 6.410471407042344083e-01 2.533514381295138285e-01
2.366112372197206426e+01 8.524279992494208091e-01 2.859646903322558553e-01
3.404875322188735964e+01 4.150713126218196214e-01 2.339345623664133289e-01
2.719543782180386415e+01 6.467657586545837445e-01 2.352577449166467771e-01
2.928146064628595369e+01 5.965774368287001250e-01 2.756677238763539095e-01
2.390016581389184225e+01 8.420616577969716188e-01 2.467447698082403940e-01
2.818603245259543399e+01 6.482780806994089540e-01 2.339760468154642170e-01
2.652619156275061130e+01 6.284984149019857691e-01 3.374963113890463440e-01
2.479023740380590013e+01 8.116660479434163467e-01 2.798285796182936602e-01
3.018665629338261525e+01 5.624982881986692052e-01 2.490979002226797745e-01
3.116970755176744490e+01 4.138471452395847683e-01 2.918819475875265579e-01
3.397197457737888016e+01 3.941756768302681069e-01 2.547558461637738358e-01
2.380528537551369439e+01 9.640265354545812793e-01 1.774222811924226206e-01
2.248896535237161842e+01 9.413268172888313856e-01 2.530301011937057809e-01
2.630651822185312128e+01 6.742429331912533907e-01 3.142470174277903205e-01
2.456814447590314288e+01 8.809903978243102118e-01 1.426464501089487746e-01
2.640649096704797216e+01 6.512674932797493099e-01 3.074043555497864011e-01
2.259502452520661819e+01 7.916576686063954149e-01 3.077352564513270439e-01
2.258534075346430114e+01 9.979175914159984506e-01 2.720682834575122166e-01
2.209498174252946257e+01 9.176806247699509367e-01 1.770882100995536390e-01
2.237666472726731115e+01 8.198636567349280035e-01 3.162572943132216929e-01
2.411789918287162138e+01 8.420265678190742564e-01 2.631752048657298171e-01
2.791026790850573747e+01 6.055061695471067873e-01 2.570660466278509304e-01
2.281502346380288770e+01 9.575109696219533673e-01 2.220190848343170098e-01
2.821521123694049038e+01 5.562651356699468419e-01 1.985697043939930462e-01
2.069520785128775486e+01 9.586340399282947677e-01 3.343521793862937463e-01
2.786704351784081268e+01 5.899285152960546119e-01 2.656625999813223560e-01
2.339616390639421084e+01 8.911021574635215048e-01 2.521178977667146159e-01
2.512116566796790806e+01 8.175337270890360442e-01 2.617725798422060324e-01
2.904813385682909654e+01 5.234267716273928173e-01 3.033202408335654021e-01
2.566696619735963480e+01 7.626304136906733033e-01 2.176270437344728359e-01
2.607483258817859806e+01 6.221104247761880535e-01 3.360816509545903608e-01
2.405293748238958784e+01 8.002448422158215946e-01 3.137259467352352948e-01
2.372476913861107306e+01 9.040882732384595277e-01 1.495561316418270725e-01
2.237178165124324636e+01 7.962281792616549003e-01 3.316555401407146886e-01
2.523706758658957838e+01 7.483163931658435297e-01 3.226544477611324457e-01
2.380843333649611537e+01 7.943990725197374037e-01 2.777476896140930185e-01
2.411505130664924579e+01 8.105007552404569493e-01 2.384081296319654486e-01
2.431182020142891531e+01 9.419580185630714864e-01 2.486313588341668990e-01
2.388463816640660298e+01 7.942140812340783285e-01 3.312302928567208982e-01
2.510853195458339115e+01 8.053861504271681016e-01 2.474129051465950579e-01
2.464168284338294157e+01 7.446007190176807677e-01 2.777527815642306663e-01
2.117280548850310140e+01 8.128302486078685662e-01 3.499707156260198349e-01
2.287761449025627769e+01 7.532670828826854015e-01 3.717366460642793080e-01
2.962772535397179752e+01 5.334460176041708745e-01 2.656555455771036911e-01
2.486811752785165552e+01 6.111891882272576515e-01 2.792325461662014119e-01
3.038226323770752302e+01 4.934301325306622021e-01 2.671753943169065670e-01
2.953739226100382353e+01 4.983305306305083060e-01 3.564662158582969087e-01
2.745788886903430281e+01 5.814247035053996537e-01 3.018020593699936027e-01
2.400066025388939295e+01 7.840819626015421706e-01 3.387013489076006190e-01
2.685986128744066193e+01 8.080844096796216958e-01 1.734535083267300382e-01
2.217405689882202324e+01 8.573039386051861666e-01 3.009952369439609088e-01
2.038292463337947780e+01 9.794791155033538699e-01 3.297334124210204997e-01
2.301284672781744689e+01 8.287681966951203627e-01 2.762849359729377952e-01
2.447440379350667428e+01 8.975860326343170215e-01 1.865135026797833107e-01
2.605256010411488887e+01 6.452398779518223604e-01 2.562485640028131506e-01
2.757309604966527061e+01 6.860131913943817716e-01 2.070734021522998292e-01
2.131919716413092658e+01 8.655576336403383308e-01 3.278610006565489399e-01
2.992937971784103368e+01 5.445205537588088118e-01 2.668055067101015587e-01
2.814088212686801427e+01 7.772257189603277716e-01 1.223717746205776058e-01
2.297459259189189140e+01 9.096436231394424698e-01 2.699420349925262808e-01
2.377098075096602514e+01 7.056636779489418032e-01 3.741663759865963002e-01
2.662927183236552509e+01 7.379596230607250451e-01 2.725285210048291051e-01
2.089718298948930553e+01 9.869232271419785540e-01 2.777057312709833026e-01
2.583555932798437382e+01 9.035556840160648973e-01 1.771023733856093851e-01
2.540895453855427633e+01 8.512906398555419862e-01 2.229296384249641327e-01
2.545517670697692481e+01 7.902926816812770872e-01 2.167366831871195276e-01
2.636129373482457083e+01 7.123938667203982833e-01 2.947633631185810343e-01
2.804269730231447255e+01 6.031645608886003762e-01 3.068981312185491972e-01
2.671237314349830072e+01 5.938310701796812863e-01 3.023113239748431713e-01
2.841013422534781796e+01 5.694495390735035967e-01 2.355572871343631636e-01
2.526972828830658813e+01 8.440353586174299538e-01 2.148319740174348402e-01
2.192329310863478042e+01 9.995734366383923764e-01 2.512575636294648862e-01
2.108657845848212276e+01 9.130564447093569846e-01 3.738936084828490825e-01
2.289007722205883866e+01 7.903352771765304041e-01 3.632525229869557615e-01
2.249308988601806547e+01 8.412183437400546637e-01 4.011607434694864360e-01
2.440590949213876470e+01 7.285731863083758642e-01 3.177589587113817671e-01
2.181311730663046333e+01 7.062740945624655931e-01 2.789958546931951555e-01
2.187494750543691779e+01 8.520442775003965741e-01 2.847824120886735533e-01
3.029975216888793810e+01 5.055450923867004231e-01 2.627790934162868020e-01
3.129153618402418147e+01 4.227461026061247740e-01 3.368911211149643314e-01
2.247030551007398458e+01 8.615375771694169238e-01 3.518179389571072235e-01
2.859159037734029596e+01 5.438223892880428290e-01 2.970012896568900440e-01
2.787763366948335886e+01 6.333093652657116879e-01 2.814358165082852525e-01
2.505762696106384979e+01 7.337855116585695336e-01 2.787397432157762700e-01
2.493865174114393568e+01 6.184031052635592385e-01 2.378242464683826274e-01
2.441774476368570745e+01 8.942393365083697310e-01 2.434540748492979301e-01
2.200053902295733721e+01 9.287004353696842740e-01 3.242725123196679160e-01
2.358769714370347614e+01 8.485041378140778523e-01 2.692589982678434968e-01
2.794878662670070923e+01 8.150969125978582142e-01 1.317282678384328887e-01
2.651591331597688495e+01 6.505047079317973768e-01 2.762021374895968773e-01
2.288504428729906692e+01 8.800901553736278915e-01 2.597901153774241911e-01
2.173531340656735367e+01 9.178530416776503609e-01 3.139067015632421853e-01
3.088649780189334493e+01 5.407425704766966046e-01 2.116622198066995530e-01
2.405870840358742768e+01 7.790100409439651985e-01 3.142827194567719418e-01
2.433528489283847307e+01 6.971385711764589432e-01 3.688291795857613353e-01
2.754107061535522405e+01 5.801986735963685637e-01 3.112720521207900659e-01
2.153116764070561473e+01 8.719204795395536500e-01 3.053653954987486929e-01
2.307737122863576573e+01 8.270431517977675506e-01 3.629527794589721412e-01
2.619780085269064074e+01 5.877894975596663629e-01 2.735572752845485400e-01
2.615661414200812018e+01 7.109546930767034478e-01 2.766226775693022555e-01
3.155475216946139128e+01 4.146069252685165574e-01 2.828836392168555536e-01
3.418241727305669286e+01 4.640462090915308258e-01 2.111467474175998671e-01
2.512090798206149955e+01 7.468417782407521521e-01 2.260103357412961422e-01
2.168855567441202581e+01 9.559671496039650052e-01 3.039533152149425654e-01
2.640900278653598221e+01 6.185419618252882001e-01 2.923045616852320006e-01
2.580424334807289455e+01 6.414963927621583073e-01 2.993542148503758327e-01
2.847066966175188085e+01 6.210048380627093412e-01 2.523965320825758418e-01
2.323544691376860882e+01 8.365556290301444653e-01 2.700183673989047795e-01
2.406085876767746967e+01 8.545143797525321938e-01 2.552368432879892346e-01
2.775128046471413867e+01 6.846847686802736144e-01 1.930961516429542391e-01
2.258753728729341148e+01 8.285148883037639633e-01 3.465884172631611415e-01
2.706880250189165693e+01 7.606559898971514411e-01 8.927625346023188024e-02
2.675412374734822407e+01 6.158886504048634025e-01 2.659183856222996356e-01
2.250675208632925006e+01 9.298730132388476344e-01 2.823419569509998395e-01
2.723423158541832834e+01 6.251244184122656256e-01 3.894382644646113278e-01
2.340754233504246073e+01 9.710754367466053472e-01 2.269431341331188401e-01
2.789634940819381015e+01 6.026130849093469521e-01 2.442209774090675634e-01
2.469955696369017417e+01 9.119188777721785044e-01 1.868952229526907594e-01
2.713313796109694920e+01 6.261498734508869068e-01 2.654850725746010220e-01
2.244439893195058389e+01 9.266552632953042323e-01 2.703842872259994978e-01
2.282328792532843309e+01 9.839410226093643352e-01 2.629134904390078575e-01
2.957632059115260859e+01 6.587545388912101618e-01 1.953810953273669992e-01
2.723794528236719970e+01 6.020978293755787636e-01 3.419510844910510494e-01
3.498807616810487531e+01 3.420089437648463626e-01 2.825463499426382197e-01
2.389512641976855889e+01 7.354208252652381095e-01 3.019777927125375516e-01
2.428885104070825207e+01 8.806367927823585129e-01 1.975336600967197154e-01
2.398239454619143274e+01 8.731547482464162568e-01 2.350464534076335543e-01
2.172332629234398738e+01 9.915991690440045803e-01 2.722224150410518240e-01
2.840295498249258088e+01 4.814377821902819932e-01 3.016652398200428409e-01
2.315397946720710820e+01 7.838047855098423389e-01 3.092142753434721225e-01
3.048404846775861543e+01 5.144752411963140482e-01 2.887339837511413987e-01
2.628457324691258634e+01 6.479198538789668893e-01 2.373401442348322676e-01
2.253538671921221592e+01 8.765381770641046399e-01 2.564357694253648901e-01
2.084487848695372136e+01 9.690941413250027114e-01 3.049944937015606761e-01
2.277378646752318403e+01 8.471095344904149282e-01 2.833714081416747188e-01
2.345893747404588936e+01 8.759808450795099066e-01 2.684972706627376526e-01
2.739596205086698788e+01 5.181302259716815684e-01 2.898034526989256565e-01
3.159942282785227263e+01 6.218702708275821722e-01 1.724637906098822338e-01
2.760835364224094945e+01 7.448728315375233722e-01 1.976181661691632785e-01
2.393638845964906636e+01 9.334709057084886741e-01 2.263648383151287413e-01
2.810593442037107437e+01 5.006767396182774110e-01 3.436516824438604623e-01
2.567351712481168846e+01 7.304609618284291228e-01 1.744849412654731480e-01
2.075777603141198924e+01 9.575358418730981480e-01 3.003680142199963155e-01
2.456906251402735109e+01 7.108241151830518856e-01 3.503569089248282920e-01
2.469805294698866760e+01 9.943642654408801906e-01 1.393707565809293170e-01
2.919305803826480883e+01 5.484744501831188002e-01 2.388399766572064098e-01
2.196173582059419616e+01 9.590608860730753804e-01 2.873315795475783752e-01
2.535594742438469851e+01 8.861706425408324428e-01 2.244981958054866333e-01
2.306992737784036862e+01 7.291011624687497861e-01 3.240409140113815201e-01
2.519791543485047569e+01 6.368671053145956718e-01 3.236685468791419829e-01
2.419010448891949849e+01 8.583285143087623359e-01 2.275959509160684346e-01
2.574771301567306381e+01 9.007704813903679719e-01 1.767581085781678440e-01
3.425069473684744281e+01 3.454416793381838713e-01 2.440078932652149091e-01
2.252128853983753842e+01 9.893157177149732862e-01 2.007919320889889059e-01
2.605286528632289489e+01 8.110304930599320228e-01 1.796649415391303461e-01
2.623594278933190083e+01 6.658107532623082081e-01 2.750245793136126826e-01
2.559839700885639502e+01 6.620870200970914166e-01 3.152069171925496738e-01
2.045996083639038687e+01 9.400188511276229564e-01 3.520361504174565059e-01
2.712569416327490401e+01 6.346137511700367106e-01 2.930297650688358235e-01
2.104974764036419188e+01 9.315822291799464860e-01 3.248592635509776616e-01
2.347646260999820456e+01 8.754567703045277316e-01 2.811564629395594261e-01
2.473779061182553818e+01 7.851176715511841708e-01 2.726882705198792056e-01
2.599123445371238006e+01 7.920883320302622987e-01 1.974195754643159328e-01
2.025910933873036157e+01 9.883149421271800739e-01 3.956118411672964741e-01
2.664640637043982352e+01 6.285468745307747351e-01 3.236140233091812091e-01
2.578786879572609436e+01 7.998221937729432796e-01 2.113780087428976384e-01
2.396059986961431321e+01 7.943146678689040341e-01 2.957377167043774846e-01
2.646975660327510127e+01 6.352325570352347350e-01 2.844579690974439745e-01
3.038452463564511774e+01 4.191590351774618917e-01 2.255099001064544972e-01
2.408735230133964578e+01 7.315825891029642536e-01 3.288829128662162926e-01
2.192284003413568882e+01 9.132498194338798392e-01 2.881814719048330642e-01
2.700228892947767534e+01 6.100524337068995440e-01 2.994001905387240203e-01
2.287608554158570939e+01 8.070642418268519913e-01 3.066264872068904523e-01
2.388552664309210627e+01 7.342775965388400605e-01 3.295796675134823883e-01
2.475575020570474294e+01 9.467025586199722120e-01 1.888368330430963138e-01
2.360231292684438031e+01 7.459959338765249637e-01 2.971650062675110782e-01
2.233906048508444542e+01 9.524208132709807151e-01 3.041776576364227380e-01
2.495881035052066466e+01 8.222794059347748874e-01 2.317264626410305839e-01
2.386148474290002142e+01 8.608582555054310470e-01 2.824130141042752729e-01
2.021074842728722842e+01 9.662301601964820019e-01 3.575907477549363778e-01
2.660472749004429360e+01 5.935479107340363436e-01 2.950750397189483287e-01
2.367204088414659324e+01 9.319598303980678455e-01 2.337423877596264132e-01
2.269607887369161148e+01 9.501426393954374161e-01 2.670225677309078227e-01
2.653521374933873389e+01 6.532623855929516887e-01 2.471961767535447718e-01
2.432181746486755003e+01 7.266718068014720311e-01 3.595037313238694798e-01
2.567306774393254187e+01 5.950183348335446043e-01 3.100733627942946491e-01
2.532677235316892705e+01 6.663374657296653458e-01 2.952690139869447172e-01
2.208514281492517028e+01 9.575846605920944610e-01 2.251393349234920849e-01
3.601394018096612371e+01 2.716443864171360634e-01 2.319312029584947865e-01
2.711566730600711139e+01 6.167679365146893078e-01 3.042485429020238552e-01
2.675071661200863815e+01 6.230344923266472046e-01 3.172564377379092915e-01
2.309065795245057018e+01 8.778450157745931737e-01 2.584880532800784558e-01
2.431898732404679109e+01 7.687107899286601542e-01 3.045869932506706235e-01
2.540379272965060053e+01 7.934139050411048721e-01 2.004882280995732846e-01
2.394667293463325208e+01 8.527788518504803017e-01 2.642260268939298218e-01
2.940147485652611437e+01 4.834411484893353927e-01 3.364371933408514259e-01
2.499511132300536786e+01 8.063995816953680729e-01 1.686539738143896516e-01
2.312311457830620043e+01 8.153105624166488985e-01 3.147487615418804729e-01
2.553721708333077345e+01 8.305798366795783538e-01 2.105346499829084395e-01
2.323110591496572397e+01 8.406497740819326436e-01 3.077281807594409169e-01
2.692144683076337941e+01 7.594751130706574038e-01 1.563768544920220438e-01
2.652172256194113231e+01 7.180899162027616356e-01 3.178849236695108216e-01
2.416700855302856255e+01 7.716470832975772520e-01 2.944868396285465484e-01
2.885892311787761599e+01 5.889052239218816043e-01 2.878398668384525849e-01
2.155208363181036546e+01 9.925363520994064936e-01 3.297902427422469973e-01
2.349239752107235546e+01 8.847670982437795262e-01 2.685305849854170424e-01
2.533161250282726229e+01 6.649222430230257164e-01 3.474280017805182474e-01
2.174850497749319800e+01 9.525392546101848490e-01 3.784432738462982226e-01
2.583479310533970263e+01 8.862205232028603774e-01 1.081089209716844385e-01
2.784770106375122367e+01 6.401024961973217353e-01 2.187616935643890703e-01
2.403357748032646768e+01 7.471858335267775875e-01 3.342334489179087931e-01
2.506767813592114180e+01 7.804823862466357953e-01 3.060911519542178216e-01
2.072680169669487427e+01 9.763536220416609845e-01 3.592802820305101008e-01
2.397282734453240849e+01 9.957455778813774083e-01 1.515090252856111375e-01
2.647405626315153171e+01 6.670415237378397588e-01 3.247078627532502537e-01
2.824552309769334713e+01 5.735797544075598164e-01 3.040612046584636463e-01
2.231624265345573122e+01 9.285281435124451699e-01 2.380280866660603456e-01
2.971361617775104591e+01 4.915972545095930735e-01 2.278639457171928173e-01
2.683091555064362410e+01 6.794793413223279011e-01 2.668835437112798137e-01
2.735560937877050236e+01 5.385219694524615575e-01 3.635199913069707689e-01
2.274071201255475927e+01 9.057128527943525409e-01 3.176080851879329314e-01
2.760393221724471857e+01 5.629643594544959662e-01 3.639976369508420850e-01
2.174819034191875033e+01 8.864165049272606511e-01 3.218763812276195790e-01
2.150764544685502599e+01 9.326602845168502354e-01 3.285669829840905942e-01
2.518511023572642671e+01 6.449826059076240181e-01 2.135059340777292203e-01
2.263106125338885732e+01 7.738664114914373116e-01 2.855751410315484073e-01
3.019271482468381151e+01 5.063664541256652774e-01 2.464357385506606157e-01
2.934031661323288986e+01 6.002232224368235780e-01 2.806094701477281350e-01
2.352438335176941564e+01 6.970234213574937332e-01 3.306060722245069972e-01
2.159550331879220053e+01 8.924219208425623329e-01 3.482829708967838944e-01
2.934194232743312369e+01 5.899822379382568815e-01 2.300049560011230010e-01
2.463562410737776531e+01 6.266424498606062432e-01 3.720334886226377979e-01
2.294334552161597074e+01 8.682256899940566930e-01 3.029171046464999573e-01
2.395342985235094702e+01 8.068520444813346293e-01 3.403639854457135572e-01
2.297494129057172429e+01 8.330134734367770077e-01 2.947080993936716520e-01
2.793806864390623446e+01 6.164121692074215897e-01 2.477235980585964503e-01
2.327937343591996822e+01 9.215411104351945992e-01 2.845214113606515105e-01
2.198357625434951146e+01 8.949482242244870545e-01 3.407759405220986415e-01
2.698200415922391926e+01 6.008246344079904988e-01 2.582517163549220562e-01
2.966339746004609168e+01 4.905940422485839947e-01 2.908417007478956706e-01
2.632032878073576754e+01 6.512152352460389704e-01 2.999768960549236141e-01
3.220076457350983645e+01 5.054915937451864849e-01 2.415298848404222598e-01
2.605811044640742935e+01 6.566604564929531263e-01 3.038452479220339897e-01
2.549677025471968506e+01 8.336358581154162950e-01 2.153212559291373118e-01
2.698596295220787411e+01 5.861127428586762056e-01 3.054793785686657492e-01
2.101915129816849870e+01 9.272950798224625091e-01 3.428869108143877131e-01
2.524455921765533262e+01 6.486281486623928227e-01 3.075338073211149603e-01
2.205904809350380802e+01 8.614116796495771000e-01 3.897040560280215504e-01
2.731036555688622514e+01 6.420095093608452208e-01 2.732715649356907139e-01
2.154548791033827371e+01 9.229754151417211006e-01 3.630605469161488630e-01
2.200653347765286938e+01 8.883059220257456534e-01 3.590168460460470556e-01
2.931727679258616348e+01 6.729688759030065803e-01 1.897678250585852489e-01
2.492420521204857309e+01 8.005504986515546983e-01 2.562482415684340098e-01
2.302782303354721805e+01 9.877286144155469350e-01 2.327071734322972429e-01
2.154660828506999337e+01 9.009043118593067501e-01 3.636574470800175707e-01
2.119164185384705235e+01 9.943931352033310578e-01 3.308334965060535926e-01
2.478057010353105127e+01 7.926779854916463641e-01 2.779243669482314161e-01
2.307263537250878827e+01 7.761377051631748181e-01 3.555321186553563328e-01
2.360859095178101441e+01 7.545612146156905897e-01 3.199620824818120157e-01
2.571503845041722514e+01 6.143189014343530818e-01 3.624572739618669992e-01
2.604363064309445619e+01 7.458161490515899938e-01 2.201002583103722487e-01
2.201390861779792374e+01 8.690104384185624031e-01 3.381758711979366838e-01
3.006233673050019917e+01 5.670321059890190973e-01 2.450631264086961247e-01
2.787132309263316543e+01 6.005022122967133003e-01 2.621676179744073520e-01
2.932816262161409071e+01 5.997448236996770765e-01 2.701324234601323870e-01
2.765796707134018817e+01 5.921368704400239436e-01 2.818572265967250745e-01
2.533141195830349091e+01 7.251167698489018321e-01 2.439579645288570686e-01
2.378455789552840116e+01 7.297745274505632596e-01 3.345884184206345813e-01
2.696445488963233217e+01 7.179607872189436302e-01 1.803150854345884069e-01
2.260342252802654528e+01 8.195466656842695929e-01 2.891873821505145936e-01
2.487772964177876744e+01 6.310106477210739584e-01 4.127302784480239017e-01
2.189960891677010224e+01 9.662416992794226056e-01 2.374779298481774215e-01
2.543973853123222995e+01 6.467933191341970200e-01 3.078396091968289006e-01
2.293758938696795369e+01 8.782630504802645399e-01 3.148389045454438873e-01
2.804298729528749234e+01 5.349174471012443366e-01 3.278219838411349785e-01
2.347284627130411394e+01 7.645517789396276687e-01 3.416442587576645207e-01
2.770063098202217944e+01 6.231499497201733462e-01 2.547329315338821565e-01
3.033179598539379640e+01 5.464983986392546456e-01 2.945566488575914743e-01
2.096554889604535887e+01 9.199467530114517899e-01 3.085274712331316227e-01
2.214949283922058854e+01 9.446193055015125184e-01 2.590137812387012795e-01
2.951730349954004140e+01 4.986099627659277278e-01 2.787303860592152405e-01
2.256253814008794123e+01 9.873289348629403772e-01 2.513599066961244577e-01
2.557715253413181244e+01 6.730950208993066175e-01 2.973417313334003609e-01
2.543278453980479981e+01 6.912616521070810149e-01 2.982148882532312251e-01
2.775228042312868126e+01 5.433187721765040390e-01 2.944404018524676148e-01
2.426424959433240858e+01 7.493197535425305533e-01 2.700136426799898959e-01
2.258948433751738705e+01 9.847607343008982772e-01 2.375627905262997497e-01
2.826025334540613088e+01 5.457005331701761941e-01 3.081475141716820132e-01
2.645068928541426345e+01 5.644639443569611226e-01 3.687881748663949799e-01
1.977552048677830854e+01 9.704939231670408617e-01 4.235637811180721357e-01
2.292100382153060778e+01 8.548000062403278143e-01 2.549988608710845872e-01
2.201510863547009933e+01 9.863864748996785670e-01 2.335243597248451985e-01
2.176729097879745112e+01 7.720310366046574391e-01 2.531036860525325838e-01
2.276332918970843266e+01 8.300900850137374887e-01 2.982961027785168140e-01
2.247590817759352433e+01 9.837825915199867044e-01 2.560766640184294896e-01
2.546124944346669849e+01 8.042325454222057912e-01 2.111018625223091416e-01
2.389111024366214764e+01 7.387887326757374140e-01 3.092992588376959895e-01
2.673650224516410745e+01 7.116218276059689263e-01 2.411330714722950963e-01
2.210753429917532742e+01 8.088218035299349351e-01 3.127859086651048615e-01
2.846363395094122239e+01 6.537286171457228345e-01 2.462522482300338877e-01
2.622368926678218415e+01 5.560173022531088582e-01 3.354621267489914516e-01
2.482800394969799385e+01 9.390237529139908723e-01 1.844655007269780933e-01
2.612233872792524636e+01 5.960829122051753970e-01 3.829863933539700005e-01
2.611241543405609278e+01 7.896671599351566817e-01 3.318949334848317889e-01
3.127810847132331062e+01 4.159035851113025428e-01 3.611074924208714232e-01
3.029326887109721511e+01 5.286131698422283920e-01 2.670847695495914831e-01
2.726435864166597511e+01 6.247023964084287284e-01 2.797334801519303915e-01
2.040247780438477321e+01 9.952884065505392952e-01 3.403598324809837261e-01
2.580668666916754361e+01 7.511060230025555784e-01 2.313518283433899092e-01
2.275240200326529205e+01 8.512662900409475597e-01 3.422184456087316584e-01
2.917831861336814825e+01 5.214781707002547062e-01 2.705763155630844796e-01
2.743102391621039970e+01 7.582811581469036666e-01 2.583379425376998162e-01
2.925281665280749976e+01 5.159650172696935710e-01 2.828660160122243861e-01
2.216139874996031978e+01 8.526190882354784950e-01 3.095870228608756936e-01
2.629775168179334344e+01 6.594184963696635426e-01 2.573825987856344089e-01
2.459350065125519791e+01 8.826433178549417669e-01 2.054845312256106116e-01
2.791015293241624562e+01 6.031105524943974894e-01 3.039960393243423264e-01
2.410702821040285926e+01 8.209034626384300593e-01 2.504987330470797580e-01
2.251745117606180102e+01 8.413784568277650200e-01 2.903186777745292435e-01
2.440946859680099479e+01 8.482953096060864562e-01 2.203734849752164437e-01
2.373003862441738221e+01 8.058370404350996274e-01 2.352649436277340633e-01
2.749145739059992621e+01 5.557162236003343470e-01 3.868289343958468129e-01
2.876309899546761173e+01 5.501252799770224300e-01 2.603924616207986542e-01
2.714365578505360332e+01 8.026877802818727092e-01 1.406772474222091618e-01
2.997186411024000208e+01 4.833963706110011582e-01 3.336123303317516386e-01
2.475659862629026620e+01 6.852909345893347659e-01 3.705940391573380732e-01
2.525408457438390997e+01 6.679315990999115105e-01 3.459121189966023469e-01
2.098340823750681494e+01 9.276325695083159628e-01 3.493249519704300088e-01
2.361086190683189301e+01 8.231083261867083722e-01 3.366948734491912454e-01
2.531170929833743344e+01 6.605673420921175376e-01 3.380652035084072971e-01
3.030783929761625473e+01 4.522226675995376644e-01 2.836732423661858515e-01
2.639469123390824024e+01 5.561026647273038526e-01 3.135803316853443823e-01
2.648407799686008701e+01 5.998121589591606240e-01 3.230111442400697142e-01
2.356134319232745611e+01 7.546161612870567748e-01 3.694443829957912984e-01
2.574230933407319100e+01 6.381719246242043564e-01 3.344144781722566684e-01
2.695638013142738032e+01 5.887116334607674917e-01 3.290164532610715953e-01
2.633209550065225457e+01 7.322050037083641660e-01 2.631073947399161228e-01
2.374373234234560925e+01 9.105150362555615162e-01 2.254263164689677690e-01
2.221535565749149299e+01 8.748971017781734805e-01 3.209686950363120350e-01
2.590781066393504872e+01 7.604430550136189737e-01 1.932440180280087794e-01
2.791372474586408714e+01 6.522713680411401649e-01 1.867184259169276106e-01
2.128526787735839676e+01 9.973760179567243700e-01 3.289615363618414445e-01
2.599794627996134722e+01 7.065507713662961820e-01 2.582629498490507380e-01
2.256451239894515126e+01 9.089765202232068519e-01 2.777246908508844148e-01
2.639520458047950413e+01 6.366187197069005377e-01 3.137824291795942022e-01
2.636788271421628238e+01 6.748637525272441762e-01 2.932094383607069532e-01
2.456712503754056343e+01 6.891049577953989314e-01 3.438080205511240273e-01
3.146568404276529662e+01 4.799815280155114161e-01 3.373348569129240304e-01
2.225384372890488649e+01 7.863370315459320414e-01 3.294947085788609287e-01
2.212740888867273981e+01 9.738542033842263468e-01 2.658685939060335124e-01
2.607271948710216591e+01 7.880954600931789900e-01 1.771202079387174388e-01
2.965820712204797971e+01 3.777707327940032500e-01 2.472718823846400127e-01
3.364709855551170392e+01 4.304856886582315023e-01 2.826322318447000437e-01
2.412899460454544709e+01 7.496656929035624417e-01 3.282409350998598541e-01
2.076788811621200281e+01 9.991640140110934487e-01 2.661391759326699469e-01
2.222310748756036958e+01 9.618117312994540757e-01 2.299444513524507572e-01
2.205483754665206320e+01 8.574075023245323335e-01 3.074576024952564435e-01
2.664133141381391923e+01 6.016025358353918051e-01 2.966463053633834890e-01
2.738342661031373027e+01 6.091742184463064813e-01 2.489154624092811408e-01
2.558182980475752544e+01 7.119923580866841517e-01 2.695902305092005569e-01
2.249753159831420746e+01 9.696190445159769133e-01 2.177793046087128093e-01
2.582158648681435764e+01 7.880954600931789900e-01 1.885685257897532219e-01
2.341658293485903997e+01 8.136229103904502047e-01 2.900182450253577793e-01
2.516047518403691896e+01 7.588800140579503584e-01 2.795629658956980679e-01
3.076897367988016541e+01 5.236240747600627854e-01 2.278040763116453704e-01
2.678012542273911123e+01 5.759998134019701510e-01 2.463228134788822410e-01
2.986033264262480458e+01 4.773414968292095106e-01 2.903420539815573798e-01
2.757421166640881438e+01 5.938775169424402867e-01 2.780889747304934878e-01
2.472421624236231708e+01 8.426510102107110933e-01 2.320718596348756713e-01
2.571342122175006750e+01 8.695234267980063159e-01 1.379811164330297657e-01
2.376461260006574960e+01 7.795617403749666163e-01 2.432930601530387538e-01
2.221248512691591870e+01 8.221155848493557627e-01 3.751776253978441056e-01
2.408508703216809721e+01 8.939590176559221169e-01 2.170069748866259307e-01
2.447136206846832351e+01 6.594935949422973120e-01 3.354621921253674310e-01
2.514081751260437869e+01 6.615464508124441201e-01 3.287639319566061369e-01
3.116049493231297873e+01 5.700586667057959689e-01 1.622409789210129960e-01
2.224519310558956420e+01 8.609024499460210533e-01 2.816435266824971473e-01
2.390820070098637729e+01 8.405421083517733427e-01 2.209748302915803819e-01
2.976917044285001879e+01 5.019615704667255152e-01 2.977932595565849772e-01
2.130141656749657741e+01 9.268839046188319664e-01 2.980083987959850078e-01
2.943475611140893733e+01 4.967533849220827635e-01 2.888980292166920538e-01
2.563526198396346345e+01 7.844838968545894131e-01 2.105932007685813456e-01
2.283223121229306685e+01 8.145516606380467373e-01 3.102391095843242685e-01
2.140770781074815687e+01 8.364113420155714351e-01 3.612843229340190199e-01
2.472635207913178945e+01 8.093557002814808499e-01 2.761997968849303486e-01
2.898023638854544259e+01 4.980842640627308748e-01 3.164204931772588436e-01
2.400385198392947572e+01 9.220726240215652014e-01 2.063400805666609772e-01
2.241717592108389567e+01 9.373449399039135432e-01 2.711709176441703950e-01
2.627644056976195941e+01 6.430818796565890283e-01 3.388004763859072677e-01
3.131851785348549910e+01 5.209010801208601160e-01 2.471188736563275368e-01
2.740781836443239428e+01 5.242147529414032947e-01 2.835172798693853524e-01
2.135823944295605159e+01 9.527862407118237176e-01 3.874265904784277015e-01
2.559348422225254893e+01 7.495129416512923415e-01 2.504805761610784942e-01
2.489744732106695935e+01 7.616866710699811138e-01 3.312879702686498118e-01
2.367154401746461900e+01 7.504495142090980009e-01 3.977439814264074891e-01
2.226677972099175662e+01 9.733416880057205178e-01 2.805760826885083103e-01
3.147415308589486926e+01 5.252673698249519241e-01 1.585323704466632955e-01
2.220389630203744602e+01 9.700995112816835908e-01 1.765603416895346889e-01
2.279018609026262965e+01 9.896135908186861618e-01 2.130585266004241252e-01
2.139297498594640246e+01 9.578426794123137133e-01 3.166540175094882392e-01
2.553326630862845192e+01 6.815421550522097194e-01 2.836739071430116610e-01
2.311402165707126244e+01 7.540818524205229467e-01 1.717857143795278596e-01
2.528943684269270520e+01 6.444292172392045437e-01 3.465233024722839672e-01
3.184165964203085508e+01 4.566636546375516525e-01 2.807141745457176207e-01
2.641208735710611322e+01 6.602636690295335953e-01 3.183383682490079636e-01
2.741739698935843705e+01 5.829757501625439930e-01 3.052552685680728350e-01
2.282036981003926357e+01 8.558504946072157393e-01 2.630654661945584505e-01
2.885027514044525887e+01 5.044407907653847278e-01 2.954469840664860070e-01
2.104947559340306285e+01 9.440972436817416380e-01 3.027480839629090870e-01
2.545276413826308470e+01 7.882574971498266247e-01 2.249963206252996450e-01
2.886716113250652782e+01 5.327631119318355646e-01 3.137415227827695663e-01
2.121405509786181298e+01 8.616731016337030313e-01 3.175316440090924508e-01
2.330947151022133568e+01 8.043711268816434723e-01 3.186212572688334466e-01
2.632799212521138443e+01 6.054653818996286185e-01 3.354497090678136284e-01
2.505121736946432520e+01 7.095930380224270140e-01 2.732267264483603797e-01
2.589273547773170137e+01 6.954390745474845481e-01 2.762575862592140941e-01
2.317607833897957903e+01 9.456690757322334662e-01 2.066101674386522646e-01
2.256558889142270274e+01 8.759806015942116497e-01 2.852286305678191081e-01
2.769784325420202009e+01 5.977635036980641914e-01 2.896268146272337196e-01
2.919141191241619637e+01 5.412522891504758515e-01 3.396343253802426854e-01
2.576417112612589833e+01 7.918158548504428129e-01 1.549302091613919408e-01
2.804919210939841889e+01 4.103794587271381578e-01 2.431550441835571563e-01
2.579532559136765357e+01 6.693142745451483577e-01 3.177509029361198500e-01
2.198554850510239689e+01 8.528506601706326018e-01 2.623705751896914240e-01
2.205588370977687518e+01 8.167639909709278889e-01 3.631843575038734562e-01
2.175144372777509716e+01 9.251830208719474813e-01 3.453386447483385857e-01
2.584996633329839000e+01 6.606849274235435665e-01 3.125029035602248095e-01
2.376354777159802012e+01 7.232798709910153168e-01 3.341502011299412600e-01
2.877569917985698922e+01 7.536036579404344904e-01 1.816914264348027941e-01
2.470000412580594329e+01 8.224013104289980003e-01 2.594336743532259515e-01
2.785787209154980104e+01 5.313597390523386865e-01 3.304060976530860394e-01
2.283859995106508833e+01 8.098176454996294238e-01 3.087889458089076999e-01
2.347354553332808536e+01 7.404772219638648956e-01 3.695724057817728059e-01
2.872511169884135285e+01 7.189903216775309636e-01 1.901520343044494910e-01
2.544982706951988760e+01 6.447094988187379583e-01 3.567255546605115901e-01
2.255882692523947952e+01 9.671492875587044402e-01 2.355999178099530411e-01
2.822930515084303948e+01 6.820846747000970378e-01 2.435311902130090356e-01
2.525904821257928035e+01 7.390291214677640053e-01 2.848401080377147010e-01
2.996224861616402890e+01 5.014877816119305276e-01 2.979473869976233535e-01
2.315655104124787655e+01 7.538525681261664113e-01 3.505124668037478131e-01
2.661004337778286200e+01 6.787306991547146229e-01 2.753148575530207642e-01
2.083027371894924329e+01 9.389237979965198155e-01 3.684120919907907798e-01
2.917476270913387992e+01 5.101260359836351510e-01 3.193284466861892046e-01
2.695317070400984250e+01 6.238295040634971311e-01 2.527130632772226493e-01
2.326015202680382998e+01 6.792511754170261762e-01 3.424441393374503817e-01
2.585120462019276033e+01 7.013811655624406782e-01 2.985086157492745640e-01
2.300599083081990415e+01 9.022573918272607241e-01 2.892237579505387846e-01
2.551536165426269065e+01 7.740176690199431775e-01 2.208431553055540397e-01
2.237350038793763218e+01 8.883310472210701469e-01 3.288806591006142033e-01
3.291339306328294612e+01 3.946948130576430347e-01 3.224403020141649590e-01
2.748334139098589901e+01 5.729417908548368743e-01 2.642476835144381142e-01
2.390228497674727492e+01 7.768620414949710673e-01 3.287361314243780752e-01
2.469995680180505815e+01 7.631646603739238310e-01 2.943270990796191255e-01
2.166826102755204886e+01 8.921976387093965011e-01 3.305470937370914020e-01
2.165428724403817640e+01 8.901779622557834948e-01 3.209470413170846248e-01
2.651939302088392125e+01 5.582257490594279004e-01 3.354700279514895023e-01
2.683206810137224707e+01 6.034239377222294642e-01 3.080308671833050238e-01
2.465500234525245560e+01 7.166001364494476444e-01 2.916140848786831219e-01
2.643692639716024217e+01 6.790995878344455727e-01 2.690154568600189866e-01
2.625468068305827174e+01 6.463001841500735090e-01 3.241258285761611790e-01
2.128755120927306876e+01 9.460657586268859109e-01 2.845882723558083027e-01
2.716632154794192289e+01 6.507201576933991927e-01 2.838343660755058839e-01
3.039889273792511659e+01 5.916137139472497086e-01 1.931770459871019197e-01
2.441636992491701363e+01 7.318758578357245081e-01 3.109621670330748322e-01
2.685211539734354957e+01 7.597242879471429733e-01 1.705743093504734631e-01
2.297167747123781467e+01 7.946431939673506140e-01 3.680405144262206552e-01
2.477448425419046529e+01 7.581780423058306351e-01 3.161261884873665107e-01
2.586821622935387310e+01 7.891352033045871961e-01 1.687605523701425358e-01
3.188935210063864290e+01 4.375339854142343832e-01 2.794306835186524673e-01
2.450902744838542802e+01 6.956888622862034133e-01 2.907770675383162806e-01
2.571783739685898240e+01 9.172865361302642295e-01 1.421714950415586820e-01
2.394503844489065969e+01 8.170033251312939226e-01 3.080057180574615194e-01
2.356422732398435471e+01 8.209026994824402124e-01 2.854998583934352796e-01
2.124341732883630485e+01 9.445277923581752999e-01 3.510327871292782675e-01
2.977394643746555758e+01 4.768033868952450960e-01 3.132014102858647342e-01
3.125716265256907178e+01 5.920069226392803419e-01 1.508751328609574394e-01
2.776117456425942365e+01 8.762000256840967172e-01 1.024474992388269001e-01
2.321962727364460122e+01 8.991399504376983431e-01 2.546144069682347855e-01
3.076026326016409485e+01 4.967401556068076207e-01 2.489642211162430840e-01
2.569495793847507059e+01 6.918141693068610154e-01 3.026993979123926981e-01
2.324942986547171841e+01 8.079526124487871330e-01 2.694963445260102897e-01
2.370473645428667098e+01 8.151786228871972240e-01 3.228430590573464487e-01
2.434207668083470466e+01 7.871006254149756076e-01 2.877161267136766898e-01
2.343952295131137120e+01 8.911805781997098608e-01 2.573332245059922752e-01
2.911867233777920205e+01 5.094203366268246214e-01 2.987374304318358154e-01
2.642454274880155296e+01 6.167404555328551696e-01 3.288881876187169651e-01
2.626569318930051011e+01 6.727284102235093766e-01 2.596240353582870419e-01
2.803604906070850333e+01 6.484038586375138191e-01 2.242296714782636147e-01
2.292317733471873353e+01 8.813718079960175533e-01 2.987367632317846633e-01
2.056952737527397446e+01 9.790011473194967229e-01 3.248726244527121443e-01
2.762952361461255180e+01 5.813572368005542890e-01 2.472903159153704844e-01
2.294084666868118205e+01 7.033947809096886550e-01 2.753464588282019121e-01
2.473708937509079320e+01 8.340676287162779312e-01 2.320211173377881575e-01
2.726635763730494588e+01 6.922104519903925501e-01 2.382614958502145830e-01
2.620774146452676945e+01 6.134551361735791630e-01 3.672567675329150849e-01
2.300869241146105182e+01 9.893703455142746073e-01 2.096038288062769539e-01
2.675923095774907168e+01 7.308304038356411292e-01 2.673820068238003111e-01
3.011784955705242339e+01 5.227474213016686244e-01 2.822137688020400215e-01
2.509594274127601565e+01 8.327055491972112922e-01 2.225927165430640620e-01
2.303900540136953268e+01 9.490138688853451132e-01 1.968388102038966803e-01
2.379226847693566071e+01 8.572397681065193620e-01 2.031630656118771083e-01
2.885264491821873278e+01 5.967474842660456247e-01 2.114248997643607686e-01
2.509217216365635750e+01 7.955604426335685098e-01 2.848278273022675777e-01
2.188627715834351406e+01 8.402709251200741747e-01 3.755414939377258454e-01
2.523160780240970880e+01 7.914916787221512040e-01 2.427269777497342018e-01
2.103257365330334849e+01 9.289796789803975718e-01 3.531134823359356467e-01
2.725374436045443716e+01 5.958797527070596178e-01 3.130753595880539364e-01
2.627398732853077945e+01 6.352093436346912814e-01 3.055276613854746026e-01
2.574053575590252763e+01 6.884593868020378871e-01 3.370824371717669465e-01
3.011750694568806708e+01 5.358951722667879558e-01 2.656377698537716880e-01
3.098545709323364150e+01 4.983656526938127773e-01 3.081157062006969483e-01
2.914338776247405960e+01 5.782984812308615830e-01 2.424680459354633943e-01
2.124624233228830406e+01 8.487553603574381489e-01 3.464523650911690567e-01
3.101187314062755362e+01 4.136827572351297055e-01 3.242127164469528755e-01
3.036860111386237193e+01 3.424840949342348728e-01 2.377995342963342695e-01
2.297299904673942095e+01 9.566777973988204176e-01 2.159968680873025071e-01
2.426813961240042516e+01 6.734734428854523003e-01 3.137030280787195813e-01
2.592160677114015144e+01 7.072564222393266098e-01 2.941967907711426355e-01
2.925220681654602117e+01 6.236070102809158078e-01 1.502540128659318741e-01
2.479169942526888448e+01 7.457384054316278377e-01 4.131921066280430099e-01
2.891603133208754173e+01 6.225962492615165766e-01 1.870807379666048209e-01
2.499473779364219084e+01 6.900531993066533198e-01 2.911388187297649921e-01
2.555145926429639402e+01 5.652490081986439874e-01 3.280531685542754650e-01
2.987074778463045988e+01 5.937803952151138320e-01 1.926080052688287081e-01
2.318194796543553338e+01 7.978256511693165853e-01 3.456496218902006534e-01
2.433388758239365401e+01 7.314604623092685332e-01 3.131695804315166032e-01
3.004107985466625408e+01 5.752318344633496894e-01 2.250882116607520744e-01
2.494951081870522103e+01 6.223542894161615546e-01 2.718018538367584225e-01
2.643228813390204124e+01 6.725305245700730072e-01 2.775411643675757545e-01
2.336796589063368756e+01 6.402043748819676861e-01 3.454980811849692746e-01
2.857337946308245691e+01 5.167465452688859706e-01 3.420668535059946391e-01
2.405184190895282015e+01 7.848120400286330289e-01 3.095868458203016038e-01
2.350717154571272260e+01 8.580438841962207963e-01 2.103890162781922868e-01
2.637419494208787896e+01 6.153602809013046793e-01 3.182464613062401249e-01
2.967903210234758760e+01 5.294172769531702016e-01 2.967352438023336259e-01
2.475523593113000587e+01 7.122868545175082833e-01 3.244930487316793344e-01
2.267850583000284104e+01 8.539980776750611957e-01 1.962701494315736428e-01
2.078624754799393415e+01 9.633371159204139333e-01 3.530612675934542422e-01
2.160211959866773057e+01 9.603474929373396751e-01 2.908107398690680245e-01
2.350200439932937257e+01 7.845719470173998511e-01 3.276552062630724849e-01
2.525477972576067742e+01 6.889300474169062216e-01 3.588240840406137777e-01
2.564370865985191728e+01 7.858932241766773963e-01 2.537962559522711214e-01
2.836688486142864107e+01 5.646104535030135319e-01 2.793568619049889290e-01
2.318976495724044184e+01 7.492571692507359327e-01 2.933941178815528961e-01
2.746240251308523383e+01 6.725589443729094175e-01 2.223886913011151600e-01
2.069460020854170779e+01 9.882250220685063757e-01 3.458730574768507093e-01
2.458043388040042032e+01 7.598792064026383963e-01 2.813488564501047673e-01
2.021797025874551323e+01 9.832820062985681009e-01 3.785238492482006500e-01
2.505184720742667892e+01 7.432016264526882798e-01 2.599683918487487033e-01
2.265711097447434952e+01 7.982501028890768291e-01 3.267680623213705116e-01
2.098607708142514028e+01 9.930616296403504961e-01 3.945586810775595366e-01
2.036936768187662494e+01 8.967731489403968359e-01 2.891189727482909588e-01
2.268177987793804817e+01 9.615912599509670589e-01 2.184186177543516738e-01
3.040546117524595360e+01 5.416241539081163570e-01 2.514552408223768021e-01
2.336926217251021143e+01 8.874619169619005765e-01 3.475681857589971724e-01
2.790259794525046644e+01 5.581305709248229885e-01 3.301714231228281005e-01
3.011909279884394408e+01 4.951359277376089496e-01 2.620594360240471876e-01
2.446865736778872247e+01 8.224454457967396159e-01 2.563904596414203763e-01
2.712691259253066534e+01 6.066604817853753495e-01 2.877945208627283868e-01
2.951934551978348509e+01 4.304801581872689797e-01 2.549769635565958259e-01
2.584689376068555333e+01 7.085169407753143522e-01 2.014072843037969518e-01
2.296868469962125658e+01 9.004799327489457772e-01 2.228247756967535465e-01
2.487244836819608196e+01 8.482315175899338699e-01 1.945916726315145839e-01
2.258738932059544879e+01 8.633471625180898501e-01 2.963315207677093555e-01
2.731163941071940826e+01 7.799597914620175487e-01 1.536048265818342751e-01
2.973579536617322461e+01 4.954066284400353015e-01 3.117651343253526330e-01
2.763320157822130341e+01 6.101098860663810575e-01 2.837264416658678567e-01
2.770986330436523559e+01 6.552965761202844686e-01 2.559068870497218096e-01
2.407232373136880810e+01 7.970111859445854208e-01 2.572377789648054303e-01
3.316878236553237969e+01 3.837203720909722615e-01 2.768367159789668075e-01
2.449671871344879293e+01 8.185310940713452776e-01 3.205177730724177998e-01
2.193628497361422092e+01 9.353055181166322063e-01 2.915577895885261839e-01
2.463417819810931775e+01 6.898167239131924866e-01 3.621929238451018773e-01
2.509247919525759940e+01 6.324733475490355028e-01 3.650755589301840631e-01
2.596813153886076009e+01 6.057242432393230569e-01 3.295023754995943799e-01
2.212501618458670904e+01 8.636293962565211313e-01 3.416965076802545576e-01
2.495594607023294742e+01 7.392297870355960532e-01 2.481683112169752181e-01
2.904524607928424018e+01 5.692391482366289113e-01 3.539167583307319398e-01
2.762482991622857043e+01 5.851739429279172455e-01 2.927070021094332342e-01
2.293216435399156339e+01 9.429429755441578465e-01 2.301430721647499678e-01
2.808021138219176294e+01 4.674454265821787469e-01 3.288875905870284888e-01
2.503447698767083551e+01 6.461441159401973833e-01 3.562249979732294292e-01
2.319941471389487120e+01 9.431472624167127616e-01 1.637147653543563341e-01
2.375523435063757560e+01 7.595710251949292502e-01 2.572826138623200420e-01
2.266298660701073331e+01 7.878299633852553496e-01 3.454281154175422586e-01
2.489837703140923608e+01 8.528075693221610631e-01 1.795975884206312267e-01
2.341263563237770740e+01 7.797598610926442797e-01 3.102187454469701455e-01
2.774755427879627945e+01 5.054101218856348332e-01 2.814733246040322379e-01
2.796030582972623080e+01 5.726928932525402471e-01 2.557103143284042424e-01
2.274323042687599639e+01 7.954780997768531314e-01 3.317065827172512305e-01
2.590306346996367992e+01 7.404397691187386554e-01 2.825126829236406789e-01
2.298919252403344160e+01 8.933896146534933136e-01 2.994268178749593390e-01
2.528979123272691609e+01 8.216110643855507600e-01 2.186434536369559756e-01
2.454376855603110386e+01 8.851772403697547587e-01 1.554079022046517267e-01
2.604414001059771877e+01 7.434775326828578779e-01 2.683366793730871946e-01
2.741045255989159557e+01 5.830514824745430813e-01 2.832981877686535088e-01
2.280409309559020059e+01 7.674908168670295794e-01 3.482605717889903363e-01
2.391608250065061725e+01 8.095685977539400779e-01 2.247031477479156103e-01
2.372386344282594450e+01 8.555291455060617389e-01 2.816246290790594409e-01
2.719194088440956492e+01 6.405959961958490601e-01 2.767379848203807557e-01
2.173412517202212513e+01 9.180126485398025782e-01 3.046203789553506569e-01
2.333009171458504127e+01 7.013571265717650771e-01 3.863577897794484017e-01
2.444540160368326909e+01 7.980055812440395302e-01 2.373123165385639943e-01
2.922744502489809548e+01 7.248143669816660140e-01 1.110886752461034549e-01
2.000393024284138832e+01 9.808512509130158374e-01 3.201593648884447640e-01
2.257534645423564967e+01 9.358467186916096248e-01 2.402528586249014220e-01
2.176619677255569840e+01 9.074337494034900864e-01 3.228594602323984208e-01
2.561861856035661233e+01 6.474664342006677398e-01 3.000731929017169675e-01
2.379145797316677502e+01 6.984934364425796627e-01 3.659401965322815475e-01
2.342091734028103289e+01 8.002801022778179840e-01 2.639816950161356091e-01
2.427994730571370852e+01 9.972458872014517972e-01 1.624501447061303117e-01
2.361423655735922367e+01 7.915088448854128433e-01 3.010223570062035559e-01
2.476691983834950861e+01 9.218959431208644251e-01 1.246002395450977601e-01
3.046012266370155430e+01 3.649234380256766719e-01 2.273879931724487324e-01
2.635821091492084634e+01 8.212354813144403520e-01 1.659371304680459236e-01
2.301203440755294238e+01 8.628044341775120696e-01 2.484586299547869859e-01
2.156279565485642635e+01 9.647317543077252866e-01 2.808031045068616338e-01
2.373718991354650498e+01 9.450654362043623413e-01 2.274958200587598178e-01
2.471578535661823750e+01 7.592034975636494654e-01 2.567737927046198632e-01
2.270384045438994747e+01 8.159094337319710011e-01 3.757586112319370453e-01
2.220822527320435213e+01 9.989480820621472468e-01 1.870243408053903211e-01
2.864811975967892010e+01 3.744363517370397632e-01 2.420701969334404235e-01
2.429784613147479533e+01 7.439856279902877789e-01 3.291937401087349779e-01
2.400662568526600538e+01 7.947059637648609121e-01 3.041099029818099542e-01
2.700755939021187046e+01 6.002171700269571808e-01 2.668730882079908828e-01
2.350418095002638097e+01 7.754840754611826981e-01 3.020567679594998167e-01
2.633588246021619739e+01 7.194266222378848941e-01 2.238514481071063045e-01
2.444453507300380224e+01 7.065902578728275873e-01 3.170111750050834121e-01
2.460393788687843752e+01 9.147598654128206164e-01 1.953202148382114089e-01
2.713432557807620782e+01 6.012183598788984895e-01 2.564599329008527273e-01
2.633885435263726649e+01 7.922996284630586805e-01 1.742115083456425018e-01
2.084964846489017987e+01 9.382843398944731295e-01 3.253054491906034462e-01
3.153191919834532442e+01 3.381163598904468603e-01 2.127821316454748257e-01
2.548485011452410021e+01 6.733559917319028587e-01 2.643133095791117548e-01
2.514397247405688063e+01 7.791566534350957696e-01 2.880025246116427740e-01
2.194759909464695724e+01 8.313752252109986030e-01 3.977938363347792716e-01
2.129866004730595463e+01 9.973728025423505006e-01 3.115838527757519016e-01
2.270324579814566945e+01 9.184606748941472887e-01 2.828660654139871777e-01
2.770109952155217314e+01 5.453563899681591609e-01 3.330513747381234624e-01
2.555886279512846926e+01 6.812286471667773347e-01 3.486177099782099553e-01
2.680516286945554327e+01 6.883259802012156037e-01 2.505699859373507477e-01
2.368925873484271349e+01 9.486589414880441939e-01 2.402870374877271731e-01
2.754721567940755733e+01 5.983492758118433841e-01 2.986025433379836946e-01
2.699607661481564946e+01 7.166088637906722347e-01 2.943931013875220049e-01
2.638664521365720717e+01 7.168807289337486566e-01 2.368438993031713735e-01
2.207687154832822074e+01 8.856279660399324349e-01 3.468727666074825078e-01
2.559375599276908630e+01 6.730400616371162714e-01 2.834788290356816676e-01
2.352496771185053248e+01 8.294719889648367595e-01 3.151035333045587028e-01
2.696406128944170177e+01 6.054960642771326507e-01 3.308496393746029884e-01
2.203405530602299223e+01 9.866724078906599082e-01 2.210037913579818991e-01
2.203752894690536479e+01 9.896312859989945254e-01 2.945452145718623349e-01
2.451286174915244942e+01 8.292020624953411190e-01 1.865526794591522430e-01
2.374416730972505007e+01 7.418713156922269736e-01 3.000106259600325287e-01
2.666917800455260945e+01 6.295376868030907458e-01 2.819202325939399456e-01
2.762628927227089548e+01 5.702804470807932846e-01 2.826253834917339391e-01
2.628059878870868360e+01 6.199383852107321902e-01 2.860850136988690173e-01
2.214099983188511089e+01 9.102154119307324098e-01 2.716263625661276548e-01
2.145753474072305522e+01 8.396295942066628326e-01 3.684253057409569987e-01
2.442674034580856457e+01 7.720385305276560306e-01 2.556105094786649823e-01
2.884592456438810615e+01 5.028965235691345015e-01 3.226077956759330068e-01
3.029061100905875037e+01 5.067991932577284864e-01 2.762532981860360004e-01
3.251509807142012676e+01 5.178315117229252973e-01 1.872280830767096005e-01
2.833957316693944861e+01 5.443369466510807886e-01 3.563289667196712363e-01
2.951282702370221500e+01 4.984976093020538901e-01 3.212836177932203996e-01
2.619801787605535282e+01 6.355310302370490438e-01 2.980902247003463512e-01
2.285271715985522789e+01 8.458735536583233960e-01 3.393017922954906784e-01
2.574366996789739659e+01 7.660562130605069742e-01 2.334399609547752608e-01
2.030562203013179357e+01 9.554801485601126521e-01 3.360992999073230680e-01
2.283273051625772609e+01 7.906336675839203965e-01 2.893004362571486299e-01
2.011650787489978498e+01 9.988151679317935905e-01 3.778702284093736208e-01
2.810760997513228077e+01 5.197447535773993543e-01 3.281815970396661508e-01
2.305776160705908140e+01 8.463422740098965891e-01 3.267794058050055295e-01
2.344640312247093661e+01 7.866936686383956268e-01 3.513082547111010534e-01
2.445893956631003263e+01 7.968304234275093156e-01 2.437772659138092990e-01
2.416504239829549050e+01 6.713852791912696683e-01 3.535835621645301297e-01
2.061373255316418707e+01 9.578497278452192676e-01 3.462797790320077396e-01
3.053004182060224281e+01 4.480802879027888652e-01 3.301368338564766858e-01
2.321887968749823727e+01 9.354801601373314845e-01 2.142423258144347253e-01
3.060998867992394423e+01 4.128698121046293634e-01 2.655816679654273149e-01
2.824105698993632885e+01 5.904123863187251686e-01 3.108790594290889997e-01
2.905314933135089106e+01 5.242284892945331398e-01 2.767279357304629483e-01
2.233655209854178736e+01 9.147447326093041120e-01 3.436282885581393165e-01
2.197970430550308762e+01 9.669485648668526556e-01 3.260151835219375349e-01
2.554719239482112414e+01 8.085855145515035147e-01 1.809904742853101489e-01
2.336898198041945207e+01 8.119767978211822612e-01 2.769410993709567892e-01
2.463122542801183812e+01 7.436688627910176264e-01 2.639182312727743618e-01
2.247194393400437207e+01 8.914218324167912932e-01 2.912773133552867266e-01
2.240353058714924472e+01 8.729146326969711156e-01 2.667908925691889199e-01
2.756938463771056647e+01 5.071654812862599337e-01 3.100249328376795122e-01
2.968344391720621189e+01 4.711270197668628312e-01 3.425791313067977351e-01
3.053989741772167577e+01 4.387230190560318377e-01 2.081750848399668008e-01
2.475404058999895440e+01 6.921027076206484052e-01 3.041404298520339888e-01
2.964798365040105210e+01 5.116861205398876011e-01 2.653596939490404649e-01
2.122588969245853718e+01 8.893237045575034250e-01 3.400263190834612037e-01
2.354816570579619039e+01 7.613125802535419817e-01 3.260158535062407936e-01
2.332809941623434824e+01 9.664259772915329005e-01 2.571686285385748061e-01
2.978935003686500949e+01 5.367764907996851464e-01 2.209598946669517894e-01
2.416643233151393488e+01 7.711034995492073163e-01 3.240869277922671099e-01
2.670437931432155665e+01 7.809380773164149581e-01 2.027301214255782524e-01
3.007320456515824603e+01 7.010666498976042549e-01 1.188014898767803251e-01
2.191846542438604217e+01 9.946998693285125093e-01 3.006715129448535029e-01
2.959287253589186051e+01 5.781554354415450181e-01 2.558120909731554371e-01
2.660865424416920177e+01 5.866400058714755783e-01 3.017167592888065353e-01
2.589554223465361460e+01 6.911548860423600837e-01 2.222730797933646640e-01
2.589207871230968294e+01 6.218460789999741278e-01 3.374931203056861229e-01
2.657727137020701846e+01 7.864115232826299762e-01 2.026211338348564706e-01
3.204017418349207702e+01 4.270324991797183056e-01 3.098601190795313709e-01
2.260459334592713887e+01 9.418676222840092205e-01 3.186027054208774301e-01
2.405954147259947717e+01 7.939070309327848074e-01 3.300211481907227573e-01
2.606676271587227234e+01 9.827513079030756327e-01 1.120619406680089664e-01
3.396734934468639011e+01 4.034188012316183292e-01 2.670284780524734281e-01
2.542258841547943504e+01 8.593526448473699508e-01 2.320232027856990453e-01
2.552088207301711620e+01 6.599607684010818653e-01 3.485929049991821072e-01
2.470969990265488647e+01 7.064699315932917445e-01 2.914480639860825839e-01
2.863073131318328990e+01 5.377267116056004825e-01 2.535430681645607920e-01
3.022367716959550776e+01 5.407425704766966046e-01 2.382345893485366961e-01
2.279666094207901494e+01 9.362079381490298058e-01 2.714790022448217988e-01
2.341752865885327139e+01 7.657295320838339858e-01 3.316856341944224851e-01
2.671003194601190955e+01 5.796298558437106285e-01 3.426164016717053173e-01
2.170340879168375636e+01 8.485854745078668104e-01 3.370955769340242547e-01
2.522863758404725587e+01 8.513178333070822168e-01 2.114714732005263942e-01
2.567726123734983190e+01 6.398607712379923429e-01 3.092224312752712145e-01
2.685393703567555335e+01 6.199819040425191830e-01 3.085538617451981103e-01
2.287658518945061203e+01 7.426043272773075188e-01 3.295518234795337120e-01
2.932546071370112273e+01 5.078173402005535797e-01 3.019779291056524095e-01
2.169198645868974751e+01 8.668979098408934325e-01 3.310703182611135498e-01
2.436647516275503023e+01 8.152440324544134587e-01 2.720331297799453707e-01
2.284483656896635750e+01 8.842956422092961288e-01 2.281343162216624698e-01
2.070006091830545358e+01 9.061730672414859411e-01 3.251258940642903772e-01
2.301625127369730706e+01 9.018762079008276755e-01 2.460116796532905714e-01
2.455547559257824375e+01 7.092040823755408896e-01 2.962761946448328465e-01
2.214147150207010384e+01 9.202965014007455924e-01 3.295117114241672418e-01
2.449811974651754198e+01 7.502777941772272863e-01 2.709073302169364150e-01
2.809819316642476750e+01 6.461627974446566558e-01 2.013282625491104871e-01
2.117291891544416771e+01 8.793982855183182235e-01 3.555666902206911506e-01
2.249202778953804227e+01 6.940148807179089552e-01 3.784059008561506676e-01
2.571640970722627983e+01 7.380582967541187145e-01 2.448927724845963438e-01
2.854937539129572599e+01 5.491348781673922597e-01 1.532368401007321856e-01
2.501748498710253443e+01 7.124346083680168640e-01 2.729745666195575460e-01
2.302637911697868844e+01 9.390766049345592448e-01 2.802024342699260817e-01
2.846774953929461560e+01 5.283490010712432738e-01 3.006167692473527553e-01
2.571686696755700652e+01 7.230444451791998572e-01 2.599517213316803743e-01
2.408974113280962825e+01 8.628839151314431355e-01 2.422432795723213628e-01
2.578376871812551840e+01 7.037392327654253821e-01 3.175705746467354929e-01
2.939505253978581223e+01 5.418608551885936153e-01 2.853993257137850681e-01
2.092745104524168553e+01 9.791482940220447295e-01 3.353346439639314780e-01
2.111215636734060652e+01 9.786135408778218192e-01 2.865908824413033185e-01
2.099761399375221060e+01 9.934173143300141229e-01 2.649760868426415672e-01
2.282853355721087851e+01 7.644819454227788080e-01 2.834676761420585334e-01
2.784501073687307837e+01 7.159178937233982021e-01 1.546720198080188402e-01
2.329508096932989503e+01 8.341703574170850066e-01 2.968077975344248776e-01
2.997023686827688138e+01 5.131147325748061094e-01 2.999224256405232936e-01
2.409013593963352307e+01 7.088457734306097269e-01 3.489470178780951226e-01
2.975308597160441693e+01 5.778731593046784187e-01 2.663135168011960263e-01
2.168116230566752733e+01 9.280605663205939715e-01 2.772759574924927306e-01
2.234143303544014714e+01 8.563003484865577830e-01 2.917151294762421743e-01
2.326873466293594817e+01 8.391528452139385141e-01 3.648309791351481701e-01
2.473217624310668938e+01 7.248655075040100204e-01 3.188843939314095488e-01
2.884577408450094893e+01 5.889052239218816043e-01 2.884269146792645122e-01
2.961117650577359228e+01 5.488610959516583288e-01 2.637534433136267120e-01
2.439718723547644075e+01 8.024203756969821022e-01 2.182713709175300443e-01
2.447166032341598552e+01 7.521147890581739714e-01 2.255304742304490850e-01
2.558138235714060471e+01 8.292326188450355184e-01 2.732284723939427673e-01
2.597387936646599371e+01 6.294593262049005267e-01 3.249448948451642005e-01
2.923690415295139644e+01 4.863068875938757474e-01 2.987016428345712349e-01
3.034585211957932316e+01 3.718030690419031337e-01 2.306631005317713312e-01
2.799236416162174734e+01 6.314799779742958918e-01 2.123210708015092485e-01
2.523350285968909645e+01 6.068864212723446006e-01 2.984680851486308795e-01
2.462898157429309620e+01 7.470028708632348025e-01 3.358014809842015946e-01
2.352392548319365417e+01 8.244050222161035668e-01 2.955786298061746642e-01
2.593578389298674125e+01 6.696807738425644141e-01 3.092690919649573322e-01
2.474651211787559291e+01 8.850975096515164564e-01 1.490105722647608599e-01
2.889233319654233156e+01 5.294408056569549492e-01 2.399341094610065173e-01
2.067402123788113144e+01 9.879803036820986595e-01 2.617340425257064784e-01
2.692164113375185153e+01 6.448230661295434318e-01 2.868279570594600703e-01
2.378546407490384951e+01 9.417079668232068990e-01 2.263637452084331370e-01
2.539200252205780828e+01 8.984480667137699772e-01 1.649540353195850795e-01
2.605685290469044801e+01 6.678216017115656822e-01 3.141421946875661564e-01
2.719944765533681519e+01 6.580391957349860377e-01 3.306155393290093891e-01
2.786936196224356976e+01 5.574260355263794819e-01 3.413087269496558052e-01
2.369851124602179837e+01 7.386355219570535091e-01 3.239222755862035674e-01
2.771355125364508964e+01 6.129032788336481463e-01 3.154596475654980470e-01
2.704548428968646334e+01 5.879789002799552522e-01 2.760525374514183894e-01
2.145591458432961574e+01 9.993492943456441235e-01 2.833951839193006861e-01
2.296647336423015773e+01 9.177340277567676008e-01 2.587593869262639346e-01
2.395238562350440858e+01 9.036419510285884638e-01 2.703555309463435696e-01
2.609754380252882910e+01 6.270454071952049624e-01 3.652361538369985339e-01
2.804019832738200790e+01 6.847326635481816304e-01 1.840212750290839139e-01
2.391675009282546327e+01 7.694447108773591060e-01 3.330232995990699552e-01
2.215490208298933794e+01 8.683551560436088002e-01 2.872806223535505077e-01
2.298948859544249856e+01 8.418479640069569392e-01 2.896335373807631397e-01
3.020532718315096687e+01 5.430857063532066320e-01 2.509919256811382060e-01
2.152252360866430436e+01 9.592126828333686905e-01 3.009688899886292512e-01
2.574284527622389973e+01 7.635319473344471808e-01 2.504130473073079566e-01
2.453590321102709737e+01 7.713650939565287468e-01 2.748698199989019209e-01
2.269975043182007113e+01 8.340569638663767327e-01 3.038251700339246186e-01
2.659464049462746971e+01 8.456562691346228844e-01 1.674001083932409317e-01
2.203967780115952735e+01 9.165486147816476192e-01 3.115480742512393153e-01
2.124075530579563420e+01 9.757051785673963584e-01 2.564847345284930746e-01
2.903958889966090595e+01 5.812246142018431261e-01 2.436499256892234178e-01
2.896972457028915215e+01 5.804895689339253373e-01 3.440527523415099487e-01
2.702307254405974746e+01 7.433639840031379675e-01 2.201683372570664154e-01
2.637658005008920981e+01 6.892087000707260991e-01 2.289467478197649286e-01
2.749854956860200872e+01 7.520846504977570790e-01 2.181231274921829610e-01
2.338826559429303842e+01 9.955898816328769829e-01 1.946574179116322412e-01
2.495059134680136026e+01 7.307336136515901748e-01 3.104391194255606834e-01
2.348552969687275294e+01 8.039028922119944021e-01 3.016421870283030882e-01
2.323453946987484287e+01 8.238386380886791871e-01 2.711167539800846682e-01
3.300222913743527187e+01 3.989969795420191812e-01 2.814468465530847174e-01
2.387946311592329351e+01 7.277264695570599962e-01 3.175525106384385343e-01
2.849185678386651688e+01 5.750274257203585870e-01 2.903313870649045780e-01
2.877127008852631462e+01 4.687361109379730162e-01 2.904356666612018523e-01
2.468326241849661074e+01 8.746862989909848229e-01 2.203050109606195794e-01
2.429662803508580993e+01 9.718020142732879396e-01 1.798675333949815991e-01
2.173628116773400265e+01 9.721059290490542404e-01 2.747060837134960298e-01
2.456497483445639674e+01 7.698422917085081529e-01 2.358860618952502985e-01
2.859034740079390602e+01 6.267649108764148380e-01 2.566695682553078450e-01
2.645709222997353649e+01 7.019848231486133239e-01 2.696696743246593808e-01
2.407686545994929261e+01 8.214868922618930869e-01 2.883390438819603552e-01
2.619138381630684265e+01 7.398135240724124095e-01 2.371901232888175004e-01
2.701834285795998625e+01 6.495669854184308312e-01 2.713970448173703143e-01
2.074015194423991915e+01 9.848952526539598296e-01 3.050018288970985370e-01
2.453180048422638748e+01 7.131124006168267915e-01 3.244837722203572916e-01
2.349714296799968594e+01 7.790078806558781155e-01 3.206612055149097862e-01
2.109622181889404757e+01 9.441060732977224479e-01 3.585627019795522008e-01
2.717906607503620009e+01 7.148473040339089479e-01 2.107584285225503895e-01
2.530816414112801382e+01 6.921027076206484052e-01 2.755862082921140543e-01
2.222569340157609830e+01 9.628035633789505665e-01 3.038372578025918536e-01
2.714518834546317905e+01 7.186647350550071645e-01 2.100280124890639144e-01
2.654917138577922486e+01 7.424937734753974672e-01 2.201388011581201787e-01
2.741560321510507592e+01 5.942280237629400386e-01 2.764733919381489047e-01
2.254696101768037408e+01 8.219939774030490254e-01 3.765130992501862228e-01
2.370482478732817810e+01 7.732894821128134533e-01 3.177213866128907327e-01
2.190855389206771875e+01 9.204305627633253550e-01 2.999983961835467339e-01
3.070399487411236095e+01 5.206111136119915273e-01 2.346824801288587559e-01
2.258596236356186182e+01 8.311627653795891080e-01 3.178300868062473583e-01
2.804694225853900846e+01 5.512670909684278531e-01 2.628920405999679022e-01
2.568056119346856292e+01 6.523012359934555748e-01 2.943032844622099353e-01
2.469617901862701004e+01 6.420110914998566898e-01 3.780203297128599260e-01
2.418808179104687639e+01 6.800669086983207601e-01 3.873032232930007646e-01
2.290056494999447168e+01 8.389267512361646695e-01 2.459486150078021849e-01
2.630467226397989933e+01 6.153907058990479850e-01 3.328539912178957727e-01
2.476308354414413415e+01 7.234978980025068562e-01 3.171382765270998050e-01
2.613492044528076264e+01 8.178085221302345831e-01 1.710719692112617485e-01
2.286370084977814443e+01 7.607906978876547432e-01 3.416415897591765782e-01
2.628822247108390542e+01 7.633426647862431302e-01 2.345729904755941841e-01
2.204842101172156532e+01 9.252340361106360378e-01 2.752075417323965878e-01
2.376277735867275709e+01 7.753564182668299942e-01 3.274899899112228563e-01
2.595020188800633321e+01 5.975006521871757403e-01 3.344244720927032066e-01
2.739958150209146481e+01 5.947900120366264032e-01 3.425989126958823294e-01
2.543322210522658366e+01 7.431863165161277651e-01 2.874980593127854367e-01
2.443005666965689571e+01 6.918905096569644142e-01 2.616526656943254370e-01
2.294091236320704397e+01 8.183869287592416830e-01 3.179582094037378126e-01
3.298859969680412263e+01 4.262742747018674061e-01 2.666318159277897282e-01
2.650753711840875226e+01 7.499729619704496031e-01 1.814801073639296380e-01
2.298920615208079354e+01 8.605058488592650656e-01 3.172176612191640599e-01
2.336590451265629298e+01 7.776565502848362677e-01 3.444580976917298032e-01
2.374287098420667519e+01 8.155906359789646398e-01 3.020529406330821343e-01
2.407329702563615825e+01 8.293381717803353093e-01 2.647970733584723568e-01
2.638541771617343556e+01 6.030211956191492417e-01 3.210873448617942438e-01
2.196288949964930737e+01 9.630905378006267004e-01 2.905292766817562100e-01
2.314187263422867247e+01 9.397296132665717838e-01 2.504520430975718526e-01
2.294487062549610457e+01 8.240218565413250928e-01 3.004902429241865791e-01
2.140453670509115014e+01 9.677082330875147465e-01 3.310613183400777926e-01
2.522484027074226987e+01 7.141430495159341030e-01 2.371777058401459137e-01
2.652893175182800078e+01 8.177045285221388182e-01 1.684343754962327466e-01
2.656931934985623656e+01 5.879393885185331126e-01 3.233417186032642165e-01
2.590655784408388840e+01 6.668637822910966628e-01 2.799507312775336709e-01
2.449291054261028222e+01 8.471866560630600951e-01 2.018137854679530330e-01
2.678321537627835980e+01 6.370982904536782732e-01 3.320061707071306212e-01
2.569348957712506376e+01 6.129718143496720728e-01 3.174844450813317231e-01
2.474705026926807250e+01 6.841966425973832200e-01 4.094168952191795663e-01
2.692695389814427287e+01 6.227686125248697024e-01 2.432982166655703604e-01
2.300431572278337455e+01 8.598061952838413902e-01 3.164270429646416360e-01
2.378426810227657029e+01 7.521862307187766605e-01 2.940903013784166298e-01
2.193926296703672207e+01 8.337411673597630024e-01 3.675683021622436208e-01
2.351608319654315693e+01 8.412581479328483658e-01 2.751244942530658988e-01
2.679939314312839116e+01 5.957079292539455562e-01 3.544926703632561016e-01
2.749334078531158454e+01 5.517650442796891985e-01 2.848456696045718051e-01
2.292892370814412573e+01 8.188556792143105723e-01 3.516646655502753682e-01
2.922960189879461979e+01 4.703612038804692030e-01 3.631782326452371312e-01
2.823743145619140194e+01 5.709033656517629174e-01 2.990218147195239373e-01
2.752530739920805658e+01 6.861168322076283133e-01 1.908159490564357574e-01
2.583802499377420148e+01 6.638391973042512273e-01 2.537419608974241236e-01
2.067513276982253245e+01 9.594907345342937877e-01 3.205459153697421959e-01
2.560616752045075017e+01 6.076394675928054045e-01 2.959088405485933437e-01
2.644331348422975481e+01 6.501841145011292289e-01 2.788331958678799127e-01
2.090598632359787601e+01 9.974447814894397135e-01 3.142965038627473784e-01
3.119345342424573531e+01 4.570902226422757786e-01 2.985139482970472491e-01
2.987009970427785532e+01 4.766890178999719230e-01 2.628774906557239666e-01
2.575887119500947620e+01 6.531321164953022285e-01 3.049635255416578983e-01
2.118987355963273345e+01 9.575358418730981480e-01 2.738513007936271837e-01
2.465209543004244708e+01 8.836224765960828398e-01 1.782162257255053284e-01
2.373829682796008811e+01 7.520062898466851609e-01 3.339617426014985790e-01
2.841869905125677320e+01 5.565465639394714392e-01 2.851104990497598246e-01
2.382158976334603295e+01 7.885705416023919279e-01 2.393274888714540527e-01
2.710573128781715013e+01 7.461153467105040571e-01 1.952237439911067851e-01
2.656525655316411516e+01 6.650681871941739320e-01 2.615335811027130752e-01
2.689427927718140765e+01 6.131923933840576213e-01 2.884338797196164816e-01
2.662920654442408264e+01 6.027251896372753937e-01 3.133867575142688100e-01
2.860915144826433121e+01 5.080947499344763418e-01 3.040622208928294712e-01
2.465254958441007460e+01 9.119942833670492410e-01 2.357620387276773977e-01
2.502135046735707036e+01 8.178876909464554146e-01 1.858093217476989301e-01
2.897927308730385221e+01 4.692950673208036716e-01 3.644993056432214162e-01
2.644213515413138182e+01 6.039758336170835129e-01 3.343838328841791108e-01
2.471200254755459369e+01 7.163800899716189496e-01 2.960445927681809031e-01
2.542230621757554943e+01 8.420046678774147919e-01 1.680800860899474836e-01
2.607127104190548650e+01 6.134374593177897017e-01 3.435644789766233997e-01
2.286550296346359090e+01 7.586330514161928606e-01 2.404755141941810892e-01
2.211081334779915863e+01 9.499585236334915361e-01 2.930057333023790567e-01
2.251771992078522899e+01 7.776853650930899420e-01 3.077805505386195795e-01
2.960092948239585198e+01 4.699848025834691967e-01 2.893003866059530305e-01
2.369458843588605390e+01 8.857860520300026019e-01 2.568734677450225101e-01
2.710355618138820333e+01 7.004468991648691301e-01 1.666887678825561270e-01
2.203999768331406273e+01 9.633243449735885422e-01 2.305941113275589704e-01
2.966615207152872102e+01 4.873204995251605443e-01 3.041998849326112420e-01
2.342766814889547078e+01 8.368348227505995052e-01 2.288838903906214584e-01
2.427777380654972816e+01 8.673780644844365506e-01 2.137276302417926155e-01
2.437364752654124800e+01 7.584091528264075288e-01 2.298464013911084014e-01
2.208316186251023439e+01 9.216083293376893248e-01 2.660731090569239399e-01
2.723234298760421979e+01 4.833582589088299408e-01 2.727269082013413226e-01
2.212435445284901903e+01 9.307686716477888700e-01 2.844641804088104409e-01
2.129224712307593848e+01 9.158106856945582575e-01 3.299770908252299684e-01
2.628046008495472563e+01 6.872461291182428988e-01 2.919395566286243082e-01
2.276580126928001491e+01 9.430548045441909943e-01 1.979053006031227802e-01
3.047202513892394293e+01 5.618034920988064229e-01 1.553061794000898665e-01
3.292078790629593499e+01 4.837174324778196199e-01 2.219453988792927379e-01
2.138582257548251775e+01 9.804463101294101923e-01 3.117148658104502701e-01
2.770628548475007946e+01 6.157534732090946816e-01 2.264439685534062052e-01
2.512386062878361415e+01 7.159404153053071651e-01 2.445433751345552353e-01
2.280359843330004921e+01 8.278019504521879623e-01 3.024751967573156008e-01
2.493608294120045699e+01 7.294484252631979748e-01 2.707538986446345608e-01
2.733338273442712918e+01 6.839629442238487345e-01 2.744161045928003584e-01
3.150298910065989944e+01 4.574948046836773696e-01 2.885676692224947160e-01
2.350629537502142696e+01 8.797914997922553493e-01 2.990661043729117563e-01
2.639632412487460300e+01 7.682903030964877145e-01 2.023927335988677523e-01
2.658552152856503881e+01 7.681906236549700395e-01 1.521342552621224031e-01
2.596391754526373319e+01 6.018731079935381034e-01 2.776477626525827858e-01
2.557358608832652536e+01 6.629205120499622739e-01 3.056136940496561594e-01
2.558195702635810775e+01 6.565316370291548465e-01 3.452596017512786775e-01
2.709365839157804601e+01 6.973946265965244029e-01 2.062415624748087095e-01
2.626650461849397544e+01 8.695234267980063159e-01 1.140190982486973537e-01
2.452652661497245035e+01 7.269236619722723169e-01 3.306016101290421005e-01
2.312686229573233732e+01 8.670063612661442765e-01 2.635544562660754875e-01
2.674367704848862104e+01 6.420020530491805655e-01 3.011428222179242109e-01
2.507539028460429620e+01 6.611616740180226159e-01 3.136652036906780738e-01
2.203184230729893400e+01 9.821773070469148603e-01 2.993048065364951604e-01
2.396645622117942764e+01 7.101193478555399841e-01 3.552376161406158861e-01
2.620768199338185767e+01 7.096309716039880255e-01 2.410984001926936848e-01
2.670438999782767198e+01 7.084744355494666523e-01 2.525837884459453120e-01
2.258172140315530996e+01 8.680987751001604247e-01 2.890083148201974539e-01
2.799498198933225268e+01 5.709466475018158960e-01 3.124507660899961126e-01
2.434403957117818607e+01 7.906572350599561094e-01 2.977176061849267086e-01
2.634181945395334168e+01 5.410070240809964348e-01 3.320921677064317956e-01
2.695429633003564618e+01 6.567866579702823504e-01 3.084757874854617277e-01
2.433118192402440627e+01 9.510999501605911233e-01 1.974286475123075979e-01
2.396028312274213690e+01 8.539914741984878654e-01 2.606717243969959297e-01
2.559946094627425950e+01 6.734587023565759001e-01 3.092647641262553093e-01
2.273295007107024190e+01 9.976426949354355589e-01 2.546180187837264741e-01
2.943614126095980055e+01 6.323306015938767732e-01 1.869505829585270673e-01
2.766906465225084233e+01 5.548797418982414076e-01 3.303670411186179212e-01
2.481104736596077132e+01 7.221143315055795764e-01 3.445025741059414282e-01
2.772876121963218665e+01 5.424969023527717038e-01 3.680834936991951301e-01
2.441680776301165068e+01 6.998628456573798839e-01 3.011374803249800558e-01
2.429880509419364643e+01 6.893049658730386886e-01 3.397519533227292832e-01
2.281873731386823323e+01 8.366924157951060037e-01 3.030199451710099967e-01
2.534464701166699641e+01 9.042513407230708955e-01 2.179618559159982316e-01
2.507543565325318013e+01 8.151822423483463531e-01 2.934187815174694736e-01
2.335038538070507741e+01 7.797175097700669300e-01 3.489261585116678610e-01
3.054662992973796420e+01 6.014622887670343365e-01 1.850240307574128051e-01
2.798084874508191433e+01 4.974384172204771581e-01 3.422941466287656165e-01
2.629631331150990547e+01 6.108321079032926759e-01 3.473822302540023887e-01
2.575983856585317966e+01 8.104036448532885295e-01 2.047122399434025963e-01
2.427204656014629691e+01 8.184157478378427664e-01 2.242650775379648742e-01
2.738267739781754173e+01 6.587473588425648563e-01 3.507616797252040564e-01
2.626546235420985198e+01 7.324610939915172647e-01 2.657567345361770972e-01
2.595082549072785127e+01 8.483204935447460349e-01 1.821237696395258399e-01
2.624836148398638258e+01 7.731337537471602017e-01 1.518752913025134543e-01
2.669440972237030607e+01 7.098347892896736955e-01 2.496910627250609194e-01
2.347895809042758941e+01 6.730437846886212494e-01 3.093523787112977264e-01
2.743716077889638072e+01 4.141358211364682407e-01 2.642434912389746149e-01
2.985491770062136041e+01 4.524532107779336010e-01 3.203944897222301136e-01
2.743160366348948642e+01 6.380588269382295730e-01 2.645426818295701921e-01
2.580002467540177946e+01 9.253684255137420989e-01 1.799134243951453493e-01
3.000461097698638469e+01 4.937466079600025259e-01 2.842599536061917731e-01
2.513875249359664465e+01 6.854597810611889885e-01 2.866022849624888513e-01
2.238430855233584893e+01 9.550720185275438645e-01 2.447248778854566320e-01
2.867753658003321604e+01 5.794314021156116157e-01 2.865127107546759921e-01
2.477850928774703121e+01 6.593510380177689534e-01 3.381788448250046542e-01
2.301935565436553688e+01 9.344359848662353585e-01 2.593378375567567673e-01
2.715861134972411151e+01 6.364186228484128849e-01 3.040822402999290297e-01
2.741246234354623112e+01 6.106457872736419379e-01 2.743065399913048319e-01
2.582520004639011546e+01 5.840022790160196431e-01 2.310995628333441243e-01
2.156805459420703386e+01 8.653225652423115477e-01 3.505007871223134730e-01
2.312150478567567191e+01 7.901367516671012892e-01 3.437220038933499477e-01
2.376148187854434468e+01 7.761613357827090720e-01 2.923981344651055414e-01
2.800296768436666994e+01 5.749903008280896621e-01 3.135348093813093984e-01
2.212229421460911993e+01 9.258579672481859202e-01 2.957064244974889067e-01
2.321454145999694063e+01 7.602856060785253556e-01 3.192193035569954040e-01
2.267022513276991091e+01 9.927936010370885800e-01 2.801247932427067822e-01
3.106329692592713343e+01 4.537983218251185891e-01 3.241433988213164863e-01
2.606310601543453842e+01 6.420339990922666606e-01 3.869486592665370983e-01
2.051171061356319569e+01 9.866249476824040521e-01 3.356556471358863591e-01
2.459895282923366366e+01 8.649544511338418395e-01 1.867732581326209396e-01
3.055801123744462444e+01 4.673180690671785431e-01 2.617865230774865104e-01
2.674399542678896680e+01 7.184455277196862832e-01 2.146098495307308673e-01
2.161766063480711253e+01 8.900738370331249261e-01 3.349396234332724931e-01
2.402081967136212626e+01 7.740466677890107672e-01 2.898607218230614957e-01
2.332578554316548036e+01 8.673205739746709941e-01 2.195070305576117542e-01
2.553140699959020310e+01 5.633994788760046113e-01 2.963262147362309973e-01
2.346261954725493482e+01 7.876626206170797007e-01 2.625436912375030962e-01
2.860171737338152553e+01 5.381628328286186536e-01 3.295299336470900453e-01
2.182704972400495791e+01 9.671508736721404764e-01 3.090456302680959499e-01
2.772780585732536807e+01 5.983709830517016659e-01 2.712145295615387419e-01
2.965842386354806948e+01 6.026103370774998913e-01 2.071397896552141793e-01
2.797668194505700612e+01 6.875317037581292201e-01 1.816384710909072220e-01
2.276707530870157825e+01 9.076021382262122739e-01 2.610356956722691968e-01
2.852089123441234264e+01 5.429255345585403125e-01 3.299018748354107244e-01
2.452735544908309961e+01 7.359259690924558894e-01 3.336189725785239091e-01
2.527430426613931758e+01 7.013274302890371015e-01 3.057267028214504800e-01
2.332461308694993463e+01 7.091730334846454431e-01 3.365060348804607693e-01
2.764104545254833312e+01 7.263574288490658448e-01 2.253855297418703718e-01
2.861621426435886306e+01 5.542613325531509094e-01 2.859230065467686654e-01
2.281234898190841776e+01 9.344577235442624863e-01 2.310876092722598807e-01
2.700604217328806556e+01 6.997768508684127919e-01 2.441547881513135287e-01
2.543420550290186455e+01 7.525128908985779796e-01 2.313548579677839334e-01
2.668170248772853270e+01 5.891618943738399228e-01 2.739312196288586909e-01
2.734310225609758049e+01 6.089198235714354812e-01 3.283826994139094624e-01
2.612207789665043478e+01 5.665036035426037619e-01 2.988282516128033528e-01
2.476234780047427009e+01 7.825502132310462322e-01 2.613201999421992938e-01
2.409428361371726979e+01 8.143545235640937685e-01 2.729897880026519452e-01
2.305105105051886127e+01 8.122045200721185187e-01 2.912475631261517428e-01
3.552799974268966565e+01 4.467965578605817556e-01 1.445997899435275957e-01
2.652714984751352034e+01 6.378615330472021672e-01 3.232104227285724773e-01
2.530796774737546784e+01 6.610439131084216990e-01 2.343304133158736757e-01
2.765562131950122193e+01 6.906364225809391577e-01 1.756760586632756249e-01
3.031444791447453468e+01 5.741937335517072194e-01 1.782291871765024349e-01
2.898963193791130877e+01 5.245557180700491928e-01 3.312191142854529757e-01
2.402304077263245574e+01 8.882289582791054183e-01 2.262074859297835971e-01
3.252655552659734184e+01 4.129671797338820838e-01 3.059832333622093392e-01
2.476540396969823021e+01 9.925253398695117468e-01 1.615933182430652482e-01
2.501092996130770629e+01 7.411224419469037983e-01 3.640951476197474279e-01
2.590034157836396389e+01 6.292143385930317745e-01 3.082797124041868897e-01
2.807029060190418690e+01 5.451355398944001118e-01 2.735094459272530143e-01
3.182313183764404130e+01 4.977032794726649612e-01 2.238494784595895237e-01
2.624790317911370963e+01 6.736490513136913494e-01 2.703379774030457705e-01
2.519017323301821421e+01 7.116117572146720693e-01 2.722555450974947777e-01
2.731331871108902121e+01 5.875929215326749500e-01 2.748207124328335693e-01
3.131534280858375752e+01 4.619865979205939888e-01 2.584473452835928109e-01
2.313876577139697233e+01 7.124252660415310023e-01 2.509170086239553288e-01
2.573136557788493306e+01 6.909577311205221672e-01 2.457770411535764032e-01
2.761751642129160089e+01 6.170601863459634906e-01 3.218983633435893443e-01
2.077885808650146160e+01 9.069080607070838518e-01 3.129965479774405313e-01
2.140030626970041894e+01 9.691196924607835550e-01 3.215528929188230522e-01
2.124567389366689341e+01 9.226691314303883118e-01 3.583586646630269046e-01
2.976326999343730151e+01 6.609460136665662455e-01 1.777879380465414993e-01
2.982810873013191966e+01 5.264887654229949421e-01 2.644265727317094417e-01
2.221405273317038365e+01 8.939466254480306073e-01 2.671932943273562233e-01
2.376656681532392668e+01 8.319447636424327497e-01 2.670538632746432550e-01
3.416605549568062372e+01 4.773528362530810032e-01 1.832473876307310900e-01
2.561088058230295772e+01 8.102759012000501082e-01 2.061483172026923327e-01
2.217919105820137204e+01 9.277035259485524321e-01 2.723393602285777426e-01
2.159304008372273387e+01 9.836056626183017348e-01 2.696151060364924690e-01
2.549017833496095520e+01 6.625081978676632399e-01 3.044194080030223071e-01
2.841593680388669441e+01 5.417277520456195150e-01 3.044803395042730010e-01
2.371929453157228451e+01 7.621115633794147692e-01 2.778723481282113217e-01
2.925066452439799036e+01 4.903470824251209281e-01 3.011509550687480052e-01
2.931930830281416434e+01 5.159013598006281232e-01 2.965719283563876818e-01
2.325288967520079453e+01 7.101704974383065139e-01 3.537208324550578098e-01
2.597481015804154936e+01 8.033944637266386968e-01 1.734643856753780022e-01
2.302373715208244320e+01 9.108866534280528615e-01 2.599941516749194048e-01
2.524529817987089686e+01 9.042513407230708955e-01 2.227549499288050405e-01
2.292465539346817849e+01 7.917356940278218458e-01 3.507249468943456350e-01
1.994503287794652735e+01 9.886274954894074263e-01 3.850911926627382798e-01
2.989094576646006729e+01 5.305781895228368628e-01 2.565843870533399129e-01
2.418849199054042742e+01 8.562321108356936161e-01 2.361024628242215928e-01
2.346684979843372076e+01 8.359051628048060900e-01 3.307761258203801291e-01
2.245832238099336919e+01 9.518936444568383282e-01 2.662940542871364835e-01
2.350556145103389483e+01 8.536053767504038214e-01 2.883404476355054813e-01
2.594507105302527350e+01 7.129397577878379133e-01 1.825418784977928255e-01
2.574004497634482647e+01 6.173076921851297083e-01 4.089186165823737729e-01
2.055876444913999990e+01 9.260760143196979932e-01 3.164439912426090240e-01
2.859176052139479651e+01 6.489378462131643044e-01 2.193865069471071516e-01
2.423800876679678851e+01 7.639522774283746820e-01 2.973721094894899997e-01
2.379377498428693016e+01 9.161515538606783693e-01 2.729909674855202639e-01
2.290828651755431622e+01 7.992865605881759317e-01 3.272414851946361947e-01
2.349165767428059937e+01 8.559735459663858625e-01 2.979463759141485202e-01
2.484354339199564876e+01 8.186472888462766884e-01 2.874822727686916490e-01
2.697758956810470110e+01 7.841818207819608588e-01 2.193749412505981988e-01
2.935765647136836165e+01 5.838735057514367055e-01 2.388010450360896209e-01
2.313288166991863903e+01 7.619248493546222356e-01 3.476380919873097164e-01
2.447902940118646242e+01 9.163096107243264843e-01 1.500030208425548461e-01
2.314720605599515224e+01 8.766993542585482801e-01 2.462281404821021480e-01
2.618250859666223818e+01 6.081997365988163207e-01 3.469215544213822278e-01
3.308116599636723976e+01 5.112823550266387684e-01 2.644479043905650917e-01
2.785874657379862640e+01 6.057525287746214904e-01 2.980027732609575875e-01
2.325391304899178380e+01 8.405910744438340743e-01 2.788085363716611975e-01
2.477443370314409066e+01 7.765493340889785268e-01 2.568145021622802449e-01
2.315863946089504211e+01 8.482869546977607200e-01 3.000349179582995629e-01
2.736362681570540545e+01 7.162402545477133398e-01 2.155968801358706388e-01
2.497916573049026212e+01 6.792769955797060000e-01 3.505367005358013266e-01
2.398679906216025515e+01 7.323312420214510565e-01 3.474150344483438735e-01
2.600761029898180254e+01 8.593679951623894864e-01 1.797948989220290728e-01
2.530020547374383710e+01 7.066649016928774341e-01 3.160831739849984112e-01
2.678921810707191042e+01 5.959985730067006715e-01 3.540845041481345823e-01
3.054258210415298791e+01 5.591073724277765278e-01 2.232802973914717048e-01
2.290401067294536119e+01 8.973247906599389756e-01 2.281140206701550710e-01
2.524322428152192188e+01 5.665049546740911213e-01 3.339632237705101314e-01
2.336173768179456900e+01 7.392398565823079526e-01 3.346356522197202477e-01
2.546689880658006899e+01 7.132282523112514205e-01 1.703205105469151326e-01
2.741775368649623346e+01 6.283474450817488899e-01 2.423277160163820332e-01
2.373432459827344232e+01 7.469553654079394978e-01 2.801597454997469816e-01
2.868763270394999054e+01 6.035302096306331965e-01 2.514165914623456288e-01
2.662584998975910722e+01 8.347623963605078634e-01 1.592446918295562230e-01
2.602483514149830057e+01 6.380979934058480518e-01 2.928235021214464773e-01
2.585898274472095437e+01 6.130673738410125084e-01 3.376029539233574295e-01
2.732198922213230929e+01 5.667870698611239266e-01 3.336990396298476491e-01
2.662133669194868446e+01 6.176277617449834612e-01 3.115974513710865756e-01
2.333185384637014437e+01 8.291543430473763410e-01 2.437873848996473525e-01
2.982749292047257939e+01 4.984036414127140935e-01 3.025414133339004996e-01
2.210258509536837579e+01 8.582956447200454919e-01 3.229108779717252409e-01
2.173776948570494127e+01 9.577406159547676712e-01 3.138786719533973035e-01
2.809316922424948970e+01 4.898564529606143636e-01 2.646107334608626127e-01
2.267867933903864497e+01 8.276941519989363671e-01 3.049356951682675176e-01
2.619967238309425284e+01 5.900585175298792562e-01 2.915266907923488304e-01
2.533277773552155310e+01 7.181869425520793770e-01 2.468853894035573093e-01
2.696248923071837567e+01 6.232024866283759623e-01 2.887449811905830055e-01
3.147480808531260621e+01 4.138471452395847683e-01 2.793591112157221001e-01
2.586590183789076391e+01 9.039046780040126405e-01 1.877755037658252746e-01
3.034899749700401728e+01 5.737305293143337703e-01 2.105172312015767544e-01
2.790505732310856501e+01 5.189403796709630701e-01 3.023222357244712000e-01
2.709619666268608995e+01 6.041853735698248240e-01 3.200261481046947631e-01
2.322020857406133487e+01 8.292526255904622001e-01 3.250060084049331555e-01
2.607492871993607508e+01 6.282490133983091862e-01 2.721577352582052467e-01
2.453139373644390986e+01 7.393916499006797372e-01 3.418231702353755619e-01
3.051836503514624255e+01 5.151262200480656306e-01 2.238695929779594418e-01
2.921464849666458719e+01 5.694566168606994827e-01 2.426774241990853342e-01
2.219459758140202865e+01 9.040336750492168338e-01 3.198780732090023005e-01
2.127075852063987682e+01 9.575918727644645578e-01 2.965184143938469630e-01
2.698718554499906475e+01 6.385200489821885039e-01 2.249663847436282060e-01
2.574632594206638458e+01 7.357147235695831178e-01 2.839293214726504866e-01
2.685165021536347041e+01 6.459242000523944816e-01 3.247703005859118308e-01
2.283017673229895195e+01 8.593977898989529907e-01 2.606197272990034008e-01
2.272737590152270926e+01 8.585867675265592691e-01 3.266813266416380701e-01
2.492298795652143895e+01 6.695642015024562133e-01 3.677953445581210734e-01
2.763258160835671973e+01 5.541445860888646324e-01 3.346854673392468671e-01
2.358409449391143653e+01 7.843928076526155424e-01 3.290661215342551849e-01
2.359130966181824718e+01 9.102439353165777680e-01 1.851738053193612288e-01
2.747422701724983085e+01 6.620368777269657334e-01 2.978633072615223809e-01
2.286480597192842268e+01 8.827960466604440892e-01 2.605943606931482304e-01
2.426073798659348668e+01 7.683449746622496024e-01 3.295359291095525389e-01
2.525611652497498127e+01 6.570813234909659295e-01 3.866283169553207388e-01
2.257303224908668682e+01 9.548905457797728369e-01 2.448137054730894768e-01
2.957887271846428234e+01 5.921756908659185914e-01 2.078544092950190825e-01
2.330349342435693316e+01 9.642371994613663233e-01 3.119024507936724033e-01
3.273468351671461818e+01 3.141940853463373040e-01 2.479195874534400879e-01
2.419802432002337511e+01 8.446688863855298379e-01 3.030452800433989791e-01
2.670780926059799043e+01 5.559532619596881942e-01 2.918660038143168212e-01
2.684036809602768869e+01 6.165533237312402770e-01 2.757218102078961008e-01
2.204554756163374307e+01 8.925807202327764589e-01 3.391915654806512137e-01
2.772446804110674989e+01 5.831335346096572225e-01 3.153063207868612161e-01
2.505066109124873108e+01 5.560899406627993757e-01 2.301994785154899137e-01
2.202268169220574023e+01 9.906297972712507782e-01 2.531296349163948967e-01
2.503198404352671247e+01 6.886234427942422576e-01 3.430712397518127510e-01
2.647532875328262847e+01 6.839860539732468547e-01 2.407308513809662542e-01
2.887883817399294628e+01 5.301919660911444954e-01 3.422646712252476187e-01
2.507390239822920108e+01 8.085598682537896709e-01 2.083877780125004409e-01
2.627601694762535089e+01 6.606849274235435665e-01 2.912214182619634051e-01
2.064046723606777789e+01 9.846688446100089198e-01 3.490184413146792952e-01
2.148039881962321473e+01 8.964622885289192933e-01 3.487273480853093077e-01
2.777423910016990405e+01 6.333058634026434985e-01 2.796596912739395813e-01
2.235323973950624676e+01 8.349267895968994768e-01 3.360234562367057087e-01
2.673535091056515967e+01 7.623390880339646625e-01 3.235521774850899090e-01
2.353268783440141476e+01 8.389473775340198225e-01 2.363482352879710813e-01
2.555153132424579709e+01 6.157157367430137196e-01 3.725639187676192399e-01
2.777834460366436886e+01 6.306813979739515075e-01 2.820593817148756011e-01
2.530386348621109249e+01 7.419874340845877825e-01 2.469320871689417440e-01
2.559878463249465241e+01 7.407605021699266157e-01 3.375314220500111873e-01
2.382636050409986339e+01 8.762782553617745052e-01 2.777047305036899894e-01
2.363311602259548039e+01 8.475081426208758151e-01 2.443387672715835179e-01
2.937066869867964769e+01 4.963557142065161409e-01 3.641656760925929270e-01
2.448592520511454751e+01 7.677981387790757672e-01 2.494774648237480796e-01
2.377495648436908837e+01 7.013506323407766585e-01 2.876289247994671672e-01
2.563808151679812397e+01 8.526469598377849346e-01 1.469394196157862709e-01
2.285580567401146013e+01 7.829652602115665383e-01 3.098585938153057273e-01
2.548549572212272807e+01 6.306348511034545190e-01 3.256282639401325008e-01
2.576755176937440694e+01 6.400441197742743338e-01 2.876797305350967116e-01
2.294900671381625301e+01 9.237998636828748111e-01 2.256802232837877009e-01
2.542898865925993590e+01 7.388422765739559583e-01 2.979906249561193876e-01
2.552331158734212124e+01 6.567572554643841265e-01 3.070946980199378840e-01
2.735866864444948021e+01 5.475149808848981392e-01 2.750918140189243521e-01
2.472867913254164662e+01 7.707874558801042220e-01 2.817655772556705851e-01
2.570986434646557939e+01 7.056172962339471999e-01 2.552942279628211408e-01
2.258049045251863163e+01 8.183665347219192254e-01 3.444464421392255948e-01
2.933285806785212202e+01 4.912985738582501538e-01 3.333974671827046876e-01
2.315456091682651518e+01 8.078421576550847139e-01 3.766748594964350882e-01
2.289603110996185720e+01 8.917979871621279919e-01 2.991649800184069119e-01
2.671562858869702595e+01 6.747108979355732616e-01 2.442872196775147386e-01
2.716216151723548933e+01 7.504255873805713017e-01 1.977981473517386457e-01
2.548934554946758624e+01 8.305798366795783538e-01 2.128081548234604659e-01
2.816574434335161214e+01 5.833855534958968247e-01 2.983008241392793858e-01
3.022926725882140175e+01 4.392273126079777046e-01 2.590398208837790262e-01
3.001404514971388693e+01 5.137304818203149992e-01 2.575189672094306270e-01
2.492118351297488843e+01 8.982584734914643709e-01 1.584369869732265290e-01
2.477843760195038669e+01 5.788346192954694214e-01 3.123468057512941987e-01
2.138746927315194668e+01 9.884231774785289248e-01 2.935016649841164504e-01
2.639934217737476985e+01 6.317534331682934656e-01 2.637770553864537404e-01
2.262152470556681649e+01 7.906567804010479206e-01 3.525499755777561917e-01
2.350050451726676570e+01 8.709930498197899773e-01 2.259456205166862353e-01
2.320436848852367007e+01 8.848036291652002783e-01 2.524948009740034527e-01
2.056716733386526030e+01 9.173235971482470719e-01 3.574053364303629854e-01
2.223270693270433540e+01 9.964937432162832565e-01 2.608259491239414696e-01
2.838140508043037968e+01 5.621984909435201461e-01 2.923326886229515309e-01
2.865387800187050615e+01 5.329026937984971957e-01 1.577477589393226631e-01
2.881173044373580439e+01 5.023369145255037749e-01 3.020217928744809432e-01
2.188520462462695093e+01 9.160934909745143129e-01 2.915050545233422441e-01
2.929365102882196936e+01 5.489183089933015181e-01 2.778310546301340223e-01
2.525553713144440948e+01 7.001876940210840505e-01 3.431132446180950590e-01
2.215071787788031088e+01 8.713788458526680047e-01 3.398129621338330519e-01
2.507095027465399184e+01 8.043458056080794449e-01 2.874414252926036917e-01
2.381748556360513192e+01 8.444809908058031889e-01 2.799582429812819129e-01
2.502744855353625297e+01 7.909445354942834516e-01 1.968986247748585050e-01
2.205709196501049263e+01 9.993496220395354790e-01 2.692207250739703794e-01
2.673020589891013188e+01 5.949905055518764918e-01 3.419546271646530800e-01
2.173699006334729589e+01 8.906489689195420389e-01 3.433929066683233389e-01
2.562207098926220183e+01 6.967344227260818812e-01 2.631131005125577071e-01
3.174860723586603939e+01 3.169221542897025512e-01 2.172432549328466855e-01
2.184761858393660106e+01 8.730513852685447551e-01 3.598502453776294963e-01
2.558023501551394929e+01 6.193327432706234870e-01 3.547436622581834342e-01
2.417208473272689773e+01 7.442557582725345400e-01 2.862188937884770912e-01
2.598722740892798200e+01 6.683915043774207865e-01 2.782432984884551375e-01
2.568816792566328999e+01 6.757287741078356058e-01 2.450347624489445097e-01
2.690770067796950826e+01 5.807672527880398672e-01 2.892285767665509488e-01
2.696397572352829997e+01 6.651688083372483407e-01 2.329367262972077413e-01
2.266043152121846305e+01 8.646632701317038538e-01 3.205186403980104792e-01
3.071432631495694920e+01 4.770165958655742111e-01 2.722197179253602051e-01
2.678012036849019495e+01 6.040643487003288792e-01 3.077335761005129400e-01
2.247588904057312220e+01 8.337834670515664737e-01 3.159618545913353005e-01
2.832512041467585817e+01 6.353543565870278798e-01 2.234135924736067869e-01
2.462440293945325820e+01 7.874649344217352631e-01 2.233189876753638448e-01
2.411596970919111982e+01 7.875154826504751071e-01 2.485876779387563018e-01
2.879072430265131999e+01 5.957055047346020427e-01 2.577727906551233739e-01
2.597956921590515833e+01 8.937206531127876996e-01 1.087194936189044142e-01
2.884882469343069289e+01 6.241835815742253768e-01 2.485221597670628779e-01
2.440057575924576838e+01 6.693366299093732597e-01 2.932069307910252220e-01
2.758510752676302857e+01 6.288817487199083178e-01 2.292488529556512278e-01
2.602014495671222960e+01 7.242886675250548301e-01 2.398788441230203516e-01
2.503865248058564319e+01 6.952399371677163709e-01 2.743583348836509672e-01
2.835745275308340396e+01 6.203431464023809738e-01 2.132597332829112013e-01
2.427305637591839371e+01 7.775292259304573683e-01 2.921696321566381593e-01
2.418196166222368149e+01 8.305641203196968414e-01 3.010672956096955288e-01
2.488715608359649778e+01 6.437567624216089524e-01 3.603890874000270084e-01
2.765797539618320400e+01 5.731275624822800285e-01 3.284225777776050847e-01
2.351847735248117033e+01 8.337597455087788489e-01 2.287807113620977384e-01
2.782702891914516030e+01 5.256762289760343876e-01 3.055893077784321843e-01
2.936922029549775814e+01 5.353319500570377087e-01 2.773955319332302993e-01
2.409781243854037669e+01 7.670113681546628648e-01 2.380523855978056436e-01
2.499869154612066424e+01 7.868763797982443187e-01 2.680353948031714562e-01
3.222691283708901011e+01 4.155083418882438706e-01 2.764234949928133789e-01
2.280919183548375884e+01 8.748957858496140272e-01 3.149355810531199729e-01
2.370167452977645439e+01 8.072948086845060933e-01 2.658174684802419585e-01
2.555002543288964389e+01 7.639102694900021806e-01 2.006438290210375008e-01
2.491892826594929389e+01 7.674235965829240280e-01 2.777749425599774780e-01
2.366116119034077769e+01 7.530774648849629660e-01 2.714243026155874206e-01
2.319769712396313466e+01 8.149031489573775877e-01 3.120691128041045981e-01
2.860019592697587854e+01 5.702407365748051182e-01 2.619990330268359147e-01
2.801308659416994118e+01 6.781270070435437836e-01 2.315807504857854693e-01
2.509187585340650983e+01 7.691461897052259689e-01 2.762709245711723605e-01
2.566410546013097260e+01 7.694676285974164642e-01 2.230564891806850469e-01
2.477564258805065478e+01 9.559896634253799430e-01 1.868367394438955886e-01
2.456653724958898266e+01 7.869107535151846911e-01 3.128369639979166061e-01
2.202076947436089682e+01 9.668691015165884473e-01 3.290573785890306135e-01
2.180973365891230742e+01 8.902295822366180778e-01 3.594492813476584669e-01
2.623891546445980083e+01 6.976999174585799546e-01 3.186948806356162955e-01
2.351374274847347579e+01 9.168200867297300327e-01 2.710410038225294360e-01
2.270574190338842513e+01 8.167361042640005619e-01 3.324116207657143995e-01
2.619647438836816633e+01 6.750533099782476398e-01 3.166718910632983497e-01
2.296072084617750164e+01 8.789782527767880937e-01 2.724612958378805905e-01
2.156134083627684817e+01 9.896351549567969919e-01 2.876357954149695861e-01
2.589172313614706766e+01 6.387519845497141580e-01 3.081273676921158500e-01
2.126713238422478369e+01 9.237532083358773738e-01 3.641601058808204838e-01
2.835174501082243026e+01 5.874967161581144959e-01 2.363451608820875960e-01
2.699202235431662800e+01 5.556387004997396240e-01 3.364296805837530546e-01
2.182024066527008088e+01 8.799489836566870560e-01 3.056922180288411672e-01
2.605979559395542111e+01 7.385831702643206320e-01 2.367497020924894946e-01
2.872575526661412937e+01 6.286190305209600204e-01 2.395088649461935004e-01
2.763349621170618065e+01 5.952809387188553458e-01 2.765965837185412335e-01
2.337746218417355593e+01 7.803498771060920491e-01 2.905195447322078128e-01
2.746975502058803897e+01 7.225433236191339814e-01 2.454178328401041553e-01
2.446657823088531103e+01 6.619887527005169359e-01 3.271839527940213488e-01
2.500575830145594480e+01 6.471960942465804223e-01 3.131846810172428941e-01
2.355317499558374195e+01 7.841156551585152235e-01 2.968891555775627356e-01
2.780581389818447846e+01 6.642512967833449355e-01 2.202337351337613491e-01
2.167043145003396631e+01 8.810553060548760307e-01 3.891833188163106860e-01
2.117250625609300485e+01 9.927000321661078042e-01 3.318406170779744091e-01
2.338356564971327956e+01 7.723448094132147057e-01 2.403834435333505604e-01
2.211347296875896262e+01 8.321508959300188968e-01 3.345197994253767404e-01
2.379050174247609561e+01 9.127196010311385832e-01 1.647024895678966538e-01
2.362499338303716456e+01 9.223343390846374668e-01 1.992523833766832175e-01
2.317358207066588704e+01 8.555162581069515326e-01 2.805856336120090555e-01
2.854282956736239640e+01 5.582215845904076046e-01 3.043973009037563848e-01
2.209776112895866973e+01 8.789815606935004189e-01 3.719528472041915834e-01
2.394351025950171774e+01 7.253597224316783443e-01 2.504655339311345208e-01
2.391527487165736687e+01 6.662624517844476513e-01 3.680401454256047034e-01
2.757029366425832606e+01 6.989613083906526247e-01 2.264755460289899491e-01
2.428642081019872734e+01 7.276906232486167747e-01 3.584190385290761394e-01
2.200929128596087381e+01 9.990431633643406251e-01 2.982744364143440352e-01
2.089589294069015324e+01 9.045621645669168487e-01 3.289617975482275747e-01
2.477694210300101574e+01 8.031038659359661658e-01 2.285710404975700716e-01
2.301274778381391073e+01 8.341703574170850066e-01 3.127177566544473430e-01
2.753341978354961839e+01 6.297043897905751919e-01 2.920860113476131392e-01
2.186631894872256154e+01 9.713852829058925442e-01 2.532809041536033812e-01
2.795018198615079541e+01 5.793512582086151053e-01 2.619554182945424414e-01
2.124661761304427898e+01 9.180201239310578076e-01 3.213285085213998804e-01
2.591271265969794513e+01 6.116473990353041845e-01 3.162520451187143533e-01
2.118786844613127229e+01 8.774628889035337442e-01 3.205548176413259287e-01
2.413011696089427716e+01 8.309589139027662164e-01 2.300311468597161235e-01
2.442554147557853028e+01 7.209444189425505689e-01 2.560105473435991819e-01
2.187294158998813387e+01 8.986099458685661290e-01 3.579406970950960165e-01
2.766163448032748207e+01 6.368888590288748208e-01 2.520842137969061536e-01
2.887097261463142672e+01 5.210133566161391228e-01 1.631892756488208807e-01
2.700722374179905216e+01 6.444076832091423235e-01 2.755361759999589433e-01
2.400797499492399467e+01 6.828074342734528068e-01 3.823916409217213985e-01
2.587027557171776948e+01 7.579341172242435309e-01 2.459166412422502113e-01
2.952580443018234035e+01 5.149166600961548879e-01 2.750409821088948270e-01
2.445236550528645836e+01 7.905942252231727974e-01 2.689366849534539639e-01
2.532722366623840671e+01 6.471960942465804223e-01 2.965171063129268259e-01
2.280075030069066244e+01 7.965030913882220620e-01 4.325621034510018781e-01
2.678552309890908134e+01 8.613356289097617857e-01 1.404036519113936177e-01
2.194996117501713329e+01 8.091348737231703891e-01 3.299320703908465435e-01
2.268843409114722576e+01 8.195543196424790455e-01 3.404852694221872089e-01
2.294657574081961116e+01 9.015293795516657882e-01 2.601135657972549753e-01
2.991062765339726326e+01 4.599191896346581099e-01 3.375621963423334759e-01
2.505952695083401949e+01 7.894146022658358186e-01 2.230314641749708560e-01
2.425184969437885485e+01 7.904181189618700865e-01 3.332018248306591324e-01
2.475991551645483568e+01 7.119527037104822487e-01 3.455092722890241164e-01
3.139772960587847095e+01 4.359229121833252951e-01 2.743705835598256315e-01
2.294677356636868737e+01 8.711149519744205705e-01 3.035125743117974007e-01
2.365942011216593954e+01 7.624897907303126443e-01 3.693170521113871008e-01
2.387093525479449596e+01 7.938836938429412182e-01 3.084769673986532124e-01
2.756166951635254847e+01 5.851739429279172455e-01 2.956693731344293696e-01
2.241583641221921752e+01 7.681835942313453014e-01 3.516200386194918703e-01
2.483306336995705976e+01 6.760425642180613037e-01 3.421495256446118738e-01
2.437133157908198910e+01 6.956501475015330893e-01 3.624439800976901327e-01
2.615147704163362619e+01 7.460415621411070619e-01 2.009371624702696035e-01
2.403523082349247275e+01 7.034101466928799340e-01 3.121171351018369733e-01
2.348062590734474142e+01 7.727918301058381845e-01 2.357705757568636928e-01
2.778929770288758050e+01 6.166148416364827245e-01 3.221413289143214564e-01
2.311083595450211448e+01 9.379296717305674047e-01 2.377415397544576370e-01
2.430495497595079613e+01 8.734134451681476730e-01 2.102668215320911138e-01
2.397709890765274210e+01 7.237244580848106734e-01 2.815637661645385981e-01
2.769544166641171401e+01 7.229272721350720188e-01 1.753974159067887562e-01
2.604735957240068700e+01 6.405523306842599851e-01 3.248253641942670522e-01
2.649976732481918873e+01 8.793605488901277134e-01 1.475123749370633730e-01
2.387469073442483847e+01 7.712711348943133149e-01 3.044705208298355004e-01
2.204526831180258029e+01 9.060866134847306297e-01 3.587945052325547390e-01
2.206866338201225375e+01 7.749169411423960652e-01 2.657847348146118449e-01
2.620181956865994977e+01 6.669801677562822162e-01 3.029145878783842116e-01
2.412379668000246014e+01 8.635266495218850702e-01 2.976011807971970513e-01
2.524215515330019244e+01 8.126646480786748894e-01 3.187693988054456917e-01
2.223142233655858035e+01 8.946807127118526770e-01 3.470421277642591895e-01
2.392666389207574085e+01 7.317405029958070628e-01 2.565454955424103511e-01
2.248878103878392309e+01 8.841198315974934108e-01 2.707788764383583513e-01
3.099266267474129677e+01 4.683612517070560588e-01 2.642935730473436329e-01
2.808777096292689635e+01 6.995571272338725333e-01 1.672808468477829935e-01
2.652167175166887958e+01 5.845369967759175278e-01 3.413019907255757657e-01
2.340040193373301847e+01 7.762292662716387959e-01 2.965624208604624168e-01
2.489214634320926223e+01 8.517372609636806313e-01 2.078960223691481979e-01
2.597412362868452362e+01 7.858088265167331166e-01 1.713460962825762712e-01
3.237545126922271521e+01 4.451259831892985241e-01 2.381370254603700221e-01
2.711827250615537110e+01 7.081299539114193076e-01 3.140355346506778500e-01
2.110176543066521759e+01 9.864490281864203292e-01 3.115507766382411559e-01
2.512013827296157586e+01 8.357153341051059003e-01 2.750491530576027466e-01
3.260343520426037145e+01 3.046181260178607020e-01 2.164282074264259337e-01
2.753078181634989363e+01 5.584756805985188199e-01 2.354091018743219299e-01
2.658422650632045503e+01 6.710695270963750181e-01 2.688385432261712338e-01
2.184089198355754391e+01 8.007129760734869039e-01 3.141413940463746446e-01
2.551646745910520409e+01 7.523954787454737447e-01 2.565919290253371177e-01
2.470147232807237714e+01 8.094402876695377946e-01 2.893877768943456941e-01
2.885239503150726037e+01 4.860058257011444782e-01 1.698148217263987791e-01
2.210602488178300007e+01 9.287002283527240332e-01 3.097848516851478551e-01
2.606032063653830377e+01 8.027858684876538753e-01 1.898869885302235105e-01
2.763785044506615307e+01 5.826568310325289657e-01 3.176501181501017457e-01
2.799477144161607711e+01 5.734195622373806644e-01 2.763419971964168331e-01
3.014850351710088106e+01 5.028083079874864358e-01 2.915790669145007508e-01
2.398268047146722637e+01 8.915043817197257914e-01 2.419376858038386757e-01
2.129938169520854174e+01 9.252755358992683643e-01 3.516826506402088715e-01
2.654272685649978669e+01 7.804594146062733273e-01 2.005405125084760987e-01
2.735976175665095056e+01 5.977534682880789596e-01 2.927456793169972982e-01
2.456596977527974346e+01 7.958362782438679339e-01 2.831867258405065813e-01
2.199450799150787006e+01 8.753165191218759134e-01 3.102720921835542267e-01
2.897196881504050125e+01 5.605724584676702316e-01 2.690660608982737290e-01
2.372822536805746552e+01 7.283984164953285489e-01 3.382650291563696343e-01
2.126145980748848530e+01 9.804234483554634672e-01 2.868715416140777408e-01
2.488087856534206210e+01 8.585229874855807575e-01 1.953302373332790887e-01
2.672173660291701935e+01 6.650681871941739320e-01 2.541461556344759565e-01
2.490910831098396372e+01 6.106354188773128744e-01 3.364657393901552829e-01
2.550304716945303696e+01 6.799166919617368743e-01 3.138986849125162126e-01
2.923986046541899952e+01 5.368633925784114247e-01 2.482776665228919877e-01
2.270220417262770951e+01 7.988237377000088069e-01 2.789901640767659119e-01
2.667990858877568172e+01 6.735293619542277455e-01 2.741015988350969934e-01
2.409326301031344286e+01 7.257275190662569875e-01 2.880943688396648272e-01
2.208777289060279259e+01 9.967135975408897286e-01 2.175833049173823697e-01
2.819971662139669633e+01 5.804751087097770323e-01 2.943177973308630513e-01
3.080792400731153080e+01 5.434363142459686102e-01 2.631267515893732090e-01
2.175641089016743379e+01 8.978532170835952231e-01 3.653621422015836950e-01
2.121378859609491130e+01 9.600320503081445356e-01 3.274148151038416277e-01
2.432877168506283283e+01 8.071241296262054998e-01 3.101514339830928613e-01
2.811081633453077799e+01 5.910276703920269714e-01 3.045229739362094179e-01
2.589968662052953974e+01 6.357453467459437402e-01 3.155611173432015804e-01
2.326786483842447595e+01 8.611756656640213725e-01 2.678755967244763614e-01
2.581815769176258613e+01 6.880509637968023062e-01 2.836556544593770157e-01
2.919458017633865055e+01 4.961847993658817235e-01 2.856096085795967188e-01
2.411702288947891049e+01 7.837391087566009107e-01 2.482834549498844079e-01
2.263903613598476383e+01 9.462804704978469150e-01 2.772163591457086906e-01
2.846730367797328753e+01 5.292939970912150516e-01 2.552678931717203281e-01
2.220163909096081412e+01 8.897825177485616521e-01 2.956851826018692120e-01
2.173023059846500971e+01 9.394008672550143713e-01 3.006719357545223903e-01
2.148164514745837295e+01 9.383670089460808272e-01 2.907904801916682547e-01
2.292871014533380958e+01 8.549514281049866993e-01 2.453179153908484900e-01
2.404716886603260662e+01 8.770944547657002488e-01 2.390752267561860045e-01
2.639984797244435200e+01 7.118923220663109230e-01 2.459842025732021653e-01
2.374499789564865537e+01 9.358702506198071092e-01 2.238350334794972640e-01
3.019721583556734146e+01 4.807101886943241364e-01 2.080957555315743057e-01
2.266182884297792199e+01 8.866115832689608345e-01 3.052291514984773468e-01
2.508789944149051010e+01 7.630720688871154289e-01 2.743889142144803062e-01
2.401353678000726788e+01 9.580830112789726627e-01 1.887203008129719473e-01
2.531679869398842087e+01 7.241991230022269965e-01 3.036946415570457858e-01
2.401608077632582550e+01 7.292859333842033331e-01 2.413968019613889626e-01
2.251827425786563452e+01 9.835062715460570759e-01 2.378727319569723664e-01
2.321618490771389887e+01 8.349908760200992486e-01 2.861634077291989597e-01
2.521250339359726667e+01 8.520723483954807387e-01 1.684388419115446789e-01
2.493319974028163344e+01 8.471308515229678537e-01 2.783194281779165502e-01
2.141327800675037452e+01 9.870487853281221247e-01 3.042004349248135786e-01
2.450919179252058910e+01 7.355642949402456665e-01 2.856337046474544672e-01
2.440876507473947399e+01 7.932966525232707511e-01 2.650878565108659157e-01
2.426832635983895514e+01 8.413197933814983154e-01 2.635217421099651514e-01
2.218171791050795960e+01 8.956336381372037581e-01 3.164749662422464693e-01
2.289457099547768948e+01 7.877880379189753368e-01 3.625872099493916423e-01
3.136316005815416119e+01 4.733943010899325232e-01 2.384420263595357636e-01
2.642508811419701686e+01 7.057643911997562025e-01 2.806441949200093600e-01
2.410124240537637874e+01 9.082611082039621087e-01 2.195830587949084700e-01
2.615501083707860985e+01 6.103815070294681400e-01 3.377141942461714952e-01
2.285431975522475057e+01 8.976968333043722215e-01 3.011992839801763688e-01
2.226245235271799316e+01 7.666794223125552588e-01 3.734365870465624071e-01
3.022031132286921817e+01 5.387077410182443682e-01 2.678335635424491934e-01
2.204015522889099543e+01 8.304384497234732487e-01 3.380812803806641509e-01
2.455031754511753306e+01 8.060502025653231151e-01 2.858623967242075459e-01
2.287761415601133663e+01 8.587195894314306743e-01 3.193756161515226011e-01
2.666362429046463944e+01 6.758829972660445051e-01 2.327644168243253042e-01
2.500757479379502612e+01 7.341504569920324075e-01 2.843452319149141205e-01
2.474993981957053890e+01 7.320811726453824164e-01 2.516464934965691458e-01
2.921144426061286836e+01 5.196706333423329882e-01 3.004723181033615576e-01
2.461386894357006838e+01 8.118626613073363085e-01 2.414956515558138450e-01
2.840288332972143337e+01 6.413177899872394283e-01 2.216081892068466341e-01
2.418318775569122181e+01 7.402272840451052938e-01 3.163821490696955840e-01
3.033576894998359919e+01 5.006679733121326414e-01 2.656434412138768963e-01
2.115662346521088466e+01 9.839050050501348954e-01 2.561907552948789468e-01
2.604735736750237862e+01 8.084981647602653698e-01 2.039996058460160910e-01
3.205835382196809746e+01 4.330696878811676753e-01 2.793414860186794191e-01
2.404525135457961937e+01 7.485300836100444721e-01 3.317105159544220805e-01
2.286181321241623365e+01 8.900362446041428788e-01 3.348832430192021370e-01
2.052099210851886468e+01 9.690926610561733101e-01 3.833615422569917053e-01
2.812172011006158456e+01 6.903336475050109167e-01 1.916878037055784467e-01
2.836970382457931450e+01 5.283616840799819636e-01 3.317780113427262201e-01
2.573038128367171140e+01 6.141894408718314713e-01 3.375926772645795881e-01
2.409955390677469467e+01 7.732925573493357740e-01 2.625435323149792333e-01
2.573273068132604990e+01 6.866384353433092613e-01 2.912061947365630621e-01
2.448256602940949378e+01 7.760570201652694511e-01 3.027452619782725063e-01
2.819592562213992082e+01 5.760036417413940679e-01 2.813225764429129749e-01
2.267124119734882015e+01 8.454112752803831787e-01 3.033794001151940978e-01
2.531174409348470533e+01 8.191369966525345880e-01 2.254464364084652894e-01
2.515236746371585141e+01 7.106589441753399239e-01 2.964363657207167990e-01
2.183166254959163410e+01 8.703393430984807111e-01 2.986118008504672350e-01
3.009340033499936240e+01 4.980432569005435184e-01 2.988653294664879168e-01
2.864504639966741451e+01 5.485281628232583362e-01 2.672643212303391080e-01
2.409579172100871602e+01 7.938836938429412182e-01 2.962665569494529194e-01
2.611335705759350034e+01 6.551571178261705874e-01 2.892804535195259152e-01
2.573067959607953625e+01 7.702717696578110784e-01 2.380702589536779490e-01
2.329280911286673472e+01 7.829840024781049568e-01 3.173705894637546820e-01
2.698991934640072898e+01 6.356109642532276061e-01 3.105548189037986018e-01
2.777254164626352662e+01 4.995900235371614206e-01 2.890342557169710003e-01
2.850552055123472428e+01 4.881670882939230238e-01 3.269764299201414759e-01
2.994782031969745262e+01 5.209404005048361430e-01 2.617216084666096898e-01
2.667207213989816239e+01 6.976154242025603969e-01 2.747416858195765310e-01
3.023416820778021474e+01 4.881450785874805742e-01 2.270735683129058158e-01
2.245515650906625282e+01 9.840375817943981529e-01 2.358290529243395883e-01
2.536624612762038922e+01 7.782826053225331275e-01 2.447682700670780198e-01
2.723527519658740204e+01 5.180684033405440481e-01 2.839581269169704214e-01
2.618269510390463850e+01 5.791764449914846846e-01 3.772394622775237516e-01
2.210188570818929676e+01 8.554846495808590134e-01 3.184714255096471325e-01
2.954712658608692166e+01 6.332510642230755327e-01 2.070976625581694430e-01
2.425589937390122941e+01 7.627171782663704214e-01 2.637782283602967404e-01
2.783691470558163772e+01 6.289101971813769731e-01 2.497281129034496783e-01
2.357765847860444808e+01 7.565370468256710224e-01 2.998084058297135202e-01
2.232156656994276034e+01 8.473087722323249249e-01 3.112270262826200007e-01
2.571091219626124413e+01 6.915388703541033300e-01 2.149647428920323233e-01
2.501786312227395115e+01 7.918896368926395812e-01 2.370206653518684148e-01
2.606796080784413761e+01 7.979483662167576874e-01 1.844960809726328976e-01
3.525610814406056193e+01 2.636144927804631721e-01 2.107752180579954560e-01
2.475759583594334501e+01 7.676147218121249782e-01 2.390745598196039878e-01
2.277434816786427163e+01 8.875680024916351440e-01 2.921198898014586987e-01
2.919472489308043706e+01 5.023316253512305485e-01 3.175366865807374706e-01
2.533258586462033790e+01 7.942509151341583529e-01 2.338036351809159585e-01
2.285347137420274422e+01 8.762396609292302241e-01 3.237813329554272146e-01
2.991206810996851573e+01 4.988398413599016701e-01 3.316442489722692955e-01
2.443863275076740038e+01 7.635961528870600645e-01 3.029205881879990514e-01
2.353225977195512897e+01 9.542690898673471533e-01 2.449489062017975727e-01
3.179346700313163510e+01 4.799148811840487361e-01 2.498641878469620159e-01
2.873466137782534346e+01 5.034735259586020639e-01 2.941177971402148539e-01
3.110700133758662744e+01 6.779219646240888242e-01 1.278281879263210852e-01
2.446565504943184166e+01 6.766336156852175154e-01 2.688289804596482035e-01
2.322843765355146672e+01 8.766993542585482801e-01 2.418699867276019322e-01
2.421998296982827981e+01 8.141317591989604141e-01 2.470539011987673561e-01
2.561045855022646123e+01 9.016039523760830399e-01 1.688823614021970621e-01
2.135612421897471691e+01 9.001618109979543370e-01 3.397262508717767693e-01
2.144525131690202358e+01 8.529088448731754202e-01 3.893801491250712954e-01
2.765330464495792739e+01 7.008725109653460850e-01 2.034267300562698222e-01
2.197487906308022332e+01 9.287802480626833335e-01 2.889917142517532955e-01
2.294712607299653229e+01 8.899091282768728517e-01 2.672381955825258726e-01
2.563948499530816250e+01 6.946295317747697151e-01 2.822637882368000950e-01
2.317486107206610768e+01 9.903536665306476028e-01 3.239547944883407471e-01
2.352587099855153596e+01 7.863945144375066310e-01 3.473752527459582629e-01
2.842098652874248188e+01 4.773055003084044623e-01 3.146370156414142194e-01
2.496722517506336914e+01 7.362912260628338146e-01 3.408017608979496682e-01
2.662701109013801570e+01 5.286922679292217486e-01 2.567343828413189422e-01
2.300298371910603024e+01 7.905112267741192245e-01 3.322170940596491095e-01
2.440084104576387958e+01 6.816913410101075321e-01 3.174781809278529598e-01
2.886855024295872951e+01 5.227596798459259730e-01 2.727391192014103627e-01
3.007950497432127079e+01 5.760620688233867304e-01 2.372040593568425781e-01
2.852757278023564069e+01 5.563018980710781047e-01 3.206646322421111139e-01
2.675583346914149985e+01 6.429956148787312475e-01 2.961263042350198993e-01
2.359699179499381927e+01 8.295880295394567616e-01 2.833641979603736538e-01
3.048654749740477854e+01 4.419547076468055002e-01 3.095836257004725978e-01
2.515041234772173340e+01 7.344830615734696533e-01 2.540398646203645971e-01
2.512580351103673237e+01 7.992045024164753375e-01 2.588660548688683782e-01
2.377420625223527750e+01 9.018911241604323781e-01 3.154988202304299105e-01
2.357187196744598978e+01 8.650068929915478710e-01 2.420781155768803872e-01
2.784020484300319254e+01 6.594812156291200989e-01 2.360642737165428717e-01
2.720956239100233276e+01 5.931225090943446077e-01 3.385316066348224573e-01
2.446764806028792449e+01 8.587804781881998029e-01 2.171325412596222248e-01
3.068131213159358595e+01 5.402663109518548445e-01 2.829355147455459574e-01
3.007734153583304959e+01 5.674923435229568547e-01 2.438535127964358562e-01
2.614180015194400397e+01 6.103461794316131783e-01 3.375494149731412818e-01
2.708650197359992617e+01 5.547938199666980763e-01 2.862815218633703029e-01
2.672098837627840595e+01 7.680708076942668328e-01 2.116611810030716301e-01
2.167428718980223579e+01 9.384826920374410575e-01 3.063239034600251931e-01
2.868175598420594952e+01 5.035183478150940806e-01 3.667265800753873317e-01
2.306912889339201556e+01 8.508087565792536999e-01 2.524899757188807103e-01
2.347332471781660956e+01 7.358592768081114732e-01 3.233467094227805982e-01
2.473292975714695174e+01 7.163252748642110479e-01 3.368760920657631885e-01
2.289802639465746026e+01 8.600993709551000288e-01 3.120691394678593578e-01
2.923266483846517261e+01 4.611849160054735108e-01 3.843736890359979452e-01
2.200989031392439443e+01 9.376558126543447225e-01 2.702140874003362558e-01
2.097500617677565771e+01 9.606016349965194046e-01 3.017242659164402485e-01
2.668923740385958610e+01 6.743107942126173038e-01 2.384713037512327660e-01
2.419205362474160381e+01 7.434356344711489095e-01 3.167847504061890862e-01
2.780669347678408698e+01 6.125999417726747387e-01 2.303370424853498633e-01
2.245691943420551695e+01 9.069124895407894016e-01 2.825039071222288922e-01
2.614334956679297761e+01 6.141843970884589554e-01 3.095594681323653452e-01
2.124787829217592616e+01 9.749938822394269566e-01 3.218560723369157661e-01
2.270654355621858400e+01 8.798960987794898214e-01 3.234921694625405575e-01
2.719420632514520264e+01 5.804515653209835202e-01 2.686774094434014049e-01
2.749465899500119548e+01 5.679600906169988139e-01 3.149392666768119908e-01
2.532665728770781399e+01 6.838819201487068566e-01 3.060898555676146437e-01
2.671115956199260566e+01 6.406220180504884620e-01 2.640908449641001798e-01
2.484855188121367320e+01 7.493129516619483343e-01 2.768898456073980441e-01
2.628550923076381451e+01 8.133995968214204897e-01 2.415638410348661114e-01
2.520160660583109191e+01 7.229296222125931592e-01 2.771041048670819240e-01
2.247284249281188551e+01 8.985259570782122562e-01 3.223413722058024455e-01
2.402030793821352006e+01 8.305190367573223043e-01 2.558324345484715989e-01
2.721494835581160032e+01 6.976247571747717924e-01 2.381089443969652275e-01
2.918024949092032827e+01 4.817248231330371611e-01 3.137861457926670039e-01
2.663089976295862726e+01 6.321500590338477998e-01 3.318805648784278750e-01
2.848112264247878755e+01 5.634366246892725805e-01 3.115884488258132690e-01
2.232265059785455819e+01 8.807114507885261956e-01 2.832912291280884620e-01
2.791364117317347393e+01 5.600565601703401120e-01 3.109742466808003147e-01
3.222403404270350791e+01 5.095686260947059898e-01 2.158034463168868600e-01
2.149855816170746081e+01 9.387475095315814810e-01 3.067221948296581235e-01
2.264064591047333508e+01 8.922311216098661735e-01 2.547234618305730391e-01
2.299844525323575795e+01 8.694677541372305418e-01 2.581523852140663600e-01
2.590930503285113318e+01 6.212330136702509664e-01 3.053744424978660499e-01
2.475161842356627773e+01 7.195534559390748264e-01 3.530801677503773162e-01
2.302546168899799639e+01 8.693054403252796769e-01 2.529958905813822767e-01
2.488474301551123702e+01 7.023522286219207045e-01 3.362493666485027455e-01
2.354543918670039915e+01 8.227867935733556015e-01 3.487018399199165453e-01
2.108169192837238981e+01 9.992476990243330803e-01 3.229211844083594851e-01
2.686148049628167556e+01 5.732066252251927230e-01 3.518662644048187182e-01
2.338778109609013001e+01 9.939637636519581543e-01 2.114186627753437409e-01
2.667507443053650107e+01 5.872999754831741415e-01 3.460958823784962002e-01
2.529790828170426309e+01 6.364912963699110859e-01 3.567836705355638127e-01
2.407014843542800264e+01 8.547629198065186396e-01 2.750552224842680027e-01
2.712350920144317712e+01 7.170339251795477820e-01 2.645831488552289890e-01
2.881284457429064005e+01 5.696196244317330848e-01 2.491881628166867368e-01
2.861622555339739549e+01 5.947250928208126508e-01 2.161580943738897753e-01
2.584213392613467164e+01 6.608548652329286899e-01 3.131639632254776262e-01
2.699342802822266663e+01 6.431813345722896536e-01 2.917170526383373597e-01
2.217291536775341143e+01 9.695708318795392966e-01 2.460689433464993414e-01
2.548964563492542013e+01 7.101542283911916886e-01 2.750423631353719478e-01
2.996016497382808197e+01 5.940090770542547638e-01 1.584831170909972720e-01
2.359660115075033460e+01 9.151258652659862713e-01 1.942585179165709497e-01
2.554203494396782403e+01 8.837107008064297720e-01 2.434915746044913898e-01
2.667516104956569478e+01 6.790076260271834530e-01 2.550426187877734563e-01
2.287216696746374822e+01 7.852816203028407660e-01 3.611771876679116811e-01
2.484433477163709725e+01 7.027720247343864912e-01 3.439899537538639307e-01
2.438485233984700429e+01 7.099810243701060175e-01 3.378409206745785487e-01
2.258490700554153818e+01 9.986140996790984214e-01 2.432851508812077790e-01
2.571789631299354895e+01 7.301622064551889224e-01 2.432514111839247928e-01
2.241914932864293064e+01 8.975427759284306806e-01 3.080489044966077672e-01
2.328038045118891830e+01 9.497614618706030631e-01 2.218536368900680678e-01
2.875847661373123998e+01 5.634366246892725805e-01 2.989391604154186255e-01
2.353478716119854042e+01 7.806171203596973251e-01 3.230492433275761743e-01
2.510084535971751762e+01 6.714079457683369556e-01 3.671713546551179097e-01
2.214490164301500741e+01 9.786850211168546254e-01 2.485314491899006106e-01
2.486871908437634460e+01 7.794676941365712430e-01 2.121352507709368673e-01
2.228719532483451005e+01 9.352419085882043293e-01 2.834354816904279262e-01
2.649763346690535215e+01 6.705667000827868485e-01 2.610644780989065938e-01
2.592256136540684253e+01 6.531012931702434576e-01 3.076037837388966301e-01
2.257594181367482022e+01 8.096110265050502353e-01 2.747640021343791261e-01
2.512941261836701301e+01 8.558303912268273583e-01 1.547529828567507371e-01
2.322423949593838444e+01 7.775457924030246826e-01 3.816391312180920092e-01
2.308600631076302534e+01 9.641280498562897483e-01 1.797772047396811179e-01
2.312430791227340521e+01 8.602940866117332330e-01 2.245519700682237219e-01
2.734350354185810161e+01 5.010444106912553819e-01 3.471268664563118000e-01
2.100758928636975753e+01 9.424121041944786281e-01 3.321211825419801422e-01
2.263895280371519192e+01 7.425390226137755789e-01 3.267403939211261377e-01
2.266269588048785621e+01 8.658620232125657790e-01 2.713481267260586249e-01
2.788396935230349172e+01 6.235101996338640040e-01 2.394211711482452098e-01
2.940184701370035469e+01 5.102836764152680615e-01 2.851561160676098217e-01
2.252338302823715566e+01 7.542017846746693621e-01 2.746092312652347323e-01
2.645036300548466812e+01 6.048167431859627907e-01 2.906515018294573705e-01
2.260622583141100606e+01 8.990872063464376840e-01 2.553574497458719339e-01
3.045167421617651726e+01 4.782355820368774935e-01 2.811896050291263771e-01
2.953364065975706154e+01 5.807645727931984858e-01 2.482003614034292427e-01
2.104067007330082362e+01 9.218627480046349687e-01 3.408725135247248073e-01
2.789886751589123293e+01 6.103995043953649446e-01 2.613296250909985519e-01
2.461116844209277943e+01 8.126995323519184966e-01 3.622208963887698085e-01
2.295479164151896612e+01 8.043467307991082338e-01 3.407282976919521200e-01
2.580052685214808506e+01 7.266860751635032534e-01 2.539130391506805862e-01
2.461648543140680800e+01 7.458293834785703069e-01 2.827611952633259929e-01
2.859236005806323888e+01 5.642693837027137338e-01 2.702946745451669797e-01
2.530451634805890393e+01 6.376109731654366897e-01 3.559454695279870573e-01
2.618867998383653983e+01 8.324514756971137519e-01 1.380825202923406103e-01
2.680065449233490327e+01 7.186647350550071645e-01 2.255834390796808420e-01
3.250218851576585877e+01 4.765646399599781091e-01 2.810245294799291749e-01
2.953841649996367025e+01 4.836181868718819055e-01 3.156351563030308505e-01
2.912650494389134082e+01 4.690200774297517139e-01 3.363128673629847132e-01
2.802963897701052787e+01 6.267953506457003554e-01 2.147920442659358164e-01
2.929805481893857788e+01 5.131995536188523888e-01 2.686344636108733974e-01
2.756867233871837541e+01 5.696557964465190915e-01 2.960228693483571982e-01
2.378924059537253655e+01 7.599817617328822328e-01 3.215369185169281718e-01
2.297745616344511532e+01 8.966562889236259215e-01 2.673154764316962861e-01
2.067741573814095091e+01 9.664745404550909580e-01 3.240376821178226896e-01
2.508945903789988563e+01 6.925858025301094845e-01 2.976288969564045983e-01
2.204994702253061689e+01 9.953867199435815216e-01 2.293696790185013323e-01
2.747129177191790106e+01 6.647530557478924518e-01 2.938782636066348264e-01
2.646417600374127588e+01 5.878138930094910508e-01 3.331185393288958463e-01
2.427038493555937038e+01 7.586538594454826923e-01 2.951297666586114032e-01
2.403485263781654879e+01 6.325442662184588283e-01 2.705067042385596587e-01
2.147427769402493070e+01 8.973445761928690034e-01 3.896437846567853969e-01
2.546483073359815208e+01 6.877902988070880852e-01 2.713875924094136804e-01
2.678977624725033024e+01 8.225664506801622089e-01 1.756042107015205744e-01
2.250019852085314653e+01 8.809049305619051085e-01 3.294044387355578030e-01
3.278343916051930762e+01 4.313436316624454370e-01 3.003878351380593337e-01
2.412538864151230911e+01 8.224928893043473854e-01 2.011055233998900460e-01
2.338528550935453865e+01 7.492310626809282059e-01 3.449426614821999859e-01
2.431060625484082038e+01 8.065561259546147888e-01 2.711357547815393954e-01
2.766267840384227483e+01 5.465621568956845477e-01 3.168423808040847223e-01
2.621841558397516891e+01 8.414453470810909774e-01 1.545921515198028506e-01
2.659706539883709908e+01 6.794606078620377687e-01 2.663714170591947039e-01
2.589743238828329552e+01 6.884427338530814122e-01 2.599528693824845194e-01
2.801304846707646945e+01 5.516727720944922808e-01 2.971546719132269754e-01
2.568237381736418001e+01 7.020672218738384096e-01 3.636290591520522364e-01
2.013245247386513270e+01 9.931732086441146246e-01 3.538423693084296606e-01
2.332958870027045251e+01 8.510423060062003442e-01 2.744653164855142546e-01
2.218506978613827130e+01 9.233600128612442504e-01 2.694209141735761093e-01
2.595902160923922608e+01 8.280920181598241392e-01 1.745103032728886894e-01
2.340348530313248077e+01 7.697839306747653598e-01 2.993808712128166460e-01
2.383652950787943325e+01 7.896032217397905839e-01 3.200652943809474404e-01
2.782785775477137946e+01 5.594302599202900517e-01 2.956298159610788456e-01
2.675392440217327561e+01 6.744153994896503468e-01 2.629901944439971273e-01
2.146553726806562423e+01 9.272804175212998601e-01 2.689592213628671513e-01
2.547574494245052890e+01 7.578633317486163090e-01 2.711975246115828075e-01
2.409030202913714191e+01 7.615736112436390925e-01 2.092514473562943622e-01
2.179211293965083840e+01 8.895104846522152720e-01 3.184547573512367391e-01
2.555681016554278528e+01 7.643018263890131170e-01 2.055159674521336022e-01
2.338102749888023979e+01 7.327686455129738263e-01 3.893652106871026697e-01
2.136243366901814866e+01 9.538887998715619432e-01 3.485355801304151346e-01
2.128639425011753872e+01 9.455466238523305700e-01 3.699766153727508389e-01
2.455173031844591236e+01 7.241486096958009711e-01 2.366977925004350725e-01
2.607246257731255312e+01 6.715274811571446678e-01 1.808591818975917032e-01
2.687948890865966689e+01 5.973184337992994974e-01 3.340775100447310741e-01
2.842744686428780909e+01 5.255457665421674474e-01 3.514497239401263018e-01
3.003684148776389051e+01 5.698818649534189706e-01 2.210042593683520240e-01
2.676411848977765118e+01 5.812154776445169757e-01 3.658137357605681927e-01
2.593501258288307554e+01 5.338549843058936206e-01 3.014428020355069959e-01
2.173906170643965297e+01 9.936845723655747253e-01 2.923132873325644532e-01
2.354481817791944920e+01 8.513820553466653340e-01 2.894945613027813391e-01
2.377401748411888249e+01 8.189426494961096203e-01 2.484922555058507454e-01
2.437452641147498156e+01 8.804437152823485491e-01 1.860629227845577438e-01
2.719479516980134548e+01 7.745789454512701511e-01 1.670966337942094426e-01
2.361259519718799638e+01 8.268177937791872933e-01 3.226241884658206382e-01
2.929466979711382635e+01 5.884187554503375051e-01 2.559204254475500040e-01
2.537921288508931994e+01 8.134922123131000937e-01 2.997368684860081678e-01
2.757184802556624348e+01 5.872644931384016775e-01 2.676247594826753895e-01
2.882705364631192424e+01 5.624869544289776702e-01 2.705934791903491510e-01
2.871341214074539394e+01 5.896244300162736263e-01 2.321911784767373699e-01
2.975111544962108923e+01 4.585797743801298676e-01 3.458260828289562716e-01
2.398526747387391822e+01 7.417051674554834273e-01 3.041263781026001811e-01
3.198483873560400781e+01 4.293635071455739194e-01 2.741925928557310543e-01
2.321833042999990582e+01 6.958857743476846158e-01 2.942369905053394685e-01
2.175237265190147085e+01 9.909641036025982341e-01 2.978185478386293217e-01
2.448392005349936440e+01 7.507886749676841998e-01 3.326747862860726657e-01
2.971199738380305533e+01 4.797104404248936360e-01 2.913595573088976765e-01
2.368985245372165593e+01 7.770818371988069684e-01 3.155215275225173310e-01
2.582824237789733246e+01 6.589062908748092307e-01 3.308782399237548133e-01
2.356093462626709467e+01 7.194345939541543222e-01 3.110775774305152286e-01
2.760480277106762514e+01 5.614693293282072561e-01 2.634959855558753339e-01
2.198688360315106749e+01 8.610476194489292689e-01 2.722604531886665957e-01
2.135490231741008671e+01 9.681869905998525816e-01 3.321309167318405864e-01
2.548047830853372986e+01 7.126538434425809809e-01 2.834692648081086341e-01
2.804267629008034390e+01 6.042775372472449780e-01 2.843232940545541987e-01
2.330374404430013868e+01 8.680132898273262843e-01 2.971567520903907744e-01
2.302999957504740181e+01 9.921693704673015812e-01 2.180240537871031004e-01
2.581626380455935887e+01 5.940083779281255527e-01 2.770118294725669728e-01
3.029434924901212867e+01 4.916966708750927784e-01 3.536264481695430284e-01
2.292634508843134711e+01 8.660395228113324517e-01 2.509007603906250883e-01
2.715199681825317057e+01 7.522836596791822039e-01 1.871082714270966563e-01
2.593681630966206697e+01 6.571761791761441263e-01 2.918110120301233845e-01
2.067557316368277753e+01 9.572294239404990357e-01 3.865794430416861216e-01
2.472436139981870795e+01 6.867586675985708489e-01 3.229184109983331274e-01
2.722415091351608751e+01 7.509555728604944136e-01 1.905797949743711917e-01
2.560023685106672886e+01 7.954958845845302440e-01 2.411719960348189806e-01
2.267636768565821725e+01 9.226984614327188305e-01 2.767903492296844292e-01
2.412219869558319374e+01 7.348712508453992820e-01 3.281795229009095705e-01
2.470682593182761266e+01 8.247305685371122408e-01 2.118632933997477708e-01
2.376067250146736498e+01 8.923180512700800149e-01 2.617360890845596422e-01
2.265099379900056675e+01 7.885336515737733087e-01 3.451677742088750112e-01
3.074516195005140062e+01 5.308869673174133608e-01 2.253129052713176150e-01
2.242426755844407893e+01 9.425282240920235255e-01 2.724361704881972379e-01
2.685070454322060840e+01 7.581670583507983396e-01 1.683635263606767796e-01
3.138444644209474177e+01 5.908980745500473919e-01 2.140426480000768295e-01
2.297022402950384645e+01 8.562064374222349006e-01 3.083777305220957721e-01
2.095508576807073098e+01 9.411898194246193228e-01 2.875343576533294643e-01
2.479769485060625911e+01 6.545771541632670054e-01 2.647565870564341228e-01
2.192247534482895333e+01 9.078943723268420030e-01 3.448912867413673200e-01
2.463546052591377844e+01 7.302150262888399412e-01 3.222890637948554460e-01
2.547542529743774864e+01 8.297429597677716817e-01 2.542324369516053562e-01
2.307399932718718105e+01 8.115079499589337164e-01 3.422984691096591092e-01
2.316066753229846853e+01 8.915953812945595081e-01 2.808322872112976598e-01
2.429489776401954870e+01 8.324188268282309844e-01 2.480359953937068263e-01
2.675545931472111860e+01 6.408923912941365542e-01 2.553565872709094298e-01
2.599569019863263719e+01 6.580075890575395325e-01 2.618366443303377089e-01
2.162093143421137142e+01 9.593229816354821304e-01 2.868264593521450134e-01
2.402309593775867214e+01 9.395045051302243211e-01 1.868058636195237543e-01
2.648474020697830511e+01 8.421115458611073690e-01 1.718386298429753767e-01
2.653660755770995294e+01 8.596486954781790146e-01 1.825947905371523572e-01
2.579461408435247094e+01 6.773777395732966111e-01 2.845237093877100998e-01
2.781282798168463444e+01 5.807725582124334540e-01 3.064070096796658316e-01
2.876406405906391583e+01 4.772727031687366006e-01 3.153765892008505989e-01
2.642306136138199335e+01 5.757222716132549545e-01 3.361800722448846646e-01
2.291329362211324749e+01 8.253616447864156047e-01 2.997634715067667432e-01
2.496300276652359074e+01 9.073066994895516713e-01 1.799413671203862475e-01
2.417170934374289715e+01 7.008553634162373314e-01 3.366844884510147295e-01
2.327003846774522700e+01 8.112983985038203505e-01 3.068672765859253304e-01
2.932373129566189363e+01 5.420300553409622690e-01 2.406864256597502361e-01
2.017177854891911792e+01 8.616197283063838919e-01 4.102178153529314475e-01
2.585117027641413046e+01 8.001187794851163382e-01 2.629314420506594918e-01
2.587595527524892347e+01 6.110246064506911212e-01 3.300999103646066191e-01
2.379991897171162307e+01 7.942126875740594949e-01 3.581839150250137327e-01
2.863055875498218228e+01 5.678956488435957795e-01 2.646797968416084168e-01
2.139409860644415673e+01 8.673537772985273619e-01 3.168787276021821642e-01
2.694131359284035909e+01 6.026941298342773923e-01 2.816634403666912201e-01
2.009685736645875664e+01 8.735562425712025680e-01 2.876771362134254439e-01
2.847643620285601784e+01 5.424194789935304906e-01 2.464747447646087608e-01
2.405124904647892947e+01 8.266479475491830264e-01 2.460539386225721603e-01
2.479202438785279483e+01 9.071870311991595548e-01 1.796182754608824927e-01
2.536344720799039720e+01 7.708751240068150157e-01 2.335693878166381909e-01
2.353965714810356857e+01 8.823813459282805471e-01 2.277437632116848798e-01
2.545860301372101020e+01 7.812040726370026444e-01 2.708461981069612556e-01
2.168092471783683450e+01 9.572294783349698521e-01 3.269196998028557344e-01
2.528800429127736749e+01 8.076964017687603414e-01 2.954476418939421256e-01
2.497142259352792948e+01 8.496879148004479188e-01 1.942821417313604360e-01
2.810600891878752705e+01 4.893108470963931644e-01 3.638996647247170757e-01
2.292920782461857954e+01 9.124098079977963627e-01 3.754957430611715052e-01
3.156717536737740559e+01 5.090268984778052452e-01 2.939131951400329457e-01
2.688905563657809950e+01 5.354099249277504136e-01 3.259342196501038291e-01
2.416812807746800829e+01 6.963869457902278626e-01 3.618303914764286477e-01
2.075279400570016364e+01 9.554179644111445713e-01 3.681399136333106670e-01
2.232682167844894039e+01 9.536718135725769097e-01 2.490576458355346634e-01
2.558405386252409741e+01 7.123032506000857023e-01 2.953564032958617136e-01
3.053063458005487618e+01 4.392219728142441326e-01 2.875860498558199252e-01
2.503367719757934751e+01 7.525912368363296689e-01 2.494753384360064441e-01
2.892443087614956099e+01 5.269218542144534778e-01 2.843826995512956368e-01
2.574884567340147967e+01 8.927340834602203179e-01 1.315934365307037390e-01
2.342698794972758236e+01 8.739993637924833303e-01 2.683700833546496245e-01
2.224422724928022888e+01 9.400372681760670313e-01 3.099253934820910272e-01
2.177836563337140419e+01 9.655732214403883740e-01 3.154000542334139401e-01
2.645796589746146310e+01 6.664537677305438779e-01 2.579709566307119006e-01
2.940645426293470166e+01 6.199065196057224059e-01 2.170391555230862524e-01
2.428604264444399874e+01 7.876699552274201155e-01 2.903056324543288880e-01
2.357940774200050171e+01 9.754667374501616584e-01 2.238359662303735786e-01
2.463547856934173552e+01 7.792944189449366732e-01 3.432969320101232347e-01
2.557778317828052650e+01 6.541362233741164767e-01 3.164451265661544777e-01
2.607113182894477177e+01 6.343393931418646048e-01 3.323632890509237159e-01
2.676842285790902665e+01 6.253950740074873949e-01 2.866671310386809113e-01
2.125911863370149035e+01 9.900867465751227448e-01 3.285889218286995317e-01
2.880415821223094497e+01 5.565634339629568217e-01 3.348666351734029822e-01
2.453841867944518285e+01 7.535993150109392413e-01 3.121602972323002101e-01
2.745438225281596800e+01 5.518993273619728912e-01 4.023220098316459548e-01
2.554497451476838421e+01 8.516507788676885848e-01 1.726319100160375597e-01
2.116903580960651965e+01 9.965743155628968841e-01 3.007836852607283507e-01
2.552407490123351508e+01 7.060167596679206570e-01 2.957754205737561648e-01
2.506992392948609805e+01 6.906365182924354418e-01 2.905594230320451277e-01
2.764457786300139830e+01 6.481747056782978245e-01 2.198913495450607325e-01
2.466206465203485365e+01 7.450652818236849217e-01 2.773022421422778327e-01
2.387903783691256621e+01 7.389249021000350304e-01 3.460044027595240990e-01
2.580737005400170858e+01 6.292278156915727116e-01 3.039345640792276426e-01
2.455774322939677035e+01 7.274328168669638162e-01 2.910049581590152257e-01
2.216847675493364633e+01 9.940138249741704568e-01 2.501349934810353504e-01
2.703032369225887521e+01 6.309920850233650125e-01 3.024744810627374436e-01
2.927183792525147865e+01 5.343970859208636570e-01 3.153580401382476417e-01
2.967265539719590706e+01 6.323710995342795016e-01 1.767103607867774318e-01
2.285686020875782987e+01 8.446690904096527674e-01 3.126571978796904294e-01
2.801408615105385280e+01 4.621526266412644968e-01 3.047265298766621000e-01
2.666710850155644508e+01 5.796298558437106285e-01 3.447774803855366832e-01
2.132194822463344863e+01 9.317107092450416239e-01 3.049724089926991732e-01
2.728111940189391760e+01 7.524075399914603723e-01 2.334795898351779975e-01
2.501721218677496950e+01 9.241164892128507224e-01 1.680401032806460859e-01
2.654675987531674863e+01 7.034231945509658024e-01 2.401616538182069216e-01
2.441044686327224156e+01 9.208715215058881354e-01 1.918404186004088186e-01
2.143957578335199443e+01 9.761406517876181077e-01 3.425112465931056671e-01
2.977315306236257797e+01 4.945859810222961728e-01 3.073679832391821853e-01
2.637640865220426534e+01 6.905757353356785089e-01 3.073676816899856279e-01
2.877362220539340854e+01 5.793406162413705651e-01 2.589430575900538711e-01
2.503325088177177093e+01 8.391336388236038113e-01 2.377544746778082752e-01
2.319673205873700894e+01 8.088011120824244449e-01 2.993849095841269459e-01
2.395353786508962557e+01 7.747598575554661693e-01 3.143590809277766462e-01
2.225524148769599364e+01 9.128150280234560432e-01 3.008936381267005578e-01
2.279585216052721819e+01 8.107486243189265807e-01 3.068140281304176376e-01
2.870105872730254504e+01 5.694959065693571132e-01 3.479759766514300412e-01
2.740669488102798468e+01 5.111134876857208464e-01 3.234748235375591308e-01
2.301421506889111868e+01 7.572181068127201709e-01 3.844285322960118711e-01
2.882400022631833991e+01 5.810056782077961390e-01 2.515775243137678974e-01
2.248070156162749100e+01 9.929598648759062618e-01 2.709028339771507587e-01
2.959026758233878596e+01 6.165357237813254843e-01 2.521665754441809737e-01
2.498048470289315404e+01 7.481856658142483907e-01 2.946545736207861754e-01
2.348580481486747829e+01 7.650956615943120820e-01 3.178961290706939224e-01
2.174482705273075922e+01 9.118626904492526108e-01 2.534783194226056247e-01
2.808067790068046676e+01 6.386759535189762138e-01 2.100816190800321726e-01
2.800554072860026977e+01 7.564433463081300379e-01 1.636950951775890672e-01
2.802281589821742713e+01 5.731851307084869784e-01 2.869844933941860243e-01
2.199680545710207724e+01 8.861383565339039370e-01 3.568597830689069217e-01
2.688403851451673532e+01 6.043357808645393181e-01 3.287098020021139710e-01
2.101844682557869959e+01 8.796661002580820066e-01 3.490529674320712594e-01
2.944995321217927753e+01 6.624620770457503305e-01 2.082746449792430565e-01
2.367903032885120140e+01 8.548793440397491894e-01 2.826148774293452126e-01
2.354222969652955300e+01 8.514658649509510013e-01 2.914407706025799460e-01
2.883373481516854753e+01 5.344937086501101442e-01 2.953303711031015077e-01
2.603520372906213964e+01 6.601630758854950543e-01 3.075528328409175560e-01
2.553243074223802722e+01 6.399826983407977954e-01 3.490567048840444442e-01
2.616905468230026699e+01 6.919577869534281334e-01 2.835419723257006641e-01
2.253224646247303298e+01 7.755767871818204373e-01 2.470750051593526286e-01
2.184471230521118557e+01 9.014857489916292543e-01 3.290070797694596427e-01
2.132375926627455343e+01 9.848710183802705798e-01 2.416741535732945256e-01
2.657214933917879662e+01 8.235421644733409430e-01 1.717545889751505295e-01
2.130994174403104680e+01 8.263250278183099651e-01 3.943254948939293736e-01
2.206349618619626440e+01 9.453722343224356672e-01 2.950307115573934658e-01
3.145847564285834608e+01 4.859301702898173314e-01 2.802338500539311439e-01
2.458868971540011827e+01 9.162964560420008286e-01 2.104763631059144158e-01
2.791545135865161242e+01 5.226708206587703520e-01 3.835778554298085452e-01
2.789515127644639492e+01 6.384905422335873659e-01 2.590993154967818901e-01
2.380638429061983885e+01 8.230412729615816936e-01 3.411649915476494543e-01
2.513894354342098225e+01 7.610540937059564470e-01 2.702855942726105631e-01
3.287308406638842939e+01 4.960679857486338107e-01 2.049786935490275352e-01
2.700468309045083970e+01 6.687327629770247750e-01 2.247477185629765672e-01
2.277351422823575078e+01 9.689606647479196422e-01 2.256691654409231640e-01
2.466921367748776817e+01 6.880302073478816727e-01 2.915229917821913208e-01
2.541698649399869581e+01 6.186671441610590572e-01 3.233012318937939500e-01
2.660411505743465455e+01 7.008749162096750140e-01 2.565397217653258566e-01
2.379607105225557007e+01 7.677007571585565682e-01 3.068767594735426485e-01
3.347633921436390381e+01 3.721080930102048101e-01 2.761729843424424180e-01
2.250334351655210341e+01 8.534332979290775167e-01 3.620027528598785405e-01
3.491322212592161378e+01 3.641513876132136951e-01 3.113377475729942057e-01
2.832285537141466136e+01 5.379327199207672994e-01 3.013928110841820329e-01
2.562883689668549181e+01 6.686566423894839684e-01 2.720905979971926514e-01
2.667365365928615617e+01 6.140479881726755851e-01 2.556062960324086974e-01
2.832766427707704082e+01 5.722954970654215989e-01 3.217128194096878224e-01
2.830802007028076872e+01 6.431231607038236930e-01 2.387757589663088431e-01
2.873793968491527906e+01 6.269223196388752362e-01 2.132146610694329314e-01
2.153730977335846930e+01 8.876432374062914743e-01 3.547830667204465160e-01
2.583144764816843519e+01 6.254433866166200229e-01 3.643308542121989069e-01
2.653707654646699510e+01 7.143147326958145804e-01 2.266290180603186544e-01
2.378719267942621229e+01 9.331749216057518836e-01 2.408517493178244651e-01
2.553951806332838714e+01 7.528941117828757967e-01 2.679410247457145733e-01
2.100842959670353949e+01 9.183052621711612629e-01 3.779965264407352810e-01
2.445265058438826955e+01 9.873313375998717945e-01 1.494287615103107592e-01
2.108510734157856703e+01 9.904048054007726920e-01 3.068634445970332414e-01
2.067533041417248896e+01 9.781360443231729151e-01 3.558102322033480092e-01
2.523372034887759341e+01 6.708415583351308165e-01 3.101789801637002686e-01
2.768338778225987795e+01 5.697664736083096759e-01 3.162063935055354214e-01
2.721676010591125561e+01 7.803655645984128864e-01 1.378063030278027234e-01
3.160455741334732238e+01 4.199605904254770650e-01 2.120802919827540767e-01
2.716478802160461470e+01 7.809380773164149581e-01 1.823453711387165166e-01
2.513316700827535044e+01 6.098111218024127034e-01 3.526128626730013482e-01
2.935299817706117409e+01 4.914278261213833598e-01 3.182554263883311529e-01
2.903361230166222384e+01 5.620729553672653145e-01 3.458250791939341262e-01
2.124715184740874463e+01 8.826526294010584861e-01 3.428080963676916060e-01
2.589995514765828943e+01 7.532153188287387113e-01 2.001730039926294946e-01
3.107423434874918655e+01 5.446621054245693871e-01 2.198082172050757899e-01
2.076644651220949811e+01 8.886698405315941462e-01 3.148631628427992490e-01
2.582321207959150655e+01 7.816168577362737624e-01 1.775862257629456931e-01
2.650127958640443993e+01 6.491806991059108078e-01 3.220522565665443482e-01
3.093138626023090509e+01 4.370957847189964607e-01 3.082947890422985671e-01
2.386673009260890765e+01 8.406892910623294801e-01 2.820650936317448676e-01
2.808638621611117614e+01 6.654979080936905822e-01 2.330215758468547060e-01
2.852252152888446446e+01 5.208626678234200558e-01 2.672428086788821155e-01
2.154079192864350389e+01 9.235372921857682993e-01 2.889652636498537541e-01
2.417196159382236686e+01 9.626885830173598224e-01 1.817488187198087468e-01
2.794799987076208936e+01 5.533042832699629487e-01 2.724485580844621668e-01
2.353695118683166498e+01 8.810046950988491554e-01 2.905243243377873541e-01
2.130725052420812204e+01 9.227890586506516390e-01 3.868273420558112075e-01
2.778481001081637558e+01 7.550888725650024558e-01 1.340775239281528919e-01
2.468525248822580309e+01 7.679192107498853392e-01 2.877127320753249395e-01
2.729902930106282355e+01 6.935266560796088386e-01 2.182453949135643168e-01
2.526508734421493685e+01 7.473292392443117160e-01 3.451721001691039348e-01
2.513881069480006403e+01 6.422344263832971967e-01 3.131309692891292018e-01
2.954108987371724737e+01 5.713916386407500436e-01 2.485172878657293249e-01
2.751307175248486914e+01 6.610360092551049727e-01 2.158337401530650290e-01
2.585942078756364992e+01 6.810770688769099968e-01 2.853653837096868373e-01
2.660810327100679018e+01 7.716955738568103129e-01 1.855817152298353534e-01
2.083358027042274685e+01 9.881668589071367359e-01 3.090655957147449007e-01
2.809347645044755026e+01 6.911242402824729902e-01 2.198395901412666109e-01
2.966644263690460193e+01 5.105316205290626463e-01 3.445619126482123984e-01
2.721124945679717300e+01 6.281890500104587716e-01 3.237835021617264664e-01
2.727054670701088313e+01 7.738021418261812334e-01 1.944370428330948752e-01
2.394003337306021706e+01 7.130392452132807701e-01 3.160817336488045970e-01
2.619797039977167330e+01 6.736021451101827928e-01 2.698273232510078889e-01
2.353409181308698095e+01 7.207985030295241957e-01 3.193836258662255956e-01
2.762016987554676106e+01 7.044643446877364434e-01 2.004744334254468241e-01
2.209268918823876504e+01 8.438974944955158763e-01 3.230114665509006833e-01
2.866037034937871297e+01 5.757547460535878958e-01 2.685301588635428116e-01
2.783749345664923780e+01 6.126918764835995734e-01 3.067890941769497171e-01
2.460142243498680159e+01 8.501482025337895321e-01 2.668829511393416842e-01
2.200606195607463178e+01 8.569392796678709789e-01 3.220992370651651893e-01
3.052539825739642154e+01 4.135946982690859586e-01 1.848103306636286747e-01
2.710348346504907013e+01 5.769610166959387998e-01 2.746800306937154934e-01
2.704908823388854344e+01 5.871198663628702796e-01 2.877045888902141080e-01
2.410280644431808383e+01 7.733425870486170250e-01 3.356661474276906310e-01
2.532002428380947023e+01 7.328413751574608392e-01 3.141679350338250631e-01
2.288576472280622909e+01 9.485169580772450093e-01 2.444180866241847661e-01
2.729319201641835946e+01 5.812174998036356843e-01 3.236221175638909764e-01
2.118617657685685174e+01 9.278737790870761337e-01 3.029056278216896714e-01
2.211703825604036311e+01 8.585831178454667034e-01 3.428544775323530414e-01
2.596235037964718728e+01 6.153548458083520911e-01 3.195942536330370620e-01
2.671025013305018092e+01 6.328648653383959211e-01 2.955813877848059712e-01
3.188206861571639195e+01 4.172775105410025387e-01 2.803036479049401120e-01
2.240844877374374278e+01 8.655440684192806655e-01 3.521530179737076827e-01
2.805146890662759418e+01 6.510357551046973557e-01 2.173158850224480576e-01
2.258790990184997582e+01 9.217433785856542494e-01 2.279087709230152026e-01
2.901744625167878411e+01 5.242009383450787485e-01 3.325962729536846574e-01
2.071798468574989371e+01 9.860368844540149391e-01 3.431114172250935290e-01
2.294212410132056235e+01 8.386382519032095084e-01 3.049681859907504289e-01
1.992583577691420871e+01 9.684664729406364803e-01 3.382864963191830054e-01
2.521995108569388577e+01 6.583424040276364408e-01 3.292942793517533162e-01
2.446432927156257264e+01 6.941052617219551912e-01 3.615086082781526211e-01
2.497313160583999192e+01 7.340784814508293232e-01 2.669684037229212992e-01
3.306921184319489981e+01 4.142338095386891572e-01 2.628956676230428391e-01
2.295304367491191400e+01 8.404053364060171116e-01 3.329813387661077484e-01
2.287555826986911001e+01 7.937434744444640256e-01 3.308597408653285998e-01
2.884956937427173429e+01 6.411795344519357620e-01 2.368847202354291970e-01
2.827466929472294410e+01 5.785195582660399571e-01 2.684695208105721820e-01
2.506397575492969310e+01 8.541223213082301813e-01 2.140419087298039424e-01
2.628939315421622069e+01 6.757946095805995590e-01 3.233663489266155877e-01
2.521093837013867045e+01 7.331798517266144843e-01 3.247587372562565911e-01
2.373251541775696793e+01 8.085067319191149293e-01 2.914023625510666071e-01
2.279766424721629647e+01 9.537948911756910508e-01 1.701846455508958800e-01
2.855941253578155070e+01 5.289415446874158322e-01 2.978309954388642100e-01
2.220916194318560244e+01 9.014259563383782980e-01 3.018173130265787707e-01
2.573883372240582190e+01 6.284048924757403842e-01 3.455010707028743910e-01
2.365098799998494528e+01 9.127581781860265586e-01 2.360532121072966005e-01
2.852558367607641898e+01 5.772422360417522880e-01 3.141114919948452822e-01
2.622364876348170881e+01 7.477727984379678450e-01 2.591289244339454179e-01
2.843689290178891227e+01 6.289101971813769731e-01 2.233606183421095459e-01
2.592353310199285943e+01 7.086402539452176796e-01 2.561724160912850490e-01
2.958345484409809245e+01 5.179790256975866924e-01 2.769336747442275315e-01
2.509027303873335413e+01 6.647601063631417562e-01 3.142059494790598317e-01
2.397928307135611803e+01 7.478131146813178365e-01 2.826139458067125632e-01
2.540087415422175354e+01 7.314760751549520545e-01 2.651244751740486350e-01
2.262190026167100143e+01 8.334333698082091457e-01 3.498279987663338586e-01
2.546720304500076182e+01 6.305913705001164882e-01 3.491915499005822099e-01
2.210627869228462572e+01 9.250491222483958609e-01 2.883938020273371650e-01
2.286240989346374164e+01 8.192846397754940391e-01 3.205837005908177550e-01
2.658901653223595929e+01 7.057164793250236823e-01 2.607495389142844289e-01
2.744273948494967996e+01 5.948924656864046367e-01 2.520970129966204065e-01
2.343769796177715392e+01 7.397014979389218148e-01 3.189350626339251815e-01
2.434021566808158354e+01 7.028913448109977979e-01 3.697156334021809987e-01
2.273527392385036450e+01 8.242643555954221046e-01 3.402860545935403880e-01
2.811097203746793483e+01 6.637701154246714585e-01 1.602082625724921827e-01
2.404603153981402741e+01 8.620251092027891859e-01 2.486059100922979881e-01
2.603074164318628902e+01 6.564317913640287383e-01 2.851022179762249253e-01
2.715034160705701183e+01 6.253237185769221496e-01 1.658566482625496163e-01
2.692833261234387976e+01 5.978037443749446567e-01 3.191817752052122925e-01
2.573705624708952300e+01 6.412374219970964351e-01 3.029148236788410942e-01
3.103332107732821044e+01 5.133501330043481747e-01 2.185376027200305604e-01
2.715491058807674207e+01 6.278892114704496263e-01 2.429490284592000782e-01
2.005804982177988194e+01 9.762186624473684349e-01 3.987882774350778869e-01
2.603877290210342821e+01 7.264651706036717727e-01 1.237832938662450644e-01
2.788325595715629746e+01 5.976769396286187863e-01 2.566301075178777369e-01
2.636100171115628044e+01 8.003212750430983569e-01 1.130391641140577053e-01
2.541948893605801274e+01 8.016047290105883238e-01 1.757569913464261391e-01
2.371708546063028678e+01 7.223980604367966629e-01 2.917408074760536874e-01
2.503793549537926211e+01 7.272949044474825708e-01 2.480286471987154240e-01
2.267470230628518379e+01 9.418193429825558738e-01 2.756911904299364502e-01
2.697847608055384683e+01 5.600158018112909586e-01 3.189440082553627875e-01
2.843514215048013227e+01 4.762564548018941024e-01 3.388145701987630987e-01
2.147916987985860260e+01 9.713309037678294899e-01 2.821745648821830654e-01
2.382280808254052573e+01 9.778729463612756412e-01 2.867876204291782138e-01
2.197098540025922020e+01 8.880077833235971996e-01 2.427316013141564144e-01
2.945100964852752767e+01 4.672986489514901476e-01 3.318627655113687291e-01
2.258591572802079028e+01 9.987527229259051120e-01 1.999664437520497773e-01
2.641962374090797638e+01 6.455284575580451101e-01 2.554425318271937861e-01
2.694565836249085677e+01 8.235421644733409430e-01 1.555122353387380640e-01
2.661003861108432744e+01 6.078432225487849783e-01 3.133633889458767863e-01
2.357109664817657446e+01 7.739466405950279349e-01 3.103358988116722839e-01
2.862036216590495386e+01 5.132871951597427485e-01 3.394604288839382367e-01
2.731165325850993852e+01 6.308346514402534133e-01 2.794246271973225282e-01
2.772667975622071168e+01 6.733951551407560965e-01 1.660009962467065003e-01
2.180752574088158724e+01 9.376098618749857394e-01 2.989468852412218158e-01
2.302761843818228371e+01 7.790587494778904443e-01 3.312464612137993591e-01
2.807426246181522345e+01 5.205264033059225914e-01 2.362925228469618666e-01
2.481573924646897922e+01 7.001135444035441191e-01 2.688927869536490989e-01
2.587727972258277021e+01 7.853848330081528717e-01 2.108363882485871088e-01
2.744080606613758633e+01 7.229077315476991616e-01 2.078417942072862956e-01
2.742398221607480124e+01 6.179416303013444134e-01 2.441194905078405142e-01
2.765046860497508163e+01 7.811763251170873446e-01 1.519725391585471375e-01
2.521981703820800647e+01 5.422261665590011326e-01 3.348236497069712603e-01
2.306652022788159684e+01 8.742447987700068257e-01 3.029516380834915701e-01
2.918647872120414632e+01 6.352647051293953684e-01 2.219679661155535833e-01
3.165702933221254156e+01 4.675737865091560419e-01 3.298297917059417328e-01
2.238262336434845423e+01 8.233760059988171065e-01 2.723266232600742853e-01
2.610989577656349425e+01 5.865814086943540451e-01 3.140588559694728055e-01
2.867607734922511398e+01 5.408040384823539215e-01 3.175858565701822345e-01
2.353965854533985080e+01 9.680391976502649154e-01 2.091269270718552897e-01
2.949714767838975149e+01 5.547335751146755811e-01 2.484841902194992458e-01
2.502471689449835424e+01 7.277066193771277725e-01 3.281392404745669400e-01
2.798978688927500613e+01 5.006599446881175863e-01 2.815490444087335176e-01
2.352722058749757039e+01 8.151671102206626829e-01 2.721166770101564603e-01
2.682928844029462212e+01 7.566550041244800573e-01 2.032949680615866450e-01
2.800213273895672472e+01 5.190978579759739642e-01 3.395281577680445140e-01
2.783912656118522122e+01 5.407276804139424797e-01 3.545646395014652730e-01
2.502372287570477383e+01 6.055464879819599799e-01 3.531565238662964235e-01
2.414778112936421195e+01 7.804407941238742374e-01 3.478628029192654680e-01
2.692306415675709275e+01 7.466050466561601207e-01 2.196013501832524140e-01
2.500733274466270473e+01 7.306645537055674877e-01 2.682725696685828165e-01
2.921582640021580701e+01 4.018979722171507341e-01 2.147427509661414269e-01
2.654840632242464338e+01 6.624684912379544821e-01 2.793004299156126580e-01
2.359129774686234171e+01 7.627474766846417120e-01 3.299949987734587253e-01
2.358301071682452132e+01 9.868170946943918276e-01 1.930174855588998872e-01
2.560961373818453524e+01 7.687473640578458278e-01 1.929914929410486701e-01
2.538256861446739165e+01 7.545549284623500608e-01 2.418570577053941184e-01
2.286726672882366174e+01 8.180529666039467740e-01 2.696925587403740665e-01
2.377224220772289343e+01 8.155519119820850982e-01 3.375888248389181667e-01
2.868152377567375311e+01 5.105301380276355827e-01 3.313346087635659631e-01
2.799246036315064501e+01 5.224518648384834929e-01 3.172374841011443292e-01
2.782500754031432422e+01 5.998253152613021166e-01 3.438040690630074225e-01
2.208863896206206689e+01 7.981884257950702111e-01 3.789246454340216563e-01
2.632065124318258142e+01 6.570813234909659295e-01 3.305463465279726010e-01
2.755291692945857562e+01 5.586019993784112625e-01 3.256615714416971064e-01
2.972800603774895123e+01 5.588081752810251102e-01 2.099707286028382192e-01
2.434297487462523790e+01 8.104965036714032456e-01 2.881043191295949435e-01
2.477002404002323743e+01 7.195258352223486975e-01 3.405674229119945440e-01
2.121363926627188334e+01 8.314653463001052680e-01 2.826799884810548003e-01
2.509993944877861693e+01 9.324291814086558272e-01 1.689038418587646695e-01
2.210215534792681069e+01 8.894861360940122808e-01 3.556775199026224743e-01
2.553967773844992806e+01 8.474087089600407241e-01 1.854858273229134658e-01
2.566380055604382804e+01 7.606338898570819129e-01 3.595850458786967185e-01
2.453312822309612784e+01 7.665999788947205351e-01 2.428277973920524857e-01
2.204805956549131452e+01 8.975279359426274750e-01 3.594723948614266806e-01
2.329106326407079308e+01 9.484692601508865062e-01 1.972120206714138846e-01
2.700196942983005499e+01 7.470036973267075719e-01 2.958620798486469861e-01
3.015232931756366597e+01 4.307535986241360915e-01 2.584970866234936326e-01
2.882161794718428993e+01 5.459470932030772161e-01 2.832107931425563718e-01
2.309365388164754407e+01 8.047245962268565478e-01 3.105840997674023107e-01
2.668605597352179615e+01 5.205298372012018282e-01 2.454453018611787440e-01
2.656653863652084269e+01 6.456017465424563895e-01 2.906492127999991126e-01
2.753974480771241318e+01 5.093687762144768483e-01 2.972771651119607283e-01
2.400377264881823436e+01 9.210290125402005312e-01 1.601162670379283615e-01
2.278079304577288866e+01 7.791222652309405250e-01 3.570908166885146673e-01
2.173281634403271312e+01 8.887611143343606690e-01 2.776083948340625773e-01
2.999823498750144068e+01 4.807982225094432072e-01 2.851930827126251122e-01
2.664469232813669564e+01 6.014009134852094096e-01 3.323407393577819668e-01
2.358614532939999009e+01 8.271385696353520389e-01 2.872852856325371351e-01
2.310693165085659828e+01 9.764441364349367714e-01 1.987288781912449065e-01
2.802434690721707256e+01 6.759777532278530288e-01 1.946139677383751654e-01
2.696885336602948158e+01 7.642271139755600906e-01 1.690083205274528488e-01
2.339244427218139322e+01 8.450086112081037770e-01 3.330556786577096307e-01
2.212892412665577524e+01 9.860187030242749673e-01 2.545393837264111614e-01
2.671516767056584030e+01 7.524075399914603723e-01 2.596104349802828559e-01
2.896139700119947946e+01 5.968970703537443967e-01 2.506778933587832658e-01
2.462589693379943512e+01 8.729441886575175502e-01 2.724431749747250886e-01
2.552228063834056471e+01 6.568705315767731090e-01 2.839535859754834801e-01
2.248303863601568509e+01 8.551177802847985676e-01 3.137981723172516557e-01
2.759805389594301772e+01 6.801657770192712782e-01 2.405578571847625524e-01
2.537180262061627900e+01 7.446084391705357630e-01 2.832576726337474038e-01
2.597374772293503042e+01 5.982674164224978108e-01 2.955101790179232024e-01
3.044945058114557312e+01 4.051985864802976067e-01 2.589661471155715877e-01
2.189419174366655696e+01 9.110753098712649489e-01 2.744315270432418630e-01
2.563561797454901026e+01 7.772336892375929507e-01 2.314633484427997545e-01
2.280176011955865079e+01 9.209054270154690691e-01 2.562439759851952714e-01
2.251101953293423463e+01 8.675768631017836130e-01 3.356754393302593398e-01
2.289770545781485467e+01 9.281136656743668167e-01 2.374823478653345366e-01
3.355752790221400517e+01 4.822095071600056015e-01 1.587270982578515843e-01
2.561320391109187966e+01 4.889379860288274315e-01 2.158503902218300297e-01
2.923795136758607072e+01 5.126873203463899742e-01 3.093588743965540733e-01
2.938411463971763737e+01 5.417863392550923418e-01 2.688840090274233763e-01
2.327096812262888648e+01 8.185535018753413716e-01 3.406505409432063480e-01
2.414738360940751960e+01 7.087115249358227898e-01 3.788665944135652386e-01
2.319370446018163179e+01 7.856042350831685672e-01 2.267008402456894833e-01
2.032605851140137787e+01 9.924341166853258844e-01 3.304127235302330434e-01
2.164273665332479979e+01 9.574248302719580161e-01 3.148185300131118303e-01
2.372481777960129179e+01 9.269635309530998013e-01 2.367661965290745463e-01
2.166053575666356323e+01 9.609914832201796875e-01 3.055086062264467661e-01
2.887941862675296889e+01 5.180506057435598777e-01 3.021260927580993738e-01
2.505046454154221536e+01 7.248679803925371923e-01 2.706863209498337475e-01
2.647809612755033015e+01 7.116218276059689263e-01 2.532455880556725991e-01
2.529194910184110512e+01 7.173274718584293774e-01 3.192642629564884094e-01
2.450137104145649403e+01 7.582332079957563309e-01 2.902466495155479054e-01
2.710041209010668339e+01 6.155863873557434474e-01 3.324075904933774805e-01
2.033344053260160322e+01 9.292362760395499466e-01 3.304537329807203383e-01
2.422430035318309649e+01 8.836224765960828398e-01 1.990232291680194554e-01
2.997203631412624958e+01 5.005940718511028287e-01 2.832030504664068138e-01
2.935109486241847776e+01 5.468639554138089443e-01 2.619985367136517529e-01
2.705662253588298682e+01 5.821312370689595284e-01 3.340361344371070018e-01
2.150855336715540389e+01 8.814323736707835311e-01 3.223530416947048005e-01
2.766430770018941132e+01 5.877311252876128433e-01 2.942925217623797995e-01
2.772439773479788272e+01 5.699073164309421680e-01 3.117344212310200757e-01
2.798189407040120713e+01 5.453563899681591609e-01 3.196743832299567267e-01
2.948182599254248260e+01 5.338339746363438554e-01 2.992999579047830871e-01
2.896555992152417147e+01 6.533002667682199505e-01 1.824068642708714105e-01
3.079472963180976919e+01 6.163940946484338657e-01 1.231778286447356152e-01
3.101637212277609024e+01 3.050362095631004022e-01 2.321060339010809770e-01
2.734499586094949919e+01 6.181630046277993840e-01 2.500971298874592463e-01
2.585337499725915578e+01 6.945976098827085776e-01 2.873583204073463793e-01
2.270006364596179438e+01 9.609270153189083397e-01 2.325387296361373368e-01
3.168396663818494474e+01 4.947531985973490087e-01 2.339882505994445028e-01
2.161062051129454176e+01 8.756594723247669299e-01 3.164242320165911448e-01
2.447662264897720164e+01 8.244895627605998145e-01 2.475201555196571146e-01
1.960310560537699942e+01 9.912324470871860527e-01 3.189926661083182236e-01
2.296434300188214550e+01 9.651050846326669763e-01 2.922227170965307486e-01
2.357334025336564309e+01 7.157765525403775309e-01 3.277266826901312768e-01
2.126193917689304769e+01 9.939819074754790984e-01 3.346353555666211066e-01
2.264447754671405733e+01 9.945361021685329428e-01 2.547397802817028545e-01
3.155890804459290067e+01 4.689927183477748951e-01 2.212230685560052368e-01
2.922623924598711298e+01 5.960564639255834241e-01 2.047720866691671027e-01
2.924906880479754534e+01 4.731582736634356579e-01 2.417651140042866298e-01
2.666868668444419654e+01 6.268818037502640328e-01 3.303893312481428479e-01
3.035609175908610524e+01 4.692329907465193073e-01 3.243107121230150991e-01
2.824313173944536715e+01 5.754672183336574376e-01 3.214645962418869463e-01
2.716561418366059044e+01 6.414971869464195509e-01 2.610766458417750346e-01
2.180591092970967892e+01 8.593977898989529907e-01 3.198334735581684907e-01
3.397328862809252570e+01 3.303898008319213764e-01 2.939392730372503149e-01
2.475823277423245727e+01 7.679024618632189769e-01 2.767374517423242253e-01
2.923942923652517223e+01 6.110978598206581180e-01 2.142549459386710042e-01
2.065442042145482304e+01 9.756638316529949728e-01 3.078942213305185249e-01
2.797781823249776068e+01 6.071080581944778842e-01 2.407491995078615554e-01
2.792560673345620970e+01 7.357245702873266291e-01 1.745157361663107476e-01
2.684872907149265231e+01 7.652745259985282988e-01 2.227173522398221417e-01
2.354360611086389810e+01 8.184236091864940388e-01 2.945221039796832030e-01
2.901521671110743483e+01 5.500190526671459024e-01 2.296892215596759990e-01
2.852279535650973230e+01 5.772132830286020866e-01 2.911904739032180611e-01
3.000963602970202970e+01 5.903496977289819370e-01 2.199179047566411360e-01
2.532913760370694689e+01 7.143435419831951627e-01 2.668864014136145268e-01
2.624171041096232315e+01 6.779809753740096978e-01 2.701944723797393699e-01
2.231038675369719826e+01 8.797301113043951570e-01 3.439880575795604134e-01
2.579264730248137028e+01 6.492089733370682847e-01 3.466806951154000616e-01
2.718870761561675309e+01 5.726136939686387040e-01 2.862315744582422106e-01
2.350717102598287411e+01 7.772813025692663080e-01 3.037497154996003368e-01
2.572852809110821681e+01 7.146390704934405536e-01 2.967044636941970626e-01
2.182631351034123313e+01 8.429941077104294855e-01 3.328465285509137894e-01
2.832993120089865968e+01 7.129102763093828621e-01 1.623029689701444567e-01
2.402939058834370911e+01 9.033621280873359582e-01 2.468156069632440053e-01
2.868783099025898764e+01 6.053915969401021391e-01 2.365715628023468409e-01
3.152765946937118002e+01 4.332948691265612884e-01 3.372814249141796727e-01
2.263412384873599237e+01 8.857336248454811267e-01 2.972237942739847094e-01
2.441885420096606296e+01 8.080472967368749204e-01 2.821498991471275142e-01
2.871447016977585776e+01 5.069545717260995898e-01 2.476176683119240551e-01
2.143643653285939976e+01 9.274070050130418519e-01 3.093225303655920411e-01
2.602561271518156971e+01 6.841546266702411838e-01 3.359790666061442388e-01
2.863110164941456048e+01 5.266801519898042239e-01 3.039511542219394680e-01
2.630396268362942536e+01 6.238155309845679897e-01 3.318266967282460511e-01
2.692414126648579042e+01 6.244641252789926433e-01 2.831096909622550228e-01
2.524156491589899076e+01 6.519556788903668743e-01 3.390494596377793268e-01
1.948260166875663657e+01 9.926024447866542699e-01 3.548435473829961162e-01
2.363952344437273467e+01 8.688680471397449701e-01 2.753690319377556373e-01
2.858923635399876773e+01 7.423755526968519591e-01 1.770233882817700277e-01
2.474202442060867924e+01 8.383141131128118984e-01 2.735861000042182911e-01
2.689709021736103622e+01 5.883931663659622835e-01 3.524011886966773588e-01
2.310752505468662221e+01 8.477009364836872729e-01 3.186647134388945757e-01
2.097517921014574682e+01 9.583938094268379393e-01 3.708521516394266970e-01
2.992944513936890871e+01 5.738317394622186596e-01 2.451495230538393577e-01
2.741386087301529884e+01 6.480067581684032518e-01 2.277981885246763427e-01
2.929941327011737329e+01 6.613940736456364045e-01 1.967213752903873292e-01
2.745554157856409816e+01 7.084780871048464990e-01 2.708024187838184993e-01
2.302249986176662944e+01 8.983154102717055833e-01 2.257701251525617847e-01
2.261750975933052743e+01 9.524934558271594964e-01 2.225102962812062768e-01
2.491818464268903810e+01 7.201936014754218851e-01 3.059671862626937022e-01
2.659770742904662910e+01 5.970441619614522688e-01 3.463685976281782319e-01
2.351079720477708790e+01 8.686007420719767946e-01 2.524627403035566986e-01
2.789754593650183168e+01 6.509693809316956514e-01 3.018125740218661202e-01
2.749074399623535570e+01 7.478086025012470328e-01 2.464047637235311783e-01
2.167398742679273838e+01 8.737596256080164547e-01 3.639058459039292148e-01
2.613367314854190582e+01 7.568963101363868073e-01 1.971734116754142452e-01
2.303207261732189437e+01 8.430752835788941635e-01 3.143119337701885119e-01
2.984336575819163073e+01 4.592333366281806106e-01 3.590126944426499378e-01
3.105446639398645914e+01 5.154565269637250147e-01 2.713967583353595892e-01
2.486577570238042867e+01 8.377392772230483065e-01 2.754745910272141107e-01
2.521202265396282982e+01 8.086217260784234195e-01 2.244058563814550766e-01
2.382623446397008493e+01 8.897924966473632624e-01 2.574492334592761722e-01
2.114323053208515901e+01 9.609816988375485813e-01 2.902291308233324041e-01
2.219479571819561770e+01 9.789413575188712358e-01 2.587096264430034376e-01
2.884114187798319762e+01 5.690389221344983595e-01 3.167431076260952549e-01
2.541555342473449031e+01 6.433071610536513774e-01 3.851639801254674311e-01
2.388691938842293538e+01 7.860457544662533547e-01 2.431978194890656031e-01
2.027317392973732169e+01 9.468130687088170960e-01 3.045504915677533786e-01
2.195704888885315498e+01 8.965173648278054186e-01 3.524072231899801344e-01
2.292634148885684198e+01 7.869430181788602541e-01 3.789727876772273074e-01
2.555204541439885091e+01 7.155911055503729745e-01 2.468953855837088263e-01
2.566446773746196541e+01 6.899653981544840997e-01 2.533184919732294205e-01
2.599932809739254225e+01 7.088243220845821257e-01 2.911165022283881965e-01
2.354279001146827355e+01 8.157487554470128632e-01 2.662820883779666303e-01
2.442604084816299448e+01 6.755454094580042312e-01 3.286692966611399203e-01
2.494012744753726452e+01 7.253299174924120463e-01 3.538236877619178600e-01
2.845621767492185583e+01 5.523903420651117280e-01 3.105210949344791582e-01
2.745147519616032028e+01 6.187759458828957504e-01 2.993632761549060994e-01
2.584182061080666415e+01 6.975638883728891848e-01 2.922426867142760565e-01
2.580688822779341862e+01 6.263643004328801611e-01 3.328992206120879871e-01
2.376373592739709650e+01 7.504676727775874134e-01 3.146756415654439198e-01
2.292217269422560832e+01 7.775813977244931952e-01 3.699131924994862319e-01
2.381823262504294192e+01 7.690554484323788298e-01 3.466774965734230607e-01
2.209976190872711399e+01 9.818949862163756093e-01 2.290946600691295132e-01
2.275279527295130322e+01 8.417369882271340531e-01 3.003220877693120738e-01
3.015274540839980588e+01 4.578493563021287516e-01 3.010650911487366965e-01
2.394751540073368901e+01 8.004369149555692342e-01 2.668894180916560055e-01
2.487524271505163043e+01 7.371398129050303893e-01 3.515991415500739348e-01
2.945081080242611904e+01 7.097780053905117237e-01 1.265743859048880371e-01
2.456918011205917907e+01 7.463296104823960997e-01 2.865898065405795281e-01
2.344170150853063106e+01 9.080323308031127416e-01 2.249212078021733674e-01
2.442808132691934375e+01 7.960707211247167736e-01 3.103410260566444867e-01
2.429574227938084618e+01 7.898526702405092026e-01 2.201303816166419458e-01
3.137342958309834984e+01 5.366491549993586130e-01 2.069655006912956841e-01
2.772545209684211898e+01 5.536829514343802883e-01 2.893967425681751582e-01
2.580355450126984351e+01 6.814593516402854823e-01 2.119001516554552267e-01
2.416424148458147059e+01 8.586185849050471663e-01 2.833199162905770119e-01
2.922823855350907607e+01 3.747716449869952782e-01 1.834460922596154175e-01
3.240999638208359812e+01 3.755384860299108563e-01 2.865132078968076201e-01
2.495348170674753163e+01 7.651922034329146083e-01 2.068435980301614463e-01
2.168257562682901352e+01 8.968943490625099768e-01 2.927839967917318931e-01
2.460874075740220235e+01 7.415101668274578506e-01 3.130834194940146920e-01
2.409356331863974887e+01 8.331284062993341566e-01 3.148817357237604919e-01
3.314647537354952789e+01 4.280722345377097615e-01 2.798224294589029548e-01
3.320862033760004550e+01 3.843661475810019601e-01 2.719242636934656177e-01
2.886812807119009250e+01 5.441547059834396238e-01 3.515231630202961810e-01
2.342589461387859373e+01 9.018149582375480922e-01 2.275945368805771529e-01
2.251646692655362614e+01 8.692558070456000152e-01 2.805484902060489949e-01
2.352617757417255007e+01 9.306769407747932377e-01 2.288011521449749286e-01
2.877225345313431504e+01 5.559451565068082024e-01 2.822024476957322170e-01
2.324541158579247480e+01 9.614539202257440520e-01 2.366687301764284213e-01
2.948282631752661587e+01 4.703612038804692030e-01 3.514700601697749449e-01
2.806051390956065461e+01 5.342572890792683937e-01 3.451214243341504950e-01
3.078520853815529534e+01 5.679612730591852010e-01 1.840203633737503841e-01
2.605775453841579647e+01 6.234815449360665562e-01 3.214396299846233873e-01
2.340966615737410450e+01 8.485389298702856742e-01 3.230203483466610459e-01
2.781650876752385315e+01 6.381441451960054856e-01 2.720124107087727450e-01
2.826709967990995054e+01 6.216074547994590027e-01 1.788529628881792011e-01
2.177819822530212335e+01 8.811163543860034419e-01 3.010037436665707888e-01
2.729452976105189421e+01 5.783065862502279053e-01 3.277056398215130173e-01
2.375387703440876663e+01 8.844499317626555168e-01 2.562524223932504119e-01
2.577488566835440054e+01 6.856051942673889732e-01 2.770488814814889289e-01
2.341852319526819315e+01 8.354897168523683915e-01 2.830421883365618618e-01
2.178021695701563942e+01 8.660095560130486314e-01 3.144197974369115633e-01
2.409436167884907576e+01 7.804257321767492650e-01 3.508881435761278533e-01
2.432345269098145479e+01 7.204906585260061336e-01 3.271461935655702313e-01
2.240797291039002204e+01 8.883821772966429275e-01 3.135263595308220852e-01
2.874037635382650180e+01 5.331353921597519196e-01 3.124610344933550499e-01
2.826884746328139997e+01 5.366785841841112958e-01 3.072819167256033990e-01
2.875426979235632885e+01 5.517826088170471044e-01 2.602465481778726275e-01
2.236503625434860965e+01 8.468612258162250273e-01 3.021599880244677516e-01
2.209997563349480032e+01 9.480069819163660094e-01 2.518302167871608876e-01
2.509159586414611098e+01 7.144233511312311213e-01 3.449766652905987829e-01
3.080194443849145003e+01 4.318562446653931852e-01 3.022734639263553458e-01
2.552071730492017210e+01 6.859182259141666238e-01 2.828940360337735549e-01
3.082615415757887334e+01 4.568444494588205784e-01 2.664952525832514074e-01
2.744214359690885985e+01 5.792169896367275195e-01 3.686613510861079801e-01
2.486460794004064212e+01 6.674537035989551725e-01 3.469010630659680738e-01
2.809912936708972353e+01 5.584159214784275571e-01 2.426599100865921566e-01
2.301443776876316960e+01 7.650330276593464429e-01 3.304204396710989089e-01
2.861884308456794557e+01 5.324949961052932723e-01 2.962936311879322271e-01
2.572439804204002911e+01 8.325663784793527755e-01 2.019133470619095538e-01
2.363001533104480600e+01 7.460303322888992561e-01 3.299188658829392828e-01
2.348428372253581742e+01 9.879110519083623698e-01 2.015719564595944147e-01
2.496635292286583052e+01 8.286906617797896724e-01 2.424895424537076294e-01
2.708671921755907519e+01 7.477867452879198851e-01 2.088928603387524008e-01
2.754285488366641488e+01 6.594430343986894538e-01 2.369052417343162631e-01
2.907558337300850582e+01 5.442767443605780464e-01 2.913096949609193520e-01
2.179635900647433999e+01 8.856479415255481547e-01 3.626419239143833240e-01
2.283552875893973066e+01 9.669950978057347823e-01 2.294799267154223332e-01
2.630675283655834917e+01 7.222750399566185697e-01 2.408209580106344949e-01
2.177856654474929599e+01 8.852043398103206506e-01 3.530739729488079903e-01
2.496561150096457382e+01 6.975162175249324248e-01 3.490165174652676283e-01
2.522685537909374887e+01 6.378794150614797154e-01 3.775864606892801456e-01
2.999391497432807441e+01 5.205027048237358400e-01 3.075205940454553422e-01
2.518093903555631741e+01 7.348573330756440480e-01 2.507220876861281922e-01
3.501439532019473688e+01 3.736844887191608788e-01 3.092945047292520733e-01
2.305256615016573107e+01 7.453798139858466287e-01 3.505195965282822401e-01
2.270268189496598765e+01 8.119962235691872143e-01 2.798540593032893264e-01
2.416030638833157340e+01 6.772732725054371183e-01 3.825356601675535817e-01
2.405453809023891765e+01 9.682282157417047008e-01 1.816774609318627387e-01
2.152787088475993471e+01 8.769592053957521172e-01 3.146856776396494415e-01
2.260337190032512211e+01 8.824590314315104989e-01 3.128307204885316106e-01
2.545203175265528373e+01 5.667913575105949509e-01 3.199170723784055537e-01
2.425422048819397958e+01 9.329851622875037220e-01 2.451831365446761890e-01
2.145324350059152962e+01 9.937813851097619944e-01 2.828866270947460460e-01
2.231240829206269893e+01 8.533397094607093614e-01 3.718913599627154953e-01
2.818198648865392997e+01 5.799655223597528497e-01 2.879654453402000214e-01
2.316890072906244669e+01 9.716058205151369975e-01 1.769276253986063474e-01
2.841124896519960075e+01 4.798453730492258651e-01 2.617631936385501623e-01
2.500115191393197733e+01 7.415963281313185940e-01 2.695839847824878510e-01
2.247392311973167622e+01 8.453437766643560058e-01 2.796255787417489813e-01
2.541644385078101109e+01 6.727182649485291543e-01 3.385794700493632292e-01
2.313129526146917314e+01 8.915415595096126689e-01 2.835043606231278934e-01
2.507027974556889305e+01 8.413430899370426541e-01 2.406509089120660305e-01
2.133904873365106525e+01 7.789025657924368851e-01 3.612871305000164845e-01
2.949315617062294947e+01 6.093185943976054952e-01 2.042007925580026362e-01
2.342056884450877519e+01 8.593643732314044659e-01 2.363430781074634390e-01
2.203468419675855472e+01 8.444249580018201584e-01 3.572326447557001017e-01
2.620715932337119014e+01 5.747819299010571426e-01 3.093790912731468890e-01
3.120116265083665041e+01 4.175439688057076548e-01 2.808218397717345827e-01
3.001963225981364403e+01 4.742515374976041809e-01 3.338062424692354591e-01
2.898685661804484326e+01 5.531630814687052977e-01 3.470044846055310162e-01
2.648302482132728386e+01 6.429956148787312475e-01 3.094780443342110554e-01
2.146463736536629341e+01 9.929421323310889669e-01 3.053457061520151172e-01
2.978531912657095759e+01 4.835850430760962881e-01 3.272235894523925492e-01
2.492797621872805180e+01 7.415028670816522505e-01 3.593010907945173860e-01
2.879181889870389099e+01 5.063504374392933105e-01 3.465466545392848485e-01
2.645421581334500161e+01 6.164486017550629970e-01 3.578245303062124738e-01
2.709096486539525372e+01 5.689142249008027896e-01 2.991213742495176797e-01
2.989091194450022115e+01 4.684055556478540217e-01 3.299542283251941654e-01
3.121989954954439028e+01 4.433294895646522349e-01 3.001001720331843980e-01
2.750701619033856815e+01 5.402858377187181871e-01 3.294941694236519503e-01
2.942737335895410666e+01 4.698625190254043793e-01 3.299700777323082423e-01
2.368210416439240618e+01 7.068520760939251968e-01 3.538149177192255190e-01
3.037839786784346430e+01 4.648120838734665639e-01 2.940009552789677461e-01
2.315034597822296192e+01 9.561581070864548781e-01 2.409661721678404145e-01
2.373039993947347170e+01 9.477731063664553979e-01 2.014780278135786529e-01
2.422508476610379802e+01 8.504478515797641025e-01 2.550159663288019130e-01
2.663071126239233521e+01 7.244580346275991678e-01 2.533926899169142710e-01
2.815324838202537805e+01 6.183216257978604302e-01 2.562556385123316849e-01
2.240075319250545149e+01 7.275375686346207127e-01 2.912437333647547866e-01
2.395256095283478004e+01 8.723273554496728810e-01 2.415066243224180398e-01
2.134368066325731306e+01 9.363037895055258408e-01 3.377796824352957139e-01
2.842590262589439121e+01 6.551392409952269125e-01 1.969134542471845384e-01
2.129153086100789949e+01 9.464467336100896855e-01 3.378106276531602226e-01
2.309868006359459258e+01 8.204448234783753291e-01 2.440040448689142494e-01
2.664307149253307472e+01 6.423626345817219363e-01 3.193177205918771855e-01
1.988423289819483486e+01 9.920266307806755446e-01 3.980861495282819740e-01
2.342725763581636045e+01 9.049776708271239922e-01 2.763930345489262197e-01
2.987429850629475325e+01 5.004350892392356309e-01 2.460916359914149532e-01
2.849796201134750362e+01 7.277620004501585971e-01 1.044963010829185468e-01
3.071903902962151633e+01 5.171868076656001012e-01 2.459110705704317945e-01
2.309005761937545387e+01 7.979793887165798072e-01 3.090148311396629932e-01
2.732125760761782374e+01 6.199365634912094025e-01 2.149002254166725856e-01
2.752943632350008230e+01 6.045494632288218595e-01 2.908670084553343083e-01
2.472449900773866460e+01 7.823412611999107646e-01 2.956180511506623643e-01
2.662901549563844839e+01 6.347060071624096578e-01 2.404332842020910632e-01
3.213407433329543039e+01 4.077544037106567432e-01 2.636642823549343317e-01
2.141083737204170490e+01 9.899156358138395673e-01 2.583227784265293980e-01
2.185211624116647045e+01 9.356452417527001408e-01 3.321546451881184914e-01
2.562884606295060053e+01 6.589062908748092307e-01 3.412326747676715510e-01
2.382734172521894322e+01 7.509133800118599211e-01 3.268895460260394792e-01
2.942577287471568681e+01 5.458597779453747689e-01 2.273269251109059641e-01
2.323095727703808677e+01 8.691247763297527129e-01 2.342887325122136599e-01
2.479735079129376984e+01 7.512583885149328733e-01 3.124922152907489981e-01
2.908009427989080464e+01 5.327272117149163266e-01 3.541143891182735870e-01
2.310609972759835173e+01 9.395473364484862033e-01 2.322682279591667398e-01
2.613492576624386032e+01 6.730993314238516989e-01 2.841430743492738831e-01
2.654649520786158945e+01 7.560352848936839898e-01 2.044904936932212258e-01
2.825297271367593055e+01 5.282970026786850681e-01 3.348076189631029598e-01
2.595780036066898333e+01 7.242713477788471632e-01 2.645683274782387739e-01
2.823595395820374065e+01 5.993800276530653059e-01 2.541290307069837828e-01
2.521571939485222202e+01 8.743955637941711601e-01 1.782974671106639653e-01
2.366506316318053038e+01 9.968059891685732143e-01 2.151623996758981472e-01
3.080243939351785443e+01 4.784213864875275779e-01 2.629676648920217241e-01
2.637482815323125607e+01 6.770009174992279721e-01 2.737209273611223570e-01
2.108271283948336716e+01 9.610063762468837867e-01 3.097975685384834477e-01
2.193799717684657935e+01 9.955011948045969783e-01 2.229237044436045423e-01
2.719196375596113313e+01 6.917505654807880600e-01 2.571882480062728793e-01
2.592509952381217886e+01 6.315252835373567075e-01 3.101217313505065798e-01
2.787312246903740842e+01 7.074711340137282978e-01 1.869386461470029237e-01
2.391312686820390354e+01 8.036947258475296563e-01 3.266322069609301493e-01
3.162943286480112093e+01 4.145087409343324869e-01 2.879429002851153774e-01
2.688203622532922310e+01 6.072759564735934479e-01 3.218626994136884467e-01
2.828484870715639943e+01 6.244460289477679060e-01 2.746411518021426024e-01
2.405459155725245424e+01 7.369048690017282466e-01 3.537135268694185375e-01
2.153175779665642864e+01 9.237072838799638141e-01 3.180096096163920749e-01
2.796180789933044863e+01 6.093411139518115638e-01 3.598955998763496145e-01
2.263132491278116021e+01 6.661763895691757975e-01 3.377677254896511161e-01
2.327998371370864206e+01 6.845570780431932123e-01 3.422407778583436699e-01
2.069409924767856168e+01 9.696967690673284901e-01 3.080576551464586643e-01
2.743570295609167786e+01 6.276827568997326301e-01 2.942325606949973693e-01
2.765541409013534135e+01 6.799776189566115736e-01 2.817874083623617132e-01
2.618750975661410862e+01 5.731369957393764869e-01 3.304486273811356734e-01
2.785733632965587603e+01 5.998181494255241386e-01 2.251896789807491528e-01
2.572558182122974202e+01 8.344800721857752457e-01 2.209647187354347730e-01
2.244790001773227317e+01 9.585228017828290037e-01 2.735680424096569863e-01
2.486763444325975314e+01 7.374787746074793482e-01 3.007558379824418759e-01
2.775376697086366917e+01 5.831492723685974822e-01 2.622959657613566087e-01
2.272532363280103596e+01 7.736903699267806411e-01 3.296542677812352440e-01
2.622187702563902789e+01 6.169346912107477321e-01 2.691662800679281986e-01
2.342703201694516224e+01 8.577768566655855631e-01 3.020837682623906395e-01
2.505205915170928677e+01 8.905540418750097498e-01 1.959058892541129249e-01
2.445244113898154836e+01 9.121938788989882863e-01 1.949863473936568892e-01
2.769493368250878973e+01 6.679284051051775917e-01 2.872595943585510292e-01
2.835089631247178588e+01 5.262847541433928189e-01 3.039454900886958133e-01
2.622668325061993500e+01 7.278433258163501396e-01 2.113784881924771208e-01
2.182727121286652405e+01 9.849797223173801797e-01 2.789243861172200911e-01
2.300204538075138672e+01 8.955633780345758632e-01 2.660003152039920327e-01
2.760187595863578736e+01 5.831327915828655728e-01 2.393687530396110819e-01
2.660130154948062042e+01 6.758695335464258713e-01 2.591172110522549366e-01
2.382042777491007257e+01 9.496314084063394168e-01 2.282723224140175422e-01
2.299974904277785370e+01 9.161150490325765672e-01 2.774790272327392060e-01
2.248607067193441011e+01 9.207599244446701414e-01 2.888592701016748365e-01
2.467156491204298163e+01 8.466557135044476823e-01 2.281977209723549671e-01
2.290389078437848269e+01 8.601499701414191401e-01 2.950345692089443861e-01
2.273186921346037082e+01 8.976968333043722215e-01 3.082084989184905588e-01
2.523284354754225944e+01 6.614788594281630907e-01 3.317843687823531784e-01
2.678845880365100385e+01 6.808456373823122965e-01 3.175482016384696959e-01
2.164984710879398477e+01 9.342917055685375782e-01 3.222175649153921628e-01
2.460342568550058218e+01 8.224633297011794131e-01 2.537775304695935596e-01
2.408285806048207434e+01 8.895941182346989162e-01 2.150837247095240268e-01
2.466559347052239204e+01 7.388691042856158075e-01 2.660820207138563931e-01
3.178225225732712644e+01 4.574948046836773696e-01 2.772453289436226376e-01
2.853604359637663279e+01 5.064282751697295470e-01 3.385498784626017610e-01
2.439706109585589999e+01 8.506821394761765465e-01 2.976856600420385579e-01
2.567049106126757607e+01 7.355126321163296677e-01 2.718886865121789009e-01
2.630158194398924110e+01 5.757574623547105919e-01 3.416389775103206294e-01
2.076700582572462395e+01 9.835117538903739298e-01 3.004593220166303924e-01
2.139444227358952944e+01 9.753830822212536944e-01 3.230569165311394930e-01
2.341330026545915999e+01 8.252219391064911092e-01 3.034515147523662026e-01
2.384650582333991053e+01 7.701823076162880310e-01 3.189216430015501813e-01
2.226195861075694893e+01 8.107780715979994168e-01 3.546033277559267338e-01
2.834695776663394184e+01 7.332920726521716670e-01 1.777183996352800222e-01
2.660985234645427155e+01 6.580261248529645224e-01 2.306494624682162708e-01
2.726594939229832448e+01 7.185098917661024709e-01 1.954985784685711325e-01
2.201169914608536970e+01 9.819535720213580232e-01 2.299442573679199298e-01
2.811678845869104038e+01 5.901398917446676329e-01 2.491055134777939717e-01
2.642735792500906555e+01 6.820328513713445062e-01 2.662846640277715671e-01
3.011135563420189243e+01 4.897863713150128473e-01 2.946006316086960397e-01
2.143251957012599718e+01 8.427781395507148998e-01 3.613241300251635590e-01
2.179046737147531587e+01 8.991113444967303581e-01 3.400221967929968336e-01
2.677379450046519693e+01 6.378766011058092378e-01 3.203856250676640482e-01
2.506873887615848773e+01 6.458703544222518245e-01 3.061855139729192654e-01
2.511070781221631520e+01 7.915667479532426665e-01 2.407328681270622384e-01
2.188233306515335386e+01 9.481834053738313894e-01 2.929392293861918239e-01
2.765950674860651404e+01 5.349869240132510972e-01 3.070629036327574002e-01
2.244232773217528987e+01 9.342131839027898454e-01 2.688398192175536772e-01
2.439906566424066980e+01 9.141739777630772945e-01 1.738222102947324099e-01
2.410877990104100732e+01 7.502511206633869500e-01 2.912994386011744097e-01
2.743876757354589913e+01 6.915838171880782648e-01 2.892118641429674009e-01
2.938549671381923645e+01 4.967888479413976044e-01 2.959033866183084505e-01
2.715978351773144439e+01 5.855777518078828514e-01 3.239942501251391604e-01
2.588467834261678036e+01 7.798419096301014708e-01 2.226976649416551601e-01
2.532785288166651938e+01 7.397234015834582843e-01 2.872445567033468095e-01
2.489139720310188153e+01 7.713650939565287468e-01 2.566623823854524145e-01
2.743276833575017548e+01 5.965609803759918117e-01 2.827672516639498923e-01
2.425981482463685879e+01 7.830701525441050581e-01 2.592298978026965628e-01
2.423906886560290630e+01 6.833953384096139727e-01 2.362479335892609944e-01
2.358878076150183389e+01 9.563717503434219225e-01 2.507305486225230307e-01
2.845670575756536635e+01 5.584159214784275571e-01 2.270451074097425692e-01
2.939544449048223385e+01 5.343970859208636570e-01 3.098270168042481232e-01
1.955147892554099442e+01 9.938460279060136182e-01 3.012750552803271642e-01
2.628508528305656711e+01 6.046859554399348635e-01 2.987122939530844623e-01
2.561375954308894975e+01 6.209410260451726504e-01 3.064570572107185309e-01
2.255234205424448390e+01 8.850959828446322009e-01 2.676815437260011699e-01
2.647865401222010817e+01 6.577802860888058989e-01 2.492686503254931130e-01
2.515399544972803270e+01 7.077164100762881604e-01 3.476969764357253911e-01
2.809933575349528212e+01 5.350144479524926444e-01 2.799495579587178984e-01
2.624400287161059353e+01 6.113563843571909739e-01 3.019770438820064684e-01
2.514404364857113805e+01 6.753864184057857267e-01 3.748609653977250655e-01
2.286361785462524665e+01 8.476614397769547393e-01 3.015088886080735664e-01
2.705243823327755948e+01 6.109064074221008944e-01 2.897276818454326830e-01
2.250106557711954736e+01 9.330370393711674426e-01 3.267897662216234789e-01
2.635956567172227238e+01 5.998086583610621192e-01 4.079044023441774636e-01
2.863515359820128481e+01 5.242009383450787485e-01 3.503870546044487444e-01
2.371174179371589474e+01 9.574311392603540583e-01 1.770830501277343150e-01
2.440155021942114999e+01 7.365849899897575215e-01 3.166835658232804995e-01
2.382601838075192191e+01 8.305935107605366685e-01 3.003748388154756643e-01
3.003735077769948347e+01 5.285230124106685690e-01 2.775803280672893836e-01
2.371042510231372447e+01 7.825107198569910549e-01 2.964244171373240366e-01
2.415430841544871043e+01 9.595957476486061122e-01 1.473992453775133937e-01
2.462273500323808406e+01 8.465119969216533535e-01 2.821720056041963631e-01
2.614081616066127367e+01 6.076556248984392727e-01 3.100879962792918443e-01
2.794324454896754162e+01 5.951052929712712380e-01 2.735633984862402834e-01
2.399796968124876173e+01 7.423653004239944009e-01 3.571891584833900013e-01
2.323103713231581580e+01 8.749239420014277568e-01 2.653487878297172697e-01
2.466477192870518564e+01 7.014886846435178791e-01 3.547741665982921400e-01
2.445649397393527735e+01 6.972716801372957907e-01 3.146501983129731395e-01
2.604880933037642166e+01 6.509486230490222347e-01 3.394745883082651572e-01
3.047339195818164370e+01 4.811341322538894016e-01 2.841304870178557040e-01
2.133737355443963679e+01 9.953752930871766491e-01 2.826758137435419482e-01
2.587236679050859678e+01 7.508182800743371521e-01 2.452627624667033934e-01
2.817960582309029149e+01 5.533088438977150636e-01 3.116066387342528721e-01
2.226717501403399524e+01 7.622870619257641200e-01 3.114320051462721728e-01
2.591399175472624705e+01 6.793833883065835133e-01 3.110277471858674536e-01
2.772075335387228989e+01 7.167650430718761623e-01 2.194386502370221925e-01
3.002868519141788894e+01 4.989449305021018688e-01 2.854056995150471288e-01
2.463167931461140725e+01 7.751935793082644910e-01 3.002243615715553537e-01
2.426709408505858434e+01 8.599304003751420122e-01 2.293108718602309692e-01
2.681707591989050243e+01 5.911214784322592619e-01 3.082152544122743754e-01
2.818086487804588458e+01 6.097844567820789319e-01 2.448544161420730947e-01
3.138846404786124111e+01 5.395740362921531696e-01 2.825575536865896353e-01
2.328612170868550280e+01 9.323891521457355891e-01 2.804519497226796720e-01
2.964236179681772754e+01 5.812862313903588429e-01 2.740521171666878142e-01
2.481940322482311956e+01 7.470224799979212627e-01 3.110470446299297698e-01
2.807120555566359243e+01 6.049679233399827272e-01 2.752570756066344271e-01
2.022203750710957593e+01 9.771913491481858394e-01 3.439342921439179634e-01
2.335525850379450574e+01 9.572900662615633216e-01 1.990282732478717009e-01
2.532387257807970116e+01 7.083208532636869892e-01 2.680129269089221444e-01
3.224541108277749402e+01 5.534758943161159905e-01 1.412149109835894867e-01
2.609308940354490147e+01 6.914448622776177000e-01 2.683593780665082806e-01
2.365693481306738732e+01 9.435601452192312610e-01 3.156623001938133610e-01
2.516318871722893746e+01 6.871113645354007815e-01 3.400715762948861021e-01
2.545779830297993485e+01 7.047978520288989968e-01 2.651580913023653396e-01
2.881676916042994563e+01 6.197776773595350397e-01 2.160346251082656821e-01
2.529632170755322562e+01 7.729682853111232710e-01 2.691525281078263054e-01
2.464298844260776633e+01 8.161406888248223801e-01 2.576523279723347271e-01
2.234347841734754070e+01 9.045693543546642346e-01 2.726055878267476529e-01
2.367319583086057477e+01 8.812904311972501459e-01 2.370284807834806551e-01
2.623705070848117415e+01 8.164522815195461858e-01 1.441340456965861105e-01
2.733943332388079739e+01 5.353646874685484836e-01 2.418147168586536888e-01
2.007034759142891289e+01 9.716582789606892367e-01 3.208351483918883695e-01
2.775078621405096158e+01 6.404773585534985214e-01 2.595640348514283158e-01
2.545917125373387790e+01 7.553297835253336423e-01 2.424332572121371543e-01
2.386562769659798633e+01 6.538402465104753425e-01 3.249127148584249336e-01
2.421956098714940353e+01 7.909246016107733812e-01 2.896364132179220507e-01
2.625329363020423656e+01 6.806297961187305345e-01 3.279913565690951716e-01
2.074675901843112413e+01 9.844163621511868856e-01 3.566729142183541756e-01
2.360437869409604161e+01 9.502846951333092651e-01 2.286491141024204476e-01
2.154738335848375641e+01 9.339602969100128105e-01 3.467073991463522353e-01
2.724177768464920746e+01 7.021240599797513582e-01 2.075771758824980773e-01
2.307592718837135592e+01 7.690857913490688480e-01 2.878191220028311625e-01
2.618384547119892858e+01 6.276435655021171955e-01 2.858257710977468169e-01
2.415678742346599250e+01 9.726608242139597182e-01 2.186806241871060152e-01
2.603843175331014237e+01 7.249263871645050816e-01 2.790480854780842401e-01
2.346867176697040236e+01 9.912791939968269572e-01 2.194103484497057777e-01
2.429908132180900182e+01 6.939573651140925614e-01 3.197746421262208649e-01
2.864532002122503229e+01 7.094355567931922568e-01 1.427797818649448325e-01
2.333285411316654745e+01 7.468360953180800399e-01 3.432370496518134528e-01
2.441968166345270319e+01 7.537288835546015475e-01 3.351640522551105339e-01
2.233082591949326456e+01 8.955832575221766012e-01 3.227653043730324134e-01
2.196663860290329140e+01 9.091732491676063344e-01 3.076696902515456133e-01
2.397007842282873824e+01 7.873864315698534400e-01 3.090468472259647603e-01
2.414350997705947321e+01 9.338651776940039007e-01 1.855754466912312717e-01
2.799751330037366515e+01 7.103604799261215019e-01 1.708103851985334209e-01
2.275911308610056594e+01 9.981730093545192473e-01 1.942790565196994557e-01
3.327357352150403358e+01 4.451259831892985241e-01 2.047171580926317458e-01
2.681691829844422870e+01 7.804594146062733273e-01 1.882655027338996645e-01
2.986474473879941272e+01 4.790416201551553899e-01 3.122705359396824032e-01
2.411738560580498003e+01 8.581263092728087516e-01 2.658140684958599231e-01
2.290198358321680416e+01 9.955993985685218650e-01 2.398421868491901476e-01
2.076573725103951773e+01 9.115087081590552698e-01 3.912617563387908448e-01
2.440651188614019418e+01 7.933478107533376011e-01 2.620465844299053049e-01
2.586402900531523841e+01 5.044942658418208881e-01 2.890130902130571000e-01
2.270033000530613165e+01 9.532844838982454938e-01 2.504918213139374905e-01
2.283581288921899599e+01 9.230157788037394173e-01 3.127627829100503298e-01
2.174300244622945399e+01 9.238088406503459638e-01 3.075490523201830917e-01
2.496862329167259276e+01 7.780850548046616133e-01 2.596328681260312021e-01
2.252701711351776481e+01 8.630381617547623341e-01 3.448189772608531434e-01
2.951977798397367891e+01 4.839342088168694933e-01 3.012557109908672315e-01
2.367522024464981811e+01 8.277645734943507305e-01 3.179253301372263474e-01
2.582648899794390474e+01 6.913012303805425862e-01 2.099486273691059945e-01
2.472323495486512002e+01 8.167538807909497933e-01 2.044294820361138298e-01
2.697409511273383487e+01 6.228558062842306509e-01 2.733105973669487931e-01
2.327732778686425874e+01 8.631218112824530220e-01 3.011749527821568351e-01
2.348289028943549894e+01 9.669975989509947967e-01 2.511978141471912784e-01
2.581749442728109045e+01 6.776294645423842633e-01 2.881029990601699509e-01
2.180410473540425897e+01 8.246383181355955161e-01 3.881584851706054162e-01
2.731021619870404749e+01 6.148235255816697498e-01 3.181778473693773757e-01
2.393358484656800300e+01 9.053185573899483751e-01 1.954146937625458602e-01
2.551567218168981555e+01 8.596249527530456236e-01 1.780012216009507764e-01
2.164299902683350041e+01 8.865818531256948187e-01 3.294077666559672712e-01
2.070125885666261922e+01 9.705234751249384173e-01 3.836912140626169143e-01
2.504317876471118609e+01 6.425555347296778574e-01 3.553716290932464883e-01
2.143913763963926655e+01 9.906953754524735478e-01 3.446400449754777329e-01
2.664134515689791272e+01 5.689852616973986033e-01 3.420588483589609430e-01
2.365404738270513008e+01 7.325260160309917667e-01 3.733569766902566367e-01
2.311564532757309109e+01 8.297234376862078209e-01 3.133630305266244531e-01
2.866917597138638740e+01 5.434417364439778630e-01 2.961989921541148818e-01
2.311113336775070692e+01 7.847616580953219456e-01 2.913936121214431574e-01
2.305409484982077473e+01 9.691689955514419808e-01 2.709457990378567049e-01
2.354785494004923407e+01 8.289236130198434083e-01 2.962927654223172502e-01
2.480868116998925998e+01 6.945170709826211652e-01 3.500777719904284435e-01
2.443892396303520087e+01 8.595955248462262555e-01 2.400928144725103519e-01
2.633049552729233866e+01 5.973137135929422747e-01 2.994256019426461135e-01
2.226215934074189917e+01 8.587160761754234484e-01 3.346153688526178338e-01
3.080812496565616243e+01 6.564529851193818821e-01 1.771886487875901361e-01
2.458569807017602571e+01 6.552541843135041288e-01 3.479488320976814597e-01
2.313497167521367714e+01 8.126565759289217095e-01 3.295127580793077438e-01
2.433981829224820359e+01 8.603837517754128195e-01 2.265920657882762035e-01
2.178314004856704855e+01 9.754785368910268151e-01 2.873804207049917014e-01
2.675538408486477948e+01 6.057110167476227325e-01 2.864294861485613408e-01
2.106143257668186664e+01 9.382934217343540384e-01 3.251320819885542557e-01
2.717576606752420076e+01 5.395746140401658231e-01 2.818181063763303684e-01
2.474513817570344187e+01 7.463642458897329357e-01 3.034105839695167006e-01
2.459792162885187494e+01 7.942625843691455412e-01 2.051116532231840595e-01
2.934456191261306657e+01 4.653584164891311770e-01 2.649013848131676618e-01
2.539052010139883464e+01 7.211436149730469092e-01 2.529333732808157764e-01
2.336651269430470634e+01 9.941624495435688047e-01 2.203233051096280259e-01
2.324432868677050479e+01 9.795945086188534434e-01 2.210824576815720865e-01
2.889113890350731495e+01 5.122750665962928496e-01 2.903949243577303996e-01
2.670208731982680561e+01 6.544461092092693777e-01 3.134061610966027978e-01
2.396705792581692052e+01 7.547583563752077174e-01 3.032689743013307071e-01
2.221573330031441174e+01 9.272932637239483800e-01 2.926428586353967409e-01
2.024282887785025054e+01 9.354082057434067732e-01 3.651692738576750030e-01
2.617479893680880565e+01 6.886302260026837541e-01 3.074333859304240746e-01
2.292640214219630579e+01 9.429877898908579636e-01 2.351202698256123214e-01
2.170640817168204606e+01 9.432466084554703700e-01 3.137842877756108484e-01
2.991535325323400230e+01 4.933144922272276189e-01 3.515995501617190100e-01
2.137893945068031343e+01 8.822049038558255063e-01 3.713739667786483678e-01
2.493558856787362288e+01 7.126752461724839005e-01 3.165648330553727519e-01
3.117627455971794248e+01 4.626045711693830276e-01 3.569127997948555175e-01
3.081963466398109119e+01 5.576015494191148836e-01 3.007394291682248810e-01
2.271538727463691032e+01 9.327690683358850210e-01 3.125390573151286544e-01
2.266966559453205221e+01 9.452774080986480199e-01 2.257287115299230484e-01
2.559695188801816101e+01 7.528562430468297428e-01 1.550808521791217920e-01
2.770468307712577882e+01 5.779924950138943807e-01 2.986425760526184026e-01
2.155298865653085727e+01 9.180576145184323744e-01 3.818217730549177680e-01
2.570458374868902851e+01 8.603837517754128195e-01 1.614670866445231667e-01
2.934506300149836733e+01 5.481707070491530498e-01 2.488450952764617308e-01
2.715800560004309006e+01 8.292960366176830300e-01 1.883556353618543178e-01
2.491410287828781023e+01 8.687579768008768522e-01 2.648763695787431094e-01
2.275834008692351773e+01 9.954698421285503862e-01 2.326225855161716816e-01
2.057002127427184845e+01 9.639561639914060454e-01 3.449592312577389186e-01
2.219302651363456746e+01 8.557136602505157619e-01 2.949931358998434949e-01
2.300749575479083475e+01 9.897870337802523455e-01 2.371966207609882138e-01
2.563085411608637187e+01 7.735686702739453802e-01 1.901306472988394947e-01
2.941013851313790184e+01 5.369461045006793665e-01 2.357296101738896310e-01
2.400935772807596535e+01 9.188929306078144066e-01 1.787347800189541258e-01
2.352932451071751530e+01 7.564933672628206818e-01 3.845264867319637681e-01
2.186618096979790593e+01 9.033690558412218463e-01 2.945173205644429082e-01
2.141723954927238083e+01 9.392825133768115675e-01 2.682273052748659903e-01
2.115680576581463512e+01 9.298666112042067722e-01 3.558222501786766356e-01
2.503911266173629002e+01 7.711961487044989294e-01 3.362393648689266379e-01
2.839586949951952377e+01 5.378802697230167240e-01 3.164504788498385679e-01
2.517618785539623616e+01 7.032548630413506530e-01 2.988875912359738596e-01
2.770937800260547235e+01 7.138534503667591791e-01 1.820116639543587211e-01
2.544228476819383999e+01 7.731557885186047807e-01 1.992499210661903830e-01
2.248920530106067872e+01 8.693423613104395153e-01 3.437354319752121690e-01
3.224666217098364740e+01 3.851929588823990169e-01 3.000708965693608676e-01
2.948902567921437878e+01 5.305787920146053382e-01 3.009599034342209101e-01
2.236337970890176052e+01 8.957672819459207014e-01 3.216205414709856769e-01
2.605484665393104393e+01 6.720755767976922535e-01 2.952281565206759106e-01
2.427904928452766953e+01 8.362722440874997831e-01 2.854834484762722169e-01
2.311139424846284385e+01 9.120177841545368258e-01 2.553847979954614877e-01
2.617057756693958837e+01 6.486486792613862518e-01 3.494064817511682297e-01
2.499504651825048995e+01 8.127927989820155075e-01 1.553900481406812750e-01
2.795076315691660795e+01 5.535668560694716467e-01 3.199525462999892045e-01
2.869746304499270906e+01 6.009018208103035219e-01 2.553337883393779761e-01
2.206404435586842894e+01 8.260341606776897549e-01 3.374281942173216753e-01
2.622718903644744870e+01 6.543945635338630495e-01 2.381260132328122392e-01
2.376304065122426934e+01 9.272846285953819656e-01 2.013779473347486471e-01
2.971101682099860852e+01 5.046722028449318609e-01 2.852238356585658496e-01
2.721218523734842165e+01 6.374682162481304371e-01 2.361179268261391628e-01
2.442781273447770118e+01 8.169004443139887828e-01 3.084760124629068456e-01
2.058283404163508123e+01 9.243451835010227935e-01 3.529346320176538487e-01
2.540959823395976258e+01 7.494640512066064186e-01 2.878129240259366672e-01
2.659993526875714309e+01 6.702590160073884640e-01 2.866974920875129396e-01
2.503402249928221934e+01 6.988910547415034813e-01 3.197876210643865180e-01
2.609026920415959694e+01 6.183400608598982329e-01 3.230081579417671822e-01
2.232542779746949435e+01 9.148776575022251611e-01 3.638281100911837096e-01
2.295656291474841382e+01 9.270300573687227930e-01 2.934203656821858242e-01
2.738511744938347903e+01 5.824580284988271073e-01 3.326060064358635771e-01
2.964949909255610194e+01 5.500093269015924324e-01 2.430481501541834066e-01
2.401510842532771051e+01 8.443538065079559951e-01 2.499975210747091003e-01
2.362241578894553840e+01 9.900402151606148005e-01 2.314058502692398767e-01
2.598027372265956103e+01 6.243175908811383623e-01 2.734799622662750229e-01
2.696856542495660491e+01 5.580475182973192450e-01 3.048268398969397053e-01
2.196933838704534026e+01 9.474766779595583666e-01 2.724305806352322334e-01
2.626757186972222158e+01 6.671606863340387994e-01 3.350854876854235664e-01
2.395178671614065991e+01 8.349628665282219364e-01 2.605954769818135675e-01
3.053572520973404991e+01 5.298250907200191540e-01 2.821088653077048480e-01
2.720563653397089965e+01 6.803430094786561133e-01 2.936723225002579873e-01
2.355846397586141805e+01 9.349183259792411826e-01 2.623391334202039848e-01
2.168375423882154607e+01 8.387829697175759325e-01 3.359093024646966907e-01
3.037331677859786438e+01 5.068747848778768494e-01 2.739187584302476552e-01
3.012124471230494649e+01 5.960609247648106512e-01 2.490517360536061708e-01
2.498764384397550842e+01 7.405806202577231989e-01 2.867323226135988223e-01
2.157218796464484356e+01 9.639324585208995932e-01 3.294638006586721457e-01
2.372022455732431823e+01 6.920302727814894306e-01 2.999104171835947352e-01
2.703610910122252520e+01 6.062587371454025709e-01 3.714531873346880175e-01
2.232630026801579604e+01 9.647668968763215558e-01 2.576795825068196044e-01
2.239632070584096368e+01 8.330086764516525522e-01 3.249908049522070574e-01
2.481341775443161524e+01 7.812530087082195651e-01 2.938453427789557981e-01
2.231715604923132190e+01 9.810358222633147607e-01 2.510322076168679528e-01
2.896746443911689539e+01 6.332916062959660364e-01 1.980929526277185049e-01
2.639511606478953354e+01 5.819467530785452647e-01 3.329641329720950949e-01
3.063358643673661774e+01 4.933144922272276189e-01 3.199100302376272076e-01
2.889280206753080193e+01 5.180935394255146154e-01 3.526012779465885760e-01
2.442818327164363268e+01 7.134979657625150073e-01 3.416048027625140926e-01
3.044598464848976604e+01 4.807760998347033188e-01 2.837649184697590976e-01
2.397972606023836306e+01 7.923300355328948275e-01 2.716222413633733179e-01
2.576507222756758253e+01 6.319783671705654360e-01 2.798360007979338038e-01
2.376210798596693508e+01 8.151127086996116100e-01 3.414793426082008421e-01
3.109894483503570939e+01 4.532575326110455105e-01 2.846156424893417358e-01
2.581165987851420951e+01 6.984432082026087452e-01 2.968570466816046194e-01
2.844445604314516629e+01 5.122750665962928496e-01 3.106588835255421621e-01
2.969198142329968348e+01 4.918345723216944743e-01 3.278553033534294392e-01
2.590937025460578269e+01 9.071740921512527756e-01 1.306707848212704803e-01
2.399699697052210823e+01 7.736577771853464514e-01 3.145846973582231976e-01
2.234694828697909230e+01 9.243572600253590066e-01 2.876692437135419667e-01
2.239086785425664772e+01 8.959682017395974585e-01 2.782078026760860801e-01
2.113329729145154445e+01 9.338321487723991732e-01 3.171922306350160037e-01
2.648901489798185338e+01 6.280388806073270436e-01 3.362229262325906465e-01
2.619545956487853999e+01 7.439014331399905755e-01 2.329522954162289439e-01
2.993535106174821081e+01 6.564529851193818821e-01 2.115099276835413766e-01
2.554266089063293066e+01 9.305577967091256397e-01 1.342567293223808356e-01
2.719021709473428672e+01 7.921634256417140474e-01 1.812839113454634832e-01
2.627842427584826268e+01 7.227915449077394472e-01 2.521228691113318598e-01
2.404093347320447904e+01 8.087385645867226636e-01 2.524415923183608856e-01
2.637426977803762540e+01 7.456627778603952539e-01 3.367630382456499594e-01
2.461405949378867319e+01 8.157134789662132679e-01 2.875408466448755584e-01
2.546867739725286839e+01 7.641967413309680435e-01 1.958046554582782983e-01
2.444705308652139664e+01 7.887003359866905372e-01 3.061542381811711011e-01
2.276297905802615062e+01 7.947628449273422824e-01 2.988287659815511144e-01
3.052521605161879137e+01 4.748721609273752198e-01 3.386475932193446226e-01
2.799407665713059501e+01 6.408450278708263115e-01 2.001196328596333840e-01
2.610218150977315688e+01 6.383619200930267246e-01 2.864824339462588854e-01
2.347907130132280784e+01 7.635199436881210389e-01 3.176108459731562528e-01
2.118152216939003551e+01 9.462977651318480454e-01 3.317402675037455229e-01
2.393039509725111813e+01 6.647458975105349221e-01 3.081034338457630528e-01
2.735904513874218935e+01 5.346477575813534111e-01 3.617752304974212185e-01
2.631261466551495332e+01 6.780420572268459622e-01 2.849830558387154156e-01
2.576533437963616180e+01 6.928147473270670487e-01 2.889360763059874437e-01
2.478355246865768535e+01 8.029159761672497453e-01 2.709371281552195310e-01
2.779370759863110507e+01 6.257180567275029137e-01 2.899751093936761004e-01
2.235172566215773315e+01 8.018406633644089565e-01 3.638859683935964928e-01
2.113639493671947278e+01 6.278152195537296532e-01 2.913380016656837435e-01
2.672653011971295456e+01 6.770201133962643336e-01 2.211481944649282827e-01
3.004335865362071445e+01 6.997515289428242191e-01 1.305970944066345285e-01
2.295994099802426902e+01 8.572603979855102363e-01 3.270788458307428148e-01
2.333881783349336203e+01 9.498321606880028023e-01 2.419421671993678413e-01
2.171271238483673116e+01 8.974220240428300022e-01 3.491737688405011641e-01
3.377231913069221747e+01 4.890244376287088968e-01 1.811847994693032426e-01
2.133700589929781799e+01 9.351120285884112482e-01 3.405834977503253702e-01
2.429475683776526296e+01 9.130144971205536031e-01 1.698730796028976586e-01
2.539554306165291564e+01 8.185696284412973256e-01 2.187546816723006105e-01
2.164000794530911165e+01 9.139882807245399698e-01 3.782366473883460034e-01
2.231022976825896365e+01 8.368895854632024678e-01 3.531751269971759033e-01
3.302245522634920860e+01 5.010450123096652497e-01 1.778854943821272239e-01
2.796787047754274980e+01 5.598880464900124476e-01 2.910856773666137265e-01
2.152844045452047794e+01 9.522921447838179621e-01 2.949794974185448448e-01
2.180272702744797186e+01 9.450249547563336350e-01 3.461855924284121255e-01
2.293427333259487355e+01 8.534310598675044490e-01 2.896221114607948066e-01
3.339290845695042975e+01 4.994897208586723814e-01 1.641340271427829678e-01
2.131151610550582376e+01 8.902570497692106066e-01 3.229720429282810223e-01
2.618924667450850308e+01 6.644927400048382671e-01 3.064247103106910175e-01
2.784478543451657373e+01 6.151076706699607488e-01 2.594232798981823684e-01
2.508914810539698692e+01 8.457554079278682968e-01 2.355662244798047145e-01
2.199405467728516683e+01 8.642950591766119794e-01 3.544290689958878859e-01
2.195684952154042691e+01 8.990663655475311655e-01 3.256846785530040922e-01
2.874426822929034842e+01 5.938322242064928425e-01 2.650204454656150399e-01
2.270051474130308122e+01 9.050318244649352417e-01 2.762520731429431997e-01
2.902961149425332010e+01 4.976753560289772227e-01 3.704088326457726787e-01
2.944820218758356489e+01 5.207732718832647212e-01 3.363144462717749250e-01
2.743729722862430620e+01 5.603500109461504453e-01 3.160401587343399932e-01
2.095774905619634509e+01 9.395136165675179729e-01 3.228074220023845475e-01
2.565905084494216126e+01 5.950508061881031319e-01 3.185594901562408543e-01
2.353926116156698001e+01 7.671464803013507971e-01 2.937908199822468203e-01
2.518540801762710046e+01 8.698895633849986764e-01 2.172901061814327961e-01
2.276496796278912882e+01 9.292525693741979786e-01 2.239937277990405873e-01
2.225177039727899242e+01 8.428306108930405660e-01 3.648762978299397997e-01
2.359628003667751273e+01 7.984999960546451669e-01 2.782546211994770813e-01
2.428942310533881965e+01 7.204823337842034547e-01 2.960316045168120413e-01
2.313121252072809497e+01 6.841355358089226124e-01 3.644112245183150356e-01
2.486748711982374616e+01 8.484726478084513301e-01 1.882496955812010542e-01
2.333552788695535440e+01 8.095225096350231464e-01 3.437876422555342093e-01
2.516105042064181774e+01 7.806603656091786192e-01 2.365868864709479991e-01
2.313229066001650480e+01 9.842315425944375695e-01 2.056375397446306985e-01
2.431828705880344188e+01 7.046999722624588403e-01 3.142494338814904031e-01
2.410160299020589747e+01 7.894549642194083061e-01 2.977613983895762706e-01
2.126936737395489985e+01 8.280375250934999265e-01 3.431361872559555160e-01
2.339034579177072715e+01 8.714931432924053478e-01 2.452958694714072463e-01
2.405834137764277258e+01 7.615619759466537575e-01 3.387488145766652803e-01
2.604557938857857025e+01 6.569627659232366579e-01 2.417044565413677959e-01
2.864505822334730212e+01 5.954362693141190821e-01 2.669021203252870955e-01
2.335801094733127314e+01 7.806603656091786192e-01 3.320408604207307213e-01
2.308000988226624273e+01 7.991346023297486445e-01 2.921293860846353452e-01
2.577989592234691685e+01 7.639697553519561035e-01 1.853525744264553909e-01
2.758521950441680204e+01 5.828559331053211334e-01 2.933280807965882864e-01
2.269396571425849629e+01 8.613226299257134011e-01 3.103734435148126081e-01
3.361981190847984635e+01 4.366239054197699754e-01 2.180505385180667999e-01
2.247397335370977345e+01 9.438333589007935620e-01 2.655127134119003030e-01
2.164200891246731828e+01 9.795945086188534434e-01 3.114883241568787708e-01
2.368724914534762505e+01 9.652953276675672045e-01 2.009112930526628371e-01
2.444670199784576425e+01 6.569627659232366579e-01 3.229151319818058252e-01
2.806402468164731090e+01 5.106802592888565195e-01 3.054069191992167531e-01
2.298053372213827927e+01 8.807214256535610408e-01 2.663538781070651229e-01
2.185631900442494668e+01 8.836480809027722483e-01 2.640840845343854215e-01
2.079609039663819559e+01 9.562517632001800161e-01 2.901351402250675338e-01
2.900535352646825160e+01 6.033503103832621450e-01 2.238335922231482478e-01
2.571747949679589951e+01 6.693887009511263475e-01 3.254268951297034640e-01
2.666171837831592839e+01 5.368509576790581050e-01 2.442267047190739560e-01
2.518489056189084607e+01 7.085761235722285445e-01 3.205725837191407690e-01
2.517599460664484567e+01 6.930179990859945960e-01 3.632615329104550983e-01
2.727343800552151265e+01 7.614483015251403142e-01 2.053591114308578325e-01
2.269598927520937082e+01 9.489909101189926144e-01 2.101277308057166726e-01
2.181546154298773033e+01 8.967189834688550354e-01 2.901314943321358086e-01
2.715994490380693804e+01 6.097014826415234623e-01 2.966797659101151341e-01
2.721380080766724419e+01 6.753281811470538409e-01 2.249670759186229441e-01
2.475124308424503994e+01 6.772176678949736184e-01 3.175396439283398875e-01
2.164578438935892635e+01 9.293913775124560406e-01 3.087630593755079089e-01
2.611103114149539550e+01 7.203418995761854404e-01 2.382442050945498824e-01
2.333356150773703419e+01 7.757004026747934544e-01 3.283116677118838589e-01
2.264504431065903844e+01 8.217742847049475108e-01 3.529124774368073703e-01
2.360597256184933102e+01 8.605050680482476677e-01 3.371286405294037225e-01
3.232896320344222119e+01 3.851929588823990169e-01 2.967612582000853649e-01
2.128479332554914549e+01 8.481321910377337403e-01 3.425394159547354711e-01
2.430363997281700605e+01 7.015948096816938540e-01 2.609753121045687574e-01
2.777052380810252785e+01 5.782471565347160336e-01 3.030187421038940676e-01
2.387024307914515830e+01 9.745170909473167553e-01 1.955680512082167699e-01
2.539613177528323362e+01 7.687247828855944265e-01 2.843483916611637130e-01
2.225207028400074094e+01 8.795178181621390312e-01 2.804868327459328903e-01
2.653313423145023719e+01 6.222256538139524507e-01 2.893889090361744243e-01
2.400102451002402759e+01 7.049649123848735766e-01 2.700579922023289559e-01
2.379392414150288459e+01 7.086449609936107397e-01 3.544225747861216580e-01
2.568620185004819234e+01 6.258109379188080412e-01 3.480311804033823231e-01
2.082993474041993309e+01 9.674259082422932421e-01 3.323720091232745255e-01
2.459581323255754981e+01 8.432641807383318699e-01 2.444378931729791204e-01
2.193009668329747086e+01 8.786914524198033982e-01 3.141289532913583704e-01
2.989795402626977605e+01 5.215348719041901226e-01 3.071574384541921887e-01
2.781495927620413866e+01 5.648672277637708516e-01 3.117109983049046740e-01
2.362233159300943086e+01 7.810937251671992154e-01 2.819982176933753526e-01
2.598598401152422355e+01 7.441270080807629306e-01 2.393173175861969815e-01
2.299941625973553272e+01 8.092355453316667502e-01 3.327843913005678056e-01
2.384782512647776187e+01 8.676226947304550574e-01 2.644367291388994845e-01
2.696339665962341314e+01 5.957524007561659785e-01 3.115235237760250464e-01
2.799215426014299979e+01 6.069917587229533007e-01 2.869764029306960396e-01
2.191040121896201498e+01 8.162002172609712503e-01 3.179070392836909065e-01
2.389792229286387837e+01 8.523286755885639554e-01 2.970393668597636205e-01
2.814022532910016494e+01 5.659327100837785451e-01 2.913277194842555651e-01
2.209537774998849713e+01 8.421936778207760321e-01 3.174898989909850089e-01
2.521005982997454709e+01 8.638598301621699393e-01 1.908571499820320150e-01
2.584775071983844796e+01 7.678811898825205207e-01 2.344772798938316027e-01
2.162751044752997842e+01 8.665945095826835809e-01 3.421522125915859580e-01
2.524755896720472492e+01 6.974894325980541820e-01 3.517560269621001767e-01
2.397009715384929152e+01 8.368861925736549301e-01 2.706608072762383133e-01
2.570088708971232805e+01 6.291342962311784470e-01 3.123301885365983299e-01
2.395012206988005232e+01 8.071462904206787581e-01 3.781464204522654304e-01
2.770012317821445080e+01 5.815148634078226575e-01 2.700482150804549009e-01
3.196305059860344855e+01 5.255396540991056353e-01 1.722018799306047621e-01
2.935066425758467901e+01 6.521818393887167664e-01 2.239290288197443302e-01
2.157972377018055710e+01 9.399601502418524213e-01 3.244308084931924463e-01
2.213503484977597324e+01 9.836220996022879692e-01 2.862574734228691686e-01
2.502651085891520921e+01 7.452276952860308334e-01 2.947136012153031559e-01
2.075329697424864506e+01 9.661343007975715658e-01 3.316019153144944553e-01
2.873565587600806381e+01 5.961448020915252055e-01 2.747401053958014039e-01
2.703167817919051785e+01 5.703412970183454611e-01 3.745384860568305441e-01
2.238328997492071792e+01 9.096510991744267693e-01 3.031304170513616780e-01
2.400252552893267577e+01 8.748288524832963375e-01 2.242048431353808324e-01
2.398475866626599640e+01 8.773518179535193529e-01 2.357092857342535375e-01
2.888488745343263275e+01 5.094629158776362576e-01 2.803818280276843544e-01
2.345064481116208910e+01 8.999195993651103453e-01 2.266588928210588327e-01
2.510279459129476365e+01 9.642197016336255810e-01 1.631105410919129473e-01
2.379428942320498663e+01 8.044313280802110055e-01 2.695297372713545969e-01
2.937201478704613322e+01 4.837921708584838054e-01 2.461963629455567459e-01
2.314162874120816937e+01 8.539605551181691512e-01 3.595469165908602438e-01
2.368571131908194971e+01 9.683896271599119476e-01 2.019353194203936108e-01
2.376892486555991724e+01 7.290392665758047563e-01 3.241731873873956449e-01
2.390249732677993677e+01 7.721241013766784178e-01 3.074190354573285155e-01
2.245087376466865337e+01 8.478915804150446434e-01 3.558409494023207498e-01
2.089538656953473961e+01 9.096196174739999973e-01 3.373904286003471253e-01
2.343439015929918057e+01 8.654342632512047606e-01 3.241750602025483263e-01
2.416803520335371047e+01 7.701367752068386530e-01 3.079609382401708451e-01
3.142013151636120938e+01 5.468192500674198264e-01 2.984214906534128353e-01
3.287578921751041605e+01 4.698074351229648005e-01 3.422860119962083947e-01
2.356729262335388952e+01 8.613590961326421658e-01 2.825714214642954802e-01
2.167432091201839128e+01 9.411448670227807733e-01 3.485036564072075405e-01
2.873048892513135044e+01 5.417217788212224105e-01 2.349223534781106904e-01
2.287104102072108702e+01 8.786217200182907527e-01 2.896129639782386578e-01
2.875761958831305165e+01 5.416420851367642619e-01 3.157095246985126002e-01
2.267010045081135772e+01 9.189271564919707647e-01 2.738752994350508452e-01
2.429297563364881185e+01 8.174464435993828992e-01 2.676989210553291643e-01
2.373572608078303148e+01 8.956664935737678190e-01 2.635637055266602524e-01
3.090315856048235332e+01 4.972397287172988234e-01 1.507471616663425829e-01
2.585662821109905352e+01 6.459216906018970805e-01 3.748906744437782712e-01
2.386462202373268227e+01 7.438419591855265356e-01 3.291178451708337005e-01
2.333715586093755334e+01 8.593358582978414262e-01 3.051736973220151028e-01
2.164409052511652121e+01 8.577081463315778809e-01 3.296329530041582356e-01
2.729543671860241005e+01 6.319783671705654360e-01 2.080798464575144280e-01
3.410827509068121088e+01 3.772086440497515736e-01 2.667483150387913171e-01
3.222291392507763419e+01 4.074782038133483164e-01 2.738050970634280379e-01
3.115653643143199147e+01 5.241938003236855659e-01 2.184917307335992320e-01
2.424909007642144232e+01 7.881466169953499357e-01 2.795407539918259854e-01
2.488698973522579294e+01 6.976429647503543663e-01 2.817273338145086514e-01
2.523697585473676241e+01 6.768154238085030139e-01 3.089079765395112420e-01
2.499978439972142397e+01 7.923141017408652509e-01 3.019384279315101560e-01
2.753666839912477471e+01 7.274452310024347446e-01 1.719943579313235049e-01
2.224725041450731311e+01 6.980537635231061078e-01 3.516200626928541739e-01
2.478053311532229941e+01 8.458059105897443031e-01 2.211386195436348401e-01
2.561063481324457669e+01 7.743372053611230488e-01 3.155839457199102749e-01
2.576716063620802544e+01 6.766211024965782528e-01 2.967999257568736948e-01
2.536164451551075771e+01 8.214785803181267054e-01 1.982502546873184668e-01
2.318651741937236110e+01 9.036835462492763815e-01 1.780217574709575534e-01
2.337097061629292227e+01 9.299513145176692142e-01 2.419814511154490533e-01
2.050031790186505631e+01 9.902856669740843776e-01 3.144165436355764176e-01
2.527263196824901925e+01 7.921518117078488741e-01 2.097746700229534966e-01
2.342224518551644508e+01 7.588928175043910818e-01 3.132115113806413498e-01
2.295991186734899259e+01 8.487268587219757299e-01 2.804036518017506419e-01
2.346182168261838186e+01 9.117282642784616531e-01 2.985758485485101033e-01
2.324555098568127320e+01 8.780326352334323348e-01 3.100877677091322115e-01
2.462748225176989436e+01 6.756675061999274368e-01 3.454835399432125698e-01
2.696535673348773088e+01 5.689852616973986033e-01 3.259328757775161733e-01
2.535544651884636735e+01 7.168313252642776190e-01 2.996471182436629688e-01
2.329273035386843205e+01 8.406892883182979226e-01 2.854411030876576327e-01
2.573065616962438540e+01 8.173370636272565548e-01 2.096597846091527995e-01
2.624949525977718068e+01 8.546236986001305436e-01 1.638533883283259107e-01
2.204830431596260354e+01 9.073532149306328121e-01 2.730382617079080698e-01
2.397111265463744445e+01 7.775399709932965253e-01 2.955993927963009860e-01
2.758244368918779088e+01 5.852471731028170421e-01 3.044143370844115126e-01
2.282227972800630056e+01 7.578622924935820571e-01 3.240667610833717904e-01
2.310647074011538749e+01 8.671533528573518446e-01 3.148134711570534372e-01
2.455479890030544965e+01 7.207013180489586501e-01 2.822504117355379427e-01
2.771321411647246435e+01 5.644019870675095474e-01 2.609567354090817637e-01
2.269066807546322551e+01 8.274521171797045715e-01 3.120307829187721205e-01
2.643461838586189927e+01 6.976429647503543663e-01 2.066879322555407739e-01
2.631782373229223992e+01 8.485086613733088257e-01 1.787026661302943409e-01
2.696118774836637400e+01 6.210349635115872680e-01 2.694723362873299721e-01
2.329462982025225060e+01 8.183036399992055232e-01 3.250368534796386211e-01
2.055295223462421106e+01 8.361314912177155723e-01 3.272438766264065824e-01
2.350009269959370783e+01 9.471923711541615498e-01 2.188672770850481619e-01
3.198763053977942405e+01 5.703588254627378618e-01 1.790858955025332599e-01
2.696583899515815475e+01 5.996980336661498212e-01 2.922620729975035081e-01
2.439987083594289885e+01 6.807887944671781044e-01 2.834594170830095905e-01
2.694316951463139276e+01 6.656043414082906118e-01 2.012382575266141171e-01
2.549748690466498147e+01 7.193917787109264106e-01 2.340352646379139367e-01
2.161537704147416150e+01 7.491802100752508187e-01 3.031552466539320090e-01
2.657100622151262215e+01 6.269076187683352286e-01 2.987855902897539884e-01
2.235115881728593834e+01 9.422882992765535537e-01 2.713096100424208235e-01
2.092599547541351512e+01 9.908392696164144420e-01 2.690051964887584801e-01
2.872429856656733449e+01 5.919440412380515548e-01 2.271626378729861284e-01
2.357584080983636454e+01 8.378580178652479393e-01 2.534680412191464005e-01
2.384297429637228660e+01 7.325260160309917667e-01 3.624747733315581977e-01
2.288942846909200668e+01 9.360000021675444204e-01 2.899623527022595071e-01
2.348120659675066690e+01 8.309689148112513468e-01 2.571731728677424389e-01
2.453619206395242003e+01 8.177265753306284246e-01 2.508099431243316357e-01
2.365498776246206347e+01 8.025420890977980060e-01 3.348957233496959174e-01
2.529836055498850911e+01 7.166815520256506478e-01 3.313853254162105189e-01
2.208688230948905939e+01 8.581509736144896650e-01 3.012513308703758663e-01
2.555309272624059957e+01 9.214547687823624322e-01 1.776872694981761203e-01
2.526907839186593208e+01 8.885459061432235961e-01 1.945249261530783425e-01
2.463798369394650933e+01 8.601895278093204533e-01 2.219848983582725088e-01
2.352564716136928880e+01 7.954759998489403516e-01 3.247896130643993517e-01
2.316691581611831552e+01 8.124322491774789157e-01 3.410853324888400429e-01
2.133498855588333143e+01 9.500228382852859976e-01 3.498078016104035903e-01
2.423372282906452924e+01 8.584510280561647999e-01 2.504902863564605897e-01
2.877217462618893506e+01 5.740065678519856718e-01 2.740235827233817312e-01
2.544099515157587632e+01 6.602689176804693583e-01 3.305759777994838888e-01
2.048621875372872481e+01 9.939102936418855450e-01 3.371241579178309022e-01
2.940158773467005204e+01 5.065327593625027491e-01 3.210984505505953268e-01
2.680819379385722456e+01 6.373572026102003463e-01 2.766316993665594581e-01
2.559154464818164598e+01 7.854666926387338100e-01 2.595812969925739289e-01
2.232740466684170499e+01 8.239664523313142697e-01 2.833837800483285929e-01
2.044037952297077965e+01 9.093747164243566328e-01 3.629163768066414053e-01
2.778862741860541519e+01 6.079578872739518358e-01 2.665070307299924335e-01
2.129103992716115457e+01 8.727675838984226830e-01 2.711453781773348060e-01
2.470040311768190477e+01 7.469936661017562152e-01 2.438683228617447296e-01
2.304205909578124079e+01 7.968461090356404597e-01 3.454674285457502991e-01
2.785685027088823418e+01 6.661268231104722215e-01 2.179091559197374739e-01
3.505785018820181165e+01 4.166017703996234833e-01 2.845822193385875165e-01
2.426955627727368991e+01 8.423915410692560668e-01 2.874811818978207367e-01
2.791775879467586918e+01 5.638758826108808409e-01 3.058471587250943258e-01
2.434541599315593885e+01 7.208964691967421068e-01 3.762802413981896632e-01
2.451741778079493628e+01 6.618808804388569555e-01 2.957160612927316468e-01
2.492129475960521745e+01 6.585348048048011993e-01 3.202667163718910248e-01
2.527955675269602054e+01 6.817117204906838479e-01 3.489449729518385168e-01
2.726090658838400671e+01 6.166403880839678164e-01 2.736758364006503519e-01
2.735265834893647963e+01 5.463495373846765091e-01 3.333073712529297516e-01
2.327155047276840705e+01 9.045189638339191651e-01 1.829773883014093050e-01
2.347677335433875712e+01 7.716556011117813307e-01 3.788724076947058705e-01
2.322626736603917763e+01 8.854415529652164274e-01 2.804760459911874726e-01
2.395813632836813767e+01 8.971694177424770489e-01 1.987794712559865506e-01
2.956502374281832246e+01 4.693177178915873271e-01 2.912921136846250980e-01
2.333456886645109307e+01 8.553410090684678835e-01 3.030318740414052470e-01
2.546297605061468872e+01 6.955664297965450382e-01 3.625761549252386473e-01
2.448679787476591230e+01 7.780398019335402759e-01 2.421986392653547315e-01
2.547150899262220847e+01 7.509929803192695319e-01 3.142424741971983626e-01
2.323272744559093184e+01 7.433353759207388389e-01 3.634706934080455532e-01
2.126456074426370080e+01 9.547574618142463665e-01 2.823686004121224724e-01
2.590282668183965598e+01 7.687247828855944265e-01 2.592247711276992050e-01
2.438532038249475775e+01 7.221824137393183518e-01 3.624163012370928416e-01
2.501167508181226395e+01 9.040068395523950251e-01 2.018098308760696569e-01
2.338994925879496734e+01 7.945434721764136343e-01 3.321631721062271447e-01
2.865437086739456873e+01 5.648672277637708516e-01 2.732852579051393005e-01
2.677535355026081021e+01 7.371005911558045076e-01 2.505934211902809960e-01
2.689902675381700448e+01 6.361338857326378493e-01 2.834956564032894422e-01
2.511136713823346156e+01 7.400376117036049362e-01 2.597814298941213407e-01
2.323477552314830064e+01 8.841530759665201522e-01 3.023225453524802653e-01
2.955085231793317746e+01 5.264522289411863731e-01 2.450697734248410697e-01
2.243515101559438563e+01 7.967860364689791641e-01 3.608843987177908219e-01
2.618379263539909019e+01 6.707418799529254461e-01 2.568349993541113041e-01
2.586623942673199750e+01 6.912470439958872115e-01 3.138447162473222973e-01
2.205927398195093758e+01 8.926636411833615004e-01 3.500456553722963160e-01
3.111451252734756423e+01 4.021297192449252988e-01 2.860782236208551654e-01
2.347554311141746908e+01 9.333255339862700506e-01 2.114002161751425690e-01
2.235580729505990405e+01 8.662610489895593568e-01 3.507043875204904904e-01
2.162816369536147576e+01 9.924907707650160171e-01 3.182863973844854422e-01
2.676840833441866963e+01 6.343271893901869518e-01 2.851477596360079136e-01
2.205988551174771573e+01 9.535217624953775672e-01 3.026743490892802591e-01
2.133616932730055282e+01 8.831203224511963157e-01 3.140590782678808757e-01
2.619707839038035857e+01 6.275116346913166554e-01 3.020804263625651020e-01
2.189191654189354352e+01 8.968001114663195494e-01 2.798891292309153567e-01
2.207181985249439649e+01 8.609234713149502838e-01 3.721641533141308300e-01
2.498714608719877717e+01 7.818858062293713163e-01 2.554263656412923411e-01
2.282395097065082723e+01 9.164307801369807605e-01 2.677391410981866393e-01
2.241688642038489121e+01 8.648931984277821172e-01 1.799718972544913642e-01
2.241210779773078698e+01 9.800795772797924466e-01 2.580806434839141850e-01
2.598603765122934206e+01 7.026622147418829512e-01 2.870261503072132347e-01
2.382197047243062826e+01 7.818858062293713163e-01 3.168315373534787982e-01
2.882646333466853150e+01 5.595809432613406686e-01 2.920313382740634123e-01
2.755280873969861943e+01 5.515648557714446509e-01 2.878300116414239662e-01
2.251214944382844507e+01 9.466057533481579966e-01 3.204114548977015087e-01
2.256004360345535886e+01 8.875006080147687104e-01 3.250136624479574299e-01
2.541230015168544298e+01 6.567224803686363410e-01 3.530208912521268227e-01
2.695317301642591090e+01 7.528960612051939227e-01 1.945534568556501476e-01
3.042459545407775323e+01 5.517528203555521760e-01 2.196681482917300088e-01
2.530086067607657441e+01 8.383072138935815376e-01 2.581808740640982869e-01
2.377321170185058818e+01 9.155508659855452480e-01 1.829671713145437084e-01
2.505845556931224039e+01 7.451617683541548187e-01 2.823802293447553735e-01
2.331581986779214688e+01 9.050036429099488355e-01 2.026499672325385026e-01
2.827531848627363331e+01 7.032206967366643191e-01 1.796349178592667462e-01
2.322831472158870270e+01 9.128298880751936073e-01 2.720704172540614474e-01
2.791178724807449996e+01 7.322955066300786964e-01 1.657737897899997093e-01
2.313897085065413606e+01 8.017689094865784183e-01 2.929107432258276078e-01
2.218938793306208623e+01 8.734229310811597591e-01 2.906033770012176332e-01
2.551669527498530599e+01 7.806564084223247546e-01 3.232578371189347433e-01
2.366670957042355283e+01 6.804987601106231576e-01 2.758782081703467504e-01
2.409225562913040974e+01 7.614089070134834047e-01 3.762781912337195278e-01
2.727525536659167216e+01 6.489646854067682158e-01 2.965096943992032719e-01
2.220807647311242405e+01 9.345883258068099497e-01 3.297468619469889339e-01
2.337709392895187221e+01 8.569012899511880832e-01 2.558318877968538962e-01
2.411490854143847429e+01 8.710928193878688663e-01 2.191351233814923805e-01
2.397496614188274222e+01 7.645746966553035318e-01 2.927561113780191571e-01
2.206702677718503125e+01 9.138619986094456138e-01 2.776761130842574921e-01
2.874583223933064247e+01 6.178805270246391368e-01 1.713715476961978068e-01
2.546149325086081916e+01 6.695653279409252701e-01 3.036874417755433542e-01
2.259381840085488946e+01 8.057912918255043522e-01 3.390453735281532821e-01
2.105918619236122069e+01 9.157775144773280251e-01 3.263054775654794515e-01
2.523459298829401831e+01 6.451269107023480665e-01 3.061538981544032478e-01
3.682868454572416539e+01 3.245674721500497739e-01 2.471835355122059541e-01
2.815359477471668370e+01 5.708622537529070007e-01 2.627058563734601671e-01
2.791472301143014789e+01 6.480104286235548461e-01 1.983560784859880188e-01
2.434308991746569717e+01 8.634385539293017997e-01 3.066684676368107154e-01
2.252392747505182058e+01 9.440963368823152013e-01 2.303103901703645595e-01
2.465832017194340153e+01 7.323626654846489004e-01 3.130875004551513796e-01
2.629427017650449017e+01 8.032433726588903422e-01 2.104178890060766915e-01
2.280127985537122370e+01 9.135560688563435505e-01 2.658062697827497378e-01
2.836402705993443973e+01 5.870155788569321187e-01 2.550468565263834253e-01
2.153734681128511852e+01 9.608533193499128044e-01 3.104631804141848028e-01
2.422637139978069243e+01 6.930251510069950216e-01 3.554260544481398498e-01
2.386579970840914555e+01 8.369067596363091166e-01 2.585811230711203557e-01
2.739325844493082940e+01 7.707532582471590121e-01 2.040972075778657580e-01
2.190335000993368908e+01 9.043936039895463797e-01 3.265887632175936695e-01
2.243085884692637322e+01 9.152203386335272528e-01 3.273764149284841829e-01
2.179344931863501955e+01 9.569281971633991635e-01 2.709975642228849568e-01
2.409401292875323364e+01 7.071191173847115596e-01 3.465863115430343755e-01
2.271775532558636712e+01 8.085862325309883802e-01 2.966927664205600279e-01
2.608631246331148645e+01 6.749874055595439515e-01 2.887221238065480478e-01
2.834619612002593669e+01 5.635121721314835241e-01 2.823648663857032948e-01
2.764982961612955847e+01 5.256525298050819250e-01 2.919736394744737451e-01
2.325877307402861760e+01 7.417187940123569634e-01 3.375542596758094316e-01
2.724407901464380188e+01 6.463422862176219086e-01 2.398309732490558621e-01
2.207611623983206073e+01 8.463779238320369158e-01 3.101025418509038567e-01
2.632321466912686603e+01 7.167086109370949254e-01 3.410221526401012171e-01
2.582392933649830624e+01 6.967642754566565344e-01 2.672536225440869107e-01
2.232325414682322418e+01 7.874323303643937511e-01 2.874216640180056737e-01
2.607010984824960431e+01 5.691476925188667657e-01 3.385591853324319001e-01
2.505180812958145609e+01 7.938663047899939817e-01 2.981140056553402418e-01
3.118234938204526330e+01 4.795444047420456268e-01 2.849611653402595590e-01
3.083454170562836794e+01 4.667227920070585179e-01 2.643790646281474199e-01
2.353231279211933824e+01 8.331912626792871146e-01 3.002812460595489785e-01
2.660161047805633316e+01 6.473402257463615195e-01 3.361382773918810130e-01
2.621125789593606115e+01 7.058309943642646633e-01 3.003748669873886890e-01
2.786548124655402248e+01 6.105364351459262595e-01 2.822451076246381141e-01
2.311772288084065252e+01 8.040605341417692564e-01 3.060232686248936518e-01
2.316801735345605096e+01 8.390632881809304555e-01 3.430563144566330935e-01
2.642659020267733894e+01 6.090490613059789116e-01 3.058703652393163774e-01
2.391224206566863586e+01 9.133869602023694245e-01 2.524460449067709167e-01
2.473817970730966920e+01 6.445401413121408796e-01 3.197131472997317703e-01
2.266036502335909475e+01 9.793637581406603454e-01 2.442582884669004806e-01
2.586791538513763555e+01 6.616215900589080823e-01 3.095400806615775102e-01
3.613178212251561661e+01 3.441715204780484982e-01 2.503027624493689984e-01
2.789508766662508421e+01 6.334082207401643405e-01 2.551036733929671341e-01
2.684544538657118551e+01 6.318878955761400018e-01 3.415707387747684010e-01
2.563739544550858440e+01 6.861706011068643418e-01 3.153555349128808194e-01
2.803278668365689441e+01 6.485075174192979075e-01 1.765697564141493758e-01
2.911680314062984465e+01 5.345381636310333473e-01 3.441766189429741885e-01
2.909200591503666189e+01 5.065327593625027491e-01 3.351568851401783844e-01
2.440460474637089661e+01 7.604468107063281357e-01 2.960134502773855703e-01
2.972787367419616800e+01 5.380970895181016456e-01 2.663778584567049190e-01
2.604978191480066485e+01 5.880974353190120407e-01 3.824675430214853344e-01
2.286831945730285298e+01 8.868950551519818593e-01 3.272764120980083402e-01
2.792399729907517525e+01 6.280290922430492584e-01 2.304268845183542469e-01
2.643634367658686557e+01 8.090808298398368681e-01 2.006984546850218432e-01
2.211315352321523520e+01 8.785647542903679552e-01 3.059880839556051169e-01
2.758305104663622487e+01 5.924583943720478363e-01 2.489106060731107462e-01
2.243112620565624127e+01 8.873140971237152286e-01 2.477605334386805691e-01
2.979637575901680435e+01 4.686367031807009975e-01 2.886257815560241413e-01
2.420993996758997113e+01 6.528439052336564297e-01 3.783120092272485580e-01
2.253675699134042176e+01 8.428306108930405660e-01 3.476168736996982367e-01
2.643693435704865635e+01 5.848155418185886356e-01 3.456450554946818299e-01
2.375700739552918961e+01 8.180849346573165759e-01 2.902530815294723787e-01
2.157331692122219025e+01 9.546443691816107746e-01 3.311416183642237332e-01
2.422231515937715685e+01 7.154656450290689529e-01 2.728140063054469433e-01
2.294003043389362873e+01 7.584656224226501431e-01 3.682994924724843910e-01
2.523736751309571957e+01 8.046514250411377356e-01 2.600319341349280888e-01
2.258891659737020063e+01 8.275046444765380427e-01 2.934917827533892742e-01
2.719919389649905739e+01 5.169549076087640582e-01 3.457915752683956567e-01
2.497977967795938881e+01 7.905448711895243230e-01 2.505589081541453322e-01
2.529804471550556499e+01 6.908043237959232696e-01 3.635318613717869463e-01
2.435039565807589668e+01 8.449795454578280518e-01 3.078922596248491739e-01
2.635964215846707503e+01 5.540575812469400452e-01 3.184228674681311988e-01
2.679712497906838564e+01 7.479419792850183768e-01 1.803741641951193131e-01
2.819122896869826889e+01 6.141178250196829280e-01 2.845901837131649126e-01
2.478495527076643867e+01 7.914801903076085221e-01 2.742036713396661662e-01
2.506287165452047105e+01 7.596314398701277115e-01 2.810929426839585688e-01
2.954726727161153832e+01 5.226617517206553210e-01 2.644258657346328367e-01
2.486023933262971752e+01 7.564380063681486188e-01 2.942784085657639270e-01
2.543619824460682466e+01 6.390772317532480429e-01 3.559298315074568841e-01
2.414512896408828269e+01 7.075359120240957145e-01 3.797939969403671956e-01
2.615418141902566163e+01 7.705830603262679990e-01 2.528576778993954499e-01
2.241604399670040237e+01 9.310659942909061959e-01 3.026889135432794808e-01
2.645493213411666744e+01 7.297642076792798527e-01 2.618474253029730581e-01
2.560668782996173221e+01 7.296424693141471129e-01 3.086355885820972200e-01
2.414488427563875561e+01 7.600138297048124603e-01 3.209285509883128551e-01
3.013339118953802398e+01 4.915829443881398197e-01 2.671386954036813477e-01
2.445745740848764882e+01 8.942195874113221254e-01 2.286492621907482703e-01
2.213654855661323850e+01 8.383295389079693516e-01 3.484058693098600057e-01
2.318211248809470248e+01 8.989514024169763529e-01 2.266222077303483573e-01
2.334208506194466182e+01 7.306785977422542988e-01 3.464313884811815458e-01
2.220919064774808405e+01 9.199255351693563787e-01 3.523250115845769082e-01
2.049471101822553720e+01 9.721143967194110225e-01 3.251009968303198439e-01
2.237776188062098726e+01 9.468590315374295630e-01 2.318765901192536838e-01
2.679688462129862714e+01 6.642789501049104484e-01 2.378894587482999479e-01
2.418625400903132316e+01 8.714678874941357289e-01 2.742853435877880552e-01
2.467968815873495458e+01 8.813148609878183048e-01 1.894549400783318294e-01
2.229353605306242869e+01 8.079731053220674530e-01 3.370482335800373819e-01
2.347265783143668116e+01 8.333710989239543343e-01 2.454047688135513883e-01
2.597176431747246284e+01 7.524260893218960300e-01 1.861643138073136583e-01
2.339821091287392818e+01 7.697999387721841114e-01 3.266589960910509793e-01
2.161495080505062205e+01 9.626951660883904527e-01 3.855321841862439092e-01
2.389496959608161575e+01 8.090981783123192272e-01 2.440622650917586012e-01
2.624971423249713709e+01 7.513042535994659543e-01 1.376599659522884933e-01
2.804080135657193651e+01 5.897804942850176646e-01 3.020062991688823861e-01
2.224972178469324646e+01 9.446728739721151902e-01 2.848570996364993557e-01
2.378721545618978439e+01 7.988993973113807101e-01 2.971980708221409473e-01
2.474325002882756763e+01 6.648358569252843520e-01 3.090896289801109420e-01
2.275631289113758982e+01 9.299550391089858037e-01 2.832307737943133286e-01
2.368373631490958786e+01 8.714931432924053478e-01 2.298693336516821617e-01
2.985655986968603770e+01 4.304479533260071045e-01 2.502511060525786091e-01
2.707029254646343830e+01 6.446270608391947432e-01 2.631319717476470199e-01
2.168193685188050779e+01 9.768860920288200411e-01 2.893733706071245915e-01
2.252696559739423776e+01 9.872048811192090101e-01 2.306650835923866327e-01
2.341382325084809679e+01 8.927116965699049000e-01 3.117824317259883515e-01
2.476961146042492601e+01 8.288113206002839517e-01 2.627137107084618339e-01
2.143833189824849939e+01 9.591851731877115705e-01 2.910830530737951727e-01
2.274868795539232735e+01 7.712138818978057087e-01 3.756672939276902712e-01
2.300407583145465296e+01 6.953987644886135966e-01 2.821778721347083518e-01
2.310753101270420018e+01 8.029159761672497453e-01 3.631199708304037599e-01
2.652941887529504683e+01 6.045993207510039769e-01 2.925690970160246263e-01
2.590894459480664835e+01 7.543351450144225590e-01 2.618431399383668867e-01
2.475943905020892544e+01 7.765011483593575736e-01 3.171966026316254128e-01
2.452441656042056195e+01 7.485890624273680016e-01 2.789423113379920771e-01
2.093619626307916803e+01 9.579151029413321972e-01 3.000000409815169466e-01
2.563761404019681578e+01 7.195252248831781605e-01 3.087272063380521181e-01
2.295340160182632872e+01 9.138822705487126274e-01 1.874270956785492326e-01
2.722349508911972649e+01 5.278041214606954412e-01 3.329451593635679996e-01
2.363774871638723596e+01 8.297234376862078209e-01 2.843538682240492332e-01
2.412663732482850776e+01 7.668844024952994332e-01 3.381219092134497561e-01
2.411737796142408286e+01 8.798519822731919460e-01 2.585020663750373648e-01
2.424847260466554744e+01 8.391769252482961239e-01 2.808221575994963581e-01
2.298712732835590344e+01 8.305518932586544167e-01 2.949219175934748582e-01
2.808884817557853353e+01 6.062189532315366280e-01 2.787420749857857372e-01
2.811286620939803527e+01 6.149214851210874633e-01 1.921378542610587548e-01
2.414344224983569021e+01 8.681488756421114061e-01 2.507759120473185277e-01
3.075122514390347561e+01 4.993617089116286212e-01 2.779296049539973779e-01
2.770055296398752276e+01 5.619165715178827680e-01 3.216417393398463553e-01
2.205420242631138450e+01 8.872322199578598356e-01 3.127203351258130981e-01
2.985724130435207613e+01 5.019644570904723269e-01 3.094069743912128412e-01
3.000810035590464153e+01 5.341613258537054598e-01 2.783459314328715628e-01
2.393833086669260268e+01 8.163819246956286468e-01 2.314229076437193666e-01
2.379585780671245132e+01 8.437274106344632152e-01 3.062562086428260999e-01
3.027542040727140105e+01 5.132845114289361632e-01 3.129976550367792876e-01
2.519295445312842929e+01 7.370293575897185478e-01 3.494051308372242981e-01
2.140621619725652280e+01 9.569236093576055646e-01 2.974609218213705164e-01
2.309820746017643245e+01 8.617737657903683512e-01 2.927296220488582179e-01
2.669525657690456910e+01 7.059076383982114677e-01 2.529814764521928772e-01
2.691610672294594764e+01 5.231381490898997511e-01 3.097825165756905585e-01
2.539868903830825531e+01 6.850134375893501826e-01 3.614675524332987555e-01
2.188318714424445588e+01 8.840304034728432292e-01 3.344758607377094628e-01
2.096488830465907327e+01 8.802795956364048990e-01 3.510025709846295028e-01
2.710148015581031089e+01 5.981628013499106222e-01 3.054900985699371407e-01
2.700083883755065983e+01 5.713906981528549256e-01 3.271360277209302558e-01
2.728413010475182432e+01 5.861963172328354954e-01 3.285503646563746050e-01
2.105223098190918662e+01 9.196790110727010026e-01 3.414895563452935434e-01
2.673544198646840186e+01 7.918019576010898453e-01 1.906644751230069657e-01
2.118244832405455824e+01 9.485718144722451450e-01 2.722764426336848897e-01
2.263414936947953748e+01 9.135560688563435505e-01 2.751529791933891578e-01
2.384211232825587601e+01 7.433367431808913794e-01 3.765411616278905305e-01
2.609405530632251313e+01 6.803430094786561133e-01 3.487814978100516883e-01
2.118831950112870999e+01 9.581537099969368310e-01 3.169735805859224542e-01
2.543685364306823615e+01 6.428337981276528446e-01 3.009070014843435170e-01
2.225272844080223322e+01 9.383536716637631558e-01 2.503406076255939583e-01
2.592887733576749199e+01 6.369152629520207221e-01 3.416012019932032628e-01
2.270227629177469453e+01 8.322478197868236061e-01 3.873903918353645559e-01
2.679569868831476853e+01 5.398324948002111157e-01 3.290559956747955983e-01
2.211571296408886766e+01 8.642012178391537125e-01 3.472129543542158969e-01
2.360640695532079647e+01 8.850289908837876141e-01 2.629122278721159889e-01
2.566825233665473860e+01 8.318245721597234965e-01 1.839377142402122411e-01
2.487021248102756843e+01 8.388972113746252512e-01 2.427007217399952121e-01
2.679643356352214312e+01 5.604218793092983208e-01 3.268699327361747065e-01
2.204174155186587214e+01 9.783017300777575587e-01 2.511195149942936911e-01
2.469608683255069792e+01 7.100188202878993105e-01 3.251863431604176680e-01
2.149858628335818622e+01 9.254961005412127850e-01 3.825844922188541553e-01
2.932098966972951359e+01 5.016445239386628785e-01 3.792779662465286528e-01
2.350572561991265630e+01 8.572575209856425626e-01 2.749381356945899135e-01
2.938007280446599978e+01 5.067266224644758621e-01 2.714198582354037659e-01
2.884095915625024276e+01 5.493202737858319251e-01 2.249466395552862930e-01
2.040693530394208821e+01 9.395136165675179729e-01 3.585119758107248034e-01
2.152116465212657204e+01 9.275367769014848385e-01 3.245535946021972928e-01
2.502041246379186390e+01 7.085603231554769010e-01 3.126141724293041713e-01
2.438955402724231547e+01 8.503258247126742608e-01 1.689351911951935681e-01
3.666190583281372284e+01 3.666113978793764105e-01 2.981229131139099819e-01
2.356160272999565919e+01 9.423980394260987881e-01 2.351663566142031814e-01
2.343498526281202743e+01 7.691580393517225556e-01 3.520022583619124568e-01
2.282334435972888542e+01 9.399601502418524213e-01 2.522639342212295022e-01
2.603792739505174580e+01 6.870882713433259514e-01 2.924113924058018843e-01
2.384673691878662893e+01 8.873029114642680959e-01 2.528222667003004465e-01
2.227243062467786316e+01 8.808600230542892318e-01 3.340862297749218057e-01
2.354286821989713019e+01 8.892490120502980488e-01 2.727346014142931208e-01
2.217866884464613619e+01 9.470632402189443910e-01 3.020212440283965849e-01
2.526013406959651419e+01 7.548102833016573365e-01 3.146642416269031517e-01
2.154975955360232831e+01 9.543551334534635666e-01 3.489493433879471418e-01
2.271480800610164863e+01 9.104924102973923628e-01 2.551375293307163172e-01
2.509193250314651635e+01 7.554054012533444329e-01 2.970910070764252175e-01
2.613248369671217830e+01 7.765669033511987118e-01 2.102634547507296614e-01
2.420970138474692845e+01 7.645746966553035318e-01 2.802216560807028745e-01
2.081183104108918869e+01 9.048094308632371741e-01 3.200964848195387291e-01
2.689490517155380545e+01 6.096698271413958370e-01 2.942761009180738241e-01
2.979895287260372783e+01 5.745683786300012086e-01 1.865347803045331876e-01
2.651903317258750548e+01 5.836921694629422230e-01 3.641604414671889001e-01
2.595781140240277907e+01 7.123473166020477532e-01 2.588698058332918328e-01
2.636933341869097802e+01 6.378489193467965501e-01 3.465787866609902901e-01
2.750561387536128422e+01 6.348400606635803411e-01 3.151950421439135841e-01
2.564859676245804110e+01 7.888774977897955454e-01 2.349916953883422199e-01
2.583068850057858512e+01 6.337979911426626645e-01 3.113621032300887270e-01
2.275755235102507257e+01 8.674089979114101290e-01 3.499555895173497855e-01
3.188778002986441251e+01 5.336767433883158329e-01 1.757789650106108548e-01
2.240579823987880914e+01 7.758088930542702544e-01 3.613533726154350978e-01
2.297374121411869652e+01 9.439587654035139774e-01 2.088085584829866004e-01
2.572118584271539277e+01 7.720591120155068099e-01 2.436235714637282612e-01
2.027627747518853241e+01 9.522921447838179621e-01 3.749510497730442204e-01
2.202668729710881479e+01 8.788553335717567139e-01 3.195781375538547242e-01
2.266324050837110704e+01 8.693423613104395153e-01 3.334166395506339975e-01
2.425342175107135034e+01 8.973376146869772585e-01 2.080802165041195362e-01
2.206536974819655583e+01 8.844376584934249275e-01 3.676056800483209486e-01
3.109649682215050248e+01 4.770437572709820273e-01 1.385621088604514495e-01
2.230204037520355342e+01 9.177684225026220277e-01 3.567329935265544649e-01
2.057076720117616020e+01 9.273644149086419652e-01 3.530384028850712119e-01
2.303958455249545167e+01 8.926636411833615004e-01 2.926026045367373096e-01
2.327269711825683984e+01 7.591583167599572635e-01 3.457748726266199890e-01
2.523404104873213072e+01 7.370163410976684482e-01 2.424702384945706113e-01
2.436977564823444098e+01 6.428337981276528446e-01 3.578697431462564138e-01
2.285179149242860674e+01 8.656250963965135270e-01 2.810208341739471316e-01
2.721251455376885175e+01 5.785107839439387334e-01 3.630048750810143665e-01
2.904208863488029735e+01 4.617843713438892217e-01 3.697706972845606344e-01
2.223974773171783781e+01 8.496977661905501522e-01 3.044431685988004399e-01
2.397015042242151495e+01 7.107727979995762668e-01 2.990742006722156288e-01
2.921409186704079630e+01 4.481703208199557809e-01 3.143811957174325600e-01
2.260231061145956133e+01 8.679280836518632469e-01 2.608494100400169380e-01
2.708111679494908941e+01 7.330117982393916654e-01 1.762310705716919612e-01
2.980921061945318229e+01 5.101132922859368257e-01 3.039057456501341181e-01
2.381761768179205063e+01 9.277905833640516242e-01 2.445778329316795063e-01
2.956864618445603554e+01 7.272907721407838588e-01 1.533116459666333531e-01
2.453553638783210289e+01 8.094314133426333546e-01 3.173331729576195914e-01
2.293496335305255585e+01 8.592172535815271184e-01 2.498114149454213895e-01
2.522583286705261685e+01 6.999767660555966664e-01 3.438080787522760917e-01
2.345607334877324490e+01 8.712370304702977686e-01 2.570910553339541549e-01
2.523979902202429670e+01 7.388020551212035603e-01 3.052495771163944438e-01
2.454788847664195117e+01 7.473179504123619310e-01 3.009682698529481115e-01
2.258527886850501787e+01 9.888879974615260027e-01 2.897477675434232958e-01
2.345148816057235663e+01 7.895490798045750047e-01 3.191688215339662515e-01
2.522142201332891531e+01 6.869158203963430243e-01 2.799531280567609803e-01
2.067896923262883746e+01 9.665176465119895699e-01 3.462668611195995338e-01
2.315385089993874956e+01 7.555291779088977311e-01 3.130795016081073801e-01
2.546324731743581538e+01 7.337011509473604365e-01 2.527238809072767656e-01
2.503081713633572036e+01 8.386777373654081824e-01 1.895551326918790969e-01
2.592362846325224623e+01 7.870475124397946498e-01 2.383846669268483431e-01
2.173215202681226899e+01 7.251633033349593749e-01 1.969090759124154655e-01
2.938265673801027589e+01 4.884684883838225078e-01 3.040112519993528051e-01
2.607336010944700178e+01 7.086745835867817034e-01 2.670401843615954895e-01
2.426738282130014568e+01 7.345027745952026343e-01 3.360405297411034331e-01
3.011270107427263554e+01 5.434945930743061426e-01 3.049486295858357399e-01
2.529089567729741006e+01 6.803748288145510248e-01 2.936450498812934184e-01
3.090978378522135728e+01 5.836154367532914167e-01 1.470887097227904505e-01
3.006829939561327336e+01 4.634189113778967029e-01 2.954742962843748266e-01
2.945145579036026007e+01 5.076954465945169304e-01 2.832544940739478712e-01
2.440883512119579279e+01 7.233750592197655260e-01 3.178098356716737571e-01
2.041756618766655151e+01 9.848039111845956484e-01 3.386850689633419953e-01
3.049662683615198588e+01 4.694350804826946111e-01 3.035075391641547937e-01
2.864680527125993947e+01 6.432881756841779541e-01 2.164369000322863001e-01
2.153248374166367540e+01 9.628848656260079464e-01 3.168443241471221583e-01
2.330681505985394963e+01 7.616986667090499541e-01 3.146776563555058193e-01
2.209126466214489426e+01 8.481321910377337403e-01 2.935282084129229307e-01
2.533030512097020903e+01 6.605697120876733441e-01 3.175472952503345936e-01
2.899094402327885689e+01 5.828559331053211334e-01 2.306166702040695904e-01
2.525734864055024431e+01 7.505449095822207539e-01 2.746520807933319763e-01
2.717224686193136307e+01 5.788557431522939334e-01 2.676618600966029216e-01
2.874033319576054168e+01 5.241594902434435488e-01 3.152468255161334221e-01
2.228054928655691924e+01 8.345936042751741502e-01 3.172466990168797962e-01
2.593079469885762833e+01 6.371959417417937255e-01 3.204609190596249824e-01
2.730583058510585559e+01 5.487805268784927692e-01 3.030228063967924657e-01
2.877859422810526624e+01 7.031693283080957535e-01 1.974983116563765739e-01
2.803966116117755902e+01 5.994509237199564522e-01 2.542549568570835472e-01
2.975451371315039495e+01 5.932307455280450004e-01 2.503790973924411301e-01
2.998626438244948034e+01 5.211013069866090586e-01 2.819032911114485174e-01
2.335010487713629246e+01 7.276048725538608597e-01 3.571494931926180172e-01
2.535525989453256557e+01 6.916620222469391788e-01 2.852360470983357765e-01
2.137474220798165803e+01 9.611325692791800046e-01 3.451542348549795358e-01
2.290938411004219688e+01 8.689867564393273236e-01 3.179189302939487427e-01
2.526156884293817484e+01 7.109213956683608782e-01 3.017674873820380133e-01
2.345070518278587457e+01 9.576101454400616220e-01 2.507886978823661295e-01
2.657332335209638430e+01 5.736027137611796611e-01 3.561592775770354158e-01
2.255896165813368270e+01 8.657916131308763807e-01 3.595268463494213362e-01
2.262907190932921253e+01 9.143832820072224088e-01 3.021229557298909518e-01
2.520947281766818904e+01 6.425053760160892580e-01 3.433347553490173065e-01
2.253262593908140232e+01 8.023577165045348014e-01 3.075141388159517986e-01
2.223367112245133725e+01 9.127723884419207678e-01 3.036217384151173038e-01
2.257391458948668372e+01 9.366883980018355649e-01 2.289255764669227422e-01
2.408441879228236715e+01 7.206146525604030240e-01 3.003232616946280853e-01
2.598675398428691352e+01 5.897998018072122539e-01 2.915922096424548027e-01
3.152739488302141879e+01 6.023774691668043468e-01 1.746850679357743741e-01
2.668399699897307187e+01 6.272106429830460739e-01 2.691330688316038167e-01
2.340887336755932679e+01 8.516226415044308995e-01 2.888105517205233341e-01
2.668414716668475961e+01 6.514315217865639385e-01 3.250721778414224494e-01
2.105777651463667510e+01 9.473737611750649990e-01 2.950657910650983928e-01
2.580659500260884442e+01 7.304870827484818419e-01 3.346396530235054567e-01
2.378985107176029601e+01 8.095062613305208377e-01 3.640023597507521247e-01
2.430074619035802996e+01 8.610150679909344129e-01 2.101126759501677210e-01
2.099165366470429817e+01 9.672330159687844153e-01 3.391110318890628306e-01
2.629359640187881908e+01 7.408904038208232734e-01 2.531873349073500146e-01
2.730968781767733944e+01 5.572384156059463356e-01 2.899980122510324443e-01
2.289765342222244016e+01 8.861471501132298645e-01 2.723214236322537563e-01
2.995613746756631812e+01 5.472207721039146211e-01 3.362637637559231507e-01
2.406941520447692895e+01 7.735504547509268747e-01 2.365437941535067368e-01
2.307114984491858323e+01 8.225191623505010430e-01 2.896138337271934038e-01
2.266903161994120808e+01 8.324211516050182835e-01 3.386189806761008558e-01
2.487393589138246242e+01 6.052312142423265096e-01 3.238965937597647060e-01
2.602341242775548125e+01 5.487805268784927692e-01 3.672349888307397392e-01
2.364738550646141491e+01 7.421894755204727634e-01 2.925539270143955317e-01
2.306089592239632680e+01 9.030747516471472336e-01 2.806606516669593043e-01
2.372866994504078875e+01 8.787308169870036156e-01 2.901609770335307203e-01
2.723207151903721979e+01 6.147676321610585637e-01 3.235174553211608850e-01
2.430925806003087786e+01 6.866972848700044763e-01 3.181320433915084123e-01
2.242085726714127247e+01 8.714931432924053478e-01 2.991430547434146825e-01
2.615281358988485394e+01 6.697907350355599698e-01 2.494985248026569402e-01
2.200501570461853262e+01 9.522805120627187980e-01 3.239322521312890113e-01
2.807803419411727575e+01 5.316271757473588488e-01 2.959110580335244656e-01
2.305675831792757791e+01 7.586721095327664255e-01 3.342274128831254631e-01
2.618983490018941751e+01 6.332916062959660364e-01 3.251597473701137719e-01
2.790185418422652219e+01 5.779924950138943807e-01 2.894655947395551321e-01
2.651136302202313288e+01 6.037584053258320260e-01 3.010539658540646868e-01
2.156575532528194472e+01 9.629276567347572202e-01 3.591337079503288954e-01
2.777415476201507261e+01 5.071769808002708491e-01 3.469790645497843884e-01
2.776481655977951135e+01 5.916665366958321348e-01 3.509332906717344547e-01
2.389748686247060050e+01 7.882596897845464134e-01 3.099090368853846256e-01
2.210741402529474442e+01 9.438333589007935620e-01 2.864959677083178113e-01
2.249163997020789552e+01 9.472756869357168430e-01 2.499651442597824458e-01
2.262708782508870442e+01 8.494312063506268551e-01 3.402220044585485548e-01
2.267241640453849527e+01 8.432320048449967187e-01 3.042047425558429552e-01
2.233876867139803224e+01 9.259987594402834254e-01 2.438395960282384034e-01
2.743983239679176478e+01 5.693917723507494477e-01 2.964604333428565441e-01
2.756396976811550203e+01 5.884137044733066535e-01 2.691017764960935144e-01
2.612991835459051515e+01 6.158513799146027035e-01 3.281658415095289882e-01
2.650784139056415611e+01 6.056485641549709253e-01 2.477289083136497982e-01
2.361344553716404704e+01 7.567233270679760704e-01 3.380497119860231825e-01
2.453667763132440527e+01 9.126023705911754380e-01 2.107636350111864454e-01
2.351909790238206099e+01 8.650336247074833507e-01 2.548829093062618401e-01
2.526860578745718300e+01 6.856621524930894829e-01 3.101788155020937521e-01
2.926672022796620354e+01 5.136247100877671112e-01 3.713083559547514789e-01
2.206528632929971323e+01 9.303803148891279795e-01 2.886193079780626225e-01
2.147367804176062478e+01 9.789699363330439663e-01 3.293214112871910570e-01
2.416918199570035597e+01 9.903533450232392399e-01 1.831907263178082224e-01
2.698700274771768193e+01 5.656188512693870463e-01 2.863972825932277200e-01
2.340358072302593584e+01 8.690997952837643536e-01 2.660994208825009921e-01
2.457612331424192575e+01 6.818434258343101240e-01 3.402642304008970942e-01
2.173100035209575509e+01 8.797251379396109350e-01 3.373184634455774211e-01
2.705735943347188410e+01 5.958385535996162385e-01 3.019780472894313395e-01
2.258156429484743555e+01 7.553009152449935426e-01 3.581264167335757032e-01
2.490459595493524603e+01 7.285735522230648575e-01 2.708632196752414623e-01
2.290468002309090778e+01 8.724476246670398449e-01 2.836431668270201767e-01
2.330147883478664284e+01 7.336893603807056463e-01 3.401227115843666882e-01
2.850074630856048330e+01 5.531562125617920378e-01 2.897816289448831295e-01
2.623634106683164546e+01 6.938568554496645779e-01 2.990387612808927398e-01
2.241672831369893615e+01 9.383536716637631558e-01 2.411931665780581990e-01
2.637226555021673491e+01 5.799322102289462544e-01 3.351606798040385193e-01
3.271930453005732176e+01 4.051205695791119110e-01 2.939267691679700034e-01
2.418968891657484477e+01 7.332360752513067403e-01 3.204441408964893712e-01
2.445123306170586375e+01 7.498285555599252250e-01 2.739061020518894218e-01
2.422673202670365100e+01 7.087431335652732978e-01 3.552120427885563370e-01
2.199887450723906213e+01 8.611165431977375606e-01 2.889376222710531295e-01
2.361922845349506517e+01 9.888818122191127546e-01 2.079297618114282487e-01
2.097572697121631791e+01 9.516160476893056330e-01 3.141422958940043308e-01
2.471701600731294590e+01 8.637264822453365465e-01 2.332619354610290796e-01
2.568305920310670132e+01 7.509069822070201239e-01 2.799605272888809337e-01
2.756966709714495778e+01 5.666543360772423599e-01 2.412600732325800579e-01
2.503921812439235950e+01 7.572333015254523181e-01 2.950055324775399113e-01
2.609567669176666627e+01 6.647967008314870085e-01 2.895945714493641243e-01
2.839891791492537720e+01 6.455420050266861276e-01 2.008200489243750497e-01
2.621446872484029100e+01 7.596314398701277115e-01 2.248147516175007243e-01
2.503741882115908268e+01 8.239551986956120677e-01 2.555626929655163693e-01
2.706413296057148088e+01 6.415574810683030149e-01 1.746590236722183609e-01
2.834465514584541879e+01 5.593495046763693468e-01 2.523417842747315842e-01
2.812890094814307318e+01 5.433225888496689970e-01 3.317869784198954619e-01
2.607162719252877991e+01 8.794560972629470452e-01 1.463602090998258887e-01
2.388779099044025855e+01 9.133869602023694245e-01 2.537280241603467323e-01
2.114480715708236147e+01 9.283839758576335477e-01 3.605239710291838207e-01
2.404099291427418805e+01 8.646965287342130990e-01 2.917512646310586044e-01
2.611582231678853816e+01 7.827876490986941382e-01 1.585076140049532789e-01
2.089605428399769238e+01 9.756235613737079815e-01 3.531168428124246139e-01
2.644661452771548582e+01 6.155597467527105238e-01 3.005384853307007664e-01
2.280619889680506773e+01 7.841731060153569466e-01 3.324180034340132872e-01
2.162724430535196518e+01 8.952018585399269535e-01 3.257139280062981146e-01
2.140496865486901612e+01 9.243189407852051565e-01 3.161412872983435096e-01
2.961781538844444128e+01 4.760315088934936045e-01 2.558263164308794413e-01
2.908610936489308330e+01 5.164057983135339480e-01 2.990305621832309857e-01
2.427762561318249723e+01 7.207404031352329099e-01 3.413525078135162816e-01
2.709351827557721748e+01 6.053074269784343153e-01 3.274781309011725594e-01
2.626778301439114571e+01 7.384024681802656698e-01 1.726014328321854863e-01
2.395485629439188102e+01 8.380468617978337198e-01 3.268029083288997994e-01
2.209947040639622529e+01 9.950435444210340430e-01 2.915866523090400730e-01
2.219237981555403039e+01 9.096091340752036070e-01 3.617496298805820132e-01
2.623571795501622717e+01 5.853192146271395391e-01 3.263847423449890983e-01
2.531230820028103423e+01 7.415322573742826329e-01 2.924346425126405080e-01
2.776054340774770424e+01 6.237906245999399468e-01 2.065677356536137765e-01
2.262043623930600234e+01 8.166301709358182448e-01 3.073718688330351889e-01
2.446740853123052517e+01 6.777779790423229533e-01 2.454930795430417534e-01
2.461329654076912021e+01 7.185085576662862961e-01 3.351010071149596592e-01
2.691506251548848994e+01 5.653892953386736586e-01 3.055296445913629477e-01
2.169970211426140594e+01 9.541071311253099818e-01 3.131011591755138435e-01
2.834918555123456230e+01 5.814398045219153488e-01 2.781187993748934217e-01
2.227373788548823086e+01 9.736694955397804385e-01 2.542960747599553595e-01
2.389292712553280396e+01 9.378425049816632164e-01 1.714196361520882450e-01
2.245498364745875719e+01 9.643897375812462425e-01 2.530816517955641887e-01
2.922014165111858119e+01 5.622718414639451545e-01 2.241584735312423804e-01
2.720651766496058244e+01 6.800467934110967505e-01 2.127069846389251784e-01
2.081080344845895880e+01 9.494865394449776286e-01 3.345668786303693798e-01
2.712502189459798885e+01 5.854908098017168605e-01 3.123047103268546398e-01
2.605342210134819325e+01 6.415574810683030149e-01 2.202284934521094029e-01
2.497400433896786964e+01 7.210842948769148331e-01 2.483137896855361071e-01
2.545591432139253385e+01 7.025958928926706593e-01 2.917090144496232718e-01
2.187230742178616794e+01 9.295515365199014113e-01 3.414417799731143677e-01
2.176165663394333194e+01 8.904430588754541631e-01 3.405879198781208705e-01
2.608087329946577526e+01 6.681837078452932399e-01 3.276463024230583665e-01
2.343026396690171964e+01 8.901007679310189991e-01 2.366650687730829650e-01
2.311346087858042608e+01 9.537060689552312454e-01 2.055685709024547003e-01
2.328363785263556451e+01 8.561879722808262150e-01 3.052491707845356728e-01
2.598478056888242449e+01 6.543821017698000508e-01 2.988860887445086711e-01
2.417056561743785537e+01 7.885797189407465213e-01 2.742175540062819494e-01
2.935024141596424130e+01 5.079643684552245242e-01 2.974825133563187562e-01
3.105260769180183189e+01 5.171873633146204519e-01 3.234233146496630629e-01
2.298630435447753584e+01 8.101217207800395226e-01 2.886150180218153283e-01
2.507664727043394493e+01 6.475353715249229092e-01 3.307452005095150582e-01
2.611438915944473393e+01 6.622207773322089652e-01 2.797718451673181228e-01
2.270439524342337378e+01 7.587626275557091127e-01 3.048305705733951321e-01
2.287681712295617231e+01 8.376804642892512476e-01 3.087089361726397252e-01
2.841140951909016366e+01 6.339392741536766795e-01 2.073909946970673712e-01
2.311172041623708040e+01 8.387213399952597737e-01 3.542675939438351129e-01
2.413172819351198939e+01 7.062448854006350141e-01 3.454622785254715112e-01
2.561885338794940381e+01 6.977895422114197554e-01 3.518933293201609303e-01
2.115874272370428244e+01 8.949768271005995590e-01 3.478121726037664008e-01
2.478317513246284420e+01 6.697576262522768609e-01 3.001967192570055842e-01
2.193619106446982414e+01 9.184250425790507766e-01 3.009326877272858192e-01
2.343231949625754140e+01 7.539888638704850266e-01 2.944089894662061391e-01
2.608284560348166181e+01 6.319671268927689045e-01 3.168464638465359751e-01
2.793817098249872188e+01 5.876229382014928060e-01 2.597503974776029234e-01
2.444419854312297247e+01 9.454210807274292527e-01 1.766571912455645876e-01
2.367386049945988802e+01 8.449795454578280518e-01 3.452682971045891169e-01
2.164531653708189296e+01 9.522921447838179621e-01 2.879871242464391856e-01
2.761472888188990282e+01 5.840666540264888296e-01 2.649388356989506033e-01
2.490052225651540141e+01 6.707105894224375531e-01 3.324622133705840143e-01
2.240498593612477052e+01 9.556358068380663706e-01 2.649531260943063238e-01
2.359889941330419205e+01 6.897255305434629724e-01 3.105477699762652088e-01
2.476185004193053274e+01 7.342552617690233374e-01 2.881267734837322236e-01
2.141291862812825642e+01 9.027091840024051850e-01 3.893305493124395444e-01
2.370658330109844769e+01 8.315821739788693545e-01 3.011351997978877204e-01
2.873927608654142318e+01 6.116647152075599392e-01 2.426704100847054679e-01
2.180268266593887461e+01 9.468590315374295630e-01 2.643692256763356396e-01
2.284144199764574523e+01 8.734816958915446738e-01 3.062620128394377139e-01
2.585869619183306511e+01 7.953616490143259332e-01 1.837633565480271403e-01
2.769303110445035543e+01 5.544212364109325497e-01 2.697786987408912762e-01
2.800672704950756042e+01 5.624783533761961163e-01 3.446367700670740497e-01
2.184084546018223705e+01 9.608499779013656150e-01 2.777299327023005082e-01
2.816066077061745077e+01 6.474254010138057458e-01 2.427283679548643269e-01
2.824793914816711293e+01 5.055159369958168725e-01 2.979975568369589989e-01
2.994458076063241947e+01 5.211013069866090586e-01 2.836877332587565137e-01
2.424491705663045238e+01 7.993694640909899674e-01 3.035403225418311091e-01
2.486076155384824915e+01 6.446631944997609498e-01 3.003059029378808420e-01
3.337969409931463360e+01 4.166017703996234833e-01 3.491642813145093838e-01
2.186563450196099723e+01 9.270416908376359899e-01 3.057847919958308069e-01
2.322383878714271788e+01 9.366423128615848359e-01 2.240045782498873150e-01
2.337977152650800150e+01 9.626211926128808161e-01 1.921220858980263735e-01
2.155523603805759336e+01 8.410866845517249724e-01 3.868834443389326805e-01
2.183802226512207412e+01 8.887902907887905712e-01 3.203680557671974016e-01
2.481025862030770668e+01 6.935464327187179645e-01 3.671314160440349306e-01
2.278081134634369320e+01 8.279168332359957416e-01 3.036122176906753123e-01
2.324111537351987522e+01 8.947321857487418040e-01 3.247999721683266783e-01
2.439505712417103922e+01 7.505449095822207539e-01 3.197071782259246486e-01
2.319812256435782416e+01 8.417349053028099215e-01 2.488932636520023167e-01
2.486075492106256135e+01 8.217742847049475108e-01 2.323343799203731463e-01
2.494993713538918101e+01 6.971379773481032327e-01 2.978759755698633382e-01
2.966340795699438004e+01 6.801262887301720017e-01 1.543038159890985916e-01
2.493372327148954426e+01 6.367631188686362353e-01 3.256795481401579817e-01
2.124722811903855657e+01 8.783847329406504478e-01 3.440766409624377853e-01
2.760351593905197376e+01 7.061472015665632984e-01 2.253827039528101817e-01
2.254575076085548346e+01 9.543138225876119929e-01 3.111997605919730181e-01
2.189380472372516806e+01 8.406892883182979226e-01 3.675755940014407974e-01
2.221954349854717492e+01 9.020919814563036487e-01 3.059068023560995719e-01
2.482522649891525646e+01 8.798519822731919460e-01 2.226180494798798426e-01
2.118080400561024490e+01 9.668085540018156454e-01 2.935422089143978619e-01
2.286581579962375699e+01 8.557136602505157619e-01 2.568900778284451958e-01
2.334693342815934969e+01 9.500228382852859976e-01 2.334867912573825033e-01
2.379822732428474907e+01 6.697576262522768609e-01 3.540085385737214985e-01
2.916128543412016327e+01 5.433225888496689970e-01 2.846382949966922427e-01
2.549310794791961143e+01 7.342472877054228020e-01 2.755474956773028561e-01
2.706486491430775132e+01 6.433010061367301358e-01 2.791215145396364061e-01
2.760271496202592090e+01 6.571845558148803335e-01 2.293197986749594963e-01
2.180219796469893012e+01 9.282538115038367899e-01 2.572088394198059347e-01
2.719091551519072070e+01 5.704043860981418135e-01 3.443742995552313557e-01
3.208436454639568325e+01 5.021726787920200996e-01 2.295181019700630320e-01
2.129405661211788114e+01 9.328504241649552275e-01 3.061501857833996421e-01
2.661840125918864430e+01 6.280290922430492584e-01 2.907776340676923588e-01
2.729882077223621550e+01 6.652027681733656550e-01 2.473714261911178214e-01
2.421547497853746478e+01 8.437245742374354096e-01 2.817284413173453128e-01
2.220720461914537580e+01 9.417942744258982479e-01 2.895029109297252434e-01
2.770732539391592297e+01 7.080601348452616461e-01 1.969589820922372503e-01
2.305235952192511562e+01 8.042400698531511072e-01 4.369675246689745385e-01
2.796478137234957373e+01 5.821075133562709780e-01 2.840584205498122294e-01
2.595658404836564515e+01 6.912910778199515827e-01 2.560506012366767781e-01
2.465059542061547759e+01 6.316616795410622265e-01 3.491343893538145227e-01
2.412683330325877407e+01 8.626733248224619510e-01 2.554764075030387938e-01
2.383353928940861621e+01 7.062448854006350141e-01 3.622957801499752661e-01
2.923477215131093487e+01 4.689087937122874972e-01 2.353660843695174198e-01
2.205887108397858754e+01 8.917060790438323670e-01 3.204717906509650382e-01
2.542393490840444414e+01 7.525455270754140003e-01 2.948157757089674424e-01
2.609066603673153750e+01 6.293571865497442630e-01 3.409511643261539104e-01
2.526036318642345080e+01 7.679285000326108168e-01 2.758610698567384167e-01
2.340409671397208413e+01 7.856773735617184062e-01 2.976105154218440241e-01
2.470673582988437289e+01 7.198594875560551110e-01 2.622408000282547835e-01
2.696782442229437038e+01 6.052312142423265096e-01 2.211040269446522266e-01
2.583453314403917389e+01 6.265896603830684031e-01 3.251089078766164486e-01
2.438057575694152845e+01 8.701269529449782159e-01 2.259780613052109755e-01
2.747913499759521727e+01 5.185012540798127345e-01 3.366258072975839011e-01
2.385606356341798318e+01 8.306638111110722367e-01 2.944950418121470848e-01
2.207719798955590207e+01 9.423980394260987881e-01 3.182152469605775691e-01
2.341759667754131513e+01 7.604853109569028602e-01 3.253887846555359453e-01
2.252933408709422025e+01 9.304516576772939862e-01 3.237981595330260975e-01
2.155710697997320935e+01 8.574205728547646954e-01 3.572836571800675487e-01
2.065393873227326438e+01 9.300913948367272033e-01 3.639402326676410282e-01
2.882518098635283721e+01 5.312170467799700591e-01 2.503519758319557864e-01
2.805107608169407385e+01 6.293846579320258039e-01 2.283194020669147006e-01
3.517875989919163970e+01 4.069383608396620056e-01 3.098072851925289806e-01
2.370433359688364661e+01 8.711418573762781392e-01 2.594609706271147620e-01
2.434687043113447658e+01 8.553082907200596496e-01 2.244098100542170626e-01
2.308540434149178822e+01 9.364799628874082016e-01 2.230274411635236598e-01
2.284162053245712087e+01 9.462072624145994038e-01 2.977917638495665154e-01
2.138815760135635813e+01 8.561483063756297751e-01 3.508549234819438589e-01
3.557180343441326897e+01 4.628611574499553183e-01 3.414373574840107173e-01
2.252894641043364388e+01 8.896505769821114740e-01 3.347425331028251461e-01
2.637789214632502421e+01 6.369453581563703226e-01 3.151625538370845803e-01
2.623211962176965883e+01 6.167296220990257094e-01 2.904786379483693115e-01
2.750931314407896267e+01 6.892289087788242563e-01 1.695129148262549956e-01
2.570156623959635311e+01 8.043825225587595273e-01 1.835984514100864051e-01
2.942878033882503530e+01 5.322215635442879567e-01 3.629162519890343219e-01
2.356744101508777334e+01 6.278854296709993621e-01 2.756114242846248175e-01
2.293951003587988069e+01 8.920115585552270687e-01 3.284827336039086165e-01
2.610642200041907302e+01 6.219308332491362279e-01 3.371472735497661466e-01
2.503436514157013448e+01 7.177907587565558467e-01 3.363535208826847756e-01
2.526645481486839273e+01 8.165314335377873434e-01 2.039946728932677533e-01
2.072200135842888002e+01 9.192416082157800483e-01 3.889997159126857840e-01
2.374925182176940552e+01 8.617787776605998484e-01 2.538940267879711832e-01
2.530380360518011429e+01 7.913358732774412596e-01 2.244338631231431180e-01
2.966584049284659130e+01 4.716179054642776758e-01 2.966082322621254597e-01
2.765337659690130323e+01 5.204283662199415961e-01 2.772455427362817693e-01
2.332133414727695708e+01 7.904387560068760754e-01 3.272783111173009907e-01
3.377503900489073629e+01 4.386566085658598069e-01 4.068591895073586651e-01
3.474840840422270105e+01 3.653098525911144812e-01 2.618385708472229512e-01
2.774164502766837259e+01 7.168313252642776190e-01 1.878579286532542636e-01
2.849719704828264710e+01 6.889877319606387829e-01 1.879015308995116706e-01
2.294978928773261373e+01 8.939224310533412377e-01 2.854250045672013791e-01
2.759388590366665994e+01 6.765304445652311482e-01 2.758041807849200278e-01
2.818665082578472081e+01 6.042192561333967760e-01 1.967859256673804291e-01
2.201436930766791988e+01 8.938511433461775457e-01 2.797414546046997352e-01
2.205540033353124585e+01 9.069746012292148052e-01 3.250721618309814209e-01
2.740819326154877089e+01 5.984978760854423596e-01 2.913857422939062913e-01
2.368008205969656643e+01 7.442220819413920552e-01 3.250267849959493915e-01
3.578648649505215218e+01 3.640656074308659118e-01 3.316316762917954630e-01
2.298626777307060109e+01 8.838252788387597203e-01 3.063225094409836036e-01
2.906157842356332921e+01 5.383388987795132419e-01 3.136977779928467602e-01
2.808099649201755810e+01 6.705214984229592723e-01 1.895484552870301265e-01
3.155862730668587091e+01 4.518543243376214047e-01 2.810174095067590194e-01
2.618257130220280615e+01 5.531033297851265518e-01 3.200047696267433461e-01
2.702627497778928500e+01 5.885272953754727698e-01 3.281031525616505129e-01
2.526957759261425096e+01 6.474769621459249835e-01 3.048116011894478894e-01
2.219677583181876912e+01 8.568750422132568323e-01 3.693996475122025003e-01
2.245617654113980777e+01 8.732640747055865349e-01 3.534462976954015900e-01
2.780163706348515262e+01 5.659327100837785451e-01 3.070544341335531002e-01
2.714041457910452948e+01 6.029641144614527049e-01 3.238083337039958653e-01
2.539795597552027573e+01 6.637001448125080527e-01 3.019510322748574227e-01
2.715759412661495631e+01 5.448123007792967654e-01 3.652870290031673961e-01
2.495374477286705428e+01 8.721324622513908498e-01 2.299473798165997118e-01
2.296535762302416828e+01 8.874902905488878391e-01 3.318398303249367465e-01
2.161582355120897603e+01 9.212443527646791974e-01 3.196974860763293069e-01
2.384576199584308753e+01 7.959915771714708432e-01 3.223880203743142436e-01
2.406448905732357346e+01 7.604866816841269195e-01 3.100249884759526120e-01
2.650748046677752967e+01 8.214621125377542521e-01 1.178360024498469882e-01
2.247310399863470920e+01 8.161718810065037299e-01 3.080177977099123887e-01
2.217244109020044363e+01 8.918359158300366296e-01 3.085981774385537224e-01
3.149210356811311584e+01 4.437598155365005126e-01 3.160080878802709603e-01
2.403730209392658423e+01 7.435034411362072548e-01 3.492673542674601395e-01
2.636221020199527132e+01 6.189879303407144207e-01 2.910342015793514481e-01
2.369842795102432120e+01 7.300134708250490823e-01 3.142571340329677887e-01
2.908202036157291914e+01 5.714786312433079996e-01 2.823225324907587264e-01
2.092834172466658416e+01 9.417814992776384342e-01 3.620340481349877959e-01
2.211777635879433035e+01 9.585271075116568174e-01 2.584714913681903647e-01
2.754261918014447375e+01 5.790047456955177418e-01 2.777555311577088459e-01
2.148473481440926847e+01 9.668085540018156454e-01 2.752432942120690562e-01
3.040026642470310847e+01 5.376128773933374072e-01 2.780588320248396639e-01
2.611657613324662819e+01 7.480262688464960341e-01 2.170616790589484646e-01
2.981078806325185226e+01 5.036965674093873968e-01 2.857722485790220590e-01
2.478819103943265745e+01 7.630950939059805149e-01 2.277170993069986826e-01
2.671943898069832457e+01 6.149493864176890368e-01 2.478273972775087430e-01
2.981948164180803929e+01 5.028090766362450781e-01 3.099949378473325079e-01
2.187556866976682812e+01 8.365425860519396517e-01 3.305252740801200573e-01
2.514644228943523530e+01 6.920999357956526543e-01 2.868912678592192012e-01
2.306763174127512528e+01 8.933098777136340152e-01 2.797955304261373066e-01
2.526239223082941976e+01 6.485075174192979075e-01 3.055980090337276356e-01
2.338757187907486923e+01 7.556788545158904524e-01 3.215751579433577811e-01
2.792833045849694074e+01 5.735721903136271616e-01 2.644095232429614639e-01
2.409145216395248568e+01 8.215741351778951262e-01 2.985533120668257823e-01
2.249005542256693957e+01 8.465891417243142092e-01 3.192430362011791090e-01
2.303682342118217719e+01 8.315821739788693545e-01 3.389636859237213362e-01
2.551266258074703330e+01 8.050420240437176078e-01 2.652716625649347293e-01
2.680649368615995343e+01 6.386954365643102705e-01 2.834192118815813677e-01
2.484833517878584885e+01 7.227988430788534480e-01 2.301146447064927325e-01
2.329776488391224021e+01 8.990663655475311655e-01 2.493841853516082507e-01
2.590704182057371696e+01 6.816422185878646678e-01 2.984201837079937247e-01
2.526949090039869716e+01 7.585940797166402794e-01 2.180407639124369024e-01
2.532255724633063565e+01 6.825398033448567547e-01 3.127646499769296540e-01
2.340744706278663045e+01 7.381025233700493349e-01 2.803245018396386401e-01
3.012836960840942879e+01 4.495353602660959180e-01 2.994721755229722837e-01
2.269108607745216233e+01 7.964690759749686322e-01 3.620933301518898806e-01
2.306948648337009899e+01 7.943956704135183289e-01 3.217844715347760176e-01
2.775781079671413920e+01 5.310608424053560039e-01 3.088145266953322698e-01
2.265485477513618662e+01 8.597024181047360214e-01 3.364691277222276455e-01
2.816046393478688969e+01 5.901908570386198427e-01 3.101291614171414190e-01
3.648961422871158788e+01 3.245674721500497739e-01 2.587726664388424469e-01
2.606362386745804471e+01 5.714733966336591475e-01 3.323304992655544132e-01
2.465012734751575962e+01 7.435034411362072548e-01 3.157233040935414903e-01
2.135768856014386685e+01 9.756634381782095522e-01 3.454226996091395163e-01
2.652089989919167934e+01 6.843874233649636096e-01 2.461252493550291354e-01
2.622266241896810612e+01 6.596855747147806204e-01 3.291776190806627866e-01
2.256397153204219208e+01 8.941291270688658255e-01 2.276805508579206883e-01
2.273953383726682631e+01 9.375836505832275680e-01 2.422291152559188643e-01
2.212634650655515856e+01 9.801516961876244327e-01 2.206946136361983835e-01
2.751072458932548415e+01 5.732642035276506176e-01 3.268826083251848424e-01
2.279963454404567713e+01 7.539888638704850266e-01 3.303285603725261144e-01
2.492684668710192497e+01 8.092574881434325684e-01 3.139626287727594334e-01
2.443418361817430906e+01 6.694122733209396658e-01 3.493691671972271595e-01
3.005102411473205137e+01 4.708947861115326261e-01 3.128419134527645751e-01
2.418829285460691736e+01 7.270581343284867604e-01 3.189833276689287844e-01
2.432843896719142762e+01 9.352196728178318041e-01 1.995329432913868495e-01
2.431454035294745708e+01 6.905301089131875569e-01 3.342211914800783945e-01
2.975894576115683421e+01 4.912520939377533202e-01 2.439342877635920781e-01
2.915964826614055028e+01 5.499170378937515702e-01 2.655293254291453131e-01
2.320272963041484360e+01 7.809668418990971528e-01 3.295389159541936008e-01
2.602426296138018458e+01 6.812700739262110838e-01 2.883580238086339009e-01
2.616678616414667857e+01 6.876420071684139490e-01 3.437124750221162706e-01
2.304753183541770412e+01 8.258145859264915956e-01 3.256933201431567171e-01
2.527233203481533863e+01 7.555224063093011200e-01 2.802147405878053221e-01
2.549775680627023888e+01 7.037349206190638418e-01 2.877044929664474560e-01
2.422356936745448408e+01 8.587461961159870150e-01 2.314739230824898464e-01
2.336116397767841590e+01 8.201265366146062163e-01 3.214017944266725491e-01
2.296426705826118919e+01 8.577120678140931487e-01 2.842219142104430163e-01
2.257386526542131477e+01 8.503910878519914673e-01 3.071730362987646901e-01
2.090029994296172688e+01 9.872474887345940031e-01 3.389233683903997152e-01
3.154163382593576159e+01 4.990044541031977143e-01 2.977393379775445936e-01
2.637127780707468361e+01 5.831344970067005029e-01 3.557244461779049960e-01
2.633703282171341087e+01 7.023087752879505485e-01 3.366511800439699886e-01
2.847735643807414263e+01 5.745509616280936038e-01 2.841931827318580628e-01
2.198901431704560494e+01 9.474748070783004517e-01 2.516212233608560167e-01
2.472072982419400233e+01 7.972581908681323215e-01 2.407965791519701415e-01
2.213265932791630064e+01 9.133184359479024073e-01 3.082462695062858637e-01
2.204201310395697888e+01 7.610583169744863374e-01 2.740516879086060120e-01
2.615728431799901443e+01 6.591418688623501554e-01 2.977691639281312419e-01
2.855244344926452627e+01 6.741153255098663033e-01 1.624334379289326391e-01
2.910688316168744549e+01 4.933476642478282215e-01 2.855838185125229023e-01
2.478179289501840543e+01 7.846550458856188515e-01 2.902462358333842696e-01
2.550207240676190068e+01 7.936794452698812119e-01 2.844601990587480311e-01
2.417254324083813799e+01 8.015998788042898449e-01 3.178552493467566298e-01
2.397618449631785964e+01 7.683670919594071114e-01 2.920695119257854522e-01
2.308822601631857552e+01 8.496106129655004446e-01 2.184469686028142899e-01
2.447367319791024798e+01 7.451504973070541826e-01 3.211110052233923096e-01
2.446293835795481186e+01 8.763169529959738968e-01 2.306760765805634938e-01
2.165881101488882621e+01 9.571281870752563758e-01 2.889847453218243878e-01
2.111683603248655317e+01 9.545770306484120393e-01 3.271914863042986732e-01
2.319173836857265059e+01 8.735626995144245566e-01 2.665637880688042083e-01
2.438772092062185237e+01 7.994513789128260273e-01 3.468247035837603298e-01
2.746647722011285708e+01 5.937964555990915549e-01 2.505910650546419038e-01
2.458018183468136186e+01 8.110193467181300297e-01 2.518898032146676957e-01
2.637408031969142996e+01 6.353346387231040282e-01 3.189671290273446980e-01
2.684763600868726030e+01 5.892634736906757764e-01 3.432316718064488126e-01
2.321896839301674476e+01 8.564360049225649973e-01 3.428887740498297032e-01
2.295926522135161818e+01 7.736577771853464514e-01 3.740023775091386726e-01
2.592631845493956178e+01 7.145812669861101307e-01 2.249302983451312299e-01
2.746758277783738222e+01 7.308296659719321076e-01 2.020324564795772104e-01
2.340263375012116853e+01 8.186408641240254802e-01 2.985001314154507868e-01
2.656257373756802309e+01 6.143071309850639539e-01 3.171182260293727850e-01
2.326619420569943486e+01 8.489153412836154544e-01 1.903190850704690462e-01
2.627990744334007900e+01 5.864509721724685543e-01 3.691101111209645902e-01
2.437931593078652170e+01 6.773564449238692609e-01 3.762200750526791260e-01
2.310908012983921722e+01 8.274334460972039285e-01 2.787927011357680951e-01
2.650874940665838864e+01 6.349659072673845550e-01 1.824544990465206684e-01
2.585925728701741377e+01 6.274695110243774243e-01 3.141910698673315849e-01
2.566740233604141252e+01 6.936381764247228077e-01 3.187313447949137180e-01
2.255999977798067135e+01 8.876370123803412060e-01 2.725577252895571290e-01
2.246041166157823454e+01 8.490616353832520780e-01 2.922318360553394778e-01
2.046984998728160221e+01 9.483189545089928396e-01 3.387982333542926550e-01
3.269259184856804978e+01 4.632725591110234964e-01 3.109752875673958972e-01
3.280158663420588994e+01 3.448659871148144762e-01 2.506053276466183588e-01
2.858342669480469311e+01 7.195252248831781605e-01 1.738495652831756055e-01
2.440545792128375879e+01 6.783206712971686647e-01 3.011823462777948879e-01
2.291008576418615306e+01 8.521843733415896960e-01 2.843201593769869029e-01
2.573834864500279451e+01 6.504933701809756386e-01 3.051349355515871609e-01
3.100791348496868594e+01 4.482456291147366989e-01 2.963116341086692862e-01
2.658638955813896487e+01 6.156945959272057678e-01 2.786780967629689520e-01
2.555546513513382223e+01 6.384176540978381276e-01 2.926538345249734552e-01
3.101464387665881617e+01 4.260673229158113973e-01 2.854208856482549628e-01
2.191626433807304153e+01 9.460084420248986437e-01 2.912065470409500034e-01
2.369496169823609577e+01 7.524260893218960300e-01 3.001405274393553757e-01
2.785899321657936767e+01 7.596517356406520260e-01 1.458196910361798659e-01
2.857833793178021509e+01 4.935392833988005989e-01 3.491749622402964826e-01
2.661969177569205058e+01 6.167038979678775013e-01 3.267435738023989344e-01
2.885387348203299851e+01 5.828384163311987054e-01 2.185400002496550032e-01
2.676101299300216141e+01 6.345048635682590810e-01 3.025261042664891820e-01
2.288669968568316548e+01 8.553774605867383585e-01 2.548231241031703731e-01
2.645469129733246305e+01 7.464388795443529512e-01 2.063448649358449183e-01
2.209798465140650592e+01 9.218849743035132382e-01 2.744598407623325409e-01
2.567033030757968959e+01 6.370918448850743099e-01 3.375536889707164701e-01
2.888109991980183722e+01 5.819467530785452647e-01 2.182272523449448332e-01
2.127394755646697533e+01 9.254199917161584077e-01 3.786528298122220915e-01
2.141641351740436150e+01 9.786815365674303990e-01 2.996045755925105247e-01
2.368805443290425927e+01 8.887535903632208800e-01 2.320144350673847278e-01
2.126162629166170603e+01 8.915491947213398660e-01 3.576090842740540232e-01
2.634562669179321404e+01 8.219090197657529240e-01 2.472914910859284054e-01
2.656843842202843575e+01 6.591743339892897069e-01 2.505351452064516482e-01
2.608580817418582498e+01 8.209784917833875539e-01 2.235803003253591936e-01
3.221295525340478605e+01 4.481703208199557809e-01 1.920189469713874386e-01
2.560939944598705864e+01 8.222618121539781999e-01 1.671180756518510502e-01
2.830664021536314223e+01 6.692237182693501207e-01 1.832390826030188824e-01
2.170517344646481561e+01 9.016891701653627633e-01 3.606280121576301845e-01
2.514181448815114805e+01 8.617737657903683512e-01 1.876524271576466840e-01
2.656002182502757236e+01 7.307809823308494268e-01 2.787170591854263857e-01
3.045067054873057444e+01 4.482456291147366989e-01 3.200339524764811983e-01
2.481780986642250397e+01 7.895887607659639595e-01 2.722846685484576201e-01
2.780942326906195561e+01 7.229152847688252725e-01 2.173718121534402303e-01
2.516733033044138423e+01 9.131138215419376536e-01 1.770192790043330633e-01
2.659800503011490491e+01 7.671302296916221453e-01 2.161135755624098986e-01
2.627535431250601761e+01 5.163601919487029734e-01 3.280089617437392802e-01
2.325451225945515432e+01 8.812445355048964535e-01 2.633370105646894443e-01
2.695979326670532572e+01 6.918901323534742964e-01 2.217680482245525386e-01
2.419614101119901051e+01 7.071287038841336248e-01 3.741356104930549931e-01
2.234034143583987841e+01 9.551564998970574205e-01 3.042604153424202096e-01
2.337486380675330366e+01 8.645465632771339726e-01 2.281072196752742531e-01
3.083103897060559007e+01 5.256446923430631024e-01 2.435127806283897134e-01
2.292489536374498016e+01 7.615405575627318679e-01 3.437607243659689948e-01
2.500450220091099496e+01 8.053227983117017263e-01 2.814574648413756819e-01
2.279117773620480136e+01 8.252283687213043395e-01 3.329927198864875981e-01
2.316608240185878387e+01 8.013029865474927682e-01 3.587037486094094563e-01
2.438033755669482971e+01 8.737622319983685548e-01 2.184073715518746461e-01
2.146403150657029002e+01 8.995735057015773473e-01 3.367507400097301540e-01
2.107476747291723029e+01 9.874337897579820167e-01 3.153005856706121990e-01
2.577413910930015106e+01 8.742926544934055411e-01 1.774992705401003124e-01
2.796938866736639895e+01 5.768216579094268548e-01 3.349003242091810884e-01
2.416255989934253279e+01 7.387198912670087658e-01 3.154960870211809820e-01
2.376837330446842245e+01 8.259771093592144231e-01 3.261852881650105784e-01
2.381725679184394195e+01 7.347315148965415377e-01 2.964974627377873206e-01
2.644740397804605436e+01 6.899154700918240790e-01 2.475998410804228778e-01
2.716598824912135157e+01 6.384317666705667804e-01 2.404911866620554617e-01
2.516791512155053212e+01 7.492468668013421151e-01 2.797555079332171846e-01
2.292584764074238990e+01 8.572603979855102363e-01 3.290523638415545626e-01
2.613823157043428225e+01 5.798994180878751514e-01 3.893547810280046373e-01
2.542173565834715276e+01 6.339392741536766795e-01 3.493838682386142813e-01
2.146632238946613924e+01 9.273644149086419652e-01 2.965908875783077048e-01
2.739981391507686226e+01 5.890374504376637566e-01 2.726999573092603879e-01
2.387368046898899721e+01 7.691580393517225556e-01 3.271582922103908331e-01
2.450254104270408817e+01 8.235454420692213118e-01 2.481065921571458111e-01
2.457849861347231624e+01 6.900350244608507433e-01 3.535015512202683285e-01
2.750708827540830725e+01 6.347589366062762473e-01 2.895440856861638546e-01
2.714336483599953809e+01 6.977496005508028176e-01 3.081980150414320163e-01
2.348771862900506946e+01 7.588106755590737773e-01 3.127113998174650411e-01
2.607155136988952648e+01 6.258772613854609590e-01 3.406002007370420026e-01
2.174678069728671659e+01 8.825409809710028641e-01 2.885402851143007430e-01
2.306683075471963917e+01 8.883261952758773061e-01 2.720943033752556417e-01
2.221512582238456801e+01 6.014954295405376961e-01 2.831402004159461749e-01
2.750882317580580505e+01 5.656716567513710991e-01 3.056134670125861819e-01
2.492159471878982657e+01 6.979443437968396724e-01 3.046691179632052826e-01
2.968595906941977702e+01 5.491678383198086433e-01 3.063402772103185345e-01
2.365378739889787596e+01 8.330510401816719757e-01 3.040945401173797968e-01
2.401556439829024114e+01 8.835994701099757487e-01 2.828620843153443754e-01
2.276049899481573746e+01 8.271036700216278792e-01 3.461480790460166879e-01
2.329680266510852960e+01 8.245371114324705486e-01 3.267766158440784108e-01
2.309595478178385619e+01 7.527100344870877313e-01 3.581461470794090607e-01
2.300533953158322831e+01 8.813493353025586563e-01 2.961699591115690700e-01
2.615338400727659618e+01 7.003575639002124209e-01 2.923266064000077380e-01
2.393483214595813990e+01 7.863747637245135369e-01 3.041504452443460904e-01
2.722759521967939378e+01 5.647859220931722435e-01 3.180225690318075893e-01
2.274832475322745040e+01 8.728482063650382372e-01 3.072092262873576951e-01
2.808536035972072042e+01 6.613006307708990672e-01 3.120089444480397822e-01
2.657711681833583128e+01 7.121330985761893384e-01 2.507009404822785337e-01
2.587207036256536341e+01 6.773643234007008518e-01 2.890064665351825823e-01
2.328436046320321040e+01 8.004244792407757547e-01 3.371068554449342392e-01
2.455549541455551221e+01 9.086618285120675598e-01 1.630542783946905550e-01
3.013734999925529578e+01 6.414788513387571500e-01 1.786730751336053080e-01
2.516842744022296685e+01 7.473179504123619310e-01 2.688923086613423941e-01
2.640175924115218820e+01 8.053925080044441742e-01 1.797583530513514605e-01
2.337576750571802719e+01 8.153630902107420475e-01 2.916941440581172773e-01
2.144799143521540685e+01 9.818043190547167676e-01 3.286806872372192712e-01
2.467059887216040792e+01 6.898691869978401670e-01 2.590374948315946613e-01
2.518743886975551050e+01 8.671533528573518446e-01 2.061845254334465916e-01
2.324079616270401161e+01 9.389639902007635985e-01 2.329387426917701454e-01
2.558378488696705588e+01 6.446193674864399981e-01 3.118687929985495266e-01
2.987585234299560000e+01 4.996253661570839166e-01 3.336602933553288186e-01
2.364819755989247341e+01 8.380179997721378671e-01 2.753024378969678998e-01
3.176342437091101090e+01 4.626045711693830276e-01 3.318301423048578003e-01
2.437361189662788163e+01 7.372680513099274524e-01 3.640818250905130671e-01
2.369844891228812855e+01 7.357784135431605366e-01 3.052223845739227559e-01
2.656004084240831631e+01 7.270581343284867604e-01 2.012012778632130128e-01
2.733512071063303495e+01 5.508949059552624705e-01 3.386830585959598738e-01
2.457084367990762175e+01 6.218070001383412260e-01 3.585706064825486261e-01
2.505840147519592520e+01 6.705214984229592723e-01 3.330341934646022795e-01
2.311275266692015151e+01 8.448936921659444543e-01 2.869105393305577678e-01
2.708615520480710970e+01 6.644927400048382671e-01 2.631648434890392907e-01
2.245758895774326902e+01 9.172734922305711969e-01 2.952836145827787417e-01
2.801310497833939550e+01 6.761073176027796450e-01 1.987988131257389657e-01
2.534410160903091835e+01 6.079562607988753253e-01 3.576601187449106600e-01
2.665480480404684727e+01 8.021231305965809133e-01 2.097725058224488570e-01
2.370821509003138772e+01 7.964063330899796567e-01 3.239783712439081031e-01
3.640059246352185340e+01 3.245674721500497739e-01 2.618511373415141064e-01
2.585260156553942679e+01 7.687247828855944265e-01 2.616711288150554426e-01
2.347826009341112652e+01 8.917060790438323670e-01 2.406420613840306588e-01
2.475900848270001475e+01 9.273152604062270266e-01 1.711294505295121726e-01
2.177769529440721641e+01 8.528633454758937082e-01 3.973965834582752210e-01
2.839989398118022024e+01 5.930639006660995971e-01 2.409210760911241755e-01
2.622878931161788074e+01 6.409020066380658465e-01 3.022459250481173698e-01
2.805108263333040597e+01 5.630617361778996743e-01 2.852528535623078954e-01
2.375410748190964227e+01 7.952408923435836385e-01 2.651064251892532031e-01
2.610270179368977850e+01 6.741120181997350969e-01 3.069108044687886006e-01
2.445382886112199117e+01 7.014949271455175328e-01 3.589522601441511029e-01
2.381632606566205723e+01 7.697999387721841114e-01 3.033684084782073964e-01
2.943027657748066872e+01 4.948238896607847770e-01 3.193674853097123734e-01
2.258425978315625571e+01 8.896464719175587454e-01 3.009767989789651765e-01
2.758346096894385724e+01 5.347744574558866981e-01 3.348078053531418075e-01
2.475041191347695957e+01 6.180729646290762380e-01 2.904900779694951085e-01
2.447976236146717355e+01 7.716307637585591017e-01 2.835212832563155927e-01
2.761035692741365466e+01 5.456631614654927631e-01 3.252137991621198432e-01
2.783137934006752801e+01 5.312480788283912014e-01 3.366425912798376441e-01
2.139603009801557221e+01 8.940633091166960700e-01 3.106241611896424226e-01
2.611882440959032081e+01 6.466068539465350540e-01 3.120707296235284978e-01
2.747911216507097265e+01 6.560899683734681131e-01 2.158182840589497609e-01
2.812611850508693934e+01 5.940123059825475060e-01 2.759696292081403324e-01
2.644480686939740011e+01 5.372911722982827154e-01 2.718658588095949069e-01
2.500036941172465532e+01 8.129889427168782712e-01 2.270427886402887896e-01
2.674053424741802587e+01 5.799408711558605711e-01 3.355453436181196625e-01
2.398665538749440529e+01 7.741697023343433459e-01 2.857836785398387702e-01
2.466128007695265012e+01 7.435034411362072548e-01 3.151282860742585235e-01
2.087270806338282014e+01 9.797810664164667838e-01 3.272186778963772080e-01
2.577973598616349804e+01 8.469050765194248154e-01 2.009146647823104315e-01
2.253666849764768543e+01 8.322517478860865792e-01 3.781008494330795888e-01
2.366739595637691806e+01 8.277063632825676365e-01 3.018450807511944278e-01
2.645122037967540152e+01 6.244704677399846027e-01 2.777388534394251152e-01
2.480893446182667716e+01 7.486507005956620775e-01 3.254794175299207115e-01
2.500915873135966550e+01 7.404647909559156638e-01 3.249087406707250048e-01
2.410102197542994062e+01 8.938511433461775457e-01 1.689421730215829309e-01
2.195440461248678687e+01 8.656250963965135270e-01 3.333825952788688207e-01
2.085508896064138540e+01 9.501152081052371967e-01 2.528118220597829757e-01
2.125981402392715935e+01 7.545931593290782224e-01 3.074948806567808779e-01
2.139140920067895024e+01 9.325965305099411795e-01 3.190027704721979385e-01
2.712533579197993916e+01 6.686403815821813090e-01 3.035990142638139710e-01
2.532192843314648201e+01 6.543945635338630495e-01 2.823890994610551153e-01
3.009659021088170050e+01 4.897453115751339014e-01 3.065126223429431862e-01
2.547424098561156214e+01 7.047913233038241021e-01 3.433080506433186518e-01
2.537595766811397979e+01 7.287948139590894048e-01 2.713604909791689779e-01
3.078195457458096129e+01 5.546686514838046200e-01 2.438454454616521272e-01
2.561226273016915655e+01 8.961540853847766996e-01 1.801011225922394821e-01
2.599506402198502641e+01 6.569627659232366579e-01 2.441174206244711153e-01
2.156785682118835723e+01 9.357542994875740483e-01 3.513561983296821234e-01
2.172287085535151974e+01 9.308698052947855794e-01 3.412376381560239813e-01
2.155072902563833637e+01 9.272179134882819751e-01 3.026272552823063289e-01
2.902140297083438014e+01 5.289794523338059440e-01 2.831940977293602724e-01
2.472128373638990340e+01 7.592116212587908253e-01 2.872848489318469145e-01
2.299926084707953322e+01 9.335909453156295834e-01 2.700555550118540760e-01
2.650813755991440246e+01 6.263033484622494429e-01 2.764498419974723564e-01
2.260068632267098820e+01 8.144686230242303981e-01 3.311312572761093698e-01
2.371534351430936738e+01 7.438419591855265356e-01 3.374841052106814510e-01
2.447651883886953073e+01 7.328342836082684109e-01 3.091826991799456192e-01
2.339118254991619850e+01 8.988769242692863370e-01 2.355886641611259491e-01
2.323959629239894653e+01 8.371005226866532478e-01 3.014542774089591926e-01
3.120991643808083182e+01 4.951106083329773200e-01 2.775077779878782347e-01
2.679173684494119811e+01 6.876420071684139490e-01 3.123687054517712558e-01
2.517756705639339998e+01 6.364164722091073534e-01 2.626205275830080232e-01
2.442189752853852269e+01 6.440247379315582332e-01 3.380579441795545925e-01
2.567962403403235427e+01 5.950508061881031319e-01 3.175031283620924905e-01
2.894447997262326311e+01 4.279229073306367037e-01 2.480500957062466150e-01
2.355164510006276402e+01 8.489637166675610969e-01 2.920765776960057569e-01
2.693604657504402766e+01 6.557741895068206484e-01 2.866029876896791784e-01
2.801586044817179655e+01 5.671573052105366441e-01 3.352213496780555579e-01
2.526501092075099919e+01 7.143762150326318228e-01 2.982398900552314380e-01
2.271818119151989279e+01 8.861720308688234571e-01 2.785071461108811763e-01
2.561861623335589400e+01 7.442686283440668182e-01 2.601323859938681204e-01
2.718892623734011238e+01 6.463521569165580072e-01 2.388282900904711570e-01
2.496710173924200404e+01 7.196547014255895158e-01 2.729273638536819924e-01
2.368254776284051033e+01 8.044213045766467340e-01 3.145234335322241170e-01
2.309882288771426673e+01 8.645412531168601422e-01 3.469709322957978959e-01
2.269123794688144713e+01 8.610710188616853555e-01 3.322141820012327607e-01
2.601492883304682024e+01 6.945551988452426384e-01 2.577507019137157962e-01
2.167195973018539945e+01 9.842121843334039610e-01 3.333483155080039784e-01
2.491006611712290919e+01 8.313338033565631502e-01 2.472053608337961839e-01
2.693848042555620026e+01 7.916956334005200713e-01 2.006829445849182825e-01
2.191562716024197854e+01 8.933411970920867029e-01 3.093557756840012996e-01
2.910264024282456674e+01 4.832033932301006973e-01 3.187627541615470905e-01
2.767963031870265667e+01 7.162455424494983403e-01 1.492839186694389919e-01
2.203869847842236140e+01 9.660169214695711881e-01 3.177961951081153535e-01
2.147175330797192316e+01 8.450953182510729800e-01 4.001123973810939427e-01
2.391781976899756401e+01 7.685579218692807357e-01 3.589102733406130397e-01
2.948117822619504480e+01 5.685909726043749668e-01 3.027401654481590709e-01
2.511937430863209642e+01 6.765304445652311482e-01 4.014837538330823241e-01
2.900289001172695080e+01 4.645208816805398988e-01 3.111457508070492040e-01
2.340695519268678382e+01 6.892486309155493318e-01 3.065865144884519777e-01
2.369068093244433371e+01 8.476793167996713452e-01 3.069293402030311424e-01
2.474821992031641926e+01 7.477614052974546066e-01 3.119834115157994470e-01
2.548749039930832083e+01 8.796090969269338977e-01 2.245900444104540483e-01
2.869545344476804871e+01 5.303290270434518616e-01 3.032945470606868699e-01
2.646167731656861832e+01 5.983667037828819257e-01 3.097019355723173994e-01
2.238415634404569943e+01 9.012658980370592543e-01 2.865197400062087230e-01
2.224242778714858559e+01 8.465891417243142092e-01 3.339303282865052069e-01
2.350982168955130902e+01 5.905991169044676470e-01 2.912701508702673636e-01
2.555752305354034704e+01 7.087037124598253301e-01 3.538139798413302284e-01
2.277500944200555821e+01 8.034485669538607988e-01 3.346584148473251696e-01
2.538393488298856582e+01 6.802608074806069105e-01 3.395908142983916078e-01
2.646829258675286667e+01 6.233413995237038208e-01 3.093781885026276046e-01
2.958919610448329962e+01 4.760315088934936045e-01 2.570409776818609049e-01
3.104830679488945577e+01 4.721087070356930204e-01 2.401131647648385437e-01
2.354748750456237971e+01 8.454341146167612120e-01 2.449443276833714322e-01
2.210109556907571715e+01 8.771889911649827232e-01 2.302910014128831950e-01
2.742334768325264704e+01 6.310201034749089999e-01 2.359828344626006269e-01
2.703394924342972416e+01 6.138981161104241080e-01 3.354362573856717322e-01
2.894052490240731856e+01 6.604120828810962074e-01 1.604160640917230707e-01
2.269125203455562811e+01 7.700732391923122977e-01 3.617937411713711970e-01
2.370603635286335376e+01 7.992003643677605407e-01 2.910821338676962688e-01
2.435336016661724656e+01 9.518907792218690433e-01 1.987850875715602150e-01
2.718179296160224823e+01 7.944163779315660534e-01 2.030148285726796065e-01
2.743492550967926036e+01 5.875075086214479603e-01 3.245850799623637428e-01
2.741564112906416284e+01 7.629568212896410406e-01 1.523021056220822678e-01
2.375390563438906000e+01 7.581098263133601023e-01 3.240328341823399683e-01
2.091043689829235319e+01 9.537060689552312454e-01 3.325815302441422761e-01
2.383758078746122777e+01 7.905448711895243230e-01 3.104805507961535538e-01
2.320203412247277797e+01 8.764863492390653210e-01 2.245433245217542950e-01
2.283374298811881786e+01 9.396422664512531497e-01 2.520401939741426234e-01
2.319759849104542226e+01 7.826611653972482818e-01 2.578336508093010959e-01
2.156895310370644125e+01 9.900402151606148005e-01 3.486413021595072270e-01
2.046368882501496245e+01 9.518638837625550408e-01 3.356164782270148472e-01
2.446443026931252618e+01 7.235206109117833240e-01 2.860928153093733606e-01
2.376057805910258125e+01 7.938663047899939817e-01 3.686579055067086830e-01
2.679301833478289652e+01 6.500658108434437255e-01 2.253362271386666615e-01
2.537439780411772006e+01 6.430171399639628138e-01 3.232432256796753389e-01
2.375407824412189228e+01 8.503995366653198662e-01 3.170892037346046410e-01
2.514301990840352730e+01 7.666746534775478183e-01 2.464360730798904331e-01
2.495736028094092518e+01 8.384153679419367178e-01 2.162758263814099635e-01
3.568882290492555853e+01 3.441715204780484982e-01 2.658211541565053682e-01
2.183952832323094029e+01 9.127268843170219803e-01 2.873264744501919377e-01
2.282699206865160590e+01 8.807214256535610408e-01 2.748717795352976778e-01
2.377918567095873215e+01 8.619846891034772529e-01 2.720093706548062373e-01
2.738938387089534743e+01 7.067694386305106713e-01 1.387419354526880366e-01
2.877088290208181576e+01 5.065327593625027491e-01 3.500590903725593894e-01
2.241588427129085304e+01 9.446951642442316111e-01 2.678981857700021285e-01
2.184560675227032789e+01 9.879916710529768054e-01 2.967674151259686588e-01
2.198434019101011927e+01 8.687602774846403531e-01 3.441400443795743502e-01
2.256324501401533666e+01 8.494893170922425130e-01 2.977207835934950197e-01
3.298303984572053338e+01 4.955227590529514003e-01 1.187487318512775170e-01
2.239643177724432022e+01 9.050318244649352417e-01 2.935801241980112719e-01
2.713074657690201263e+01 6.011962860124152597e-01 3.025581474446585317e-01
2.615033400433466682e+01 7.047913233038241021e-01 3.085780470080322635e-01
2.729296195130606861e+01 5.540697319759159134e-01 2.865563679987349066e-01
2.437548782970501904e+01 8.052812832254657716e-01 2.428432288883801138e-01
2.161090235432476803e+01 8.788243502710387789e-01 2.919648861590710132e-01
2.182986306524554720e+01 8.590436111685065823e-01 3.284345354492403946e-01
2.740682653766421595e+01 5.758608407507346261e-01 3.500547737313272623e-01
2.238923669480560008e+01 9.650145028220887822e-01 2.000506924933954100e-01
2.198168428546371800e+01 8.207275459572380694e-01 2.882151627810368155e-01
2.277709782650965309e+01 8.214325178827551754e-01 3.091576120507629200e-01
2.648302744388854890e+01 5.815148634078226575e-01 3.284165518666390948e-01
2.698600501184890632e+01 6.679920347852962292e-01 2.023485130812613109e-01
3.154241287616435230e+01 4.350070640417915135e-01 3.648200335533420824e-01
2.178664774253689274e+01 9.636136829677499627e-01 3.295941781554213579e-01
2.744142641583521680e+01 7.143683104171364429e-01 1.825999315135191370e-01
2.062849590148873347e+01 9.581537099969368310e-01 3.527140870210594970e-01
2.816748975687745826e+01 5.865582353437167606e-01 2.686065854084568882e-01
2.325142157937903775e+01 8.426753111458586964e-01 3.082819429405570522e-01
2.507745556046126012e+01 8.205142105883630466e-01 2.555876701320669575e-01
2.129088452131952991e+01 9.383536716637631558e-01 3.068264013239597743e-01
2.237581028116603576e+01 9.387479561720779575e-01 2.543922498138615484e-01
2.304347717246965388e+01 8.550849311126965668e-01 3.103414807585614943e-01
3.078090792140582721e+01 4.545565251287285724e-01 3.074951558531509033e-01
2.605215455243333977e+01 6.395233025266906512e-01 2.781580476571296479e-01
2.430064502432557916e+01 7.442220819413920552e-01 2.911897181573190330e-01
2.359506054432456779e+01 6.923994034997199565e-01 3.471209340738686810e-01
2.295966970426951903e+01 8.127868203882684384e-01 2.636001028623262687e-01
3.080433447169598082e+01 4.958819847112975188e-01 2.621329649476255574e-01
2.334037254733950206e+01 9.557375233167287876e-01 1.989611538222783582e-01
2.767725084229577348e+01 5.689206315654208312e-01 3.462384039624271104e-01
2.300107366162150768e+01 9.515130564603999641e-01 2.244840573244130943e-01
2.884321914068103965e+01 5.351984300907267622e-01 3.305290166406111285e-01
2.748266112567775465e+01 5.137576395721603628e-01 2.872175237407101900e-01
2.657153757264624616e+01 6.094115129743875592e-01 2.456119225133650275e-01
2.474595093155602754e+01 7.227988430788534480e-01 2.352041384282333725e-01
2.788994042491018632e+01 5.885272953754727698e-01 2.869758935713321302e-01
2.318231098739958895e+01 8.805987967582501463e-01 2.729582057647229054e-01
2.651393098980354068e+01 6.622714029067463537e-01 2.801625686154619044e-01
2.518242955277840167e+01 8.437374165021640504e-01 1.894175237232152420e-01
2.383208114091157981e+01 8.472999728902841365e-01 3.181010845953525235e-01
2.618850557926625910e+01 6.930630339468385470e-01 2.729408289105594854e-01
2.775899364898193511e+01 5.132878090314089148e-01 2.929930189063735257e-01
2.591530579064845341e+01 7.175751686676283825e-01 2.964093216342996162e-01
2.194089689678720489e+01 8.642012178391537125e-01 3.579469946081740850e-01
2.429034343418404873e+01 7.551115617286410231e-01 2.451415140321162589e-01
2.341145596026683862e+01 7.347315148965415377e-01 3.189702106698044104e-01
2.455697452238148060e+01 8.432641807383318699e-01 2.464060657025800849e-01
2.587143304260095178e+01 7.661703349597556167e-01 2.201979669243060711e-01
2.529082641875288573e+01 7.341222298025380510e-01 2.834035338573391849e-01
2.449216684440157010e+01 7.610176207348114952e-01 2.853674482948428404e-01
2.838826605457402508e+01 5.847618076743544835e-01 2.792184253236145164e-01
2.277899957586166835e+01 7.848390519282968381e-01 3.432632060112127959e-01
2.528605819619461670e+01 7.076004531046422574e-01 3.333763506513641728e-01
2.225523877503370684e+01 8.936319075108456467e-01 3.371057619647996328e-01
2.377322624346546931e+01 8.595955248462262555e-01 2.748178850285553088e-01
2.653944087758567960e+01 5.835491793684376427e-01 3.053453220733986506e-01
2.261325570932367057e+01 8.805922218844984828e-01 2.765290576048305971e-01
2.607696186421308226e+01 8.576825934772922544e-01 1.940486457792201525e-01
2.631303623335262643e+01 5.669351429843556556e-01 3.350410301747266395e-01
2.879137378484390908e+01 6.269145361597755484e-01 1.692355582463052899e-01
2.320795607640208047e+01 7.543131177878490412e-01 3.893893927516823283e-01
2.168075604328660688e+01 9.556385038025380085e-01 3.077937846535445665e-01
2.429508370134838557e+01 7.123310196515356685e-01 2.433192398642990417e-01
2.621500833212846260e+01 5.858219638418953323e-01 2.854386148983533156e-01
2.057986276078183252e+01 9.647307714281946334e-01 3.267668651334918462e-01
2.526206098255518739e+01 7.600156385653875635e-01 2.891128329746464609e-01
2.165846000321452536e+01 9.578511841820503969e-01 3.176146409192754372e-01
2.736920201937363828e+01 7.642232022954482673e-01 1.997213136414072721e-01
2.220086088328777052e+01 9.643897375812462425e-01 2.674250853570049880e-01
2.419896428961812518e+01 7.934186206090566573e-01 2.658781439312338790e-01
2.903512117450696195e+01 5.723802804324067406e-01 2.457523349948339819e-01
2.475342300562212117e+01 8.266394111289783186e-01 2.380413001078510171e-01
2.343043748243184510e+01 7.943956704135183289e-01 3.014220934996876267e-01
2.441633821028008100e+01 9.541887270039631774e-01 1.489432100096308997e-01
2.234373411513693597e+01 8.614484094790050284e-01 3.214900807469190380e-01
2.138352230629953610e+01 9.297839165081159818e-01 2.652484287880635949e-01
2.273711915732682343e+01 8.903556849885077007e-01 3.156038719338287724e-01
2.312219865852711820e+01 9.799422915583544391e-01 2.399781882086096385e-01
2.562317595647825641e+01 6.187019660508795704e-01 3.295354587527987711e-01
2.305989597473267594e+01 9.754785368910268151e-01 2.161021034408673602e-01
2.540961737497761419e+01 8.619846891034772529e-01 1.903897077091130374e-01
2.308286724972120396e+01 7.740276641361736321e-01 2.785083707638807970e-01
2.164488141327507975e+01 9.371157259542434170e-01 2.340298609175170685e-01
2.519307188465061742e+01 7.497580263854698446e-01 2.449847380108395589e-01
2.807787872558188624e+01 6.009018208103035219e-01 2.830347816545539241e-01
2.171670095308347825e+01 8.308819275079345479e-01 3.736516455444570117e-01
2.504018134934567641e+01 8.024868883895649452e-01 2.364342161926483998e-01
2.513474824815373410e+01 7.611340107055325488e-01 2.499662495051158673e-01
2.316676981180027539e+01 9.071740921512527756e-01 2.645253627494608684e-01
2.269327382530120829e+01 9.934407266140687920e-01 2.213725623447860835e-01
2.296872723046563536e+01 9.095068877356500270e-01 2.281504637568083638e-01
2.826966203737014993e+01 7.564380063681486188e-01 1.381837871802607254e-01
2.457990573206037865e+01 8.516580722083157973e-01 2.041758956542157888e-01
2.638421819232828724e+01 6.275441948417771476e-01 2.752323284600192710e-01
2.992645735560254394e+01 5.524107102578560413e-01 2.747744427844219794e-01
2.532702906080556460e+01 7.439014331399905755e-01 2.752286074477591216e-01
2.472386906721090938e+01 7.841754879366861219e-01 2.406161801220133012e-01
2.046020257589752944e+01 9.916610940378099981e-01 3.159574007208425517e-01
2.843952236027861957e+01 6.191484679994003759e-01 2.510705541839286514e-01
2.115659720936629995e+01 9.410280237982956431e-01 3.179263529040437519e-01
2.611636007974300355e+01 5.975644804417732381e-01 3.704172361967293381e-01
2.345652552855973383e+01 7.544710923260132818e-01 2.960341020235758291e-01
2.913623988781790075e+01 5.191349195781537196e-01 3.171572635234151116e-01
2.705533677088021705e+01 5.593633943586974189e-01 2.758880546315574667e-01
2.628096904265514766e+01 6.846429767685721091e-01 2.622029631464710686e-01
2.548742508981568022e+01 8.040605341417692564e-01 1.845953011575225400e-01
2.497677911463172862e+01 8.581180499930983752e-01 2.266669316882313767e-01
2.037300680520092655e+01 8.968001114663195494e-01 3.753112767255890048e-01
2.452152406885375413e+01 7.920522688282060075e-01 3.008670223934867272e-01
2.235093291771682189e+01 8.813148609878183048e-01 3.133848644291261087e-01
2.591135148714281655e+01 6.596723046021329973e-01 3.063855822725589095e-01
2.419307024521014071e+01 8.366415160099327508e-01 3.002962286784677803e-01
2.282947193644162809e+01 8.224113162466106797e-01 4.079029987852555994e-01
2.785808377596148944e+01 5.681191850920859210e-01 3.150479514176705576e-01
2.628524470151392478e+01 6.198032569759880372e-01 3.008604785037664597e-01
2.705017739174089542e+01 6.860967142233734828e-01 2.636930436706479419e-01
2.833044814130506239e+01 5.152026156368022525e-01 3.511508469289134626e-01
2.320587182009154148e+01 9.601720813512696351e-01 2.631665048938620077e-01
2.400506581479409718e+01 8.290742341721911712e-01 3.119006730900781288e-01
2.149433175061221135e+01 8.903311238719682219e-01 3.673638399650590025e-01
2.869493856070659277e+01 6.998371993810955649e-01 1.817053355337456266e-01
2.539434232094027166e+01 6.915741101226682286e-01 2.712094525630036612e-01
3.049030710496617758e+01 4.478029665106065260e-01 2.967256401809160171e-01
2.647750378456300169e+01 6.012358028035738045e-01 3.147225011556932239e-01
2.357422758648488426e+01 7.739765457655006786e-01 3.440173971241605733e-01
2.507905527862499895e+01 7.178852829335008456e-01 2.993853491672136546e-01
2.578531483551521930e+01 7.455480467492896501e-01 2.258110556969058769e-01
2.450698017707639309e+01 7.888783526255226386e-01 2.662721712660267026e-01
2.375226605646516731e+01 7.329242037508181262e-01 2.219763761066375352e-01
2.412608108004316421e+01 7.353824074201362748e-01 2.904476237441335762e-01
2.558403520872315440e+01 7.475754872621350744e-01 3.401190125125347907e-01
3.002149690138847404e+01 4.910280289356505068e-01 2.831666297831524348e-01
2.781612703495090955e+01 5.323200769809548483e-01 3.371241421663877524e-01
2.662579102937140618e+01 7.510661112755809832e-01 2.138354111000099755e-01
2.237939321875010279e+01 9.090847991176970178e-01 2.858081413883448718e-01
2.795522971350666808e+01 5.866830866998119509e-01 2.853889010484030875e-01
2.298457192793976489e+01 8.502139485918516204e-01 3.148709532093923458e-01
2.158103275035564650e+01 8.609135862996177835e-01 2.560828443000845445e-01
2.298616206500549097e+01 8.093108553322303500e-01 2.803931303001960251e-01
2.688298467294163530e+01 6.713544775346442783e-01 2.282530530635061838e-01
2.529246891071722203e+01 6.758087600415264573e-01 3.056354093612118072e-01
2.133327742720438991e+01 9.047811660675983969e-01 2.999125003004308732e-01
2.383287988555478520e+01 7.657845492031145618e-01 3.662332104369617203e-01
3.048504205661137334e+01 4.482146813524146012e-01 3.254004349072985303e-01
2.219141191104572286e+01 8.661526882975586483e-01 3.071357116111094188e-01
2.362848327888073285e+01 8.292926293137106164e-01 2.780074642789527872e-01
2.686807018780109146e+01 6.289747753720660306e-01 2.653432033773606147e-01
2.696814797965009092e+01 8.183326804745347793e-01 1.341524461776128774e-01
2.135064251634259591e+01 9.621199958317687706e-01 3.416572816520082045e-01
2.404512015187254548e+01 9.104802386624796240e-01 2.068166354219768965e-01
2.906313443607720970e+01 5.505419436114472598e-01 2.753943000032139099e-01
2.584142574950850246e+01 7.049853509067801616e-01 2.840458696684376450e-01
2.559943835696796555e+01 6.927898099763407647e-01 3.343306413088720230e-01
2.705419180295638171e+01 6.615228884120826214e-01 3.058278457292326058e-01
2.379752194436610679e+01 8.318028963854785518e-01 3.102335223345267790e-01
2.157011322498317796e+01 9.155508659855452480e-01 3.037914408083471351e-01
2.438217127965811670e+01 7.441171991056275692e-01 2.920410425581150826e-01
2.568021571918560397e+01 6.315431833988427446e-01 3.162673308365790414e-01
2.112857544883499017e+01 9.652953276675672045e-01 3.463418330727309202e-01
2.467400967700844205e+01 6.778277278176395582e-01 2.709189714398307913e-01
3.042324158353937946e+01 5.672941872907169003e-01 2.475513464198196290e-01
3.198230965904268430e+01 4.022645906991452747e-01 3.208777117838869097e-01
2.142534456626735917e+01 9.320618123528200405e-01 2.980909555026728941e-01
2.316902830858387219e+01 9.020919814563036487e-01 2.523897253494074566e-01
2.890893884505317502e+01 5.630858921116544957e-01 3.535076887367508136e-01
2.197820576761140643e+01 9.522232835260083794e-01 3.262041182157775498e-01
2.116136817151928540e+01 9.559471498233760300e-01 3.502112324880288785e-01
2.750042812512161916e+01 5.905843516705675533e-01 3.281396869103644365e-01
2.224577968893750324e+01 8.943362399546636032e-01 3.383223432175400114e-01
2.652443986628354011e+01 5.766304532954898976e-01 3.060023199220796575e-01
2.776874046039397470e+01 6.619862825998193978e-01 2.359032650022141464e-01
2.968418544352627819e+01 5.227667908739564995e-01 3.006536788234514535e-01
2.380901526681780211e+01 8.518762126384304967e-01 2.764866862157309702e-01
2.211228691485195696e+01 9.852971708610539503e-01 2.241552447394709602e-01
2.823662631934868017e+01 5.526477927916655375e-01 3.303196909986400587e-01
3.097712717704018104e+01 4.661301301627274185e-01 3.799099818295120778e-01
2.184931070844088552e+01 9.573892801686043619e-01 2.436847716894885163e-01
2.303809030351322562e+01 8.516669495812803081e-01 1.972319596209697323e-01
2.285666077497909043e+01 8.237882733224616283e-01 2.993407607689871908e-01
2.821694981343517838e+01 5.921084733820094481e-01 3.246105354095933371e-01
2.661734086998926330e+01 6.612624984600159461e-01 3.176906427773508734e-01
2.677568477514145329e+01 6.444225938134091614e-01 2.468876998057512318e-01
2.481856065959683733e+01 6.926930792507762780e-01 2.838810210244325227e-01
2.427949167308159062e+01 7.189740051415073330e-01 2.727865729685514662e-01
2.666950549859325292e+01 7.651249049782620215e-01 1.927908450225279957e-01
2.985984396517644868e+01 4.888834073682375991e-01 2.827404270655123897e-01
3.169555551460889831e+01 4.482146813524146012e-01 2.747808752358624207e-01
2.436642540066810980e+01 8.715373378576046770e-01 2.521734106785894491e-01
2.137083159532821952e+01 9.676165187799103951e-01 2.993085868530303562e-01
2.745323848766569341e+01 5.590163426397342095e-01 2.741409001970988024e-01
2.331132407981909793e+01 7.861111165150219682e-01 3.230419642571989436e-01
2.771960649314920744e+01 5.673256063818084005e-01 2.844818345022220307e-01
2.301276173800401992e+01 9.383536716637631558e-01 2.090461074061958913e-01
2.153326356758210736e+01 9.675738049830916454e-01 2.988322885763309844e-01
2.261474016593095016e+01 9.005951492866838271e-01 2.317422970865829490e-01
2.530252340893088459e+01 8.550849311126965668e-01 1.933522800078631143e-01
2.852332584983458119e+01 6.520438668798566040e-01 2.920701181210160757e-01
2.653294234163901777e+01 6.211859481478395617e-01 3.034543834109735827e-01
2.458989155653726755e+01 9.068337987653020127e-01 2.319583407006265974e-01
2.247213676688517836e+01 9.165573807456152133e-01 2.985797613603989320e-01
2.295153056801621716e+01 9.490464549393707872e-01 1.916139064865817754e-01
2.396920442630265313e+01 7.471221945889374716e-01 3.333208909065884518e-01
2.161043604754616254e+01 9.273644149086419652e-01 2.879443033339627034e-01
2.204314292212659154e+01 9.106425117440839490e-01 2.753087479091634315e-01
2.317601775812313036e+01 7.874073021853220666e-01 2.973288730529053403e-01
2.235411974490865106e+01 9.097010767953771504e-01 2.475357705083260362e-01
2.022648650513399815e+01 9.547574618142463665e-01 3.481829873457474855e-01
2.532046495389081286e+01 8.025420890977980060e-01 2.470917124745688198e-01
2.339336415808395131e+01 7.669956592350998248e-01 3.294192228975771353e-01
2.383923638314262661e+01 7.923300355328948275e-01 2.791161809848297093e-01
2.477661329677411217e+01 7.547159679774344543e-01 2.890524066966947969e-01
2.413494900033622770e+01 7.479516911431619564e-01 3.095208529158152144e-01
2.189305993481015378e+01 9.908392696164144420e-01 2.129504545765666945e-01
2.397741483593559408e+01 8.698895633849986764e-01 2.786177413109653944e-01
2.422449351067821866e+01 8.863153244220638438e-01 2.051549803149068374e-01
2.329067452428167329e+01 9.476968754104836412e-01 2.087564905279736538e-01
2.313280914733618232e+01 7.577651243856310392e-01 3.067228371389070229e-01
2.400671796293553228e+01 7.562049063383458058e-01 2.837907725488765243e-01
2.355133261654364674e+01 6.920302727814894306e-01 3.092323692265516732e-01
2.383834694915583796e+01 8.207711942335207400e-01 3.030616622139563621e-01
2.434678459012015139e+01 7.487739019412235075e-01 2.829989062570436031e-01
2.455200142679355935e+01 7.662434506679173252e-01 2.913154186037582583e-01
2.345430852771202268e+01 8.418573181046250520e-01 2.860000952218368919e-01
2.745564666954896182e+01 7.494494093543434543e-01 2.360236642190693956e-01
2.266570370691481173e+01 8.308819275079345479e-01 3.161374729741639467e-01
2.197802813103525921e+01 9.216709229849470164e-01 2.965528950143233589e-01
3.035261268563935033e+01 5.173896544887492954e-01 2.959903454575182891e-01
2.383903759047531423e+01 7.806243619096050468e-01 3.078954165690518940e-01
3.079299969220550182e+01 5.453050213873753549e-01 2.311233520258824115e-01
2.195194649695882916e+01 9.489909101189926144e-01 2.511439932584084711e-01
2.253230542327980146e+01 7.946653189183148225e-01 3.264015571669657834e-01
2.891881998109522911e+01 5.422594212810700753e-01 3.001870762562145467e-01
2.165444818430867002e+01 9.232231287803244202e-01 3.242366998194409211e-01
2.543920963168806182e+01 6.821752913854479683e-01 2.810761604560693128e-01
2.348488425729277651e+01 8.350708589929035641e-01 3.443419884088215199e-01
2.527813849973589910e+01 6.356419830166718521e-01 3.178590266980318990e-01
2.617847631014533150e+01 6.583394182599814348e-01 2.895957197828440965e-01
2.197198238263911563e+01 9.162573743317166119e-01 2.650074770659587298e-01
2.905420928945565606e+01 5.450457366159440209e-01 3.446452323236484094e-01
2.201210645547928735e+01 7.799167079407274272e-01 2.962345088467238652e-01
2.558127408927338209e+01 6.379309280579564811e-01 3.362552967732556630e-01
2.266190772665601472e+01 8.612034772128638327e-01 2.513052449968804503e-01
2.423081730233417375e+01 8.511875421558262600e-01 2.578072220892053124e-01
2.680285733788949898e+01 5.840666540264888296e-01 3.032544463317477512e-01
2.625405837284604260e+01 6.258772613854609590e-01 3.312809205966245063e-01
2.420249368528553902e+01 8.249232862085479345e-01 2.392784557665360023e-01
2.437450768040511662e+01 9.275367769014848385e-01 1.694979186355493606e-01
2.056129014269485822e+01 9.537060689552312454e-01 3.552098047650963930e-01
2.250314562985832367e+01 7.915613893075132967e-01 2.855421848941805951e-01
2.448144879295806930e+01 7.441426653425871063e-01 2.856857968738235054e-01
2.335686313797899061e+01 8.610150679909344129e-01 2.590149981306300031e-01
2.250626089883329684e+01 9.472946162648168134e-01 2.432697783864456176e-01
2.119219774153831892e+01 9.949261766290944387e-01 3.674899768982792803e-01
2.711791000118718387e+01 5.566961790011997202e-01 2.852307570337904163e-01
2.365418051916054409e+01 8.518609162971586546e-01 2.297195828212227897e-01
2.468170545505504876e+01 8.931573374857876280e-01 1.967126442614022253e-01
2.656775254531502739e+01 6.998040730009486010e-01 2.925956736997600838e-01
2.524556807893463883e+01 6.962616959433507446e-01 2.564697653394454324e-01
2.291811851281470425e+01 9.863788333331687808e-01 2.357661901505579138e-01
3.765822437085635954e+01 3.441007740315522034e-01 3.009005554152726081e-01
2.520353107407974136e+01 7.432594651952988407e-01 2.151406050994483232e-01
2.585108781647525333e+01 9.049321620501667995e-01 1.436462252531647832e-01
2.597851216701667454e+01 6.700883632721359451e-01 2.460824465959962903e-01
2.815230750604348486e+01 5.517528203555521760e-01 3.181125558547554522e-01
2.653756952435799121e+01 6.984432082026087452e-01 2.613827716692461167e-01
3.002204757554120462e+01 5.141162954028525300e-01 3.150952779172080942e-01
2.668154915196075194e+01 5.791449067282542496e-01 3.541280453479551116e-01
2.239915805440767116e+01 7.491496587226688098e-01 2.972826447055676446e-01
3.276751000363488942e+01 4.728292681644770123e-01 3.005072401068254462e-01
2.771539069808271449e+01 5.551518685859144764e-01 3.006494619790339162e-01
3.152799436677515388e+01 5.316393811452907459e-01 1.956241986557963608e-01
2.419380494448328633e+01 7.342689006316320821e-01 1.886199820982386310e-01
2.597039403599368868e+01 6.370950671184877345e-01 2.895320322666256607e-01
2.268429092223875898e+01 9.330619654473060187e-01 2.664936761075810678e-01
2.365681151255371617e+01 7.839840108189960466e-01 3.282959955666446272e-01
2.858578083599174136e+01 4.762609770064084036e-01 3.017896279798774617e-01
2.438529411064111230e+01 8.662610489895593568e-01 2.382908675611671023e-01
2.658047945680527491e+01 6.227352635216899523e-01 3.429689279310847994e-01
2.517728062723502447e+01 7.631696902777197478e-01 3.102085363546545627e-01
2.306601409722191320e+01 9.583133325370799538e-01 2.047368428230894044e-01
2.515660788927183233e+01 7.381709724082826662e-01 2.758192257584616836e-01
2.708794306408225694e+01 6.203493264473758373e-01 3.292843947145212558e-01
2.158739075187579459e+01 9.953714026154951711e-01 2.559130147604414263e-01
2.248983118408088444e+01 8.933098777136340152e-01 3.126755713887543475e-01
2.931930205145463475e+01 4.170567744741057181e-01 2.556951367869763070e-01
3.055069176333894276e+01 4.862935627167879749e-01 3.258477521156160073e-01
2.648337530147331620e+01 6.387683497905897179e-01 3.145767714156590955e-01
2.350646410177966672e+01 8.533865068022121747e-01 2.529866198706636760e-01
2.540557099639661942e+01 8.560281542710205249e-01 1.628417249189225979e-01
2.812924520781374227e+01 5.231962899282305290e-01 3.467646117101187420e-01
2.716816789923893438e+01 6.176433442073814284e-01 2.356988562684954602e-01
2.584823724107422649e+01 7.061376517832932409e-01 3.320060350300748087e-01
2.612992414189088208e+01 7.381709724082826662e-01 2.282961031848382560e-01
2.186040829697127563e+01 9.045189638339191651e-01 2.593414370862503482e-01
2.662855492172834104e+01 5.829903623770266163e-01 3.566180780813958395e-01
2.274706163784706803e+01 9.545158873584943526e-01 2.951065710827464605e-01
2.260601275395039877e+01 9.555367456751183708e-01 2.722933634094288347e-01
2.625704169071731187e+01 6.854106386156586517e-01 2.897337940386556232e-01
2.382385460139281363e+01 8.045493373123508984e-01 3.243380438594283821e-01
2.734387470518278818e+01 6.191009796478409433e-01 2.848556167989192978e-01
3.106996712092291446e+01 5.263632273908969150e-01 2.422869921226190881e-01
2.932711133689961258e+01 5.653981981179483363e-01 3.137424466187848093e-01
2.682093472651594013e+01 6.033503103832621450e-01 3.235081611419730607e-01
2.340621221642869543e+01 8.482929530784939498e-01 3.319842489558063603e-01
2.169894409823128711e+01 8.989030369097631423e-01 3.229331745381973651e-01
2.322370633904925796e+01 8.874902905488878391e-01 3.170239734116508390e-01
2.699782428502418341e+01 6.470972651084393457e-01 2.907476407026620135e-01
2.246327760197688406e+01 8.105545802025002633e-01 3.247601497557552341e-01
2.476496060016071254e+01 7.995070825495461664e-01 2.333988530473080358e-01
2.583425475272031235e+01 5.981458418807420463e-01 3.507667758956930504e-01
2.356473893572979605e+01 7.569619118739706609e-01 3.523613432305164883e-01
2.464314977231567383e+01 8.260977895855099451e-01 2.247360130037432679e-01
2.028815839229793383e+01 9.797810664164667838e-01 3.654589768244737580e-01
2.261767523066915331e+01 9.191799988783383446e-01 2.519028463900304105e-01
2.193966817686489534e+01 8.045548763302666773e-01 3.308226343545488946e-01
2.633103560484296679e+01 6.442561758347499223e-01 3.311841025179094733e-01
2.982503811014582595e+01 5.668001640269020314e-01 2.886058974364238416e-01
2.163838336278754682e+01 9.954698421285503862e-01 2.964205102421370586e-01
2.353570015641420099e+01 8.326355661687708798e-01 3.080882997062511786e-01
2.519001876965012343e+01 6.741269173987565200e-01 3.550115747084887641e-01
2.619387783244465595e+01 6.155597467527105238e-01 3.130869823862942325e-01
2.578346155108485149e+01 6.923994034997199565e-01 2.327824926464387434e-01
2.466863203336818700e+01 6.552954655070990508e-01 2.855957297146433649e-01
2.685501221477794331e+01 5.581592583421508547e-01 3.914665426752994004e-01
2.361880028805038734e+01 6.944284100432426277e-01 3.788647434593407914e-01
2.414002778842866448e+01 7.631696902777197478e-01 3.665058006193471218e-01
2.827437853871203544e+01 6.619510142397320163e-01 2.031332520155753607e-01
2.403813236900784034e+01 7.258673741041216099e-01 2.685483020018247791e-01
2.636009491558634465e+01 7.464689817337644140e-01 2.808024443051975183e-01
2.486631735771410234e+01 8.874902905488878391e-01 2.300244366708151245e-01
2.194276358777216274e+01 9.538044892526440499e-01 3.231051268391149645e-01
2.325427994125888276e+01 8.200888282419284137e-01 3.350652902787454313e-01
2.326882243201090006e+01 8.717278914510383503e-01 2.703427552627324371e-01
2.193581458368942450e+01 8.387829697175759325e-01 3.205586183947355394e-01
3.250347690024379688e+01 4.517016889090602061e-01 3.156326054361048850e-01
2.661230192096770253e+01 5.914708798076278029e-01 3.037299480156498976e-01
2.535139387452739967e+01 7.470115588034950127e-01 2.785609801348346570e-01
2.566361700643299315e+01 6.442561758347499223e-01 3.658034247944784156e-01
2.401752770455010122e+01 8.789043630206996305e-01 2.620164062205992961e-01
2.594561446519364267e+01 5.922407790543061656e-01 3.363331998366386744e-01
2.513953541089356492e+01 7.505320734951668182e-01 3.047170309196318150e-01
2.330624940515292209e+01 7.641967413309680435e-01 3.067552170477673146e-01
2.190525216616976678e+01 9.552809828857186103e-01 3.020980897015321243e-01
2.511875955089634616e+01 8.533865068022121747e-01 1.725612859313738756e-01
2.418415851987801801e+01 7.330686056448828536e-01 2.858671917172352361e-01
2.761572739549364286e+01 5.889469910161562183e-01 3.068119294184865065e-01
2.473257467942475429e+01 7.370293575897185478e-01 3.745233741589047982e-01
2.325640537821718468e+01 7.966301891750398045e-01 2.816001232897693551e-01
2.577892447150034982e+01 8.070782026674112597e-01 1.588995123915364904e-01
2.289080091403342010e+01 7.973822228677674984e-01 3.293890464681872854e-01
2.791013349764866547e+01 5.282437633250792741e-01 3.258099250266009439e-01
2.215852451405227796e+01 8.904463228807643072e-01 2.980259124094557510e-01
2.197697611485988389e+01 9.789606567077899779e-01 2.638296485757036791e-01
2.291283480052274868e+01 8.982724514724546028e-01 2.253962132769107840e-01
2.605052815383152520e+01 6.453625466538428501e-01 3.431544571142857714e-01
2.441614615401810084e+01 7.048375884087927368e-01 3.340578727916740931e-01
3.221717030971987583e+01 4.708011660841455170e-01 3.742784848687404908e-01
2.293882837635894489e+01 8.960063672195293094e-01 2.781350258593180969e-01
3.262702280407754074e+01 3.872806818268333950e-01 2.479738112945853723e-01
2.387390440644451672e+01 7.550690779387270180e-01 3.115433683125470310e-01
2.519755812682959473e+01 7.897631543358683004e-01 2.592284077803322373e-01
2.837883233474719091e+01 6.214115456257016668e-01 1.958020893780481886e-01
2.513622944006746707e+01 8.676226947304550574e-01 1.996256666854749340e-01
2.341891509320198139e+01 7.812395902132394099e-01 2.835288432607817044e-01
2.456773360267243689e+01 8.261776830436382557e-01 1.827392982167149460e-01
2.757107528580743150e+01 7.272907721407838588e-01 2.368710195918393158e-01
2.605070811396428354e+01 7.167885285195858547e-01 3.148164667984409415e-01
2.824675635676148744e+01 6.997515289428242191e-01 2.025074161079476742e-01
2.640340128214850424e+01 7.276866503462210423e-01 2.515685250878026413e-01
2.515291342474105818e+01 6.104800445220538441e-01 3.363820895171726888e-01
2.383234125437844497e+01 8.091142887096937075e-01 3.195571792268790401e-01
2.098786769062781232e+01 9.743660717939407467e-01 3.331747375410969991e-01
2.135183772121859747e+01 9.702802254991231834e-01 2.739913704461928723e-01
2.530614917489439719e+01 8.145521283645991151e-01 1.867527845680348186e-01
2.462171089940433433e+01 8.020106014118889570e-01 3.018911289700622613e-01
2.297393405617325968e+01 9.562096902517838171e-01 2.512100857308746105e-01
2.600004432034142354e+01 6.967064190008056546e-01 3.619464091565439690e-01
2.264915182113850989e+01 7.853001910522815487e-01 3.213941624104307282e-01
3.095611447614560774e+01 4.760722946092558749e-01 3.209368065720954455e-01
2.531192400931574937e+01 6.741827507459119406e-01 2.918377120587735685e-01
2.483240688097847837e+01 7.014949271455175328e-01 3.382345963997255844e-01
2.282610801006392265e+01 7.804457403574602825e-01 3.211338957436024599e-01
3.786025944554296530e+01 3.257573873132837972e-01 3.156210160589316693e-01
2.355082345868576610e+01 9.085835561185278131e-01 2.197493242812935954e-01
3.111085603585803483e+01 4.741201345013614232e-01 2.811329573850713248e-01
2.397054749494358816e+01 8.311348822585761242e-01 2.732722941116881299e-01
2.351257962390033640e+01 7.838496096723209794e-01 3.203763473252658200e-01
2.110429269857548107e+01 9.518821935690667813e-01 3.230519211802210244e-01
2.804309911935223454e+01 7.361421058303759812e-01 1.878583696554525506e-01
2.643553918896297716e+01 7.560906016382219486e-01 2.424884457705093477e-01
2.573972042026213458e+01 6.795874183026326953e-01 2.831051565735559494e-01
2.071764448282796423e+01 9.339615429512480027e-01 3.227636482861044320e-01
2.502601680308993437e+01 6.494380280319327348e-01 3.540108386651524275e-01
2.564766753496657969e+01 6.042192561333967760e-01 3.152613957588856208e-01
2.599725214253903616e+01 6.379037218887241290e-01 3.004625571438597209e-01
2.702602884565116526e+01 5.975953126520221481e-01 3.303020656616097450e-01
2.689103195738427488e+01 6.482071534602967811e-01 2.712508041407735160e-01
2.214548454423086099e+01 8.670056982564867676e-01 2.993751815422019402e-01
2.960576613315452477e+01 5.535051955785953437e-01 2.376650154972955453e-01
3.079092767469643732e+01 5.050884833917478334e-01 2.567564514076144389e-01
2.289090032122104290e+01 8.777225729217872363e-01 2.582826623598518112e-01
2.125107979606200459e+01 9.740674623320038084e-01 2.944424125261396741e-01
2.749641175857604836e+01 6.074264840989326286e-01 3.092939295532416977e-01
2.453209894408479741e+01 7.164139924636152568e-01 2.737978952076081662e-01
2.837094838613430525e+01 5.020413131602464718e-01 3.117383139080456833e-01
2.365836792309639236e+01 8.105326585805845419e-01 2.937975307298331673e-01
2.412772456354116102e+01 8.294682794104262236e-01 2.208555731157085811e-01
2.772181788600052954e+01 4.399880277759624092e-01 2.182282972522719411e-01
2.166136883113562561e+01 8.940136433719921838e-01 2.995860150599796712e-01
2.287543397993135130e+01 8.435210320594237476e-01 2.864622820191110031e-01
2.525477726534488454e+01 6.637001448125080527e-01 3.093322761303883284e-01
2.243076651300999202e+01 9.504775762649143589e-01 2.747514884707792926e-01
2.283111686491629300e+01 8.721275561566895762e-01 3.234662666210650350e-01
2.311675912810579803e+01 7.755134675314043768e-01 3.233858531149025883e-01
2.763245668415326506e+01 6.014432361670966065e-01 3.402152556793124893e-01
2.368005287072642062e+01 8.603097139463994347e-01 2.434179163678851510e-01
2.681946051850714596e+01 5.742489084930866294e-01 3.115901408876664003e-01
2.816231875022202047e+01 5.395999195228986522e-01 3.386740393918304393e-01
2.233500246616168639e+01 8.642012178391537125e-01 3.339857492802977279e-01
2.147778911957413683e+01 9.149037776534864053e-01 2.943719134789244407e-01
2.448252529273117517e+01 8.783636224390277691e-01 2.287982403895205130e-01
3.024348532490336794e+01 5.362743682061622552e-01 2.280056878701915424e-01
2.336434460134042723e+01 8.285919659183087482e-01 2.246897350742888821e-01
2.534090758117315900e+01 6.625289833429982567e-01 3.402967471154647594e-01
2.674983024412774313e+01 6.062621508179321106e-01 3.268488314161020480e-01
2.255588690814477815e+01 8.803081458083331645e-01 3.325771281973602389e-01
2.231222126879612233e+01 8.330086764516525522e-01 3.299849729215749150e-01
2.522572158755007266e+01 6.552541843135041288e-01 3.137488608593886341e-01
2.884363633558781004e+01 5.087342820682635436e-01 2.831321463561837226e-01
2.337924299346465062e+01 9.250293867373724499e-01 2.114657009175769653e-01
2.205938676982322022e+01 9.601007339471624435e-01 2.995644574860381049e-01
2.112188312439642246e+01 9.848039111845956484e-01 2.940461245346964736e-01
2.629476955795572124e+01 7.485810541073556479e-01 2.412875468659378408e-01
2.355526153390792743e+01 8.626733248224619510e-01 2.859407209890841295e-01
2.536698493698818169e+01 6.431617522073324045e-01 3.119545378636300326e-01
2.264835539019953359e+01 9.630554585524714328e-01 2.360512504194400840e-01
2.722389000965493366e+01 5.963713902105339804e-01 2.575083130242900031e-01
3.097122360825050080e+01 4.806350773815186161e-01 2.721603930916065561e-01
2.620602808960305907e+01 5.903054895070942720e-01 3.475417518158849250e-01
2.353421900980005077e+01 7.166891948246020272e-01 3.149243230511993841e-01
2.606545791747144847e+01 8.085462044107982749e-01 1.812387143738629636e-01
2.683567420542944859e+01 5.666444097953770020e-01 3.362283624961066586e-01
2.579620175250157033e+01 7.063720495286894829e-01 3.336713803869876260e-01
2.643890070318375862e+01 5.787194275555960221e-01 3.225783625636609031e-01
2.351970625285477468e+01 8.790979986672845525e-01 2.287097759349062398e-01
2.636898694271051369e+01 6.619440714103581591e-01 2.815889011368380990e-01
2.325005985704648381e+01 8.175379288255520960e-01 3.071251509397451285e-01
2.659776733099639401e+01 6.096698271413958370e-01 3.087351493384155598e-01
2.092583371179932072e+01 9.730657901487648198e-01 2.695326439978532052e-01
2.574325345978534685e+01 6.545822495620797765e-01 3.207980899972662781e-01
2.350002965381277420e+01 7.893461694842613952e-01 3.376388652726609596e-01
2.820525534061383155e+01 5.839312758880885745e-01 3.100705366348169290e-01
2.697462197828036423e+01 6.301410010160989339e-01 2.759366202689653158e-01
2.384636357030542086e+01 7.712073287757108542e-01 3.047581409328271596e-01
2.318835158110494277e+01 8.478915804150446434e-01 3.127200479746010120e-01
2.722421229034728185e+01 5.559532959077605474e-01 3.260681930841453635e-01
2.381103263440714812e+01 6.804987601106231576e-01 2.681448748412006422e-01
2.047731542540996585e+01 9.821946768886328227e-01 2.947291404761475109e-01
2.355418371549867373e+01 9.416311963363883653e-01 2.105493590609167076e-01
2.712414116325989255e+01 5.635121721314835241e-01 3.401407174962250979e-01
2.354559652073899656e+01 7.992003643677605407e-01 2.998795750637194280e-01
2.350509511557658371e+01 9.216059824299708270e-01 2.310949544221903573e-01
2.599786880576468917e+01 7.677879476489439803e-01 1.979257697113360470e-01
2.557018199286171978e+01 7.439136237904119264e-01 2.540661622569551081e-01
2.967322568512109626e+01 4.894112310108125197e-01 3.259058323318055339e-01
2.918441188490044524e+01 5.101132922859368257e-01 3.318206018093479148e-01
2.531574125976602474e+01 7.537280453037477068e-01 2.190099307518843241e-01
2.746571890401991922e+01 5.238020324612895351e-01 2.918722835544195204e-01
2.248018878486555394e+01 8.305518932586544167e-01 3.241229993602131043e-01
2.868677170928139120e+01 4.775287872723608107e-01 3.473677133037089693e-01
2.961511842523215421e+01 5.140930711749271964e-01 2.493076498548550402e-01
2.148710991245666690e+01 9.651861608044736140e-01 2.956013216026379120e-01
2.224927469573633232e+01 7.841731060153569466e-01 3.657699145502119054e-01
2.523295960712637154e+01 6.731717330771338492e-01 2.778380935898477899e-01
2.607016949057323174e+01 6.977720937323803607e-01 2.793401673917019767e-01
2.524262853051012812e+01 7.268127643017558981e-01 3.325746944040702258e-01
2.921594012771025106e+01 4.954881273347622184e-01 2.486022301709509830e-01
2.127417109724567723e+01 9.140313558017556517e-01 3.491324230120509409e-01
2.453893466699850023e+01 7.131743510874746228e-01 3.246609292992577167e-01
2.445079607646768238e+01 6.927269814253934621e-01 3.419582289829569688e-01
2.342895488745621080e+01 7.764465611052401295e-01 3.224492150347059161e-01
2.237304146843315067e+01 9.250345164636556428e-01 2.523984295802728650e-01
2.934398182656147469e+01 5.880944508225042222e-01 2.152261138507727267e-01
2.418731054779916434e+01 7.762160261052165611e-01 3.184736242989091859e-01
1.996931106475706486e+01 9.680422836605562242e-01 3.716550316220548766e-01
2.575487922703718269e+01 6.416605753306171556e-01 3.635015210296447252e-01
2.404429469511979178e+01 8.883187644225213342e-01 2.471006274135423564e-01
2.779454865707720757e+01 5.188049247736156167e-01 2.647022779069103104e-01
2.498591121159821071e+01 9.616488442487928223e-01 1.683301342417905522e-01
2.915148063793782995e+01 5.088391106918498386e-01 3.259782060502021128e-01
2.029512284938139288e+01 9.611140099804451609e-01 3.137016315628099461e-01
2.591416816279164692e+01 7.080760578579328168e-01 2.751022063461196487e-01
2.263106299829159695e+01 9.300913948367272033e-01 2.447819177617325814e-01
2.851845836684626789e+01 6.057548416727546181e-01 2.313451711970406777e-01
2.144758508956342524e+01 9.356247026785922127e-01 3.199160130049048534e-01
2.339950824729351453e+01 8.487226745433017472e-01 3.344084273057985612e-01
2.399211321221502047e+01 7.872968691286299503e-01 2.865676619216914744e-01
2.219094340812405264e+01 9.356247026785922127e-01 2.757011037951697663e-01
2.277553782909825486e+01 8.587160761754234484e-01 3.045320915337679790e-01
2.765938510375989168e+01 5.751083567626984472e-01 3.108335873696413398e-01
2.684664579843901322e+01 5.797261450252183534e-01 3.586209343932562632e-01
2.699830535181065017e+01 6.394995335799962266e-01 2.626910673011448316e-01
2.328405956231818763e+01 8.759866193743800489e-01 2.643919725941853427e-01
2.388908156933669247e+01 7.961047666043851168e-01 2.892426153181395510e-01
2.478037078177851171e+01 7.423223221714296827e-01 3.117622527223144480e-01
2.309639974939330642e+01 8.971835778349950274e-01 2.387313741723546823e-01
2.411841634626360786e+01 8.642950591766119794e-01 2.351303075757264494e-01
2.388824757947234900e+01 7.530121920643706446e-01 3.479037712113004499e-01
2.599036200011484610e+01 6.677699147839869509e-01 2.820057681325395804e-01
2.233766620346881027e+01 9.311417143264402174e-01 2.776297550532895730e-01
2.116014666606319494e+01 9.007465020194411753e-01 3.766252880807422487e-01
2.758364619465814727e+01 5.449290851463528540e-01 2.923994800550991369e-01
2.791657516125525973e+01 6.053074269784343153e-01 2.883404497954469847e-01
2.268377062459707716e+01 9.055961885827750191e-01 3.246027963013629059e-01
2.402564828589419221e+01 8.451770274113674652e-01 2.632469949965562939e-01
2.409575852482073088e+01 7.297642076792798527e-01 3.853927016081914458e-01
2.200373938403926033e+01 8.955196013770726493e-01 3.083371193208200300e-01
2.595070694368645547e+01 5.419435990190091257e-01 3.172275835944566302e-01
2.328480747445889065e+01 9.094729588298827716e-01 3.128643658974639141e-01
2.202129056054342016e+01 9.247743606993655829e-01 2.711545639452851431e-01
2.333481828017673010e+01 8.018786267339286233e-01 2.816723336305958503e-01
2.259907661741598517e+01 8.873029114642680959e-01 3.219886593497482408e-01
2.855763392982579418e+01 6.781063214555490548e-01 1.798329330361835843e-01
2.927283235809977668e+01 5.970743900279251726e-01 2.925671331401073494e-01
2.548793267518264827e+01 6.714201990654851127e-01 3.160752355824255067e-01
2.882019605149453412e+01 5.538420400549736167e-01 3.588674736988517466e-01
2.569835486266686431e+01 7.381709724082826662e-01 2.489236829173931131e-01
2.810875366799459840e+01 6.022790934615660507e-01 2.829569544757706279e-01
2.200913579785773422e+01 8.494882829267124125e-01 3.304520117891308617e-01
2.624933348749204853e+01 5.932506586328564202e-01 3.622647225324461262e-01
2.415536811796840766e+01 7.909552743799623808e-01 3.093570690182501637e-01
2.794180031252804142e+01 5.825814385724904509e-01 2.994408232071054665e-01
2.347424891152507698e+01 9.860335114208014229e-01 1.705862071910170530e-01
2.308766379055682805e+01 8.225191623505010430e-01 2.886914098328706713e-01
2.608960774450279985e+01 5.902226269913779522e-01 2.811963800813752079e-01
2.556884972326709971e+01 6.774351387917737499e-01 3.391519122130011166e-01
2.302988961291097425e+01 8.104022345404831018e-01 3.288141851467543675e-01
2.325055351684082083e+01 8.960063672195293094e-01 2.609987963840836311e-01
2.439400457848763182e+01 8.882128569886703628e-01 2.184466024988645783e-01
2.541931649734160814e+01 7.867521591380413071e-01 2.076238164472414549e-01
2.182362105471091596e+01 9.308698052947855794e-01 3.350457253156304271e-01
2.665370573018113376e+01 6.980460612967058776e-01 2.563530692125051136e-01
2.304279889499547807e+01 7.902961656570000049e-01 3.277645280602100031e-01
2.287588790639583536e+01 9.504775762649143589e-01 2.499472421354864693e-01
2.389925389391812516e+01 8.940973917770923540e-01 2.733028459831572388e-01
2.272685753676928400e+01 9.447781442211992120e-01 2.676482858833202361e-01
2.287985803432567167e+01 8.946452179341679578e-01 2.619941503431185703e-01
2.358382316918170218e+01 9.369551404922311644e-01 2.719778207631828870e-01
2.437447847742330964e+01 8.308218623707106509e-01 2.900183702032577693e-01
2.058682681889721167e+01 8.419487113903472153e-01 3.240591782206558857e-01
2.441432814736598189e+01 6.157082443405395011e-01 2.597041710245908130e-01
2.520593386536177860e+01 7.501793822088319574e-01 3.690158906359853330e-01
2.272318088782877155e+01 9.557375233167287876e-01 2.315265251877297870e-01
2.224477051478933731e+01 8.068822803009602085e-01 3.893487900651728673e-01
2.828726647224158341e+01 6.650661669564311707e-01 1.815600150971899418e-01
2.698835438236708839e+01 6.121156691633259372e-01 3.055019398670635322e-01
3.250806432926752620e+01 4.728292681644770123e-01 3.108865409015938996e-01
2.538386418516871146e+01 6.666288670575536424e-01 2.690635580544055716e-01
2.115553039083068754e+01 9.510618553495882033e-01 3.440281323470769648e-01
2.253489727194970271e+01 9.466057533481579966e-01 3.190785669567062777e-01
2.592377399902076007e+01 6.695653279409252701e-01 2.804396844862888094e-01
2.212450958842072168e+01 9.751685747840379559e-01 2.562290200794427042e-01
2.081191660564483570e+01 9.588670170075548338e-01 3.683587407935240421e-01
2.500265305876626698e+01 6.597091284148158818e-01 3.072010767489622429e-01
2.564321573532691900e+01 7.436729959172695414e-01 2.700782279475212322e-01
2.518043020446313562e+01 7.454158662895000731e-01 2.545995339825667392e-01
2.342049100246278215e+01 7.453010149383988425e-01 3.401440216048209342e-01
2.731982221952531376e+01 6.147676321610585637e-01 3.192663447949127264e-01
3.013437325248090914e+01 5.164057983135339480e-01 2.538420720891990667e-01
2.826425439366610703e+01 4.837921708584838054e-01 2.950385136712695422e-01
2.518563160886143493e+01 6.269261496304351367e-01 2.987490847158749130e-01
2.851768831906770529e+01 5.076954465945169304e-01 3.252726720745484634e-01
2.040599301701954715e+01 9.089574416355603592e-01 3.911727783265862013e-01
2.484785422445636627e+01 7.026622147418829512e-01 3.459798056559035828e-01
2.531696416668761529e+01 8.516580722083157973e-01 1.691184537420219458e-01
2.449038974923869105e+01 9.188369909334903607e-01 1.671962468824571002e-01
3.016775600577618732e+01 4.756799384713106815e-01 3.100436105500503081e-01
2.226928686602972363e+01 9.651930600530019833e-01 2.096953603437425318e-01
2.453662732777485900e+01 7.398441363089205414e-01 2.940172899825907460e-01
2.772692386050321645e+01 6.916626290639813490e-01 2.146758929855825948e-01
2.501593705009447177e+01 6.857296894508995155e-01 3.174302819040528134e-01
2.219256836730409432e+01 9.167441452890308096e-01 2.896568583817679676e-01
2.550372077513067737e+01 6.217161365293313313e-01 3.402389518525013035e-01
2.541652405360425604e+01 8.559951693131723216e-01 2.191634833562467743e-01
2.653098470518907703e+01 6.273943874843467272e-01 3.347089975546249097e-01
2.642220977939375715e+01 5.690562712709826831e-01 2.868613293093060790e-01
2.221568542559834469e+01 9.704096222375140357e-01 2.489364369568040636e-01
2.428916792091514054e+01 7.189740051415073330e-01 2.722795239679698942e-01
2.579393605696812486e+01 7.037349206190638418e-01 2.729184071591178040e-01
2.546730489121742735e+01 7.495168639084903717e-01 3.617533205078050096e-01
2.539426358030719655e+01 6.422182036067031197e-01 2.733436784942134268e-01
2.241572394306465910e+01 8.650657948898399230e-01 3.200481980933292947e-01
2.315701973226052957e+01 9.145521369289364433e-01 2.751140838241868392e-01
2.573092834609995805e+01 7.007711094690851628e-01 2.880214251975614093e-01
3.108404172575490065e+01 4.534278149752236087e-01 2.988334450261875275e-01
2.590975028313462047e+01 6.221412008380350356e-01 1.730149718881443810e-01
2.289015306484994738e+01 9.034931294061175899e-01 2.963875303030669150e-01
2.374106211602258298e+01 9.030998485745358462e-01 2.380802028297950290e-01
2.266204044340548762e+01 8.162002172609712503e-01 2.741955902917249666e-01
3.052528548037286171e+01 5.125908699740675534e-01 3.418396046234022378e-01
2.432531550094109818e+01 7.241115384593791449e-01 3.181708577946079641e-01
2.646979083562980861e+01 6.161840541903663704e-01 3.169087438756332809e-01
2.267293323773904135e+01 8.002876657778299485e-01 3.484657974959408100e-01
2.263834960743206182e+01 8.296781522612711735e-01 2.815508861332998714e-01
2.767026410418833393e+01 5.788557431522939334e-01 2.448461232715941349e-01
2.199592580073475290e+01 8.672244201192079727e-01 3.192967762707512036e-01
2.274297240754935245e+01 6.700162903049888818e-01 3.077817387725053089e-01
2.728491848509518292e+01 6.663561471975498751e-01 2.430807890640352131e-01
2.467093110471509121e+01 7.508859773080589495e-01 2.766559910655521093e-01
2.686961233213348521e+01 6.255455758525827470e-01 2.816339727691803407e-01
2.316669555876220699e+01 9.026762008951444427e-01 2.764293433646674569e-01
2.146264873063091372e+01 9.138822705487126274e-01 2.699034188218203956e-01
2.374643676165949202e+01 9.254961005412127850e-01 2.517083004213553354e-01
2.608421183340573180e+01 8.463435093772900819e-01 1.762016117622587363e-01
2.567927457655231649e+01 7.364913335408693751e-01 2.214063098433140531e-01
2.751405707957289692e+01 5.693621311849570432e-01 2.672481524320963753e-01
2.213662103138475956e+01 8.907729734978295788e-01 3.268617626130368992e-01
2.649558713259181530e+01 6.083048389859028182e-01 2.724712923431635292e-01
2.304098382538444412e+01 8.344849769859965516e-01 3.148607381349311507e-01
2.286505044434673550e+01 8.445336647135440744e-01 3.349830158606544317e-01
2.714390241530519887e+01 6.442758430499926359e-01 1.798633634175593188e-01
2.506443121792667839e+01 6.893404153843525339e-01 2.840766151908833415e-01
2.609737075423030106e+01 6.214115456257016668e-01 3.003404564997861903e-01
2.784641409830226166e+01 6.424126416728752620e-01 2.445243354372467759e-01
2.506361779134650547e+01 7.179518273654671434e-01 2.630798659453726374e-01
2.793127000444892261e+01 6.968212684807516544e-01 2.291238455871044966e-01
2.300961514953040776e+01 8.016472177154525536e-01 3.192022466581537210e-01
3.037924006891988071e+01 4.960303297218883190e-01 2.847404316716231620e-01
2.587237806837929099e+01 7.751008927894068590e-01 1.402170269015384496e-01
2.396322027544135835e+01 8.043825225587595273e-01 2.694593485490845430e-01
2.234160486358077691e+01 9.500228382852859976e-01 2.889912866977636940e-01
2.732883657225200125e+01 6.156609131989835282e-01 2.643427724648542143e-01
2.385174772804629129e+01 7.330117982393916654e-01 3.354849868106143385e-01
2.340432059812495780e+01 8.805327154924742494e-01 3.146940057924649259e-01
2.795655134231457950e+01 6.663561471975498751e-01 2.132168086363085135e-01
2.104836779932364266e+01 9.440963368823152013e-01 3.165591871161841375e-01
2.360726213991580380e+01 8.003977629851980469e-01 2.987514951240064498e-01
2.612811761358771889e+01 6.282697244400391456e-01 2.961663178670037588e-01
2.250913142365790875e+01 9.631955930601580063e-01 2.718688900590025548e-01
2.317697387582750679e+01 8.326355661687708798e-01 3.283344997902922779e-01
2.642015812321224644e+01 7.283494104863147411e-01 2.796335601904224588e-01
2.314694708951915203e+01 7.548524199856871952e-01 2.764302733200642015e-01
2.738822444372006615e+01 6.649962702898666311e-01 2.593228184935685299e-01
2.304992104444718137e+01 8.362722440874997831e-01 3.540313626158250737e-01
2.497572903115550957e+01 7.806603656091786192e-01 2.457624344493662960e-01
2.784647781183460324e+01 7.023752120981382463e-01 1.509542505364506182e-01
2.849659970027977351e+01 6.584266854114857459e-01 1.508084594274606838e-01
2.220965822207518059e+01 9.354082057434067732e-01 2.442734473298845688e-01
2.194137251633549823e+01 9.264454007731292018e-01 2.970186791556706507e-01
2.357833392197792222e+01 8.649337165186662402e-01 3.086922554454818446e-01
2.682570754151240777e+01 6.044639244360131558e-01 3.358477104302186600e-01
2.459005464960209508e+01 7.372258460803039481e-01 2.822167111576632803e-01
2.921135656183445661e+01 5.685909726043749668e-01 3.147734141925828677e-01
2.164061726853767809e+01 9.833806217068907785e-01 3.162331576101459762e-01
2.713158021053249058e+01 6.009018208103035219e-01 3.277846229544390533e-01
2.506328025734536524e+01 7.435478837669238228e-01 3.332719283704547175e-01
2.551264776240925514e+01 7.329665589465454989e-01 2.733186026996772267e-01
2.176783325189062168e+01 8.942195874113221254e-01 3.804606389747160478e-01
2.189875371587468678e+01 9.306173564714248503e-01 3.151702317708649503e-01
2.379798356730352538e+01 6.443504391697417732e-01 3.019126142505598742e-01
2.400491348401933678e+01 9.943006381071451960e-01 1.726690045660871919e-01
2.104932519998465068e+01 9.858508078332152147e-01 2.979242203935317801e-01
2.227600858680466800e+01 8.711612418328636975e-01 3.661689382732172260e-01
2.027762353617417190e+01 9.863143467082038374e-01 3.250428952913377856e-01
2.414192001734156534e+01 7.236345575151597043e-01 3.232546531946379753e-01
2.604539679144538056e+01 7.111208426530173377e-01 2.766329599908842196e-01
2.452817002762910548e+01 8.318553480387234078e-01 1.935802779833329379e-01
2.617491026241348706e+01 6.815794678808978491e-01 2.896784234051229534e-01
2.442799323198223505e+01 7.625091707151310239e-01 3.114215603293115642e-01
2.188884342731784827e+01 9.119544866311648512e-01 3.634855171357526116e-01
2.470244723678906951e+01 6.998809139679843527e-01 3.387762225739184840e-01
2.349433998716850525e+01 8.592687505396232606e-01 2.886398177831416834e-01
2.509205748381223344e+01 6.967642754566565344e-01 3.042162055109410290e-01
2.928060755515069857e+01 5.395787666184429510e-01 3.094276110147015646e-01
2.745066378717936573e+01 7.126710117086075824e-01 2.015498516070360346e-01
2.689367062945195741e+01 6.068508189960996058e-01 3.482840442126332592e-01
2.062120899471816315e+01 9.313164342713660115e-01 3.134236216187560320e-01
2.558960915297023675e+01 7.314699144645182560e-01 2.877763315183343162e-01
2.763192887160209210e+01 5.691476925188667657e-01 2.629007971956580092e-01
2.415608407201077412e+01 9.101444861669459874e-01 2.087089079902161581e-01
2.116078625671542568e+01 9.957714709032059464e-01 3.505962232821181468e-01
2.656245195806316062e+01 6.352003224455609054e-01 3.065349936365796002e-01
2.501055107753473905e+01 8.021231305965809133e-01 2.893058573573213943e-01
2.216973996935260871e+01 8.631379956792211150e-01 2.946580356683429769e-01
2.353824618181034012e+01 7.942215422144182080e-01 2.524875800977185447e-01
2.695293535922346351e+01 5.536202782373627063e-01 3.580816156810090467e-01
2.530268491995996527e+01 6.950240187124236968e-01 3.038926542524483798e-01
2.282402401563287242e+01 9.130144971205536031e-01 2.452572771800912432e-01
2.110052774033436762e+01 8.852077574440389007e-01 3.568550679077144849e-01
2.633908688188806124e+01 6.545822495620797765e-01 2.909194670442829533e-01
2.340773957316891440e+01 8.382414629769632253e-01 2.458326831962470427e-01
2.593856189021231984e+01 6.553342160181839793e-01 2.947188491846300940e-01
2.760715860952728207e+01 6.433610537190550538e-01 2.011142279798634191e-01
2.385299511925233062e+01 7.394993546658512606e-01 3.043462191835311081e-01
2.355329497813174200e+01 6.777798340510633457e-01 3.631938983403670274e-01
2.050899189500606212e+01 9.721214944673639557e-01 3.775639068285685518e-01
2.708358257904987099e+01 6.293846579320258039e-01 2.721980520646745672e-01
2.362503869527489186e+01 7.062291274755134740e-01 3.286729560480305956e-01
2.613026343064535695e+01 7.944163779315660534e-01 2.514263427459209610e-01
2.742621746351533574e+01 5.187858962095749371e-01 2.577168195317992572e-01
2.059510734342384453e+01 8.918514776831523161e-01 3.290192444051445730e-01
3.374619108451751259e+01 5.065368207092837416e-01 2.020156555863927561e-01
2.734720294714146860e+01 6.372086735338752250e-01 2.764147056453782891e-01
2.183527228329036518e+01 7.922422965380560012e-01 3.840594524267565424e-01
2.684998539274702978e+01 6.222256538139524507e-01 2.741730954252784569e-01
2.220891130330114649e+01 9.339615429512480027e-01 2.339437366264132678e-01
2.427492672940512364e+01 8.771692229598677670e-01 2.121250180482446568e-01
2.485502388374397498e+01 8.253565959687513276e-01 2.674399005749309444e-01
2.507302677680964109e+01 8.430376945362061392e-01 1.872255497901110233e-01
2.696213132275121538e+01 7.375766627558313360e-01 1.834350785568428788e-01
2.437415941306118228e+01 7.386069786571413109e-01 3.582403987339055629e-01
2.442237788478742644e+01 7.628983053886170262e-01 2.150163321518140658e-01
2.067295278162969296e+01 9.483189545089928396e-01 3.256451214048389775e-01
2.799109761612319858e+01 7.164283273171137001e-01 1.769653856311641793e-01
2.259589653316809787e+01 9.589046550163859983e-01 2.404373935266098661e-01
2.374573412782391202e+01 7.715793443799529028e-01 3.159946048323636902e-01
2.666024669158502647e+01 6.201416000107037307e-01 1.466054066802261469e-01
2.438741710361079029e+01 9.004835972988962656e-01 2.411044544573206494e-01
2.224924502953084016e+01 9.329322843555147848e-01 2.885747341964773893e-01
2.177455638540345717e+01 9.533976832852616434e-01 2.775744546808847635e-01
2.385904903514932229e+01 7.585940797166402794e-01 2.900459676601425119e-01
2.557036003633853483e+01 6.476096779277177307e-01 3.430288799686943557e-01
2.276228971358032638e+01 8.717278914510383503e-01 2.986118871145210241e-01
2.471635494695127377e+01 7.134569966204109548e-01 3.667720856293542608e-01
2.341142959112677246e+01 8.839899835283098195e-01 2.418255744202396085e-01
2.770185500501943210e+01 5.599405174809801711e-01 3.045218810600244241e-01
2.400522407258342739e+01 7.695365779169061060e-01 3.078064968306448712e-01
2.633377598306490341e+01 6.951712058230887781e-01 3.142953377539826065e-01
2.777989030055750064e+01 6.972028447237309523e-01 2.337238422900541623e-01
2.044448248301692672e+01 9.238282992265332005e-01 3.691724905853085437e-01
2.401979843697521133e+01 7.292780458725517390e-01 2.880924909166809322e-01
2.341423269478681135e+01 8.126565759289217095e-01 3.136556897227870122e-01
2.610171426198317590e+01 6.350814545770042674e-01 3.255959609670137089e-01
2.452608837854114299e+01 6.647503485216412766e-01 3.353322590427710859e-01
2.653935352153324345e+01 6.360566875564337419e-01 2.755270007814532018e-01
2.181444388052331362e+01 8.600781247055159229e-01 3.255942328109580064e-01
2.316991027906345124e+01 8.885638412853116286e-01 3.217537586959480778e-01
2.239929568083490352e+01 8.420219958553878392e-01 3.121147387302362075e-01
2.063157707835362586e+01 9.429877898908579636e-01 3.725011855593761689e-01
2.466392793854231869e+01 7.479419792850183768e-01 2.824653915149827887e-01
2.353003733265356701e+01 7.610583169744863374e-01 1.934814893399498248e-01
2.036240817358760324e+01 9.954856279873816050e-01 3.324777584605113079e-01
2.611973073471900975e+01 6.445630705817356754e-01 2.617429840573944344e-01
2.591351866333388898e+01 6.380317323977082733e-01 3.514077518755054363e-01
2.169757873683136395e+01 9.701625204875231612e-01 3.104581550260278600e-01
3.013569466635170002e+01 6.380297722130219285e-01 1.725352075409038732e-01
2.117296384924120289e+01 9.311417143264402174e-01 3.479108169838388553e-01
2.307849857876012933e+01 8.188918867205923213e-01 3.123342879798001737e-01
2.730777812452611997e+01 6.297444519327706214e-01 2.496156166345799565e-01
3.016710178372591500e+01 5.021726787920200996e-01 3.076598236984424695e-01
2.185845237224611637e+01 9.660447551585855663e-01 2.623194693799213995e-01
2.797924880362015188e+01 5.439088756336251107e-01 3.688029034948475671e-01
2.425118063538402069e+01 7.184851467779489465e-01 3.235971263669453757e-01
2.147328690007665131e+01 8.802795956364048990e-01 3.190164194145281851e-01
2.482914236408690911e+01 6.441184190037116952e-01 3.281286367626295442e-01
2.271522257786849153e+01 9.126653269471716179e-01 2.593969045177814681e-01
2.584672001068609859e+01 6.246017087849652372e-01 2.988219002689960213e-01
2.583009672637757959e+01 7.665282994519405646e-01 2.672125988043242972e-01
2.540435452191756127e+01 7.003596277739416731e-01 2.805447968352660637e-01
2.611156486948176436e+01 6.272848540089475122e-01 3.282311563231996021e-01
2.312882008767131836e+01 7.886079743749915272e-01 3.490536431052982946e-01
2.224885604116694893e+01 8.715181166204549745e-01 3.686987746091237028e-01
2.278220353460351078e+01 9.006549488645142487e-01 2.516705838698966580e-01
2.809335060204891121e+01 5.791741844266619088e-01 3.032136151580949179e-01
2.219697735496914248e+01 9.116249671941294430e-01 3.264030741288707627e-01
2.869192087037054861e+01 5.578805370592517798e-01 2.958596312872033840e-01
2.133766348422559744e+01 9.033690558412218463e-01 3.265815172746552308e-01
2.413152773982206512e+01 7.441171991056275692e-01 3.054609032487343168e-01
2.211345750134623245e+01 9.275367769014848385e-01 2.890763915260469719e-01
2.208860609555812360e+01 7.602841132153895787e-01 3.858738694315290152e-01
2.333501943131508582e+01 9.409539765905211572e-01 2.634042190012659823e-01
2.330631719954454439e+01 8.286499477361735089e-01 2.912152418739107906e-01
3.102890964361443338e+01 4.890244376287088968e-01 2.856188134928358546e-01
2.316977199041991398e+01 8.126621596961060012e-01 2.854142462996346330e-01
2.247766398221863682e+01 7.815286353081314363e-01 3.043621447136738434e-01
2.429918287190538706e+01 7.585940797166402794e-01 2.666792197192302538e-01
2.377767892406271599e+01 8.514096332770785258e-01 2.930783150951298821e-01
2.477544857166429182e+01 7.023972039116302968e-01 2.956485089320691206e-01
2.481677051799542255e+01 8.381935525772225004e-01 1.937160791537551885e-01
2.820133969617942427e+01 7.170868563101310267e-01 1.923015134119771818e-01
2.420229509837005821e+01 9.188929306078144066e-01 1.693380683514578156e-01
2.296668142768582754e+01 7.591640583137454490e-01 3.745604518180043474e-01
2.907740069982942188e+01 6.139945300182506616e-01 1.966085400544111961e-01
2.379033852721521924e+01 7.096670691052201496e-01 2.894792129547270609e-01
2.346798609887185449e+01 8.740549571454712119e-01 2.639634212765251675e-01
2.380592833829611621e+01 8.684144627141616724e-01 2.542343476674123748e-01
2.508561943389710436e+01 7.226503186591872741e-01 3.269157290579559616e-01
2.677213331191087775e+01 5.568660351066897496e-01 3.542416877130143971e-01
2.344586645101178846e+01 8.502139485918516204e-01 2.890010298039465964e-01
2.727590300969997017e+01 6.011962860124152597e-01 2.956262158371974480e-01
2.127340100541307066e+01 9.300913948367272033e-01 3.242235217975671380e-01
2.356813567597894377e+01 8.330798570888365839e-01 3.268412669514682012e-01
2.203429790484159412e+01 8.630705725421347063e-01 3.360457014394548358e-01
2.569900121956523265e+01 6.396027513302205980e-01 2.911016547498855300e-01
2.690452931919149648e+01 6.635772450124990396e-01 2.806591630436826024e-01
2.137827730143536442e+01 9.157775144773280251e-01 3.065091076409925397e-01
2.273728074639504726e+01 8.502205395148089151e-01 2.834459989076206221e-01
2.481265161283735310e+01 7.820589003616349455e-01 2.988679929446142469e-01
3.615120927904022352e+01 3.640656074308659118e-01 3.181970935514214505e-01
2.664916639038659696e+01 6.116647152075599392e-01 3.401337766754026770e-01
2.647189784373441768e+01 7.153467736008962685e-01 2.588739650144720184e-01
2.089929413662625279e+01 9.668085540018156454e-01 3.109659982240370879e-01
2.360303206704513812e+01 7.651249049782620215e-01 3.477565894771261212e-01
2.280220782179081596e+01 9.270300573687227930e-01 3.021759222641819953e-01
2.204680232924656025e+01 9.369258464295040501e-01 3.116494885808797632e-01
2.344738108019866374e+01 7.789526497463150623e-01 3.315019657511140694e-01
2.352039351349890950e+01 8.614669288424183780e-01 2.790663975385445639e-01
2.367731178816264048e+01 8.027321461746733666e-01 3.419533975932683156e-01
2.504922610907442149e+01 6.866968722248184553e-01 3.094979404620035179e-01
2.121331232392217103e+01 9.138822705487126274e-01 2.848295722900420213e-01
2.413733984029934732e+01 8.061906194982610963e-01 2.230101657977029139e-01
2.543728684601788359e+01 8.715373378576046770e-01 1.994592892196120903e-01
2.448422442842066005e+01 7.406364767592461540e-01 2.936297448423234036e-01
2.227965725605439928e+01 9.139515939575252323e-01 3.209564968510637550e-01
2.800272413038226560e+01 5.751785211876114801e-01 3.082358283940250243e-01
3.183560185427362299e+01 4.769215791861349252e-01 3.225617405548709127e-01
2.265626674429445586e+01 8.431835487069365698e-01 3.536461388866410371e-01
2.156212245634971936e+01 9.089574416355603592e-01 3.165801306188245623e-01
2.239697668446600076e+01 7.522050893271832184e-01 3.029757726291881226e-01
2.346980922091922750e+01 7.733359397876782282e-01 3.206264996978975268e-01
2.307687888162526235e+01 7.834638799056656833e-01 3.337449642944225747e-01
2.044520772902938432e+01 9.596742301623627514e-01 3.263644155347197318e-01
2.661239046554121757e+01 6.749874055595439515e-01 2.632464582063732683e-01
2.251325658197739799e+01 9.252097351262632552e-01 2.668630100734590838e-01
2.596737771941112527e+01 7.421894755204727634e-01 1.770738397336005798e-01
2.192346897116685156e+01 9.209730945678675784e-01 2.906714734430997926e-01
2.973471249009318385e+01 4.683039293196227804e-01 3.240424642786454146e-01
2.618814915286929690e+01 7.213043317270725341e-01 2.612306737370616028e-01
2.433643299884354150e+01 8.348163831076566010e-01 2.303740240577935028e-01
2.560740110191051500e+01 7.078858246695246548e-01 3.014127387380061140e-01
3.318236678775368631e+01 5.345381636310333473e-01 1.794856662980516826e-01
2.281538167406452899e+01 8.734352210228407687e-01 3.042235902555885385e-01
2.323543458809238871e+01 7.210337395204651223e-01 2.992637983827995951e-01
2.366103566161250882e+01 6.801131117511872715e-01 2.940652065233101409e-01
3.057592181558024436e+01 5.788194213044071113e-01 1.998936686613765890e-01
2.339200338596645068e+01 6.758727512823240469e-01 2.605459016686844098e-01
2.891364794099387936e+01 5.289794523338059440e-01 2.879762898129799575e-01
2.144145571240333581e+01 9.013802649594540028e-01 3.612958183205532969e-01
2.295812359113326551e+01 8.803946052676239198e-01 2.679166868516327238e-01
2.454091953019998584e+01 7.560808632447191258e-01 3.766537133388616621e-01
2.198278651056466160e+01 8.249232862085479345e-01 3.644143332595903284e-01
2.252794400558469334e+01 9.176730193169155836e-01 2.890077315888786580e-01
3.465519513095033943e+01 3.338315456642182988e-01 2.747472011936860081e-01
2.187636449786239368e+01 9.555803215228132474e-01 3.308576021781337029e-01
2.367457713365804395e+01 9.399601502418524213e-01 2.072380781562822016e-01
2.360982492050613502e+01 9.386847325706744183e-01 2.513550227278282256e-01
2.553872037593229294e+01 8.459935687345017108e-01 1.965201682069200040e-01
2.438259163202305757e+01 8.464430077429717647e-01 2.522609352116111925e-01
2.987132195189791517e+01 4.674520315313264729e-01 2.637628512320152607e-01
2.403248333997915864e+01 8.244054758763170732e-01 2.927432658745345861e-01
2.579061472841231506e+01 7.180068283467768708e-01 2.937683475702906333e-01
2.722012912861638512e+01 5.544917852003149461e-01 3.418689098576155883e-01
2.480158468194710863e+01 8.496977661905501522e-01 1.697029593885795995e-01
2.287099304183546522e+01 8.700770259284649200e-01 3.247168561758490557e-01
2.884596631170376213e+01 6.166087239840346568e-01 2.276441571531594987e-01
2.172791039826212156e+01 9.346989340979415806e-01 3.157137744035684590e-01
2.395137027520726392e+01 8.564360049225649973e-01 3.018249745934495909e-01
2.363672566425699983e+01 7.319444338536197359e-01 2.927255421932610235e-01
2.487450350935674948e+01 8.082488400553893282e-01 1.961821866638512324e-01
2.643611105161786057e+01 8.209784917833875539e-01 2.073667317283663381e-01
2.595631436150989657e+01 6.352668702795779554e-01 2.454523993567280515e-01
2.356621480689828729e+01 7.635199436881210389e-01 3.127385646567368283e-01
2.369653130674611319e+01 7.860465774145755091e-01 2.948772376345483726e-01
2.453273462167623009e+01 9.626951660883904527e-01 2.207448725890855945e-01
2.802602511438310984e+01 6.412110517362239470e-01 2.673157129860724290e-01
3.119339155135579844e+01 5.621280037827579568e-01 1.977248109904910789e-01
2.644284764203555227e+01 8.564360049225649973e-01 1.791654371760298126e-01
2.504500594384153089e+01 7.038694911885250427e-01 3.042868136364891285e-01
2.739987431386033023e+01 6.803430094786561133e-01 2.845014760595593328e-01
2.733816909680201590e+01 6.588452330880442132e-01 2.300680371434873361e-01
2.511725265379875083e+01 7.649175241026876515e-01 2.867379026468488412e-01
2.134465157583760586e+01 8.902570497692106066e-01 3.209182590694778514e-01
2.341595548734520449e+01 8.489637166675610969e-01 2.995638387015944759e-01
2.437456189819845775e+01 6.949290891863827424e-01 3.430821089924745437e-01
2.454228078550539749e+01 8.127927989820155075e-01 1.767051421339728978e-01
2.540746599393786198e+01 7.365325257492606470e-01 3.139776319277772232e-01
2.413048203129680758e+01 8.012973549604136547e-01 2.961112405229141542e-01
2.446807270761209097e+01 7.319444338536197359e-01 2.488028528088360725e-01
2.859377127685196385e+01 5.035387867795927397e-01 1.823820535128160558e-01
2.582701763037169584e+01 6.069009430882195133e-01 3.887253461980083036e-01
2.656805717856921945e+01 7.020223992858674045e-01 2.652848785313531299e-01
2.073615577595115056e+01 8.347154017948491544e-01 3.551515673213562763e-01
2.858862852973194535e+01 5.301051081367406104e-01 2.906596747593602759e-01
2.992997300202667432e+01 5.596968435317167812e-01 2.599905451784540467e-01
2.203047755270146979e+01 8.561897379213666559e-01 2.967832372974037458e-01
2.568191336192320762e+01 7.075359120240957145e-01 2.972282684122083407e-01
2.241902542007058230e+01 9.626951660883904527e-01 3.358390669912409421e-01
2.617500991499155560e+01 5.789766323726781572e-01 3.249551428111153717e-01
2.859838744310009773e+01 5.089983263268310631e-01 3.601353599880960932e-01
2.671045577660646231e+01 6.843874233649636096e-01 2.372818822861270383e-01
2.954912898502637830e+01 4.563179250671230980e-01 3.201988803043284704e-01
2.535509387655510594e+01 6.647458975105349221e-01 2.346013054577998080e-01
2.456006727807068302e+01 8.213850781330807038e-01 2.715001814300049277e-01
2.515642632445648275e+01 6.529339041662060028e-01 3.126078630611466846e-01
2.365080672698754682e+01 8.292152095105739251e-01 2.794651087089716213e-01
2.391603567841737288e+01 8.010051154619407532e-01 3.076340251583660756e-01
2.243562950709233661e+01 7.948052159249442417e-01 2.772272331802179135e-01
2.394194429968851523e+01 8.141901878732954456e-01 3.417186005406387395e-01
2.323481528479353031e+01 7.537280453037477068e-01 3.281852952881880170e-01
2.530810712982329846e+01 7.416966143966826630e-01 2.282732896830849956e-01
2.402414129913690743e+01 7.511825601380849315e-01 3.100496541422979035e-01
2.311582606703691312e+01 9.674919404359282327e-01 1.900475423297825761e-01
3.260789605684566084e+01 4.350070640417915135e-01 3.202236944374151073e-01
2.490645374254999922e+01 7.564957204399144208e-01 2.421395803589236617e-01
2.170856821468586517e+01 9.115944062282591576e-01 3.386270670923889892e-01
2.603268879088645349e+01 6.096959343020279531e-01 3.433379579385814617e-01
2.695527321993992231e+01 7.240447886243157605e-01 1.844713922759176894e-01
2.368287316194602710e+01 8.932920924009525310e-01 2.576314029269839989e-01
2.554948141451218646e+01 6.783693582259987531e-01 2.953399508610685120e-01
2.305066559658325076e+01 8.844376584934249275e-01 3.091476631578495282e-01
3.018776015896476395e+01 5.050668301975093089e-01 2.757961437746081490e-01
2.516939824219498689e+01 7.227897007576176147e-01 2.456957730295625530e-01
2.626403460107360743e+01 6.461044881326292177e-01 3.353207735481124607e-01
2.862707696439445826e+01 5.257065257831684546e-01 3.144618309023350933e-01
2.649443941261097990e+01 6.015808501546652254e-01 2.118784436222880263e-01
2.419713164047227849e+01 7.485890624273680016e-01 2.962409952565690507e-01
2.510155624785580386e+01 7.854155799390458714e-01 2.023333813248347768e-01
2.509723178416644274e+01 6.619510142397320163e-01 3.554421177821480149e-01
2.327757550599013925e+01 9.203962166780168541e-01 2.491733081272693162e-01
2.417147513795206493e+01 7.317201607934882279e-01 2.732825292766803416e-01
2.675485162543856887e+01 7.238094338222775814e-01 2.579237392593207723e-01
2.426601208902004458e+01 8.496333937299869188e-01 3.090327691039568281e-01
2.194381154241359155e+01 8.207214203946641140e-01 3.585528176077749651e-01
2.361138035785321421e+01 7.433668540157711835e-01 3.383079058099194847e-01
2.446612305283117195e+01 7.458451928751121951e-01 3.199319291522585429e-01
2.469415133290432252e+01 8.943630134822601052e-01 1.870437499482369703e-01
2.841452111607235054e+01 5.132878090314089148e-01 2.631634667845236253e-01
2.258169724768152875e+01 8.294987511809800429e-01 2.941281463243601846e-01
2.560373005351850395e+01 6.177400755919643105e-01 2.968549086634746925e-01
2.190535242250856385e+01 9.492615483026799472e-01 3.204124015954846749e-01
2.610895600103901160e+01 6.998100598482304147e-01 2.791131517733219658e-01
2.288051197282125671e+01 8.450837749759121387e-01 2.922717391604838233e-01
2.847840458456186497e+01 5.957405940199189676e-01 2.555386273072044467e-01
2.607917583397059857e+01 6.857509956779974658e-01 2.858798611387822208e-01
2.428255108716836119e+01 6.948907396125818536e-01 2.236136513556424010e-01
2.442901148870324946e+01 7.292780458725517390e-01 2.665155122755379913e-01
2.356376077960989335e+01 7.567346067513734953e-01 3.924730142563945257e-01
2.555933717049012444e+01 8.110777391890583443e-01 1.829596283470525664e-01
2.184689754737879497e+01 8.304670151757013175e-01 3.565732587763179029e-01
2.265794536580503760e+01 9.407737933941954234e-01 2.524850573092420336e-01
2.324140159236212000e+01 8.227874753125390406e-01 3.082741107142368264e-01
2.242734238674078284e+01 9.699997834202107594e-01 2.867206690107386158e-01
2.300724206567166874e+01 9.626221541949859795e-01 2.158677220047469647e-01
2.332863217423340885e+01 9.399601502418524213e-01 2.251404534367724974e-01
2.280144790693802648e+01 8.025673273494529081e-01 3.114519798061204936e-01
2.113686133481696316e+01 9.272846285953819656e-01 3.506448543982568222e-01
2.428969696863005012e+01 7.657845492031145618e-01 3.405384201397253507e-01
2.310269137098990910e+01 9.743660717939407467e-01 2.111357309276599148e-01
2.191280434495239149e+01 8.940136433719921838e-01 2.846740908579568075e-01
2.049416739043430269e+01 9.675738049830916454e-01 3.646857404440920769e-01
2.410249386799400995e+01 7.356954672513646987e-01 3.372427424532934981e-01
2.866602434835220592e+01 5.241938003236855659e-01 3.243546275778652621e-01
3.291859906575672312e+01 3.735737758206644776e-01 3.341385795996790753e-01
2.380429684494842846e+01 7.662912433627685482e-01 3.348159454977943095e-01
2.943344226900202187e+01 5.576249371887809225e-01 2.858685591069762832e-01
2.588009546002096428e+01 7.240447886243157605e-01 2.336797617041763697e-01
2.734935832222585717e+01 5.984978760854423596e-01 2.941638185067069200e-01
2.426537047562473504e+01 7.946318525801161492e-01 2.600252706099602795e-01
2.700513320669782757e+01 7.131743510874746228e-01 2.036884895623439218e-01
2.618620097146905223e+01 7.032206967366643191e-01 2.737453988205914013e-01
2.159332717912743860e+01 9.265749953034440045e-01 3.353643355097437051e-01
2.592584787384048894e+01 6.293604446954873533e-01 3.589742241583582794e-01
2.318549042331353860e+01 9.143289128508835795e-01 2.511661159787628161e-01
2.896184385764544800e+01 6.195544359590776651e-01 1.670896081803533439e-01
2.633085098643454458e+01 7.170868563101310267e-01 2.770001249607575433e-01
2.075140152330837395e+01 9.191799988783383446e-01 3.644925123826406321e-01
2.054233978429429897e+01 9.909828765132979722e-01 3.703457491011925007e-01
2.437931181826051485e+01 7.099889898755301632e-01 3.427874110654761108e-01
2.482084822325332851e+01 7.975529678228722164e-01 2.874206277150184730e-01
2.474589850848527206e+01 8.307925841622525454e-01 1.900633953502229023e-01
2.990886406590806601e+01 4.960303297218883190e-01 3.049455142794311180e-01
2.283072379037826138e+01 9.217435724234898098e-01 2.779323716533212973e-01
2.777460911648232056e+01 6.082021878893623112e-01 2.713679912436608999e-01
2.140117753439265513e+01 9.750189812438243564e-01 2.464890755253972832e-01
2.493955462885004337e+01 7.649830615906293430e-01 2.947985030432341280e-01
2.404384173787716605e+01 9.147481941478575740e-01 2.270603974872466013e-01
2.474544395209319347e+01 7.520881601389157733e-01 3.024687317146994014e-01
2.825482774528261842e+01 6.454421905529490466e-01 2.437428150970485929e-01
2.335795072659889371e+01 9.556358068380663706e-01 2.133451830483724110e-01
2.199457461816908932e+01 9.037391554303644270e-01 2.878178592552330106e-01
2.739346178552765210e+01 6.349460089914006344e-01 3.032347382564427596e-01
2.199548860363963954e+01 9.290181467411724459e-01 3.074274237873230176e-01
2.649147483923221813e+01 9.536551038259731827e-01 6.504149622564840694e-02
2.433851849252448929e+01 8.482929530784939498e-01 2.809615346791072832e-01
2.637341497758854914e+01 6.322495783290352778e-01 3.264435049358425656e-01
2.970609240796586903e+01 6.228166360642819477e-01 1.605907477334476696e-01
2.187613262243319667e+01 8.515833031099844241e-01 3.282010354153824805e-01
2.472873455752091587e+01 7.274452310024347446e-01 3.050736553029420040e-01
2.661575830206054150e+01 6.189879303407144207e-01 2.787354999900609198e-01
2.390185779801285193e+01 7.583320407144621411e-01 2.900810163201447689e-01
2.493456038029417954e+01 6.938014304131414622e-01 3.054970091121353981e-01
2.532493048072444353e+01 8.106833488117438646e-01 1.752860693005374171e-01
2.281343039562093367e+01 7.902432519029648494e-01 3.177111674432943622e-01
2.874148466635679000e+01 5.111130497115767835e-01 2.862331375411866219e-01
2.359056579428378697e+01 9.533919644489120548e-01 2.242808948227197063e-01
2.280343520543177860e+01 9.112196345137963949e-01 2.864556473935233050e-01
2.559485323683674807e+01 7.540551826754580134e-01 1.886993341384814449e-01
2.181921675961280016e+01 8.809320934464948127e-01 3.759966881841813602e-01
2.261898883220923295e+01 7.842356059820541070e-01 3.618528320830931566e-01
2.366389372090347010e+01 8.157253228866099271e-01 3.081986998891100837e-01
2.296048352244950408e+01 7.292780458725517390e-01 3.475204897034868678e-01
2.760200047605481544e+01 6.972409780433974635e-01 2.954029919323659659e-01
3.499053178545283060e+01 3.993817693757166221e-01 3.160739963130582697e-01
2.709677193825545416e+01 6.045418178221997341e-01 3.075910326416967377e-01
2.227437864206841311e+01 8.770732397530400792e-01 2.653548928529267381e-01
2.521669244658265896e+01 7.125605887670746208e-01 3.035734591137767002e-01
2.770713358690058925e+01 6.953987407275743493e-01 2.103982858716033910e-01
2.649625018182167935e+01 7.156353993482951203e-01 2.608139178471178266e-01
2.798642979419176413e+01 5.864132480709951523e-01 3.187782175652776884e-01
2.132058019383483227e+01 9.879916710529768054e-01 3.287007549724966227e-01
2.680673166088566362e+01 6.693887009511263475e-01 2.715701201924820007e-01
2.780863578366127342e+01 5.370656431082303506e-01 2.982120115799110627e-01
2.697763754620502397e+01 5.765224746631375519e-01 3.300977870483581822e-01
2.208315539204011202e+01 8.701546949666816300e-01 2.952171685713801397e-01
2.292598903460168103e+01 8.214621125377542521e-01 2.924640221749461033e-01
2.318039002996302500e+01 8.384153679419367178e-01 3.095135138262564145e-01
2.680477423337125487e+01 5.631800024190901643e-01 2.908068054878131803e-01
2.934944655269528013e+01 5.079643684552245242e-01 2.975176527307575314e-01
3.109846213025029726e+01 5.207732718832647212e-01 2.654020586349575828e-01
2.142548654129109664e+01 8.207275459572380694e-01 3.216567542318046202e-01
2.546662910387869516e+01 7.774362562071760463e-01 2.803821764944063877e-01
2.882592015945149555e+01 6.545684890647192056e-01 2.128309454342583729e-01
2.124324748703312693e+01 9.365228911885615792e-01 3.871639455307940847e-01
2.703783146293064377e+01 6.407398259525687312e-01 3.337526365397074368e-01
2.544490651626275834e+01 7.283494104863147411e-01 3.286793165615291001e-01
2.703388715480119231e+01 6.161840541903663704e-01 2.894297738388392216e-01
2.457089936623382798e+01 7.641941028406659120e-01 3.563452238056286636e-01
2.428122956243863584e+01 6.912910778199515827e-01 3.427154879518221620e-01
2.172445553710671007e+01 9.473737611750649990e-01 2.553228757986175657e-01
2.301438036521147978e+01 7.533878070917303660e-01 3.481379688544526951e-01
2.244330879385463362e+01 8.282676432443120129e-01 3.376626537447289245e-01
2.969332412734046400e+01 4.994897208586723814e-01 3.091771346747430593e-01
2.535936992878815488e+01 7.049280890732290139e-01 3.253806026877951729e-01
2.575510415598655811e+01 8.564360049225649973e-01 2.106529180062490514e-01
3.236396253965371983e+01 4.735123167206398143e-01 2.887969125812208104e-01
2.187317509170853214e+01 8.759866193743800489e-01 3.459489935304313479e-01
2.165085591345414429e+01 8.947500281037904513e-01 3.566790207932170054e-01
2.660633130701035753e+01 6.855643129075210673e-01 2.404667377536520434e-01
2.243913422898280885e+01 9.394083551402263588e-01 2.673849048626674163e-01
2.351950412994013462e+01 7.919803291740116213e-01 3.139663501944187640e-01
2.468276368958811418e+01 7.916881003024712760e-01 2.660478134862159783e-01
2.420232547721264282e+01 8.422500357779585389e-01 3.159569327330624122e-01
2.787326285283007010e+01 5.508073994096672754e-01 3.281111434803317684e-01
2.659224502999247264e+01 5.387754450367276959e-01 3.283971308235950071e-01
2.768548140840832872e+01 5.310608424053560039e-01 3.122338551413558760e-01
2.366336479482541222e+01 8.295188748403116152e-01 1.922540283100152569e-01
2.186654184015719338e+01 7.491802100752508187e-01 2.881868658477139689e-01
2.224111599022555197e+01 8.813148609878183048e-01 3.198697858911845326e-01
2.242891238488872574e+01 9.216059824299708270e-01 2.901652787897127661e-01
2.362614981780834356e+01 9.412054945517980276e-01 2.184622218175051866e-01
2.750333361961492429e+01 5.314090052762858729e-01 3.483195351109296678e-01
2.701273583120503119e+01 5.973137135929422747e-01 2.666069891549264215e-01
2.305199165972694786e+01 8.508367535316258001e-01 2.969652879162172354e-01
2.386761306414680917e+01 9.351120285884112482e-01 1.984456896935414272e-01
2.884197576811005703e+01 5.499170378937515702e-01 2.794681715530101251e-01
2.819395620430134741e+01 5.445087939314580128e-01 2.848350454085432082e-01
2.380173070796401191e+01 7.609882076963077058e-01 2.936104259719933274e-01
2.280758608702939938e+01 9.100695750517600047e-01 3.126158500844338217e-01
2.831153973394652112e+01 5.551518685859144764e-01 2.732620104295206964e-01
2.404975987297496332e+01 7.192658083422215354e-01 3.199017024560977807e-01
2.786781050601072351e+01 6.203493264473758373e-01 2.920850022370301002e-01
2.473139848408445829e+01 6.970042280095372078e-01 2.886580603401661116e-01
2.455213834088004177e+01 9.066641221765552316e-01 1.753405589097722650e-01
2.059824070467736590e+01 9.730657901487648198e-01 2.897232040776906992e-01
2.635587121084079243e+01 6.621731805956965200e-01 2.761968948370416288e-01
2.716072723968973435e+01 5.589729125762501472e-01 3.402311609243872659e-01
2.173829008260612383e+01 9.818043190547167676e-01 3.109371478487298335e-01
2.264229458676167184e+01 8.383868064693720257e-01 3.208636998074402835e-01
2.902538881258578485e+01 5.227349751891030571e-01 3.129075116291302749e-01
2.196625907394842159e+01 8.501527853789250244e-01 3.082952314845068265e-01
2.720707074341323306e+01 6.136702654913549493e-01 3.139321515769780135e-01
2.183905173590222049e+01 9.047466089714184534e-01 3.444131345562309043e-01
2.259842996216253397e+01 7.326165967040110250e-01 3.370893487110420139e-01
2.292244778493403956e+01 8.619914919257595232e-01 3.113233491475699832e-01
2.995227216485539756e+01 5.050668301975093089e-01 2.858265906514386723e-01
2.304912913928589902e+01 9.101345581957823727e-01 2.889103453962605927e-01
2.130678713159295512e+01 7.610583169744863374e-01 3.180149511307603372e-01
2.368736366087954437e+01 8.511627257363928445e-01 2.846332515363640958e-01
2.845096475462214514e+01 5.163212541226410712e-01 3.109677763718193821e-01
2.051820928722260717e+01 9.325965305099411795e-01 3.751359879914399897e-01
2.802124436857979717e+01 5.362743682061622552e-01 3.253933876556935334e-01
2.590338616753307122e+01 6.158437129376190811e-01 3.168380681732526627e-01
2.322007542121369994e+01 7.797154062990705459e-01 2.885880625807217825e-01
2.355808476849213307e+01 7.751008927894068590e-01 2.522293849394361964e-01
2.371742429922643680e+01 7.611340107055325488e-01 3.246626869606878407e-01
2.703073327202253395e+01 6.145197608960093483e-01 2.890977336551090460e-01
2.628754765202547716e+01 6.687450229403065771e-01 3.165945891241499499e-01
2.537126164576758214e+01 6.609142313056987073e-01 3.449376493932589383e-01
2.370503503990151017e+01 8.299790604856827070e-01 2.596804412959882735e-01
2.514308123126524208e+01 7.920427184330548487e-01 1.971625403878671245e-01
2.730318347509870591e+01 5.789766323726781572e-01 2.702077042272311158e-01
2.872834305343828731e+01 6.008439408841679263e-01 2.192192892867858012e-01
2.949643851550024465e+01 5.951472751226705160e-01 2.105050913599916806e-01
2.248861621689885126e+01 8.458555836848840048e-01 3.100470351689182946e-01
2.106439242911095988e+01 9.387479561720779575e-01 3.324876610829753942e-01
2.629628738746620442e+01 7.168313252642776190e-01 2.531477358171366210e-01
2.116792100385561426e+01 9.653917304612388284e-01 3.253927485316011059e-01
2.914680652684933193e+01 5.600632757468626544e-01 2.516063454977549019e-01
2.775922699734170251e+01 5.067266224644758621e-01 3.456573557893798387e-01
2.308766767380384621e+01 9.131250817840331768e-01 2.988542811548256517e-01
3.085707917725643412e+01 5.510905947361377510e-01 2.126622803489534586e-01
2.180319307009493812e+01 8.558523027292700425e-01 3.371143348717345889e-01
2.562777267334332620e+01 6.468813881227272189e-01 3.356805695254508337e-01
2.214756064385832346e+01 8.883261952758773061e-01 3.248946225658975728e-01
2.917833850930955464e+01 5.145300026070369626e-01 2.804162919722071323e-01
2.774956474855708066e+01 8.090808298398368681e-01 1.438765720334594378e-01
2.369061260422833826e+01 8.787489386583167139e-01 2.610447226116845987e-01
2.073485327367173170e+01 9.320321083341136514e-01 3.513185567403014908e-01
2.324481733214975776e+01 8.791117684077573990e-01 2.870170830993244993e-01
2.668241945447883978e+01 6.498480441123249962e-01 2.912774667522354810e-01
2.581600706428737624e+01 7.183755221288006254e-01 2.807248587151977004e-01
2.685419887848457421e+01 6.622207773322089652e-01 2.445152488528067602e-01
2.280490128420964879e+01 9.602008583521519647e-01 2.704399654674539133e-01
2.417013390645221804e+01 6.818434258343101240e-01 3.627768521053606476e-01
3.038056507594310318e+01 6.179660151989212480e-01 2.113000501475238713e-01
2.345449588040080613e+01 9.079172201638523454e-01 1.902700933055797294e-01
2.833525854341881356e+01 5.673612199176543136e-01 2.854736774039401959e-01
2.201017298069322337e+01 9.139752844323943970e-01 3.274817524437175220e-01
2.919786615713744382e+01 6.184633379668348363e-01 1.337511728372629827e-01
1.998044817206407586e+01 9.926411886161787823e-01 3.376920162066062714e-01
2.189193665656058130e+01 9.315373479548944013e-01 2.103350386800748317e-01
2.205736451512549223e+01 9.395296694567664142e-01 2.439855623360674686e-01
2.677541654115819370e+01 6.731542864758255362e-01 2.252176898750483380e-01
2.280391668980265152e+01 8.984242142081473315e-01 3.013437298370001405e-01
2.462024247070633010e+01 7.771269837475659470e-01 3.253898713152614253e-01
2.232687772147968275e+01 9.814194049904003680e-01 2.532967819803831899e-01
2.180273726674880663e+01 8.950194917595567512e-01 3.576604459268438174e-01
2.446181904280047448e+01 6.907357142052752419e-01 2.959387421079848202e-01
2.484756585872970192e+01 7.063165491779167526e-01 3.092651080979228473e-01
2.469152959258050473e+01 7.712138818978057087e-01 2.674235463081090503e-01
2.384773987898517333e+01 7.217946378344326508e-01 3.573214553771559832e-01
2.520538501050428337e+01 8.480165271473669719e-01 1.542559650596634913e-01
2.389696639390532340e+01 7.040023378684676647e-01 3.596342926726687206e-01
2.901586123218940472e+01 4.944385895632911199e-01 2.700137936667207916e-01
2.670369008667414334e+01 7.150111908966039209e-01 2.390650090906952241e-01
2.862661786217940474e+01 5.064041506606377085e-01 3.458141714638072739e-01
2.755081918463097779e+01 6.606052265505080179e-01 3.042260108202039515e-01
2.554001524805276802e+01 7.584992788672029196e-01 3.083579502775620762e-01
2.676415235328959952e+01 6.801262887301720017e-01 2.793450189649466786e-01
2.870733081144708621e+01 7.259605858947045798e-01 1.331080278292263996e-01
2.491803281779374757e+01 6.348263009738456253e-01 3.419918114932786746e-01
2.287872781260398369e+01 6.730102078597964832e-01 3.516577605754689917e-01
2.814030646940641844e+01 5.737719684921382957e-01 2.426902684239898578e-01
2.148152611184673333e+01 8.645142510574318484e-01 3.607925641688488616e-01
2.790779057766718196e+01 5.924679555457054159e-01 2.909823477330832908e-01
2.489029867885800940e+01 6.473290703003145019e-01 4.056034220962264070e-01
2.637450808881933639e+01 6.834268308196081998e-01 2.595955870768683060e-01
2.678593847198929367e+01 6.838076437798936702e-01 2.570855053375058485e-01
3.426657045885288255e+01 3.949309416403706252e-01 2.842899773948733277e-01
2.325379734366068973e+01 9.366595738624772238e-01 1.920480165170426468e-01
2.564960407518115204e+01 7.361421058303759812e-01 2.987034771516153264e-01
2.933806535675318727e+01 4.976001915601295233e-01 2.717429573593775904e-01
2.523306089835861243e+01 7.525189317038758485e-01 3.140384011896408256e-01
2.487623008904263600e+01 7.336893603807056463e-01 2.552883169284823617e-01
2.804692586781020225e+01 5.818415077727518980e-01 3.247115628683638344e-01
2.627969406891631721e+01 6.557491161803111757e-01 2.780331046443185183e-01
2.560256384827388132e+01 6.352003224455609054e-01 3.555194396025219694e-01
2.629363365402694086e+01 7.281865465034388363e-01 2.861330786367299317e-01
2.148697013920579124e+01 9.372803970377248106e-01 2.604368054006636068e-01
2.504050555156889146e+01 7.548131155352153510e-01 2.991001692440610760e-01
2.654510856732872881e+01 8.961272520956220511e-01 1.502958039351034725e-01
2.355084082471982043e+01 8.223566831876253369e-01 2.574026643208947029e-01
2.780383872455248095e+01 6.255445941905624085e-01 2.795779515359938516e-01
2.320547570508854918e+01 7.815286353081314363e-01 2.634524011749028172e-01
2.513994168000673568e+01 8.536806287119147463e-01 1.652445488088401804e-01
2.482229250237991280e+01 6.813578764894612227e-01 3.399420298028901777e-01
2.783544409094450245e+01 6.609982815480065499e-01 2.273937821281126204e-01
2.774943443703684665e+01 5.754309996241967484e-01 2.922496161629566935e-01
2.142403119350814578e+01 9.275367769014848385e-01 3.305589290141526249e-01
2.170239560262096745e+01 8.235609996306115788e-01 3.616725333507007645e-01
2.238549657755499567e+01 8.411938368949052336e-01 2.981312654523179395e-01
2.324567059492493826e+01 7.827876490986941382e-01 3.015489863564288497e-01
2.276585042359557320e+01 9.639561639914060454e-01 2.152341988211365631e-01
2.036993836102344346e+01 9.540778356874975996e-01 3.692480804639337588e-01
2.517791098172053665e+01 8.073399307962394467e-01 2.765451042913990021e-01
2.924842996603571876e+01 5.351984300907267622e-01 3.120957276874139485e-01
2.362753195397476347e+01 9.705221494524978176e-01 2.360154694484341842e-01
2.507690701148371559e+01 6.898991530343807632e-01 2.362896662575969808e-01
2.390443308319287041e+01 8.972989772695708632e-01 2.726507628992719257e-01
2.785767975973533339e+01 5.301599417245688173e-01 3.382626019660365246e-01
2.559018275548872623e+01 7.281548524802570199e-01 2.168279256747849548e-01
2.265887048406718662e+01 8.722643299443064713e-01 2.789476430600208445e-01
2.386141911788907422e+01 7.793958983656111839e-01 3.716795651714578375e-01
2.137552549700310678e+01 9.188127164320796236e-01 3.581172544305463168e-01
2.871023144154376183e+01 5.364085238671468803e-01 3.344420813188658248e-01
2.199603054324141738e+01 9.464433672713011836e-01 3.266254537442486727e-01
2.186377006559801828e+01 9.601715810405402340e-01 3.094921833745923334e-01
2.681240528414086199e+01 6.908043237959232696e-01 2.865197894201269024e-01
2.786136126466730190e+01 6.578182662003068115e-01 2.376933658202498578e-01
2.238941588365266711e+01 8.094051795858009379e-01 2.926439059596583347e-01
2.675279127893583819e+01 6.169394503799069396e-01 3.464902643023529683e-01
2.288949902984679952e+01 9.403600821098504481e-01 2.467455038132827794e-01
2.603355317410516179e+01 6.478262968281839340e-01 3.456388671080482533e-01
2.637784091179558033e+01 6.264766907459915490e-01 3.078529480619134340e-01
2.191571274662258517e+01 8.983837339785819553e-01 2.960247895372334903e-01
2.927051507290093113e+01 4.941884427185425088e-01 3.602710406986340264e-01
2.306901896796809837e+01 8.507027187146447567e-01 3.015242235350490962e-01
2.671669073688364549e+01 5.768212019540441826e-01 2.617957190880819129e-01
2.320692180480069311e+01 8.235609996306115788e-01 2.733940437497759390e-01
2.421678439726398935e+01 7.707297639351801122e-01 3.275559410617788214e-01
2.829261328334825265e+01 6.083320547680849399e-01 3.011203889626529184e-01
3.120257759857518920e+01 5.449173064668179078e-01 2.191719059048856111e-01
2.434831673564790222e+01 7.418500900497384531e-01 1.810397536803194096e-01
2.182495014667301447e+01 8.620341618535497519e-01 2.646597959907599495e-01
2.447645480311444999e+01 6.815521886642285088e-01 3.468798183879640007e-01
3.127413817935086726e+01 4.488787386671220236e-01 3.083020470573767935e-01
2.535477670270371675e+01 5.762520091042055981e-01 3.521687215783729230e-01
2.586163581967264591e+01 7.693431161111459193e-01 2.886815138989865526e-01
3.345848748175398413e+01 4.214730757545450124e-01 3.015847480777107958e-01
2.149210035048912104e+01 8.493192202722842366e-01 3.452928996463573430e-01
2.620264095101782331e+01 6.164012768077988813e-01 3.370861000421058740e-01
2.184275116958061247e+01 8.988568078462363387e-01 3.355740205760959771e-01
2.341721283745486915e+01 8.244054758763170732e-01 3.267091696885583429e-01
2.356388048280000902e+01 9.737131831835680318e-01 2.088465234235145351e-01
2.277598179229802611e+01 8.701546949666816300e-01 2.558177408480487025e-01
2.827084872517351499e+01 5.666542357465066404e-01 3.102557464791022568e-01
3.256113678431864145e+01 4.632725591110234964e-01 3.162679265129611506e-01
2.488401406009073469e+01 7.962176632192330406e-01 2.242131404698667618e-01
2.337803028377563308e+01 9.013802649594540028e-01 2.485296513734350787e-01
2.390289594301874132e+01 7.347419947405149365e-01 3.372105654559990340e-01
2.656970424404165243e+01 6.986198601605161373e-01 2.772407509056200037e-01
2.472465323059766007e+01 7.526176904528230072e-01 2.445634611335730513e-01
2.716369313038893551e+01 6.049237969961046568e-01 2.985789461940862033e-01
2.071056091628426543e+01 9.943645392284468087e-01 2.759957640365666709e-01
2.438231290733726553e+01 7.126752461724839005e-01 3.464399019389505230e-01
2.294451263539379582e+01 8.868213301896548106e-01 2.841228518643720835e-01
2.320944120079974127e+01 8.577775914082361730e-01 2.874457313074119669e-01
2.701690176912506303e+01 7.501793822088319574e-01 2.772494897780986012e-01
2.690492593158068502e+01 6.395233025266906512e-01 2.376458900009197905e-01
3.084861927867767406e+01 5.758608407507346261e-01 1.994286248517648241e-01
2.429002742380315993e+01 7.799167079407274272e-01 1.746735193900628980e-01
2.989260474759528563e+01 5.322215635442879567e-01 3.417687531303731929e-01
2.599818885957212089e+01 7.131301659117478264e-01 2.415597553487131843e-01
2.356883251080526875e+01 8.172013321453082124e-01 3.049354050905925262e-01
2.748760867192399360e+01 7.058309943642646633e-01 2.399936788540673049e-01
2.708442494417527868e+01 5.391512953443633460e-01 2.929210818460039056e-01
2.090568731014609583e+01 9.119288974365171718e-01 3.560111456484753578e-01
2.684367065619796477e+01 6.282463874334712761e-01 3.175777058579619117e-01
2.857227007423174570e+01 6.726633848174851105e-01 1.842039821160332547e-01
2.820175404798228413e+01 5.134401099497423182e-01 3.346338293696634603e-01
2.095679013771693988e+01 9.142395745025462261e-01 3.074801446184188825e-01
2.921000416383691700e+01 4.349696477065477795e-01 2.399804120822932041e-01
2.856872272958017689e+01 5.152026156368022525e-01 3.398817077798884090e-01
2.104307119775707591e+01 9.446951642442316111e-01 3.506136406091389657e-01
2.097999091259441329e+01 8.952629853519702419e-01 2.969080927325951635e-01
2.556314675475730525e+01 7.513114250685075657e-01 2.552890419888624862e-01
2.807539248435293899e+01 5.726739370578991517e-01 3.144124350377894284e-01
2.696202850362641357e+01 6.638732616008026222e-01 2.821424024290463684e-01
2.910666943704701737e+01 5.482535657295743992e-01 2.884405438798544052e-01
2.170122886943889995e+01 8.887535903632208800e-01 3.448097882188996266e-01
2.670566906362897441e+01 6.137027455655624797e-01 3.356956874965782434e-01
3.164617147471225422e+01 4.928730685069490081e-01 2.884715622735767870e-01
2.547069056676144783e+01 5.989033647356212242e-01 3.585751791573753011e-01
2.296853527788085358e+01 8.587160761754234484e-01 2.935705146428156387e-01
2.246738143201597993e+01 9.217489127840223784e-01 3.197951924092705678e-01
2.311686781310733707e+01 8.949768271005995590e-01 2.336451127617815426e-01
2.441598452664792518e+01 7.607167779266442720e-01 3.092538195668946832e-01
2.198161427668028622e+01 8.935174535947666419e-01 2.198670972243812194e-01
2.251310222650949200e+01 8.831786217931343330e-01 3.290222599694987426e-01
2.278097841956109448e+01 8.855359611578651480e-01 3.137599030558502200e-01
2.552511911164007330e+01 8.493143331904206006e-01 2.130374344024178745e-01
2.772538410607064918e+01 5.134401099497423182e-01 3.575651416046100595e-01
2.834133476720757727e+01 6.217104995855351479e-01 3.590873300917277189e-01
2.634072435721843419e+01 6.468813881227272189e-01 2.995283476560673397e-01
2.376327518420118423e+01 8.854049844334233033e-01 2.776928586083972639e-01
2.298579056594912728e+01 8.925892080049555588e-01 2.263093113602495654e-01
2.726040883790016878e+01 6.749719347900697830e-01 2.636440342783005208e-01
2.632676446142393800e+01 6.735505239742812789e-01 3.052294766548548366e-01
2.747359377889533860e+01 6.500178032305469200e-01 2.515366310181543774e-01
2.187432148358006501e+01 7.584983603136564723e-01 3.512968629535872522e-01
2.180499046419702580e+01 8.882209319979641471e-01 3.022040549214080607e-01
2.326411523242237323e+01 9.704096222375140357e-01 1.926513741357078202e-01
2.235348632530066837e+01 9.183058984640060096e-01 2.917907112912777046e-01
2.186558047210985478e+01 8.949768271005995590e-01 3.042421186291168755e-01
2.253303115921444189e+01 8.549898579426216116e-01 3.202130592108541896e-01
2.152177688122148069e+01 9.382934217343540384e-01 2.967879071523948364e-01
2.657157251789520558e+01 6.072645775925320510e-01 3.739101807171403835e-01
2.364535572253198836e+01 7.566458281608774428e-01 2.894722480721922953e-01
2.671011446976490689e+01 5.655577492787514648e-01 3.526085798282985184e-01
2.741539333810887769e+01 6.162151737810092067e-01 2.776446271631781704e-01
2.789237872648178396e+01 5.653892953386736586e-01 2.597854182525723421e-01
2.783202930059684732e+01 6.442758430499926359e-01 1.506920912631122544e-01
2.285099732989217713e+01 8.158114627192981638e-01 3.446694057333288819e-01
2.813899710225366135e+01 5.038748489929893992e-01 3.373444285612468008e-01
2.829756768070269501e+01 6.425053760160892580e-01 1.967375211224889897e-01
2.605856304754694008e+01 8.288113206002839517e-01 2.002552843351927403e-01
2.736547619281220989e+01 5.970384224096512149e-01 3.257427988601624969e-01
2.465173877988306117e+01 7.765011483593575736e-01 3.229512648663033225e-01
2.877876075694905822e+01 5.681196021865688728e-01 2.668508316917913015e-01
1.988931146162411778e+01 9.931630699701602394e-01 3.413630256369602489e-01
2.282775517508770591e+01 9.089077419810623892e-01 2.668109841811852068e-01
2.434283472193726894e+01 8.576825934772922544e-01 2.791099046463892952e-01
2.529655838840410098e+01 8.569957920699751153e-01 2.261881052648945511e-01
2.762945975288398870e+01 7.003596277739416731e-01 1.774176654541476383e-01
2.459357388331448036e+01 7.098291972226267177e-01 3.178434396632733305e-01
2.251649070709219203e+01 9.711891999297650457e-01 2.297606390003883448e-01
2.566427256243007804e+01 7.304870827484818419e-01 3.420409604915265467e-01
2.195624356719773118e+01 8.503159753762157269e-01 3.098705118650953994e-01
2.193099800418626799e+01 8.688126307823116345e-01 2.744114971268051817e-01
2.963128402418760388e+01 5.960609247648106512e-01 2.697051187281952478e-01
2.352504846704248820e+01 8.625577406103350775e-01 3.360412431894708174e-01
2.247674092631446285e+01 8.417349053028099215e-01 2.889759727613042672e-01
2.336292932397591926e+01 7.653267802282911481e-01 3.204116475386464824e-01
2.444414113933200028e+01 7.417187940123569634e-01 2.726923323946311428e-01
2.693203982866056378e+01 6.124717204096937762e-01 3.039354324223326187e-01
2.252882187027416805e+01 8.506567294501087284e-01 3.126801379268087100e-01
2.294390554030820439e+01 8.506472413122323495e-01 2.970528033127634582e-01
2.650218968926758123e+01 6.301930758770487584e-01 3.281020705339584009e-01
2.156695616730567622e+01 9.435945141613415466e-01 3.341036990476021762e-01
2.611730568266824548e+01 6.660290603359657613e-01 3.096485301965318793e-01
2.301247551538019920e+01 8.689405434353858482e-01 2.383716380688205017e-01
2.508573091714832515e+01 6.863477016305210565e-01 3.276541995127978391e-01
2.619522055943923533e+01 6.094115129743875592e-01 2.635062157578768605e-01
2.233843707863119477e+01 9.651930600530019833e-01 2.059506627600964646e-01
2.108226420247350319e+01 9.934407266140687920e-01 3.147042335589398943e-01
2.830128078388809598e+01 5.754949359405988618e-01 2.938376987110132843e-01
2.272044706035963557e+01 8.973376146869772585e-01 2.895907779525979664e-01
2.197480881463179259e+01 8.935406906029906837e-01 3.040057477505815897e-01
2.521076058663895125e+01 7.705830603262679990e-01 2.997413103580028326e-01
2.684361015289951879e+01 6.815794678808978491e-01 2.575513057938558226e-01
2.433557724406049516e+01 8.125505749973285230e-01 2.220990569376638246e-01
2.593967742801617860e+01 6.800453162100560389e-01 3.007024892128877247e-01
2.791646442252633875e+01 5.577560260325845620e-01 3.179004849307682234e-01
2.345882795668653387e+01 8.254130012703009278e-01 3.331981912201851248e-01
2.294896379407008169e+01 8.158413200388288100e-01 3.652660870072013122e-01
2.428758149712946945e+01 8.823224509597864529e-01 1.984998178365487975e-01
2.360151988994044103e+01 9.553206309586211864e-01 2.173615569667664560e-01
2.726436279720465805e+01 5.708622537529070007e-01 3.038892294832877261e-01
2.308826321573501517e+01 8.485954198901676238e-01 3.120304769981649406e-01
3.015259913615730269e+01 5.627651269647179211e-01 1.912286512285565065e-01
2.268004669782018823e+01 9.541756855886236455e-01 2.910277209797013653e-01
2.545939270563887291e+01 6.246160536324042445e-01 2.520663147216296029e-01
2.517285049698254085e+01 6.502401701011694124e-01 3.477282997436749734e-01
2.531005013416485383e+01 6.556810679128831643e-01 3.438756865236977656e-01
2.499173091279985570e+01 6.750735655624815479e-01 3.088440378192047753e-01
2.284703326323095496e+01 8.710928193878688663e-01 2.867899154028911712e-01
2.831791513284326456e+01 6.036414583529783329e-01 2.571729533404222834e-01
2.631863446676030094e+01 6.117767754977081474e-01 3.504443418175196001e-01
2.509053524994199336e+01 7.583971218213038101e-01 2.717793256353020492e-01
2.519518981305971650e+01 8.473953542927542548e-01 2.144488383310230728e-01
3.075401493875426340e+01 5.283210123315550399e-01 2.160165778184031105e-01
1.888074008565676465e+01 9.843330149680031838e-01 3.882389080665242242e-01
2.283253668439536099e+01 8.312065332815530283e-01 3.212935740345621571e-01
2.533154647392500536e+01 7.251392725556615737e-01 2.793264727583225082e-01
2.302015214784410801e+01 8.202892783171451541e-01 2.926357657799747991e-01
2.271626268942550908e+01 9.669046639037750523e-01 2.072587984627483060e-01
2.127349585263190690e+01 9.110778521467958191e-01 3.399583311302996069e-01
2.345600007518712005e+01 7.916072158306958206e-01 3.732430464166868744e-01
2.206562839511853369e+01 8.743781283160577678e-01 3.895124331370890536e-01
2.766894729871426861e+01 7.796554579299820320e-01 1.842528248815101521e-01
2.506582409983905535e+01 8.085862325309883802e-01 1.752236384755107290e-01
2.811217230803815426e+01 7.238094338222775814e-01 1.971882724401492482e-01
2.388027559431877123e+01 7.559460208060897468e-01 3.351134443182509082e-01
2.164947887618917832e+01 8.942424393745128652e-01 3.523437754522774079e-01
2.084097314467698681e+01 9.909828765132979722e-01 3.507098639100661996e-01
2.565746102361836023e+01 6.377444308336103207e-01 3.514265876924266840e-01
2.236123200991697857e+01 9.033908571834280421e-01 2.748565905204719551e-01
2.779817439755117192e+01 5.219240650411999249e-01 2.985516776662832661e-01
2.510157670485379811e+01 6.660465109594592148e-01 3.305594063954447881e-01
3.204310777802484012e+01 4.116139808605671080e-01 2.972068841745222900e-01
2.380689516435090169e+01 8.322478197868236061e-01 3.230167051419773339e-01
2.335037658887025458e+01 8.681340398603818453e-01 2.436420838643528208e-01
2.744044854301843017e+01 5.347744574558866981e-01 3.417644737942017730e-01
2.273534406131169661e+01 8.813148609878183048e-01 2.911780407121038472e-01
2.929492213194883732e+01 5.075796342291886143e-01 3.639747810226329761e-01
2.430333084157770429e+01 8.901426644105604469e-01 2.803974155988534500e-01
2.395142228412511898e+01 7.164139924636152568e-01 3.046797651224094072e-01
2.585516834416492316e+01 6.958645237332010680e-01 2.192322471230132019e-01
2.567478074551097933e+01 7.138290589101138339e-01 2.258795240346112287e-01
2.589414784655861368e+01 6.807035433921782008e-01 2.739948113173497068e-01
2.818201600100903192e+01 4.704798747878409793e-01 3.036527620552257889e-01
2.506388067623199944e+01 6.950240187124236968e-01 3.163159139712230505e-01
2.223723999370885096e+01 8.957323773982015513e-01 2.836966281820911817e-01
2.485706078307850220e+01 6.319783671705654360e-01 3.265875353391681779e-01
2.703313815863972280e+01 7.184757863249772170e-01 2.137991825974192295e-01
2.422799291430592561e+01 8.912662624496924257e-01 2.652170201808132233e-01
3.088243094745740791e+01 4.748721609273752198e-01 3.231635511311412579e-01
2.333340375877661543e+01 8.155482143206207457e-01 3.373861063138838268e-01
2.337300790871628564e+01 8.018373779960830117e-01 3.242177951969004712e-01
2.436329009431570469e+01 8.335138190044122375e-01 2.304351704531956424e-01
2.702659281361113486e+01 6.644927400048382671e-01 2.659486616000297232e-01
2.527472811082028414e+01 6.071141516846029207e-01 3.397238479294978908e-01
2.347392825174331321e+01 8.403395985574592109e-01 2.693483885803019673e-01
2.162465134879617779e+01 9.281311159140523959e-01 3.300349927538195338e-01
2.383973843958311889e+01 9.891949664128918407e-01 2.179160888691246967e-01
2.291349846639476695e+01 8.366653819228152544e-01 3.010405217571541225e-01
2.307191630130956739e+01 8.550849311126965668e-01 3.087263149566008558e-01
2.156174159787001798e+01 9.522409313366747563e-01 3.539681322812961994e-01
2.422431397863656244e+01 7.653267802282911481e-01 2.734595508960737664e-01
2.790466964412670592e+01 6.432881756841779541e-01 2.487885162021442054e-01
2.348174506685407081e+01 9.268747915920894087e-01 2.297494465503413519e-01
2.567478257176058065e+01 7.304870827484818419e-01 3.414915940859004073e-01
2.661941748039927802e+01 5.875075086214479603e-01 3.651648473058514699e-01
2.559439946922135078e+01 7.803535185116309281e-01 2.311720006516978509e-01
2.438525070434248931e+01 7.407972873455953566e-01 2.483620680831876704e-01
2.468077031989487935e+01 7.344146596273005700e-01 3.460423872273000190e-01
2.545703450744969132e+01 7.774362562071760463e-01 2.808647444955912342e-01
2.540163956355902641e+01 6.973808457883031720e-01 3.097916343845016907e-01
2.332030698383055523e+01 9.094729588298827716e-01 3.108658484296957236e-01
2.496290960173119799e+01 5.340376600188746492e-01 2.370082851983925931e-01
2.335182300220634133e+01 9.407187211023619877e-01 2.606742093419653350e-01
2.635331242103728755e+01 6.178805270246391368e-01 2.777160404746811806e-01
2.997489822412556038e+01 5.019644570904723269e-01 3.042673141933748271e-01
2.698391076721052073e+01 6.442294909573634820e-01 2.619684853605165342e-01
3.343620756828794782e+01 4.310906735692732195e-01 2.965853831197466928e-01
2.233430460413591945e+01 8.886127608132579070e-01 3.123161217462916417e-01
2.444886000968655893e+01 7.528960612051939227e-01 3.169123626722740172e-01
2.274362602108507048e+01 9.066629634973948360e-01 2.880016129724608520e-01
2.778415353630270701e+01 6.076981645112623509e-01 3.177351597975673902e-01
2.230876361009477549e+01 8.501476113849304461e-01 3.280787997858090610e-01
2.247015842847340750e+01 9.475331447515872307e-01 2.754176207179969138e-01
2.892233748045852693e+01 5.383547451943393458e-01 3.363802640818654432e-01
2.120666380071666168e+01 9.578176912818492372e-01 3.368635569656138751e-01
2.006253756234158914e+01 9.908392696164144420e-01 3.236210483087377243e-01
2.610930479833505657e+01 5.540697319759159134e-01 3.448819978630435212e-01
2.510724426305579016e+01 6.991471970097287159e-01 3.311050647313224515e-01
2.207805229461362728e+01 9.289949240505359640e-01 3.413127482819129366e-01
2.422291065604408900e+01 7.956352129730227540e-01 2.858069553350092162e-01
2.660401451091465574e+01 6.134181365639894690e-01 2.723040722336562691e-01
2.429935312187631524e+01 7.489816624128140532e-01 3.314840867459981077e-01
2.390963469389857110e+01 8.717755901312016498e-01 2.162060346083245765e-01
2.306498540501338823e+01 7.958895184366231446e-01 2.695146988315644809e-01
2.372609192161424829e+01 7.347419947405149365e-01 3.471752999018696273e-01
2.364356139152604896e+01 8.874902905488878391e-01 2.936366689225682336e-01
2.662101504914063455e+01 6.471131857942763466e-01 2.809101732993748435e-01
2.455584381984610687e+01 9.282517082196407587e-01 1.884286776744489855e-01
2.699471081700060182e+01 6.571400421216926357e-01 2.900077810083110941e-01
2.236958761946081609e+01 8.415109879427179473e-01 3.048333968663275440e-01
2.822442480803010412e+01 6.544461092092693777e-01 2.425651271384661467e-01
2.584210784646622727e+01 7.952886136703244402e-01 2.256325292106969305e-01
2.386445701602555758e+01 7.981924711528112226e-01 3.104089474568796359e-01
2.851230168123020903e+01 5.666542357465066404e-01 2.991600051841820651e-01
2.106995954379071279e+01 9.751620973250062496e-01 3.231235182041750087e-01
2.629018894327007416e+01 6.498480441123249962e-01 3.105423880500430278e-01
2.385572108844663575e+01 8.288113206002839517e-01 3.110870924437270646e-01
2.648350100159100862e+01 6.132477094570368825e-01 2.879524122566295974e-01
2.496479677768489935e+01 6.691798171471105006e-01 4.114746983038611861e-01
2.460168355486277392e+01 7.131743510874746228e-01 3.212822580824923335e-01
2.298558497615070095e+01 7.838496096723209794e-01 3.506488537147099405e-01
2.290397138457437975e+01 8.632106202030332964e-01 2.766100912827941238e-01
2.502977886225544779e+01 7.797830565057862762e-01 2.865522375253718446e-01
2.630045693371439697e+01 6.480298551402593477e-01 3.165804338407627871e-01
2.513202909333012869e+01 8.538464078999231655e-01 1.987442354185188220e-01
2.297940446985323959e+01 8.000507240172173296e-01 3.381860718079955364e-01
2.513798614484477412e+01 7.651918761773893740e-01 2.864814951229536777e-01
2.848865626212561253e+01 5.682188554837045436e-01 3.204371822201647069e-01
2.293833750666101068e+01 8.876090599847863416e-01 2.418630160850994970e-01
2.293302292903248940e+01 8.495947762993607544e-01 3.348643174836565817e-01
2.552702351960013871e+01 6.848085645761958773e-01 3.799065516962306654e-01
2.885726364516942510e+01 7.372688402176733602e-01 1.950148643346025501e-01
2.433774733778444244e+01 8.624902087490273761e-01 2.515369880889253285e-01
2.335370101030725110e+01 7.890105657949044726e-01 3.175256455676954137e-01
2.287969849154733026e+01 9.163932894447951449e-01 2.545321788486044068e-01
2.628291216885126858e+01 7.306631335063755728e-01 2.066397283625706627e-01
2.367963737498509502e+01 8.753820718692024716e-01 2.475098555016867485e-01
2.198192805429117058e+01 8.616046793803754378e-01 3.537464469223774444e-01
3.005272207931717787e+01 4.756799384713106815e-01 3.150581133946303569e-01
2.761276868246118354e+01 5.368509576790581050e-01 2.013725382442600187e-01
3.111421464223503719e+01 5.173896544887492954e-01 2.642675848421901508e-01
2.417638316408448063e+01 7.811377043601998027e-01 3.371106745207044786e-01
2.721812081372608816e+01 5.605903564555885232e-01 3.114092719435460066e-01
3.000192736074714261e+01 4.478029665106065260e-01 3.178341019426889624e-01
2.403570475924449568e+01 7.847358101690280474e-01 3.265417144773669067e-01
2.376425714799757571e+01 7.289360528128069339e-01 3.120167740074809015e-01
2.556435562060653410e+01 6.761557308441737968e-01 3.429517453718417541e-01
2.797888861290986284e+01 5.628230903901090265e-01 2.706643745526008393e-01
2.173714626185889642e+01 9.308393373742027688e-01 3.547674402721541220e-01
2.356669916815989652e+01 8.616046793803754378e-01 2.627121340864267407e-01
2.709357598752524154e+01 6.219483619034279487e-01 2.590032786999310055e-01
2.346909786592175706e+01 9.311458720337734141e-01 2.317448316569381273e-01
2.335274971903085728e+01 7.330686056448828536e-01 3.316468670350035119e-01
3.154072219391480303e+01 5.703588254627378618e-01 1.957926571280803885e-01
2.829052811946550250e+01 7.334394284302553357e-01 1.889664928826892965e-01
2.341482830526100045e+01 9.247874990001944129e-01 2.483835293992846527e-01
2.623795328949498895e+01 6.366477358658346741e-01 2.574990753265057886e-01
2.272998954636749147e+01 8.984242142081473315e-01 3.055762273653361838e-01
2.491357504890033780e+01 6.959920568454903700e-01 3.271456198117744241e-01
2.187725908366447314e+01 8.561897379213666559e-01 3.058653230162637349e-01
2.581187894076955658e+01 8.053990841703537740e-01 2.208322405474794359e-01
2.691573591829017431e+01 5.836154367532914167e-01 3.173061330233306054e-01
2.390955835759917036e+01 8.961540853847766996e-01 2.641412922791849249e-01
2.584206744546997570e+01 6.783429050570060070e-01 3.771135020483185607e-01
2.383981634055258780e+01 8.457608496588856495e-01 3.082966560839305870e-01
2.810683366759166901e+01 6.635772450124990396e-01 2.258773936435479468e-01
2.447228693246270481e+01 8.213850781330807038e-01 2.760609617802253779e-01
2.313757622508933309e+01 8.609234713149502838e-01 3.089599232593370770e-01
2.027906501957610175e+01 9.715695622358627714e-01 3.386640840588150403e-01
2.474911098861481662e+01 8.535584122649403360e-01 2.879745464256808218e-01
3.054202224099176632e+01 5.185012540798127345e-01 2.025831397209839069e-01
2.368699825153990091e+01 8.089463494544743005e-01 2.972620115764287307e-01
2.643636091824216550e+01 5.666543360772423599e-01 2.944719247037526078e-01
2.635559041086286314e+01 8.399150095267100546e-01 2.054425078220006584e-01
2.730868836354386886e+01 5.826475983539202153e-01 2.522969080292372657e-01
2.170598286363672713e+01 8.128222379168060785e-01 3.902817112490762907e-01
2.399480821308757328e+01 7.669336366431823704e-01 3.584209846787425602e-01
2.683720444682097650e+01 6.221158679735544483e-01 3.232661423573381931e-01
2.818604036268834889e+01 5.738121313282140701e-01 3.530121474771998891e-01
2.877562396654908738e+01 5.017009664142715319e-01 3.128041999685047259e-01
2.222440245045364904e+01 7.888342884109754705e-01 3.348390385809654757e-01
2.302847274233604935e+01 7.878124897408864680e-01 3.306781714474855693e-01
2.261306122728104384e+01 8.709165809079189025e-01 3.355126356605721005e-01
2.563496447892339702e+01 5.722943990835205330e-01 2.746106602513323502e-01
2.118658087175386484e+01 8.255373913463023294e-01 3.539365872028683024e-01
2.857975994474575998e+01 5.619165715178827680e-01 2.809837126266904739e-01
2.264754999930866930e+01 8.513190468259226318e-01 3.310920166163769385e-01
2.501102459574815740e+01 6.475648298423781757e-01 3.330109637198849781e-01
2.668218340182043846e+01 6.597091284148158818e-01 2.249183100124450274e-01
2.617204461425645334e+01 7.764465611052401295e-01 1.838434274685053771e-01
2.246650539086532916e+01 9.372803970377248106e-01 2.054820066057840011e-01
2.636049456754986764e+01 6.438482971081287420e-01 3.025776095365379503e-01
2.560991682381859746e+01 7.921634256417140474e-01 2.541768964328406377e-01
3.811761508480122274e+01 3.257573873132837972e-01 3.067384433466517346e-01
2.199336697370521421e+01 8.909273419568040087e-01 3.458283597681186539e-01
2.385889821811857558e+01 7.306785977422542988e-01 3.172660243017010329e-01
2.623081963261579475e+01 6.390772317532480429e-01 3.148540717772687070e-01
1.945361199208765157e+01 8.403956245554422555e-01 3.094402731153857444e-01
2.706987346282090456e+01 6.356419830166718521e-01 2.306309095147321409e-01
3.232565524619521824e+01 5.299631143997235450e-01 1.938680501934268718e-01
2.283507082385567699e+01 8.290742341721911712e-01 3.791182100079236728e-01
2.439728183755687496e+01 7.600156385653875635e-01 3.348063614967484170e-01
2.488713371174259947e+01 7.211079308513729247e-01 2.942353415653614079e-01
2.358879694246902048e+01 8.888782054123938181e-01 2.574439074761624147e-01
2.303489146949159050e+01 8.968136559808770336e-01 3.032996504351498368e-01
2.767962843770790471e+01 5.799322102289462544e-01 2.720984343862013488e-01
2.072485241273525958e+01 9.305143700702523946e-01 3.506942506764755829e-01
2.748309660269223542e+01 6.630082325073579641e-01 2.446454449623089444e-01
2.964105371792869548e+01 5.390508393853398195e-01 2.798757885268262080e-01
2.616537891296005114e+01 6.623788868584218337e-01 3.200419575384856330e-01
2.423016801574195966e+01 8.126621596961060012e-01 2.291600694081283029e-01
2.330464708177083111e+01 9.135560688563435505e-01 2.384655686365746985e-01
2.073298326314179363e+01 9.127268843170219803e-01 3.560326868145854973e-01
2.341575491164952538e+01 8.495423682817403455e-01 2.778336685234881753e-01
2.761258058558545869e+01 5.768509545026379026e-01 3.489346236419595404e-01
2.095611895531826008e+01 9.151860189653338029e-01 3.872994356439258823e-01
2.140265435557445173e+01 9.441871258357403818e-01 3.429747788509069362e-01
1.985087256678150780e+01 9.922031755858143898e-01 3.605729374937493570e-01
2.229542543200212990e+01 9.056929018577180024e-01 3.526720130090728045e-01
2.500854445776456103e+01 6.976793337917635007e-01 3.103447125978476828e-01
2.913723937098180627e+01 5.064041506606377085e-01 3.222291758487148550e-01
2.177907082672330574e+01 9.020980099398352436e-01 3.249422911372858436e-01
2.634142351067461618e+01 6.731592488428136400e-01 3.617573851110880701e-01
2.550529506410754976e+01 6.647514985207604310e-01 3.446222407464632487e-01
2.175206570747723944e+01 9.366883980018355649e-01 2.753575395123896707e-01
2.265539166750515321e+01 9.055961885827750191e-01 3.262620413266427710e-01
2.061001882058518220e+01 9.900402151606148005e-01 4.113903171668272796e-01
2.680511351180931001e+01 5.837360400409863370e-01 3.025881417968004916e-01
2.419821419891266245e+01 9.515674520336876441e-01 1.859081320674268178e-01
2.967258998885416688e+01 4.907917891941401267e-01 2.637728292031736865e-01
2.367177089324641770e+01 7.185172576422189650e-01 3.485983851384718557e-01
2.139629470905370567e+01 9.640446328830744038e-01 2.697000284121394142e-01
2.507247905205191429e+01 7.175349407089383069e-01 2.766334726434026003e-01
2.603246248902890869e+01 5.909928323377623416e-01 3.689769077750200688e-01
2.492118319924727032e+01 8.790979986672845525e-01 1.596115950414775109e-01
2.781605884356632430e+01 6.405657581497297137e-01 2.672856783287005933e-01
2.462990817215318984e+01 7.909045481398593314e-01 2.358951071695727097e-01
2.313382128560216344e+01 8.387213399952597737e-01 3.529737959668556302e-01
2.361534680654326124e+01 9.457026409344667650e-01 2.037183376076339425e-01
2.606848100599538043e+01 6.804366002622764809e-01 3.043441231646740186e-01
2.321288067743040173e+01 9.795031143185547462e-01 2.599335432088871189e-01
2.249841816694192786e+01 8.478915804150446434e-01 3.529757414113127156e-01
2.826877328782739696e+01 5.831344970067005029e-01 2.647236452738111478e-01
2.250346866915170096e+01 9.345883258068099497e-01 3.122919152673548915e-01
2.501105817588484115e+01 7.192658083422215354e-01 2.691713711899749728e-01
2.452308164149199854e+01 7.938663047899939817e-01 3.261018119752693289e-01
2.685239340416726606e+01 6.044639244360131558e-01 3.345201472595249470e-01
2.534824877889518291e+01 6.563422027420399152e-01 3.131487816118392331e-01
2.429247382304484759e+01 7.874402135248618206e-01 2.700867859217795930e-01
3.175402537163963856e+01 4.976753560289772227e-01 2.528312720796258017e-01
2.681734672476748216e+01 6.175960896566301539e-01 3.261846656572384706e-01
2.633052324494316210e+01 7.595926528477445761e-01 2.021894781783069306e-01
2.606050263454482874e+01 7.560434273695989527e-01 1.999161504486525187e-01
2.050514360860344354e+01 9.324836124629264367e-01 3.791600556327963667e-01
2.811791049124471087e+01 5.380512213792078002e-01 2.827336871717656686e-01
2.303152909046328034e+01 7.356721189430920349e-01 3.665910707176100458e-01
2.368070834904732180e+01 8.874902905488878391e-01 2.916073940512209361e-01
2.966445084374259267e+01 5.738190578153925525e-01 2.743376979781188552e-01
2.272563256737076287e+01 7.335944443679870419e-01 3.748655799733741079e-01
2.253247994043916691e+01 8.199600601900411956e-01 3.298620515454885882e-01
2.180681960188863044e+01 9.007395558108978184e-01 3.205136982701518589e-01
2.479330316231355980e+01 7.623405369333764448e-01 2.649590413459632088e-01
2.776896215704802273e+01 7.707532582471590121e-01 1.878062209692024642e-01
2.831657587540362542e+01 5.399646325306067807e-01 2.432330149980818923e-01
2.552876621649172151e+01 7.574932976356035796e-01 2.890912440077368362e-01
2.908729159798894770e+01 5.713644138589333288e-01 2.487761838407587245e-01
2.265401919345416815e+01 7.619814850138904028e-01 2.778692272126579987e-01
2.560114999917309220e+01 7.109280268965405547e-01 2.369994317061100975e-01
2.774407130805623467e+01 5.751926941600388199e-01 3.233521350321344467e-01
2.687832033782144947e+01 5.499252450589523500e-01 2.959570598980110767e-01
2.150885304061258907e+01 8.458555836848840048e-01 3.697218045226330352e-01
2.657545995810022887e+01 7.975529678228722164e-01 2.024202798514544432e-01
2.342463047325060543e+01 8.464174588932065202e-01 3.358263660010581408e-01
2.625761498566303942e+01 6.155040332964553107e-01 2.925388699061617914e-01
2.740767578535874804e+01 5.920426796486183418e-01 3.389801560482684772e-01
2.227319833793731618e+01 9.533976832852616434e-01 2.489727150059686811e-01
2.581657466457019723e+01 6.700883632721359451e-01 2.538986453700761148e-01
2.136846743915384650e+01 9.785575188953952175e-01 3.076521317949266754e-01
2.243158130999191968e+01 8.585246730329608722e-01 3.565345028281897699e-01
2.288114311075317886e+01 9.672330159687844153e-01 2.285293118414789548e-01
2.673512446615684723e+01 7.076004531046422574e-01 2.611062290987201662e-01
2.242536588524412622e+01 9.039795409733764053e-01 2.896567283671394044e-01
2.833394952040466563e+01 5.694802044070799152e-01 2.721119932130527386e-01
2.773194990045806563e+01 5.656367856302872976e-01 3.335523153887258729e-01
2.519909186601564954e+01 8.368895854632024678e-01 1.980450787877311991e-01
2.557361914545803927e+01 6.971379773481032327e-01 2.662237525247236891e-01
2.533788260894750621e+01 6.701822908262267120e-01 3.146199117773728626e-01
2.437532572369994810e+01 7.618409529243753697e-01 3.130896941770848763e-01
3.026656446083426388e+01 5.440731946303872801e-01 3.402089970432644050e-01
2.229970443135755431e+01 9.819796018477048305e-01 2.214272652734817770e-01
2.221976297529147715e+01 9.171818809725732491e-01 2.868836644115868584e-01
2.294868645612206848e+01 8.644855197218751508e-01 3.247398302350264498e-01
2.479783500545846309e+01 8.183326804745347793e-01 2.334137634703778441e-01
2.798121126925698832e+01 5.283210123315550399e-01 3.365179813029963163e-01
2.341372105801079684e+01 8.256128323272278191e-01 2.576762116128913926e-01
2.179428051619768780e+01 9.006549488645142487e-01 3.084081384933452519e-01
2.243222051883563850e+01 8.482929530784939498e-01 3.898180955301276396e-01
2.867629997687943799e+01 5.511657495505605242e-01 3.359444569518308388e-01
3.101748318889674749e+01 5.434914085364298542e-01 4.031022031980661113e-01
2.879835052935500173e+01 5.562063162078436651e-01 2.601834942944843965e-01
2.053960652617609384e+01 9.908588214799736171e-01 3.269814085905107803e-01
2.409956609901670177e+01 9.027788470555323519e-01 2.062236257932493488e-01
2.328194352053873217e+01 7.574185412528015027e-01 2.962584920531440291e-01
2.256875850150049345e+01 9.333801828645016396e-01 2.707410998302481331e-01
2.421131796120639024e+01 9.176730193169155836e-01 1.993850994203815175e-01
2.600645269456007824e+01 7.407519055732194602e-01 2.362784874049838613e-01
2.266839020759665502e+01 7.874323303643937511e-01 2.678201114770297209e-01
2.556607718159659726e+01 8.614685056808092378e-01 1.497837462980020629e-01
2.121717518948017300e+01 8.765663286944992416e-01 3.395316646153556661e-01
2.392060165027636742e+01 7.723784556294407411e-01 3.322120181551462270e-01
2.840695874936354670e+01 5.882911556719075952e-01 3.281527013462964271e-01
2.530740576590870461e+01 8.386777373654081824e-01 1.765542970078055329e-01
2.760187212518981426e+01 5.760662429672154250e-01 3.035883883819187612e-01
2.469266770298807145e+01 9.148260022928947910e-01 2.051004515967740638e-01
2.657162537693047355e+01 6.946177068083373429e-01 2.401301588652237917e-01
2.796039032811117053e+01 5.134401099497423182e-01 3.461548482804266968e-01
2.220903069122238094e+01 8.589330973201786401e-01 2.838261784774307461e-01
2.405754241834260299e+01 8.983837339785819553e-01 1.806404206251749911e-01
2.425763296013288439e+01 8.337954733758089487e-01 2.715992962171946412e-01
2.385076744393143500e+01 8.366415160099327508e-01 3.189578940783383554e-01
2.374071927764249068e+01 9.494865394449776286e-01 1.698638392205428505e-01
2.135295948252273845e+01 8.480816832678943484e-01 3.096404281986732121e-01
2.496112475761152893e+01 8.418191290670860027e-01 1.989770609545128965e-01
2.460961075489847261e+01 6.959920568454903700e-01 3.435377881146987611e-01
2.602882928636331883e+01 6.846429767685721091e-01 2.744298498810699982e-01
2.512741144393000425e+01 6.568753431833145306e-01 3.101120293850393450e-01
2.490544076341559787e+01 8.172792309714742576e-01 2.513635994662013484e-01
2.154380332366655537e+01 9.320618123528200405e-01 2.909533930551427838e-01
2.253846096984429082e+01 8.789043630206996305e-01 3.448351260786818306e-01
2.994979189525850671e+01 4.775287872723608107e-01 2.905475315212163179e-01
2.161318442489181990e+01 9.654002596362182276e-01 2.465683663426591343e-01
2.406103877570929228e+01 8.228844213482138237e-01 2.919871951406887711e-01
3.149118842868261936e+01 5.076497511345405833e-01 2.680378224033411749e-01
2.844327236984305074e+01 6.271342744264757352e-01 2.702565489021251932e-01
2.156302656681850394e+01 9.693561392028086088e-01 3.444997579612740224e-01
2.790173366858274662e+01 5.577451729885414267e-01 2.699712290601857800e-01
2.368072236666728969e+01 7.491854798670677384e-01 3.595200138538208190e-01
2.318064600043781098e+01 8.704948380570366462e-01 2.492439597866715761e-01
2.378248998727682206e+01 7.673644676803902387e-01 2.607033164332311914e-01
2.913861961745643114e+01 5.659327100837785451e-01 2.470821705716765293e-01
2.528822838713274024e+01 6.998100598482304147e-01 3.206266761254359943e-01
2.250758122357234470e+01 8.494312063506268551e-01 3.473380679501927859e-01
2.704100652702485519e+01 7.069078855021247998e-01 2.487867996426732231e-01
2.236277036684021979e+01 8.420219958553878392e-01 3.142578275355589756e-01
2.122729535034288872e+01 9.356247026785922127e-01 3.336136579238164201e-01
2.313615194839191247e+01 8.371573412804914627e-01 1.691951220038631631e-01
2.642397412948889013e+01 6.561879056035486713e-01 2.679367923922522099e-01
2.674282295781316776e+01 6.926650901738096167e-01 2.056488969344225093e-01
2.860242107432868153e+01 5.980374988564318706e-01 2.641851508316300223e-01
2.292042903927196562e+01 8.885266489367310561e-01 2.741511928054040648e-01
2.705083621716971010e+01 7.272907721407838588e-01 2.606584035415088207e-01
2.813457584840050529e+01 6.023016701455525812e-01 2.681905777523374557e-01
2.539375553700196164e+01 6.884018225536958635e-01 3.432499556947029018e-01
2.792564725983753249e+01 5.852471731028170421e-01 2.883832079245894353e-01
2.508869111271950203e+01 7.886079743749915272e-01 2.436686656874320067e-01
2.969728298095703778e+01 4.730790106349784807e-01 3.104076229786423835e-01
2.447921346151967015e+01 7.803236925777364830e-01 3.086926608307462017e-01
2.490295399247637320e+01 6.888901301397373222e-01 3.350236686797967156e-01
3.203944627347691210e+01 5.068747848778768494e-01 2.076718701606020956e-01
2.114783467296132713e+01 9.942117873796848526e-01 3.313817908742590079e-01
2.307764402580358620e+01 9.164913296397415587e-01 2.604109400195651625e-01
2.272155721471532530e+01 6.918234825105055164e-01 2.855214422136144181e-01
2.419566324348379993e+01 7.891162627104820748e-01 2.688287438563167209e-01
2.595307638590200838e+01 6.217161365293313313e-01 3.170338456895820944e-01
2.224683011972550872e+01 8.058525737115175280e-01 3.263793466843842306e-01
2.694817398467039382e+01 6.222657571221614781e-01 2.769405830456265205e-01
2.247901936314843852e+01 8.884712866694207678e-01 3.372102009609139750e-01
2.982307790994437724e+01 4.763810983144162181e-01 3.485508478180753267e-01
2.376143182383890817e+01 7.946889770858700519e-01 3.443910382517935687e-01
4.211145923950702041e+01 2.861426645539442148e-01 3.041425538746757584e-01
3.326886250420346158e+01 3.524884199960645059e-01 3.291311355900144453e-01
2.480701300791772113e+01 6.774351387917737499e-01 3.802779878847706296e-01
2.651740014431803516e+01 5.832382104157129987e-01 3.231380832603238384e-01
2.737821726707118586e+01 6.175960896566301539e-01 2.990164280263445939e-01
2.896416335504497397e+01 5.520587712199970243e-01 2.670502700229994142e-01
2.162394293760099728e+01 8.650174864926094553e-01 3.429485586323756663e-01
3.023566593514455292e+01 6.287999284670551248e-01 2.280114841737977127e-01
2.598017233648848290e+01 7.430119990588045509e-01 2.365238607320984399e-01
2.765835671870052437e+01 6.735505239742812789e-01 2.423901155619505587e-01
2.723302844057947070e+01 6.136702654913549493e-01 3.126797512806966384e-01
2.605951106300946662e+01 7.972581908681323215e-01 1.770518996244630494e-01
2.666721304196473241e+01 6.674049264687356153e-01 3.008026727581979975e-01
2.527246109907173732e+01 8.844376584934249275e-01 1.940556513947269690e-01
2.383659014588511837e+01 8.343574200310671651e-01 3.122573660310127841e-01
2.481487081226699587e+01 8.454712413622549327e-01 2.446200600299821282e-01
2.469212608499809392e+01 8.984242142081473315e-01 2.018298423492069227e-01
2.484423851644320891e+01 8.256381753891095521e-01 3.013812026720447679e-01
2.425630065770128141e+01 7.838867865711440786e-01 2.751605216510881191e-01
2.508511530511091081e+01 8.790743006235337553e-01 2.137197150453912786e-01
3.072671263790646989e+01 5.502033746672188030e-01 2.505290902026679478e-01
2.161856421446301368e+01 8.881852862372362489e-01 3.198448202638298210e-01
2.286238797728486816e+01 9.539707664937295828e-01 1.968110692192661937e-01
2.240154595451313213e+01 8.546236986001305436e-01 3.637703425483956865e-01
2.621719587074600000e+01 6.242456635292160660e-01 3.169549928307248132e-01
2.617885449815559795e+01 6.156945959272057678e-01 2.985837100853712678e-01
2.702142856520668346e+01 6.167315919824053472e-01 2.964637645068208260e-01
3.400817887015634255e+01 5.206831010928970604e-01 1.537812462646463429e-01
2.885806164858945522e+01 5.216919319058532789e-01 2.785958200974149590e-01
2.312101085884373575e+01 7.973822228677674984e-01 3.161526624325896595e-01
2.138981542391965718e+01 9.639311662837731776e-01 2.917338206248460963e-01
2.351309982303682844e+01 9.464433672713011836e-01 2.410313493166296173e-01
2.288972225677520811e+01 8.502139485918516204e-01 3.203194718124882656e-01
2.887700811697875380e+01 5.578503831667921409e-01 2.682437478163400835e-01
2.016317836754270587e+01 9.392010387094660295e-01 3.454748306780082157e-01
2.906206549217215596e+01 6.332220142101373517e-01 2.063995592275953139e-01
2.025673689669186217e+01 9.904385289372628076e-01 3.699981463713505891e-01
2.511875958365226325e+01 8.368073159502539271e-01 3.122835898892422080e-01
2.202917476543671071e+01 9.702872718664423690e-01 3.455598457781076660e-01
2.254656658184856965e+01 9.629276567347572202e-01 3.000092450261153676e-01
2.554401968203719164e+01 8.019828764529903786e-01 2.970656698678847962e-01
2.324600138208734279e+01 7.543767966158296812e-01 3.261229100568835415e-01
2.264493366181251943e+01 9.012101866160707742e-01 3.003475938486407926e-01
2.713942515046731430e+01 5.395746140401658231e-01 2.835345187626491792e-01
2.689110173918566105e+01 5.879492329817681551e-01 1.824658695059820923e-01
2.356236887392950052e+01 7.335944443679870419e-01 3.260419683256287060e-01
2.386545948774685044e+01 8.099691677978506643e-01 2.383520633731653349e-01
2.201888429531846114e+01 9.373755430606658390e-01 2.816545843787423009e-01
2.350457648467079608e+01 9.908381493030802289e-01 2.159812800132786259e-01
2.825583979209429231e+01 5.653981981179483363e-01 3.635507308751030897e-01
2.229460224185735129e+01 9.387620021538332082e-01 2.654613297846210584e-01
2.987960033288388928e+01 4.995814465182084052e-01 2.751664204178652651e-01
2.073142768834876293e+01 9.813890222961876297e-01 3.346918222882842575e-01
2.312069869074800721e+01 8.071950446956271952e-01 3.126356779237167149e-01
2.181537008870360950e+01 8.924909029464095367e-01 2.830200398247424975e-01
2.841518134085271896e+01 5.815921891053090764e-01 2.914773465562805477e-01
2.404664518513785154e+01 7.663831722475278330e-01 3.128231716710059285e-01
2.660487794903985304e+01 6.031639063090490360e-01 2.800423315315015427e-01
2.628514429349655757e+01 6.808677003193808197e-01 2.560850201674136351e-01
2.505797962222783326e+01 6.870882713433259514e-01 3.429540013732407799e-01
2.313495073542441816e+01 8.783636224390277691e-01 3.003738086174099209e-01
2.436992359175306788e+01 9.281311159140523959e-01 1.802065316993066713e-01
2.434197379768886904e+01 7.004007814369013207e-01 3.165793894266201725e-01
2.237372374045326140e+01 9.265230167967092312e-01 2.561570137376975587e-01
2.071125445521289166e+01 9.211541770204515478e-01 3.439470342171450090e-01
2.874586963861524680e+01 5.102565722204557286e-01 2.727446224431719912e-01
2.402431886610159850e+01 7.923141017408652509e-01 3.548013652918003413e-01
2.180323644740425948e+01 9.435945141613415466e-01 3.196461025136231315e-01
2.077467509663927814e+01 9.569236093576055646e-01 3.369031703650064435e-01
2.333273638543560935e+01 6.892855218739754042e-01 3.022471303008608112e-01
2.863026053852604846e+01 5.611129143835175137e-01 2.388803431345249972e-01
2.693271295298003665e+01 6.014049002928261167e-01 2.769883620726937279e-01
2.136554621640582852e+01 9.588670170075548338e-01 3.329014719096040076e-01
2.674941611878459113e+01 7.575722140530211091e-01 2.001369247628517756e-01
2.813030955678636147e+01 5.352527898472565493e-01 2.692333131963892123e-01
2.491194603758895099e+01 7.888456359103436233e-01 3.444916727686376245e-01
2.526286350541559500e+01 7.735504547509268747e-01 1.781279661199030306e-01
2.470589539804955237e+01 7.916956334005200713e-01 3.091844468245216748e-01
2.277010878689111806e+01 9.007797749630706008e-01 3.243456709948038252e-01
2.222656280927580852e+01 9.389642158902812286e-01 2.725254571613879295e-01
2.152694083823936211e+01 9.905757973588423804e-01 3.299026190077769538e-01
2.681139642190884231e+01 5.556367457769941787e-01 3.129734627038772699e-01
2.239723241577726753e+01 8.387069370944720825e-01 3.087034351330049109e-01
2.937489240070499363e+01 6.033438989592605495e-01 2.481253548053874436e-01
2.454074848002870013e+01 7.823355299106503624e-01 2.770769818004895080e-01
2.190054630446714867e+01 8.868653317330945640e-01 3.070402263966016676e-01
2.305087737895155442e+01 7.123055158494736583e-01 2.082480220658213255e-01
2.796075352035412109e+01 6.969732420423849772e-01 2.045040551386921035e-01
2.226665878855238390e+01 8.493192202722842366e-01 2.984961181003359942e-01
2.264328456861036543e+01 9.848039111845956484e-01 2.070992137726521687e-01
2.699512395527075270e+01 7.241413161038947610e-01 2.482874335318835668e-01
2.558577875786548717e+01 6.213618690811205658e-01 3.431303508569433225e-01
2.139886456918949165e+01 9.218849743035132382e-01 3.160975858761045920e-01
2.538533766412564319e+01 7.212982251264234979e-01 2.835960045569213550e-01
2.333473525628759759e+01 8.596430146233640102e-01 2.660670316385730372e-01
2.533640950630576327e+01 6.558691408356934760e-01 2.860534556757322600e-01
2.838677599326887346e+01 5.411822165916742033e-01 3.039156686471481406e-01
2.494799284950841667e+01 7.068822210863333622e-01 2.833114548784574915e-01
2.498379472748625929e+01 7.956352129730227540e-01 2.466475705443706701e-01
2.802860190887727754e+01 5.102438685243060323e-01 3.506486025622961300e-01
2.238617369033157800e+01 8.561483063756297751e-01 2.906313691507882990e-01
3.001519669406137680e+01 5.373040217874353042e-01 3.209488648076929129e-01
2.188727872141409847e+01 9.019893844038036068e-01 3.202866545363289852e-01
2.402832765292096440e+01 7.714329639351767964e-01 2.555289504857675142e-01
2.616384570621262284e+01 7.020107454043650330e-01 2.951361348211055669e-01
2.340544836796177819e+01 9.043694325967780445e-01 2.325502398616177413e-01
2.150743026859016638e+01 9.315321939228690118e-01 2.725889917203083157e-01
2.305682119821804932e+01 8.403679679901078226e-01 3.067580192853546772e-01
2.460583537553424804e+01 8.139991140661542168e-01 2.258280419932748029e-01
2.536698514556417905e+01 6.433210149327756033e-01 3.375440086908831350e-01
2.348760193732583090e+01 7.759422403205914476e-01 3.054050848534975438e-01
2.238593496804958605e+01 9.457026409344667650e-01 2.698252737967586912e-01
2.490451985239272759e+01 7.714799848386612036e-01 2.499408615183252025e-01
2.705317846747838217e+01 5.809987886790515255e-01 3.360967563738221364e-01
2.925193601274976629e+01 5.595809432613406686e-01 2.732385980800214331e-01
2.225157600210737030e+01 9.211907549657919470e-01 3.138017278969962853e-01
2.154046001402274868e+01 9.852971708610539503e-01 2.566524569288806679e-01
2.174712466540262668e+01 8.417349053028099215e-01 3.322211301842286635e-01
2.543011305470514571e+01 6.714201990654851127e-01 3.190675530163872842e-01
2.037076839415108509e+01 9.473737611750649990e-01 3.387421363953157516e-01
2.662108162630186214e+01 8.594360354759025267e-01 1.189244831648838263e-01
2.474607295983130939e+01 7.394159291136263024e-01 2.886491546260027130e-01
2.456007587773106948e+01 9.182335495250834034e-01 1.255970518016941984e-01
2.581890849574602953e+01 7.557237084512935521e-01 2.303922532292198011e-01
2.214168431459277286e+01 8.176362585478065270e-01 3.590821986458918036e-01
2.150337070490043700e+01 9.176730193169155836e-01 3.504252146563386350e-01
2.649174077332611787e+01 7.113985409586837116e-01 2.649930514850226682e-01
2.322595401759473077e+01 8.360600561592147484e-01 2.521012905635486856e-01
2.446321748757992509e+01 8.405877367566553238e-01 2.890615887305192366e-01
2.527783058937459870e+01 7.756115545654851395e-01 2.471591614057089825e-01
2.139582792741718364e+01 8.702682487880657458e-01 3.758691227030079851e-01
2.278567529037885109e+01 8.375708864599119563e-01 3.380420642118736052e-01
2.344138882458671347e+01 9.422053127493184022e-01 2.703473425928729079e-01
2.422231052559053310e+01 9.180576145184323744e-01 2.295436873594416394e-01
2.358803066232468026e+01 8.820164343116092542e-01 2.847003394989431335e-01
2.537463071870791254e+01 7.372680513099274524e-01 3.102693540082772095e-01
2.355533525329561328e+01 8.209970473130697721e-01 3.006327725993038769e-01
2.087834302056202063e+01 9.639561639914060454e-01 3.250974932614775770e-01
2.687652059216793177e+01 5.694958191887964372e-01 3.254538986114535737e-01
2.328103748110130766e+01 6.878523482423805069e-01 3.052794586438886126e-01
2.705471983939943570e+01 7.107895628799134613e-01 1.979246206350450954e-01
2.491616729415913767e+01 7.321743073715656358e-01 2.528635175490174802e-01
2.911480990611216768e+01 4.960303297218883190e-01 3.405355599387382415e-01
2.660302523812877240e+01 6.057548416727546181e-01 3.200027322332467117e-01
2.712593447921603129e+01 5.568660351066897496e-01 3.365784330040095251e-01
2.471952852038534587e+01 7.051289206639121954e-01 3.307809642433743869e-01
2.294701887576247401e+01 8.650336247074833507e-01 2.861676786771428782e-01
2.276413846763396975e+01 9.955200624789843911e-01 2.025759305111682063e-01
2.332012612525898376e+01 8.576825934772922544e-01 3.352055144450553636e-01
2.129598592846885197e+01 8.522985064048184123e-01 3.303306123116383497e-01
2.089698269263711694e+01 9.426561666913642057e-01 3.585831704786302532e-01
2.335261993405491765e+01 9.078587564690604461e-01 2.951405489152029160e-01
2.370181949558070400e+01 9.084588378708672307e-01 2.371474268238065175e-01
2.170868995887336084e+01 9.088486962064775687e-01 3.001697962185471691e-01
2.296050009650841872e+01 8.322979209854560745e-01 3.496912466951257459e-01
2.716181235566532948e+01 6.454873984063862480e-01 2.470706872008464616e-01
2.298452910111080172e+01 9.397983648429230064e-01 3.054729060579221556e-01
2.539645867435344329e+01 6.625395791682496816e-01 3.087702276209655650e-01
2.829480183780230007e+01 6.148942582354537389e-01 3.224703680379758519e-01
2.506397993799355461e+01 7.038694911885250427e-01 3.032994393074430750e-01
2.852726621623452274e+01 5.832382104157129987e-01 2.299174317668363221e-01
2.419930513256803195e+01 9.107537333834851978e-01 1.791511716424189771e-01
2.226924948970241047e+01 8.883237881161358818e-01 3.252506337785152635e-01
2.142984846866934134e+01 9.367164226059342402e-01 3.349592761621789094e-01
2.224827877772090901e+01 9.090847991176970178e-01 2.933857170477141563e-01
2.488861936193066882e+01 7.149468971966892461e-01 2.908243134265944274e-01
3.294602873159104206e+01 5.434914085364298542e-01 3.209694969478734117e-01
2.502891767054432748e+01 8.685867403932624464e-01 1.914108069920181232e-01
2.434950643150219918e+01 8.561804990579510166e-01 2.128772746617852429e-01
2.389676832860927647e+01 7.965726705692022236e-01 3.089066508860581761e-01
3.061023971560780055e+01 4.654525446667390209e-01 3.699465077569500382e-01
2.845673974815414198e+01 5.228957359891076573e-01 2.961554038316184245e-01
2.269464081423820545e+01 8.791117684077573990e-01 3.182176904615711122e-01
2.764298819740773538e+01 7.153467736008962685e-01 2.055419899620359869e-01
2.014466132449109281e+01 9.364799628874082016e-01 4.015665264957373193e-01
2.543927423980746383e+01 6.216764745516689672e-01 3.363033347392103134e-01
2.345509921844755397e+01 8.494695445260300737e-01 3.429475487030088088e-01
2.287485079475081307e+01 9.096091340752036070e-01 3.211218412377498388e-01
2.358012589480956223e+01 6.777779790423229533e-01 2.923590033379722675e-01
2.320303002194809494e+01 7.407972873455953566e-01 3.119675305856525194e-01
2.662173589148768116e+01 5.704544508337070496e-01 3.028408117853126358e-01
2.130944515485505875e+01 8.917195432193190108e-01 3.213581017891837810e-01
2.614361853681408832e+01 5.525001753937570648e-01 2.905012729011240968e-01
2.846085657087921206e+01 5.429705367195791776e-01 3.097248112391746688e-01
2.382397037166873943e+01 8.904894475060066705e-01 2.671622122188458404e-01
2.317523718125261567e+01 9.356247026785922127e-01 2.215197962634142537e-01
2.037917576819199539e+01 9.494865394449776286e-01 3.628327914688773137e-01
2.750154030809737904e+01 5.892018790032993447e-01 3.573554274343311299e-01
2.285388922484609964e+01 9.365228911885615792e-01 2.894027231025242397e-01
2.386617789726342309e+01 6.918901323534742964e-01 3.801377892090904709e-01
2.392497596597697296e+01 8.786914524198033982e-01 2.045560689792391695e-01
2.343258859191226051e+01 8.235811787746549761e-01 3.075127777634784620e-01
2.329659528233678856e+01 8.387265094434021018e-01 3.246962324747251771e-01
2.457976165183115214e+01 7.086449609936107397e-01 3.111204435783914701e-01
2.539725669445165934e+01 6.761073176027796450e-01 3.222718265999340859e-01
2.191795658565785132e+01 8.646539535658177567e-01 3.146922199332901071e-01
2.395330442569683882e+01 7.602569635667915104e-01 3.514458141012106740e-01
2.320749624308266590e+01 7.694818206337438182e-01 2.771322545763356127e-01
2.869017713476542397e+01 5.162419994646029187e-01 3.319760913463754570e-01
2.151641473214113276e+01 8.794560972629470452e-01 3.890546530205243880e-01
2.610349726414048988e+01 6.593313086981259508e-01 2.795065987530521157e-01
2.719483942078362304e+01 7.928909143819380390e-01 1.879132838457159282e-01
2.374943090349142238e+01 7.023752120981382463e-01 3.495069473554544559e-01
2.545697643124062992e+01 8.330283866556486005e-01 1.733834959026303857e-01
2.434236500951794469e+01 9.301882612229035452e-01 1.928212804567999428e-01
2.639848856274275235e+01 6.686423911504543183e-01 2.775740898893315212e-01
2.259019830306322874e+01 8.457608496588856495e-01 3.806674727494842592e-01
2.450535083577004514e+01 8.337901341409049705e-01 2.183093888384987080e-01
2.256006387784102074e+01 9.020217229621432242e-01 3.407352108479321795e-01
2.470631643130917965e+01 6.940022650158006456e-01 3.021398025660785858e-01
2.053172722462537436e+01 9.531392232470752290e-01 3.732638122224253840e-01
2.882288503831795268e+01 5.718759285753552968e-01 2.836633789716973553e-01
2.414931381577788372e+01 8.200976039800402795e-01 3.166860243964976784e-01
2.098086702745787235e+01 9.496413760549440308e-01 3.368789747007188140e-01
2.882842415294573968e+01 5.368509576790581050e-01 1.507122908974649345e-01
2.309125348278846346e+01 7.922885555274250535e-01 3.413990722975493441e-01
2.163496757712754714e+01 9.536047108765998148e-01 3.704283999641883041e-01
3.028342739620763879e+01 4.923999386787440979e-01 2.773167810207654571e-01
2.225766656939338262e+01 8.995735057015773473e-01 2.890866124957852112e-01
2.684764332200366965e+01 5.028263126684409112e-01 2.965631874091106401e-01
3.033124162568927318e+01 5.524107102578560413e-01 2.577619957268417750e-01
2.454616639926832633e+01 7.107201694288995952e-01 2.440422061552647015e-01
2.226880645422783545e+01 9.754785368910268151e-01 2.593035939147008140e-01
2.268121178086531486e+01 8.476774621548649469e-01 2.989537457101418827e-01
2.234744424182909484e+01 9.270544058853515956e-01 3.625281562625707332e-01
2.719096197608402576e+01 6.246464692679748465e-01 2.989656648067851585e-01
2.503636056622818984e+01 7.281384344398150743e-01 2.640776967675642073e-01
3.029796880619286625e+01 5.871791190416727479e-01 2.310364842799742524e-01
2.755677585388383477e+01 5.449290851463528540e-01 2.936596860614098525e-01
2.654382201234366434e+01 6.750735655624815479e-01 2.323122866326013947e-01
2.498144824486247728e+01 7.024284059656789037e-01 2.793715435042002371e-01
2.719107840900183248e+01 5.878752161016653766e-01 3.063438112200989605e-01
2.125585019117706054e+01 9.780790847504867713e-01 3.517225489256679549e-01
2.559899181784829736e+01 7.314699144645182560e-01 2.873043295800347674e-01
2.423948014030688114e+01 6.940022650158006456e-01 3.272181504628878801e-01
2.389914027182692990e+01 7.555224063093011200e-01 3.537730492397645476e-01
2.236918675170825921e+01 8.235716882052666055e-01 3.613470770310623359e-01
2.236301952476414456e+01 8.689122191122242711e-01 3.465178066251132227e-01
2.420800253548189573e+01 7.337011509473604365e-01 3.176807112956215873e-01
2.550145928307141219e+01 7.220484700669690392e-01 3.091673158548364775e-01
2.414434247063671179e+01 7.000756311140454713e-01 3.535126102416569771e-01
2.923610791425234723e+01 4.793077055541640208e-01 2.132097782656258989e-01
2.894131040300053925e+01 4.888710668742367038e-01 3.094844867864325333e-01
2.774937927537666482e+01 5.619165715178827680e-01 3.193162498047647513e-01
2.426538255362367025e+01 8.001689327662381279e-01 3.040535392373006629e-01
2.592828114819912955e+01 6.783429050570060070e-01 3.725344845110087344e-01
2.648936692794745795e+01 7.581970119236450811e-01 2.223531082518372393e-01
2.198698347287226085e+01 9.043140893847040340e-01 3.533699625832651403e-01
2.500163834831052512e+01 7.824521787716104404e-01 2.918332210889899581e-01
2.588603575165268467e+01 6.630216525834108365e-01 2.802293992769512299e-01
2.073917772411407157e+01 9.196227129873160155e-01 3.562980352540272011e-01
2.796599658753683926e+01 5.977348540260118970e-01 2.743416058300716109e-01
2.526583834308710053e+01 7.381499813671340560e-01 3.204822474900523299e-01
2.129823424588521874e+01 8.937035753572325492e-01 3.459621895903573496e-01
2.093490013973498520e+01 9.265230167967092312e-01 3.424907600421818188e-01
2.765405214764777853e+01 6.023000745582397508e-01 3.117425904284883420e-01
2.467801923647623852e+01 7.026622147418829512e-01 3.552428855621377335e-01
2.722589460040309106e+01 6.761248898358663828e-01 2.855843127917562785e-01
2.268295130836855122e+01 7.972581908681323215e-01 3.522665804375946230e-01
3.018823460021639349e+01 4.662632883252553762e-01 2.704533904650748277e-01
2.841767882087511055e+01 5.905843516705675533e-01 2.852707017425306080e-01
2.750442409873872762e+01 5.919440412380515548e-01 2.815896771173054813e-01
2.791109261925533502e+01 6.141178250196829280e-01 2.974832799994553967e-01
2.099098306905592182e+01 9.430714545557008499e-01 3.280346569901630427e-01
3.270054666590688441e+01 5.345381636310333473e-01 1.968645784385263386e-01
2.327602531781555939e+01 9.468516708250548364e-01 2.174028689645431667e-01
2.353657609723812172e+01 8.961272520956220511e-01 2.973308808320284657e-01
2.311852032166617477e+01 8.609267208905833080e-01 3.558484091485714651e-01
2.718377516063996069e+01 5.132878090314089148e-01 3.203532176049320168e-01
2.326061870502483586e+01 7.317201607934882279e-01 3.231426640148409857e-01
2.265998837893645756e+01 8.102101500143803481e-01 3.169706224448051723e-01
2.633821115171728167e+01 6.219483619034279487e-01 2.951107728428977728e-01
2.716229240386144639e+01 6.182226430874252499e-01 2.707783822801700380e-01
3.470946570928640540e+01 3.837437856044155216e-01 3.617280771727477418e-01
2.873009100057870668e+01 5.817618891608480336e-01 2.832777661322883889e-01
2.949191730310618453e+01 5.020124893792075049e-01 2.549583202615948729e-01
2.738573862745563048e+01 6.325671548946866229e-01 3.313403920187570906e-01
2.632365518015336647e+01 5.713906981528549256e-01 3.612769866024067023e-01
2.426240577566990098e+01 7.372258460803039481e-01 2.995322595592622150e-01
2.210081836701436941e+01 9.900081579562167722e-01 2.102774004025915744e-01
3.377038753050160125e+01 4.069383608396620056e-01 3.644319585726590316e-01
2.312746174099601859e+01 9.117634635804932053e-01 2.898420213196855610e-01
2.481091765173605523e+01 6.584505260101423119e-01 2.048500349566197976e-01
2.065646094563597401e+01 9.420951647094077952e-01 3.628315166905409228e-01
2.119483774315025570e+01 9.702182392696175883e-01 3.483532804697160312e-01
2.758291785348242797e+01 5.650996798055256676e-01 2.973202541544087696e-01
2.242486330888922197e+01 9.097541111514083623e-01 3.276801552764853631e-01
2.402871237594147757e+01 7.336893603807056463e-01 2.995636433380250430e-01
3.119406849843112539e+01 4.696154943389562741e-01 2.831657724292399592e-01
2.131963601017636023e+01 9.333801828645016396e-01 3.451941199329491838e-01
2.329856009625133240e+01 7.751008927894068590e-01 2.661780761613024571e-01
2.440629637489574577e+01 8.607471978751122244e-01 2.952867372583907191e-01
2.788919873252064718e+01 5.805471765670715545e-01 3.311821309770759947e-01
2.876862636245981975e+01 5.184057502779344517e-01 3.046239165932448367e-01
2.509760411725003237e+01 6.998100598482304147e-01 3.306572549308051112e-01
3.399141057181510206e+01 4.166017703996234833e-01 3.248844411694329914e-01
2.211154503990447395e+01 7.754940418053950513e-01 2.940236400650731441e-01
2.524857155674706277e+01 7.478770110877343003e-01 2.655534562889452221e-01
2.334423706151269684e+01 8.564831586198460300e-01 2.633728796656121252e-01
2.401829892138228573e+01 8.068822803009602085e-01 2.867582796417844637e-01
2.376894618741504317e+01 7.604866816841269195e-01 3.263138277746452376e-01
2.787265913757106262e+01 7.114738043301066517e-01 1.554243834808525793e-01
2.837075195627930313e+01 6.494380280319327348e-01 1.943813844701466620e-01
2.527455924104128115e+01 8.200976039800402795e-01 2.580660140006461045e-01
2.313721252963893349e+01 9.289208841454623666e-01 2.815913309356086747e-01
2.344864904421461560e+01 8.849299050142627188e-01 2.228553101686976678e-01
2.573425170860062750e+01 7.736577771853464514e-01 2.258403841389724775e-01
2.495677454326712663e+01 8.392095306937427113e-01 2.545573125132382097e-01
2.465880006642907674e+01 7.618409529243753697e-01 2.979945866698871515e-01
3.026380487167695676e+01 4.857226202700679063e-01 2.938029162567208363e-01
2.145336316889635242e+01 9.320618123528200405e-01 2.963956178359313798e-01
2.322362251567260927e+01 8.879930756654402790e-01 2.681945712872348397e-01
2.888541823319331314e+01 5.222018562691993493e-01 2.457050720024167578e-01
2.241750477483661896e+01 8.250821048721115325e-01 2.949134299988820929e-01
2.229878208503657788e+01 8.348498174759945156e-01 3.127315154868013924e-01
2.219056078360532780e+01 9.127882108363095659e-01 2.124270432983986212e-01
2.427530253284759354e+01 7.725776013251368646e-01 2.642586826043524795e-01
2.773296977364295657e+01 5.624529974986571812e-01 2.972097576867017144e-01
2.314771696410324608e+01 8.686292395155288393e-01 2.664428222213529596e-01
2.968010742004330638e+01 4.282719055699185096e-01 2.581890109596345351e-01
2.348530057857120568e+01 9.219776513140459651e-01 1.897712318613185012e-01
2.468696882472848841e+01 9.290165787723083657e-01 1.422166163937757244e-01
2.308020250359659542e+01 8.784956488440959221e-01 2.339786878196533082e-01
3.325029223608608220e+01 4.361152209538716185e-01 2.903481477806796884e-01
2.272068072924496818e+01 8.990663655475311655e-01 2.811173814230734647e-01
2.537342763628889841e+01 8.299790604856827070e-01 1.768519976108130498e-01
2.431177170584745184e+01 6.730478239193337098e-01 3.259120474649238597e-01
2.404143532578768827e+01 8.829505373046496741e-01 2.434686862449437494e-01
2.234161394941822110e+01 9.627951152506247778e-01 2.323987453340174980e-01
2.405174016108275836e+01 8.620157281107524438e-01 2.297917656644279105e-01
2.747343198720716018e+01 7.051175245261660507e-01 1.853498323458090402e-01
2.790074201768030093e+01 6.475932268012556392e-01 1.964846303673857542e-01
2.640442735432878862e+01 6.149493864176890368e-01 2.627142998628211323e-01
2.431775222437360284e+01 7.054084777790271543e-01 3.147570015930433729e-01
3.066120260788277463e+01 5.299631143997235450e-01 2.586775376539905413e-01
2.088943887556781576e+01 9.797810664164667838e-01 3.261556791935124044e-01
2.861818476423981750e+01 5.621011963059029393e-01 2.915108803890549272e-01
2.744864824294684880e+01 5.766304532954898976e-01 2.620286322806908430e-01
2.505075061789569091e+01 6.803748288145510248e-01 3.060463735816121300e-01
2.265339588414187233e+01 8.607640076092956116e-01 3.044942202544933529e-01
2.963234521885060957e+01 5.416420851367642619e-01 2.768707208476435810e-01
2.301212918618091052e+01 7.652619926246215787e-01 2.977250717822919612e-01
2.376313159430664967e+01 7.233750592197655260e-01 3.536180142059486831e-01
2.147477474993583257e+01 8.836873477322616521e-01 3.636629646179410091e-01
2.734310687508724769e+01 5.654725599018441962e-01 2.305158354428092082e-01
3.017574778301826299e+01 5.125908699740675534e-01 3.573826668531050466e-01
2.488353421240708485e+01 6.451402657346971825e-01 3.581082458596189233e-01
2.226812051507747725e+01 8.708394449255538738e-01 2.867056732785204787e-01
2.396846825621202726e+01 7.647339529996890484e-01 3.027881325669212198e-01
2.695317052659985535e+01 6.959920568454903700e-01 2.267180949035094151e-01
2.427109877907537339e+01 8.198095546291078728e-01 2.874534970348966434e-01
2.883220712604983049e+01 5.960609247648106512e-01 3.048946560184676025e-01
2.524950041870118511e+01 7.886594049843728138e-01 2.511508931322061211e-01
2.254885326233215537e+01 8.430376945362061392e-01 3.201264673501743596e-01
2.543377195082426567e+01 7.226503186591872741e-01 3.087521215633626248e-01
3.006318836582616072e+01 5.332526321488890719e-01 2.280713060351213795e-01
2.742136558024289883e+01 6.291342962311784470e-01 2.299916246439993595e-01
3.176192223658348013e+01 4.561558428161934242e-01 2.868013370086377467e-01
2.076329260845048807e+01 8.788243502710387789e-01 3.447061372451390437e-01
2.232801237493648117e+01 9.172190861079499991e-01 3.432929226457992478e-01
2.036246646734529619e+01 9.809030703311479860e-01 3.207843972698408708e-01
2.665635241937162903e+01 7.790809180114937060e-01 2.181323794474891720e-01
2.262869397553132345e+01 9.943006381071451960e-01 2.439877454014241775e-01
2.270555582668062655e+01 9.539359805462351849e-01 2.370510202174704317e-01
2.960500590322826397e+01 5.275692571177842405e-01 2.891496500542257708e-01
2.885790888576054414e+01 5.167363236937877469e-01 3.145413325051542031e-01
2.412616597782101380e+01 7.345024302420386508e-01 3.097105039005391136e-01
2.205840467286505557e+01 8.577081463315778809e-01 3.046589917448495055e-01
2.721718404269106628e+01 7.178852829335008456e-01 1.973081766609519616e-01
2.581830970215937171e+01 6.772176678949736184e-01 2.630859407993128563e-01
2.861170208085552957e+01 6.761073176027796450e-01 1.737182536396606747e-01
2.086529739966628938e+01 8.940136433719921838e-01 3.491689795157307263e-01
2.489604476710800185e+01 7.651387958510410536e-01 2.756956093668412877e-01
2.584888013835016451e+01 6.895992235147343496e-01 3.000868439999247461e-01
2.640031832434976522e+01 5.825759974385483764e-01 3.503070895596109846e-01
2.595303372093211891e+01 6.387366855053725478e-01 2.935407999305860161e-01
3.091657560439777441e+01 4.833497549737226229e-01 2.655745739975900466e-01
2.955903185089096041e+01 5.523230751247715231e-01 2.537803060313335024e-01
2.737967283984869127e+01 5.596035815697363303e-01 3.184977487188813683e-01
2.435801436286268995e+01 6.015808501546652254e-01 3.181714864637466555e-01
2.494972575045991903e+01 7.828781329908931497e-01 2.902636013707118323e-01
2.428886362837859636e+01 8.023778774932467384e-01 3.632398166752093815e-01
2.604995373980925777e+01 6.422264731977073149e-01 2.888512714973380802e-01
2.157321044269029287e+01 9.283707095541482435e-01 3.246973173472727514e-01
2.479841211067354578e+01 6.545822495620797765e-01 3.711216608649418602e-01
2.237235571793606681e+01 8.882680389303494461e-01 3.368089787711940897e-01
2.489737553275796600e+01 8.932803298409827120e-01 1.936618765659885166e-01
2.695376576649097444e+01 6.156806512184106461e-01 3.432577960965758068e-01
2.648631845354839243e+01 6.953825398194257712e-01 2.915177343349197869e-01
2.279741461095306576e+01 8.478014408868796981e-01 3.285296388586328997e-01
2.398159269654000880e+01 7.913358732774412596e-01 2.919422989145383784e-01
2.479207419558809988e+01 6.780766988193963618e-01 3.019954177833283349e-01
2.478885524582669575e+01 8.238718480335434080e-01 1.952150152229395752e-01
2.444520891584162214e+01 7.095345693735770620e-01 3.139165678876825738e-01
2.316856318034997742e+01 9.035036710680294236e-01 2.276879571075040576e-01
2.493979413631245734e+01 6.547712413744224413e-01 3.458817188521908226e-01
2.231936057042714694e+01 8.734816958915446738e-01 3.368173297730360227e-01
2.134466823332579111e+01 9.430860054381108304e-01 3.005421164925115574e-01
2.780588223166983397e+01 6.078410846772426268e-01 2.656486748662525432e-01
2.470677897645570553e+01 8.883594851730530761e-01 1.820547319353382765e-01
2.416399914116009029e+01 9.066629634973948360e-01 2.122921718740647667e-01
2.341343060170741097e+01 8.634942315632887500e-01 2.495289775205578042e-01
2.273899057574499238e+01 8.580233199007163414e-01 3.416309707494786796e-01
2.515752419645373905e+01 7.008179707909121259e-01 2.957257536731287551e-01
2.346788087437378323e+01 7.288109101378448251e-01 3.061351880932421943e-01
2.271532435136876060e+01 8.515833031099844241e-01 2.791321642849080020e-01
2.511167170415087924e+01 7.689654134376098238e-01 2.209980028900977445e-01
2.356769503109595476e+01 8.761371141695522002e-01 2.911692025821727148e-01
2.423864828776880387e+01 6.892289087788242563e-01 3.273222424797813113e-01
2.666172284815910842e+01 6.838076437798936702e-01 2.629422033889660115e-01
2.175932253907048164e+01 9.020919814563036487e-01 3.335274086726937592e-01
2.765514346855553285e+01 5.598929764004212384e-01 2.799851875745446028e-01
2.616563877497211621e+01 7.821402542007001024e-01 2.025606281050378321e-01
2.038937107960879658e+01 9.235210023882908237e-01 3.289867497237145555e-01
2.297104755596462766e+01 8.932803298409827120e-01 2.937611107022936041e-01
2.399623259034901679e+01 7.548131155352153510e-01 3.556346762984454735e-01
2.850471173208287823e+01 7.270581343284867604e-01 1.192519784050710685e-01
2.481412932665192983e+01 7.037349206190638418e-01 3.231806592034918157e-01
2.658006698381596422e+01 7.480262688464960341e-01 1.958391233307840984e-01
2.242996700258071741e+01 9.116249671941294430e-01 3.126251588605764020e-01
2.894476493885871804e+01 4.835475870682897082e-01 2.701716554845037255e-01
2.761288282986205189e+01 7.499062241314430333e-01 2.644713416970823627e-01
2.215110130194545945e+01 9.251322067306220198e-01 3.219028074883252821e-01
2.422252632210351919e+01 7.781784990631817056e-01 2.791452298568208312e-01
2.379883493567412955e+01 8.708172651466148384e-01 2.254051964655099383e-01
2.397411969277571586e+01 7.952886136703244402e-01 3.211299687280788628e-01
2.959572013166716786e+01 5.949198855843605971e-01 1.618996546465490682e-01
2.692845861914069872e+01 6.255445941905624085e-01 3.211739856031643470e-01
3.319373163851235375e+01 3.990890972430564121e-01 2.832208039719206205e-01
2.615366855020927517e+01 6.296512473707923663e-01 3.624976523499935932e-01
2.507984768540543286e+01 6.545960628730290720e-01 3.747569535704948218e-01
2.181079030022606702e+01 9.074220695757280186e-01 3.249870638433703940e-01
2.802160482023709420e+01 6.555591840176056007e-01 1.682064681876782042e-01
2.376828134393915448e+01 8.040361764416551482e-01 3.006101094424649678e-01
2.462788907819712492e+01 7.003575639002124209e-01 3.723755979525558701e-01
2.811250569951116773e+01 7.000756311140454713e-01 1.624603067868206907e-01
2.697667706053639236e+01 6.783429050570060070e-01 3.191936101003387538e-01
2.595389532158181822e+01 9.077318074224596245e-01 1.967074157909882992e-01
2.483365972035641178e+01 6.484038576528913245e-01 3.259214860308728423e-01
2.768672612710468073e+01 5.624352556510291423e-01 3.159608265973815611e-01
2.770013455089550192e+01 5.028263126684409112e-01 2.566605384548449886e-01
2.254230258680494359e+01 8.309689148112513468e-01 3.095353895781434161e-01
2.627967091826163681e+01 6.768154238085030139e-01 2.569746060650094366e-01
2.286811017338244767e+01 7.639697553519561035e-01 3.362829620948993292e-01
2.807270749475669902e+01 6.636346691038452761e-01 2.156218635617484225e-01
3.151585783052343004e+01 5.341613258537054598e-01 2.171882868073876371e-01
2.590274009864320348e+01 7.086138556260944688e-01 2.721233689761651808e-01
2.298093250156038536e+01 8.104022345404831018e-01 3.316450060467355243e-01
2.671895135170321112e+01 6.369453581563703226e-01 2.983749078830741919e-01
2.292821398788735721e+01 9.241756396061076018e-01 2.038471908270645949e-01
2.599018037581919316e+01 8.485086613733088257e-01 1.935618972795314918e-01
2.613832566465592677e+01 6.150405474202932377e-01 3.337275098358484793e-01
2.844123088302064062e+01 5.038748489929893992e-01 3.231329950092262648e-01
2.101567258778636926e+01 9.641717666050964031e-01 3.552918604448108697e-01
2.344091831028360673e+01 8.025420890977980060e-01 3.470863889384016021e-01
2.188348972939684245e+01 9.140128169860668450e-01 2.963758683282877726e-01
2.210574655093172325e+01 9.546335584364440408e-01 2.938986672130484701e-01
2.318797845856946438e+01 8.495423682817403455e-01 2.903858804880889988e-01
2.817943819515597426e+01 7.182247557904298807e-01 1.545858286696733530e-01
2.913507786205221350e+01 5.050668301975093089e-01 3.218920567966929713e-01
2.516561545099871466e+01 8.667918452650632544e-01 2.501654116609907663e-01
2.199331863184321634e+01 8.321277466442903448e-01 3.480683609554571789e-01
2.517317470781999589e+01 6.520437539065492283e-01 2.903541717330330174e-01
2.278810912687916002e+01 7.731913373915172416e-01 3.437669544894654261e-01
2.657955665785552313e+01 6.430241910901867142e-01 3.503010777041186130e-01
2.354846249170068617e+01 8.894927549149282964e-01 2.506695505228718202e-01
2.189887531124039199e+01 9.049321620501667995e-01 3.500464558024563577e-01
2.603810789319459218e+01 6.884517237777204590e-01 3.301626271028818005e-01
2.968013135031971927e+01 5.119272741342365540e-01 2.556939374730403669e-01
2.299284476678404232e+01 8.747858851399820113e-01 3.629596649681212095e-01
2.571231145434679277e+01 7.048899486223294542e-01 2.606746794256066257e-01
2.301874744872183953e+01 8.544956101056010445e-01 3.564935741859323604e-01
2.596217472847741092e+01 6.068412582281913492e-01 3.446489504482024846e-01
2.288751630417031890e+01 7.810937251671992154e-01 3.231574189848642753e-01
2.766170465630958475e+01 5.840311302408931482e-01 2.636910643909515239e-01
2.574546580153772268e+01 7.127612004865353512e-01 2.808157076742601177e-01
2.190417055535192148e+01 9.267886419095727746e-01 3.341235599930021949e-01
2.395895052290786253e+01 8.903582193964804103e-01 2.796507080176960924e-01
2.187833836218150552e+01 8.392613985418313494e-01 3.195784580196671110e-01
3.233628523806110167e+01 3.933138909183871990e-01 2.894955216105151719e-01
2.250099123120740074e+01 8.601289537289242837e-01 2.966147002242294772e-01
2.757853011836353119e+01 6.127692646611988536e-01 3.141328361031060501e-01
2.240883819126616672e+01 8.561483063756297751e-01 2.893260129505847988e-01
2.489543427532420239e+01 8.152678637112245053e-01 2.476450362943312389e-01
2.562578388835174437e+01 7.107657104166281714e-01 2.665578989274621224e-01
2.712981557063669769e+01 5.825759974385483764e-01 3.139985012866557401e-01
2.485154257726581406e+01 7.328657161884145621e-01 2.855167803235352242e-01
3.096408404987864316e+01 5.008252056649146189e-01 2.938454738549586276e-01
2.268338868417913190e+01 8.694007212447657507e-01 3.012494919062468357e-01
2.473131817422927980e+01 7.511784164101008576e-01 2.890567245711923028e-01
2.776801673578991725e+01 6.846429767685721091e-01 1.946087945576987777e-01
2.729659080997772946e+01 6.459289705583035612e-01 3.526339335571453404e-01
2.382485785202754158e+01 8.457130675399453512e-01 2.533974886846463992e-01
2.436229460063421115e+01 7.809668418990971528e-01 2.662572432400077682e-01
2.557383198022224846e+01 8.560281542710205249e-01 1.551909007162899923e-01
2.309181311767862255e+01 8.244054758763170732e-01 3.454045744123532824e-01
2.216144999093808821e+01 8.887535903632208800e-01 3.168824698714872157e-01
2.534713351565227413e+01 6.866968722248184553e-01 2.941072796158301084e-01
3.236069504876080316e+01 3.798195006865550116e-01 2.732364350616071080e-01
2.778030748691836749e+01 6.172178151370478760e-01 2.212402622244487027e-01
2.559663185615143988e+01 7.834638799056656833e-01 2.024500400275592582e-01
2.372757789717952548e+01 8.450953182510729800e-01 2.670011296674975054e-01
2.268120773942361268e+01 8.455344974576387562e-01 3.066858405642007290e-01
2.776151764464558269e+01 5.575337374055634454e-01 3.462821621788590432e-01
2.539828675589801676e+01 6.528439052336564297e-01 3.138229094232528049e-01
2.907466743818031318e+01 5.395999195228986522e-01 2.966671099561002944e-01
2.166451365734463153e+01 7.610583169744863374e-01 2.962517619443310601e-01
2.550201880057174364e+01 7.509870440261563473e-01 3.130067176975532273e-01
2.721979620286015944e+01 6.882249127385725584e-01 2.086155882586350208e-01
2.212114633851729906e+01 9.652953276675672045e-01 2.859317760793156360e-01
2.678526749634460558e+01 6.158513799146027035e-01 2.956699052841709752e-01
2.078069182029072692e+01 9.927152919459599767e-01 3.397363880261086710e-01
2.418513267302800429e+01 7.250835582806883783e-01 3.216597333637040701e-01
2.458697254998565995e+01 6.799382926488751755e-01 3.153203361761129364e-01
3.018626461415961515e+01 4.715232289827708811e-01 2.872580790195856659e-01
2.333747093268997119e+01 9.272846285953819656e-01 2.232856371771985982e-01
2.274019300787496434e+01 8.821761781966791505e-01 2.968434784079186928e-01
2.097230711355723898e+01 9.946286756073644542e-01 3.118795109678008104e-01
2.264076744347530123e+01 8.993249961414924165e-01 2.969385456261172118e-01
2.676523550816214225e+01 6.325671548946866229e-01 3.622050883460931070e-01
2.973858210284035408e+01 4.957260759585184196e-01 3.227924204309259304e-01
2.593844777151554482e+01 7.156353993482951203e-01 2.879275311410850469e-01
2.677852948763569074e+01 7.134979657625150073e-01 2.238524156127425224e-01
2.482290846182863930e+01 7.121330985761893384e-01 3.390866364880152362e-01
2.530110876427938038e+01 6.984432082026087452e-01 3.230263271014951476e-01
2.704240182708709384e+01 5.499252450589523500e-01 2.880937581923392332e-01
2.272572752474496127e+01 8.332721506820770507e-01 3.352078153256186077e-01
2.312668440854127283e+01 7.293781207648940557e-01 3.817851031078970947e-01
2.991714173163827795e+01 5.879630133775729517e-01 2.216669068137803733e-01
2.321108695098435248e+01 8.786217200182907527e-01 2.707199392378804581e-01
2.200081362624149151e+01 6.278152195537296532e-01 2.406009370237463529e-01
2.253145123368455316e+01 8.840574705905237529e-01 2.377984316565153189e-01
2.778254123762170380e+01 5.677311643519552531e-01 2.967713317460410893e-01
2.750973501832291035e+01 6.109818895733827304e-01 3.185584294374398939e-01
2.465138735242785017e+01 7.059221085135075624e-01 3.029012745133288220e-01
2.452481022604177952e+01 9.295515365199014113e-01 1.963569434206971498e-01
2.325829657999374334e+01 8.511627257363928445e-01 3.083320567068021378e-01
2.167647613856002664e+01 9.563588520587612551e-01 2.854763302800865654e-01
2.223075593214791468e+01 9.218849743035132382e-01 2.668482388074563949e-01
2.597090902004947210e+01 6.596855747147806204e-01 3.420622271285291838e-01
2.679079690666764790e+01 6.116553736667842411e-01 3.407383559785200910e-01
2.300252770304483363e+01 8.058525737115175280e-01 2.828040631418989870e-01
2.805963451948464993e+01 5.833731623512985465e-01 3.524665823301318945e-01
2.206788574939099590e+01 8.318553480387234078e-01 3.266490651832352765e-01
2.872510633649520173e+01 5.754309996241967484e-01 2.483572934398833310e-01
2.344720127205378546e+01 9.897870337802523455e-01 2.139954645216687878e-01
2.433910337144798675e+01 8.704948380570366462e-01 1.897842561435823250e-01
2.524640437888107769e+01 7.388020551212035603e-01 3.049080774273841277e-01
2.215658703411351382e+01 9.015646485754520434e-01 3.765922952411218105e-01
2.425036632689471361e+01 7.555830709046387206e-01 3.166002348010065193e-01
2.745218638917555509e+01 5.943853222165558225e-01 3.204279428283680620e-01
2.749156593070864929e+01 6.409020066380658465e-01 2.424295540708604202e-01
2.789379487437220817e+01 5.957848325677753687e-01 2.561162494312124727e-01
2.527440630518947273e+01 7.177261337924154549e-01 2.798720812428396876e-01
2.198942869462324268e+01 8.631006783742346533e-01 3.365768801072330785e-01
2.307855217955655291e+01 8.985333805976951638e-01 2.200297826716191285e-01
2.243566715360734776e+01 8.958663723863394823e-01 3.396794396268850158e-01
2.292254887245017869e+01 7.909045481398593314e-01 3.279493118055805678e-01
2.421290942437656923e+01 8.073399307962394467e-01 3.274216012901786099e-01
2.264358557520147741e+01 7.694818206337438182e-01 3.089376636737124482e-01
2.480335080282979021e+01 6.715525950583906001e-01 3.268404040088535578e-01
2.889310354348975807e+01 5.546092830626341286e-01 2.830665263840467794e-01
2.508503256894841371e+01 7.099889898755301632e-01 3.050105839018381615e-01
2.256552623643912625e+01 7.707292849339615337e-01 3.012032909113055990e-01
2.149292658162683978e+01 9.200015315787067882e-01 3.123475713219980854e-01
2.988153659786719274e+01 5.181346532164126106e-01 2.511789638913188294e-01
2.185681628583580505e+01 9.761755717185047754e-01 3.022122997137872691e-01
2.424799066026695726e+01 7.820226978913245031e-01 3.037142929867808760e-01
2.554828001247757285e+01 6.838761062794761481e-01 2.991606082205779393e-01
2.525998376281754432e+01 6.976423308201740170e-01 3.523335692037570244e-01
2.485976490172491538e+01 8.661132302584746423e-01 1.891586310998783493e-01
2.609180338844996783e+01 7.594893089819777510e-01 1.961981138419939541e-01
2.433149223286832097e+01 7.211036210962280535e-01 3.892239192111095480e-01
2.893819677161672743e+01 5.599405174809801711e-01 2.487881081603774969e-01
2.507797942855470907e+01 8.747858851399820113e-01 2.496349671743106069e-01
2.715850798822005530e+01 6.315431833988427446e-01 2.446202499291034449e-01
2.646369461367319431e+01 6.922340319253698082e-01 3.216008766186977952e-01
2.472039350791785850e+01 8.209784917833875539e-01 2.911639529434168483e-01
2.167039974953239678e+01 8.481047183181200655e-01 3.359186879155139360e-01
2.615524350143194710e+01 7.511825601380849315e-01 2.033081625975659834e-01
2.447182026686044054e+01 7.628453484045624178e-01 2.762778844978395765e-01
2.211376520602680174e+01 8.617737657903683512e-01 3.502782869315327341e-01
2.193518733640861385e+01 8.601382085291070512e-01 3.401767465740317409e-01
2.929748698843414445e+01 4.716179054642776758e-01 3.129103194135705035e-01
3.029955040660695786e+01 6.023774691668043468e-01 2.222874433121752868e-01
2.579087767241336948e+01 7.240447886243157605e-01 2.379474016175416595e-01
3.125305447927553359e+01 5.505916337760037305e-01 1.732922944960743061e-01
2.278441110797366775e+01 8.785532236075515033e-01 3.040525321982941453e-01
2.093906609863927670e+01 9.518638837625550408e-01 3.052941268367333483e-01
2.744906100212394051e+01 5.675077300165937144e-01 2.912046789963981808e-01
2.461872605376041534e+01 6.687277993113486252e-01 3.299381506785514229e-01
2.467597674131900476e+01 7.047913233038241021e-01 3.867638699261818913e-01
2.237907089242964531e+01 8.549226109689959108e-01 3.150136188162807049e-01
2.311104856154331344e+01 7.707297639351801122e-01 3.910721495127668645e-01
2.162665127202263804e+01 9.539592378099391867e-01 3.180698038478160794e-01
2.948009692376296087e+01 5.657715703724521816e-01 1.989137312337077301e-01
2.484584761893006899e+01 8.247074549991728620e-01 1.858727644111986266e-01
2.190245502532156152e+01 8.723865717352784488e-01 3.079005511885274382e-01
2.802125730001491632e+01 5.576834664516349127e-01 2.972517118273864667e-01
2.152634564670422179e+01 9.515130564603999641e-01 3.083710752508566078e-01
2.463930425019870540e+01 9.576101454400616220e-01 1.904507003181085123e-01
2.698959737458973152e+01 6.693887009511263475e-01 2.629547053596293371e-01
2.315536644723106718e+01 9.449831041019379763e-01 2.691999527182750152e-01
2.518750777698046761e+01 8.126565759289217095e-01 2.211704418057103272e-01
2.370722316077865699e+01 7.772966474668439041e-01 3.413098102779059118e-01
2.481524596482955758e+01 7.084530406310476369e-01 2.525530895020280386e-01
2.253099604975776415e+01 9.049211922753791493e-01 2.922891618150649795e-01
2.356473164160282252e+01 8.009098364735289799e-01 3.198848377754943129e-01
2.609893142333503135e+01 7.308427051715562506e-01 2.886678559540142297e-01
2.164598884979765359e+01 9.600110735257724182e-01 3.450291045618902874e-01
2.308296002324748031e+01 8.110777391890583443e-01 3.098694435006963954e-01
2.596827290060930338e+01 6.647503485216412766e-01 2.611727058379595956e-01
2.710981688504923781e+01 5.995191867608014036e-01 2.846727865287366765e-01
2.122466903524448512e+01 9.675738049830916454e-01 3.177165662068867635e-01
2.408792289427951161e+01 7.744367697569117803e-01 3.095941538193613951e-01
2.125058074731875735e+01 9.358267801183035584e-01 3.263356110188296300e-01
2.825478484576312610e+01 5.522614454732336364e-01 3.073117775143459074e-01
2.165517136090799966e+01 8.597660408564057333e-01 2.721908564405305375e-01
2.564016231047835603e+01 7.758071362838158125e-01 2.640404381042053550e-01
2.604059047092215451e+01 7.063165491779167526e-01 2.492823861396863128e-01
2.412429639986665464e+01 8.054552417003316700e-01 2.660691733239036738e-01
2.575792638917248212e+01 8.226969083061119736e-01 2.053939642071275495e-01
2.290112530049865569e+01 9.072366584043648485e-01 3.225272820694321529e-01
2.163964980851656250e+01 9.756634381782095522e-01 3.278920525179168100e-01
2.551593486751490758e+01 7.173366600877135735e-01 3.295753487437915741e-01
2.330433064762341644e+01 9.298666112042067722e-01 2.308814371772268392e-01
2.229557948688721325e+01 7.753653618704360317e-01 3.279198693809564080e-01
2.699599934996586725e+01 6.467314962962561475e-01 3.124202420031838012e-01
2.845289375313296532e+01 5.727343384265950466e-01 2.628448730647492959e-01
2.995764095273789707e+01 5.310439480838334836e-01 2.845355567452675927e-01
2.165113392973461259e+01 8.370254150141621663e-01 3.168954611122064002e-01
2.717863902085082728e+01 7.182316412752655088e-01 2.002326155836632038e-01
2.847494109046003530e+01 5.227667908739564995e-01 3.558884942850725208e-01
2.609751966243443988e+01 7.412342950303595357e-01 2.540448066836368257e-01
2.130236554939825311e+01 9.189370537301515540e-01 2.610510761213950537e-01
2.160808103590253992e+01 8.481047183181200655e-01 3.397715397262162651e-01
2.595280563273155039e+01 7.540044425443872544e-01 2.281032906824637108e-01
2.774448011218311194e+01 5.458706535017131545e-01 2.491444734183911880e-01
2.784986071010271047e+01 7.135372497489254062e-01 2.427796447629828602e-01
2.580723411739575113e+01 6.441184190037116952e-01 2.777926859574554319e-01
2.024810086536900755e+01 9.102448371672350325e-01 3.301798118788238368e-01
2.696118638226348807e+01 5.638056978174861289e-01 3.367992969222657895e-01
2.295144658472957033e+01 8.345310531084085826e-01 3.164710071086796472e-01
2.907002325037328916e+01 5.476050531926669462e-01 2.817820157581580331e-01
2.283287570303861358e+01 8.892490120502980488e-01 3.123105205715456800e-01
2.593059750177730294e+01 6.812488468315490708e-01 2.664139728268580809e-01
2.858494250634752376e+01 7.121330985761893384e-01 1.628508608201252039e-01
3.356927886328998056e+01 3.670694078252603743e-01 2.661322625693857136e-01
2.770198896560217605e+01 5.405674193746563549e-01 3.643873025482738948e-01
2.516600799473683381e+01 8.034485669538607988e-01 2.078537846112554766e-01
2.551189427007428634e+01 6.496410796324655346e-01 3.023196023108658537e-01
2.129525784740349081e+01 9.237544896671842087e-01 3.164607914535396693e-01
2.300508191636215827e+01 8.167229820493868697e-01 3.145998397202103836e-01
2.214358675702978019e+01 8.560328695987444725e-01 3.272829881848068334e-01
2.317972596369849825e+01 8.553061412818547815e-01 3.141345608530944911e-01
2.567621802486394955e+01 6.585702024342712235e-01 3.374295999023772530e-01
2.334819987264169328e+01 8.558256925093864487e-01 2.263721895558839792e-01
2.479092350694620706e+01 6.880201051966633452e-01 3.311975647358690322e-01
2.488817669982701020e+01 6.957941488871938196e-01 3.357497980248215774e-01
2.522396748120882037e+01 6.384176540978381276e-01 3.096421102116359014e-01
2.482066138860325211e+01 6.552954655070990508e-01 2.777213106239735940e-01
2.639430293806579542e+01 6.783319271300336517e-01 3.314650923899460366e-01
2.036944195187778917e+01 9.863143467082038374e-01 3.190700591344902692e-01
2.552518875321111125e+01 7.572404148690726755e-01 2.925460148007518746e-01
2.297163781462163001e+01 7.860465774145755091e-01 3.357384113234331835e-01
2.930865333235267300e+01 6.090594559096811356e-01 2.041196707268535526e-01
2.266301037744157298e+01 8.836764745835320456e-01 3.464150830717974694e-01
2.708090823854141505e+01 5.975953126520221481e-01 3.276062118489873609e-01
2.533474255637625916e+01 6.131762441550139275e-01 3.550080851861711628e-01
2.865118343925405497e+01 5.377152411365097029e-01 2.865816547562378691e-01
2.562846242590521229e+01 7.649830615906293430e-01 2.599935752431092317e-01
2.086522037622720305e+01 9.183299240054387802e-01 3.689901417262155814e-01
2.542147749903232423e+01 6.557491161803111757e-01 3.211788733081494818e-01
2.096742079243578161e+01 8.822049038558255063e-01 3.982893408891267639e-01
2.443594823796163951e+01 6.930630339468385470e-01 3.642367251462474420e-01
2.776634717384184370e+01 6.270312690207952011e-01 2.002663076761048988e-01
2.224510334773178144e+01 9.397389138128892094e-01 2.644559371250599922e-01
2.464598823472129752e+01 8.792993529801662600e-01 2.220217226903412611e-01
2.187438410639055064e+01 9.163426628061952517e-01 3.229844488076535347e-01
2.447646240537706319e+01 7.537969918766559418e-01 2.931753974809085950e-01
2.444895935769924833e+01 7.381499813671340560e-01 3.646016794368627245e-01
2.371395478415237079e+01 7.507104464529924526e-01 2.978487257877301397e-01
2.194474546601488640e+01 9.464433672713011836e-01 3.297257899477978871e-01
2.412626738147028860e+01 8.654342632512047606e-01 2.862012390624890656e-01
2.096503705425384467e+01 9.282538115038367899e-01 3.074108063376150835e-01
2.320359775144705594e+01 8.418191290670860027e-01 2.897920538263769052e-01
2.646985439170280685e+01 6.424872954394622582e-01 3.146326188672860513e-01
2.198576266182735850e+01 8.549898579426216116e-01 3.530757362195341420e-01
2.760325616854913733e+01 5.595809432613406686e-01 3.492862498749773059e-01
2.175295332553454131e+01 8.834776649041329311e-01 2.971028612873026775e-01
3.002040948225962680e+01 4.990397299228794270e-01 2.908417529381141509e-01
2.372146810703893394e+01 8.059919978250110750e-01 3.289935874856455555e-01
2.201135015978611165e+01 9.471923711541615498e-01 3.013056351413899159e-01
2.751707286133478902e+01 5.613218997803358645e-01 3.236796727452921907e-01
2.284090688143216497e+01 8.987257318311426824e-01 3.095902082730460636e-01
2.154168085726724868e+01 9.647307714281946334e-01 2.675278303915900047e-01
2.309239425309844052e+01 8.246383181355955161e-01 3.107152367251320713e-01
2.278454184504029101e+01 8.840304034728432292e-01 2.816840996237446881e-01
2.289873712067844735e+01 8.104022345404831018e-01 3.364249669631259043e-01
2.290968783458553304e+01 7.964536321936511731e-01 3.724140733395034930e-01
2.941332212742734953e+01 6.291514223934754346e-01 1.742148625841349330e-01
3.173984050676392243e+01 6.406041700859905763e-01 2.135795701869213636e-01
2.977131054192040338e+01 6.502401701011694124e-01 1.395589371932160205e-01
2.640273053689862337e+01 6.857750968636483480e-01 2.603008220493191471e-01
2.433680856491448452e+01 6.907357142052752419e-01 3.025955689893635170e-01
2.436305625011528520e+01 7.913975220686081391e-01 3.008948743797290604e-01
2.551318637977281867e+01 9.043936039895463797e-01 1.388909863111632004e-01
2.282367214429156732e+01 9.004835972988962656e-01 3.261376963640869597e-01
3.373576931904792531e+01 4.795444047420456268e-01 1.877039951591292222e-01
2.547224379936870164e+01 9.172190861079499991e-01 1.774801323448130519e-01
2.316054188974226946e+01 8.714678874941357289e-01 3.307196846568674631e-01
2.184586932483881583e+01 8.842384668537065506e-01 3.367914348364102750e-01
2.206720980950256106e+01 9.305577967091256397e-01 3.128952527348578538e-01
2.490534565178938209e+01 7.502913577744236839e-01 2.676455264427015091e-01
2.198449442698307266e+01 8.828096081534242412e-01 3.904419363167890844e-01
2.209433703862138643e+01 8.664403941918898955e-01 3.413769758374808894e-01
2.825243691132162738e+01 5.581592583421508547e-01 3.226416934330200714e-01
2.218369047110934034e+01 9.515130564603999641e-01 2.696015587072687625e-01
3.096163599300820835e+01 4.990397299228794270e-01 2.516004648058948745e-01
2.183805120887631546e+01 9.942117873796848526e-01 2.893019496426378345e-01
2.781757363179981013e+01 6.043185140997359150e-01 2.563445130975939290e-01
2.397461134383797088e+01 7.726493177642753674e-01 3.211913446989504428e-01
2.409466570343102987e+01 9.180576145184323744e-01 2.360573650025386272e-01
2.993130522117933268e+01 6.430547185761520401e-01 1.418523765484283050e-01
2.171272392946487173e+01 8.803946052676239198e-01 3.406419247332738709e-01
2.902050849778185793e+01 6.166012331422546788e-01 3.231333628401066860e-01
2.798391766714387074e+01 5.398324948002111157e-01 2.726232410915599980e-01
2.456875824544535547e+01 7.775399709932965253e-01 2.640833814121414935e-01
2.258536445226212663e+01 8.359542767779121197e-01 3.724619350517196503e-01
2.583882784321637516e+01 6.820712382257334561e-01 3.034530515223094471e-01
2.506952323858421394e+01 7.067694386305106713e-01 2.441177960654909995e-01
2.263578613476512658e+01 7.915613893075132967e-01 2.780092031162040289e-01
2.590009795071728504e+01 7.328519995925787400e-01 2.713873925364074235e-01
2.430215552160099080e+01 7.601052927580637109e-01 3.256157862772867673e-01
2.238295515832905735e+01 8.547744634475952230e-01 3.449604302494324037e-01
2.355214761679131286e+01 7.958622066126117556e-01 3.351109848505591793e-01
2.210594647739011265e+01 8.667770969535788517e-01 3.078176512174953250e-01
2.506634078283430966e+01 6.823591903889458798e-01 3.716299597883458983e-01
2.339703844671703337e+01 8.489805566234156498e-01 2.369761269534071957e-01
2.254408489475101618e+01 8.493192202722842366e-01 2.825169056532390588e-01
2.426463098584739342e+01 8.632106202030332964e-01 2.050231061438444191e-01
2.540221228159795430e+01 7.550863407704431207e-01 2.332425480395732831e-01
2.342954186608353595e+01 8.583646324407772088e-01 2.344479531572962738e-01
2.741889807398361611e+01 7.146296412969889156e-01 2.023202723555118099e-01
2.364530829339043194e+01 8.423915410692560668e-01 3.214713300538508678e-01
2.660135126650776627e+01 7.856773735617184062e-01 1.416488469229144898e-01
2.536255588978682241e+01 7.559202119203991543e-01 2.478429673069519334e-01
2.183294115188885343e+01 9.805596409579016015e-01 3.053287141542277427e-01
2.425402606613920753e+01 7.335944443679870419e-01 2.882269489938573681e-01
2.218403572044582361e+01 8.261776830436382557e-01 3.098258750647220894e-01
2.992270486502809490e+01 5.648672277637708516e-01 2.193145026351461802e-01
2.170821282015075226e+01 9.250345164636556428e-01 2.907539755640471402e-01
2.934243967217297211e+01 6.321527804510802540e-01 2.146391506020474960e-01
2.756258617329235960e+01 5.957848325677753687e-01 2.712105017906859539e-01
2.220455349140754109e+01 9.016891701653627633e-01 3.300275104125919290e-01
2.084865552700527758e+01 9.578035851933544009e-01 3.357207597357292350e-01
2.342227040099845681e+01 9.289934892911494435e-01 2.317602651692614590e-01
2.248536998364840400e+01 9.019893844038036068e-01 2.851681791767070040e-01
3.106643967436029996e+01 4.686367031807009975e-01 2.359439447349750418e-01
2.877482655963751412e+01 5.870507783430123361e-01 2.398486547280662962e-01
2.534914248145931737e+01 6.527852694589678650e-01 2.852735363269132129e-01
2.906857179156756388e+01 4.645208816805398988e-01 3.081831564573521143e-01
2.478429936449724735e+01 7.363622031431664716e-01 3.180287858689139213e-01
2.968141558891210963e+01 4.432069469124587102e-01 3.207820861025471038e-01
2.725907412964594556e+01 5.360727387553053669e-01 2.837459127763306554e-01
2.177311410370518985e+01 8.431856117549312302e-01 3.512339971154342932e-01
2.156883114200866203e+01 9.357471552032587958e-01 2.684337329116922022e-01
2.229305035445086958e+01 9.583133325370799538e-01 2.465085108665695524e-01
2.432409461100934678e+01 8.795347390134015120e-01 2.106650821310063204e-01
2.320799573908432833e+01 8.461221496975116496e-01 2.912339064908131547e-01
2.343193855848035412e+01 8.535584122649403360e-01 3.603750675790134972e-01
2.385695951417839566e+01 8.169004443139887828e-01 3.397854400098214711e-01
2.129421846148147068e+01 9.943645392284468087e-01 2.410217377924591398e-01
2.445110425764895368e+01 7.671523179304963191e-01 3.078719743299996869e-01
2.248096786470287611e+01 8.986149909597044294e-01 3.234951528361718620e-01
2.459462355690404678e+01 6.745682981774429043e-01 3.452616960552035708e-01
2.194287719747895693e+01 9.163374228804708199e-01 3.216037139984457283e-01
2.957376100528490426e+01 5.599193278884082581e-01 2.860376464529963969e-01
2.335656571355056244e+01 8.311994111600382595e-01 2.834757201743998700e-01
2.307518014402063855e+01 8.405877367566553238e-01 3.666022888307291505e-01
2.613232103418716790e+01 5.986839673286266095e-01 2.960546426661284092e-01
2.663225775502921877e+01 5.921012123957264395e-01 3.063865377102658605e-01
2.760645223610180210e+01 5.274623010839241122e-01 3.090000732778961923e-01
2.349289921514850832e+01 9.256598025836731969e-01 2.326704650112693396e-01
2.822274303782733540e+01 6.625289833429982567e-01 2.034385160392499226e-01
2.332598426696714355e+01 7.790072794066925654e-01 3.399582046474519115e-01
2.385276632610365866e+01 8.161001910525057523e-01 2.900880585210774965e-01
2.102743716284467013e+01 8.863538809616556824e-01 3.393873338860989297e-01
2.640841013894949540e+01 6.721503291502850530e-01 2.444698801283962108e-01
2.760148087070357548e+01 5.835811454245828367e-01 2.707516369974364845e-01
2.478281958065456436e+01 8.622372467026809817e-01 2.065502838644412142e-01
2.336094284718966918e+01 7.671657234765274502e-01 2.827104708920102349e-01
2.651361790416945752e+01 5.762520091042055981e-01 2.930689475844261982e-01
2.594121774403863512e+01 6.686403815821813090e-01 3.631033573250800339e-01
2.492153614199614609e+01 9.891949664128918407e-01 1.650486083429042738e-01
2.461765461446471548e+01 6.680208080592646702e-01 3.202728898837755578e-01
2.120832977546921327e+01 9.120133309771260022e-01 3.338343612857249121e-01
2.152616469092720308e+01 8.472796843423697766e-01 3.765386647110926521e-01
2.183648409294901782e+01 9.543551334534635666e-01 3.312369278984124699e-01
2.371674572615610188e+01 8.514096332770785258e-01 2.964004992510931302e-01
2.179598504966707750e+01 9.740425905443568233e-01 2.685321143777496533e-01
2.389009737226711039e+01 7.757004026747934544e-01 2.973677552264712975e-01
2.400173522764510636e+01 7.557237084512935521e-01 3.235453478134550642e-01
2.032624800901603024e+01 9.913003286303946338e-01 3.747819561979627290e-01
2.835095727130361709e+01 6.694173635436576619e-01 1.891192483339325658e-01
2.205082381997043939e+01 8.409678685072419224e-01 3.221013073260807213e-01
2.950567244708261327e+01 4.978627375638923769e-01 2.319508076012034292e-01
2.437893507774607826e+01 9.833806217068907785e-01 1.683897557117355614e-01
2.343801819041387091e+01 8.025839583821674506e-01 2.926931685884568979e-01
2.173868915504211685e+01 9.283130082358715951e-01 3.257032102745555657e-01
2.136779566361309790e+01 9.297839165081159818e-01 2.661796483795638157e-01
2.475563346411671972e+01 7.871496127506606433e-01 2.854032212960530557e-01
2.351850754053271331e+01 9.221499351958104551e-01 2.180320520181758537e-01
2.247148201034136505e+01 9.476843168289608155e-01 2.176673077195200312e-01
2.182961827415477885e+01 8.947500281037904513e-01 3.455692001163637728e-01
2.303374665114735365e+01 7.919191978069676230e-01 2.959797401658514904e-01
2.548077558314960456e+01 7.175766404146696198e-01 3.056394963896051364e-01
2.241786685225722664e+01 8.661132302584746423e-01 3.186894272691881969e-01
2.700955007591543833e+01 6.042192561333967760e-01 2.489429444469066499e-01
2.290564863658022077e+01 8.140804412275940427e-01 3.971062556549278533e-01
2.162728569300424653e+01 8.765707885257320031e-01 2.865599222652546740e-01
2.751350438247490970e+01 5.942278147119184339e-01 2.929151992233478552e-01
2.178075553067478509e+01 9.170520951439063984e-01 2.933610112985489682e-01
2.106840300608698868e+01 9.959796816225016114e-01 3.073293211660277358e-01
2.593558108560963049e+01 6.316616795410622265e-01 2.822911462914027836e-01
2.579529661170810684e+01 8.550849311126965668e-01 1.705554099461300266e-01
2.934852784104943169e+01 5.335806894365709985e-01 2.340547436025990358e-01
2.202799965875931321e+01 8.296781522612711735e-01 3.170599895330694640e-01
2.665719802388789361e+01 6.011962860124152597e-01 3.256972832753043390e-01
2.869170375047266575e+01 5.577560260325845620e-01 2.822912964655820978e-01
2.916018145395529260e+01 5.249576558136821447e-01 3.082255355727762658e-01
2.176199500630673356e+01 9.235210023882908237e-01 2.451617598546042276e-01
2.337060386875409534e+01 8.013029865474927682e-01 3.468134232544331508e-01
2.341087324755747900e+01 8.264276504329358675e-01 3.462605032594529564e-01
2.377774082188332372e+01 9.512710185039916500e-01 2.309199691950286903e-01
2.193493221471450738e+01 8.981563546474063964e-01 3.607858327447535651e-01
2.270910595877964155e+01 8.778360221838992228e-01 2.979723663935904265e-01
3.313473798705410900e+01 4.517016889090602061e-01 2.905680442292180032e-01
2.505098654845138739e+01 6.352668702795779554e-01 2.904623112337436641e-01
2.583032209743469210e+01 8.274892114119888342e-01 2.015170342410192161e-01
2.264323578293342010e+01 7.990471528354532449e-01 3.077863201124038106e-01
2.738334751756872620e+01 7.600156385653875635e-01 1.892500352305863109e-01
2.241399036953417223e+01 9.712459518560335736e-01 2.493930147335029490e-01
2.103849116953042042e+01 8.936197573457858034e-01 3.901568683954624861e-01
2.347333229473090555e+01 7.658398669590876784e-01 3.554778077734682129e-01
2.451987231059649019e+01 7.598115641840520462e-01 2.921157010392794184e-01
2.797910796504481823e+01 6.081947719055533774e-01 2.588737297845291052e-01
2.562442582401816793e+01 6.689378820406738368e-01 3.106674947822700705e-01
2.661681621501519501e+01 6.349659072673845550e-01 1.776536211839380153e-01
2.954541121007089188e+01 6.463422862176219086e-01 1.432588553205298987e-01
2.163000189921668337e+01 8.586859677041017713e-01 3.292022873581526565e-01
2.188340675725843454e+01 8.347154017948491544e-01 2.841069177073809460e-01
2.745667053496315191e+01 6.184566570507591399e-01 2.488157279061738170e-01
2.236788128363254913e+01 8.436024291236344785e-01 3.144539541844877939e-01
2.176248195696924981e+01 9.043694325967780445e-01 3.256020640036209612e-01
2.152371825819233564e+01 9.509519258062664182e-01 3.084446498588031549e-01
3.050720656412041265e+01 4.976001915601295233e-01 2.230053879754735624e-01
2.810446674970143377e+01 6.612310107873241583e-01 2.099534320593806624e-01
2.888966879484104666e+01 7.208437950482141643e-01 1.034993937241986961e-01
2.549971686992386566e+01 7.324498745413382528e-01 3.132664637346614378e-01
2.435076907494555698e+01 8.749356910301780976e-01 2.258354102956287857e-01
2.862108531493506547e+01 6.377444308336103207e-01 2.114905713203791837e-01
2.830911401567756869e+01 5.399646325306067807e-01 2.435607126561427083e-01
2.992184219007300072e+01 4.591034227353567032e-01 3.148425070249329383e-01
2.986866910138517639e+01 5.084312352494505527e-01 2.222402972185653636e-01
2.890761690512405124e+01 5.305787920146053382e-01 3.271256543184555832e-01
2.730294398394237732e+01 6.507168727253754836e-01 2.622890418069700469e-01
2.621740515196607291e+01 7.679285000326108168e-01 2.292869493830561878e-01
3.172665411002807545e+01 5.376128773933374072e-01 2.246273705779565921e-01
2.741711981487616612e+01 7.183755221288006254e-01 2.059327246350779739e-01
2.584811975498250192e+01 7.281865465034388363e-01 3.083006547693430965e-01
2.805532530781672307e+01 5.325605652691052239e-01 2.868911197383523515e-01
2.061382825226490922e+01 9.343451169744410034e-01 3.824088204901470722e-01
2.677370419623307285e+01 7.118008064962129122e-01 1.906603870108166954e-01
2.325788278072604953e+01 9.897870337802523455e-01 2.238773523955049083e-01
2.111837637516842747e+01 9.585271075116568174e-01 3.180270351052500444e-01
3.045089763674677030e+01 5.067449219794436521e-01 3.060927948477061289e-01
2.558268007339605177e+01 6.543945635338630495e-01 2.693183398626354808e-01
2.615411928664400421e+01 6.446193674864399981e-01 2.832612955596343629e-01
2.820009184928597179e+01 6.520438668798566040e-01 3.068800341844683532e-01
2.837397235808257179e+01 6.424126416728752620e-01 2.213848509698738976e-01
3.096361057325215427e+01 4.862086395087413249e-01 2.791047383283298822e-01
2.332924834317256213e+01 8.433357581923963675e-01 1.728802659005411746e-01
2.127312788974469271e+01 9.555367456751183708e-01 3.520099229914036565e-01
2.473315221776141826e+01 7.014527068845090030e-01 3.169989701760790868e-01
2.861886541129573658e+01 6.000697190142848525e-01 2.402275034282358168e-01
2.815845381636586353e+01 5.864509721724685543e-01 2.777721118724265081e-01
2.213606737619011966e+01 9.127268843170219803e-01 2.700811992576640508e-01
2.426317306165811871e+01 8.645465632771339726e-01 1.831444686583052761e-01
2.920814024415861354e+01 5.350546180225720372e-01 3.155626027126018918e-01
2.203748268709532709e+01 9.535640176140691704e-01 2.974839007698283355e-01
3.033030069572383169e+01 5.822899100615415158e-01 1.937890548214985798e-01
2.803803263312667227e+01 5.139213580842512119e-01 3.548943143434699077e-01
2.869527325069207890e+01 5.209645269627992681e-01 3.033018251219479766e-01
2.624311355337692930e+01 7.252342268481645204e-01 2.908824225866590285e-01
2.496551329401966157e+01 7.053542802080723373e-01 2.911712497303887148e-01
2.651388392720370035e+01 7.024371083640098545e-01 2.817994184975032845e-01
2.276961063403143726e+01 8.300762040166709266e-01 2.737274021125870593e-01
2.053440630596762162e+01 9.518638837625550408e-01 3.310168111389222845e-01
2.173896271005913050e+01 9.226395668235980452e-01 3.004154971441646560e-01
2.327402441082336182e+01 8.523847974130394078e-01 2.644225803215493054e-01
2.529966964244490768e+01 6.672509920241209702e-01 2.907861826469346767e-01
2.509848408979497947e+01 6.783693582259987531e-01 3.186160519334512164e-01
2.688936015720381789e+01 6.130879975636917001e-01 2.788125786171846143e-01
2.435640503971452375e+01 7.731913373915172416e-01 2.572425179360096625e-01
2.557353770159295081e+01 7.505449095822207539e-01 2.588923900815900403e-01
2.366548129583454596e+01 8.296669861223967546e-01 3.373326578222008987e-01
2.725292302888196261e+01 5.677783440569273976e-01 2.045082270702279492e-01
2.190161248434051089e+01 9.048094308632371741e-01 2.544110630960818575e-01
2.675546754356403767e+01 6.510559386546810323e-01 3.085153882284353277e-01
2.309109593962057261e+01 8.025383690602695408e-01 3.553071747582997042e-01
2.674994520144170451e+01 6.726633848174851105e-01 2.648772079793428880e-01
2.767176748069294234e+01 5.558564670109790162e-01 3.028422931478465530e-01
2.179763244889113949e+01 9.089574416355603592e-01 3.023552932439749208e-01
2.454847328436726883e+01 7.758088930542702544e-01 2.425297755451103765e-01
2.166207445468683090e+01 9.289934892911494435e-01 3.318494523851039379e-01
2.495027467149702005e+01 8.105545802025002633e-01 1.927105168904535426e-01
2.403455997542134881e+01 8.224934371163139524e-01 3.279782127336598463e-01
2.450967150611893075e+01 7.406364767592461540e-01 2.922866384436278442e-01
2.529167588756171625e+01 9.027091840024051850e-01 1.762613965265414639e-01
2.679182153006725997e+01 6.681672726779884774e-01 2.668235327676429791e-01
2.523711053948371941e+01 8.330092543565157381e-01 2.025781617320153161e-01
2.699033644313185931e+01 6.133198073196951539e-01 2.975352150125440409e-01
2.685492986114949687e+01 5.644019870675095474e-01 3.012569453981142065e-01
2.483418502637682934e+01 7.221774901250975764e-01 3.141672241443169145e-01
2.727390621680509852e+01 5.842037294538198200e-01 2.534628787032872088e-01
2.503309429135905262e+01 7.575921161600750464e-01 3.210300179077322236e-01
2.404727360648007206e+01 7.728732997229493806e-01 3.200978006689984556e-01
2.771536966345199815e+01 6.589627603019136970e-01 2.406638055902888818e-01
2.712947561062774682e+01 5.847036652424432157e-01 3.217754192769028410e-01
2.095191637221198988e+01 9.246519426433356115e-01 3.079521468664025985e-01
2.489640868732750079e+01 6.872183248951198031e-01 3.393471090058410300e-01
2.953285537168169128e+01 5.857123450523612496e-01 1.662715496526908365e-01
2.032261432386981426e+01 9.452774080986480199e-01 3.672876706302053429e-01
3.102094326081819986e+01 4.735168965444582212e-01 2.988757518180398809e-01
2.198709269066437955e+01 8.625859474393692272e-01 3.780508603970620940e-01
2.469397467228037613e+01 8.318527592284434835e-01 2.694265470024972964e-01
2.378554047336708877e+01 9.603421905867391972e-01 2.098454955110945486e-01
2.524035307927918481e+01 8.619840195327820309e-01 1.848094163369774223e-01
3.070008880215923242e+01 5.021726787920200996e-01 2.849574232249608152e-01
2.585800744054020583e+01 6.600523843649892530e-01 2.814685383704005339e-01
2.818536292569457302e+01 5.596127929819949554e-01 2.778806182114266221e-01
2.256924589540361126e+01 7.610583169744863374e-01 2.442889820133173628e-01
2.252039008616175053e+01 8.602017483593541458e-01 2.925062971216481067e-01
2.389512725016970052e+01 7.850047042675428743e-01 3.428186702697775812e-01
2.483990429679228384e+01 9.214547687823624322e-01 2.115003198255538119e-01
2.590718005501343768e+01 7.020007582285370251e-01 2.310393849224923191e-01
2.584532401480214503e+01 7.004007814369013207e-01 2.399976483810137007e-01
2.742629408699845683e+01 6.023016701455525812e-01 3.009414938387262040e-01
2.399773080498255595e+01 7.639517460984740493e-01 3.702985614445017393e-01
2.691142968923065837e+01 5.984259859271494619e-01 3.563880634185483398e-01
2.560099803672727603e+01 7.131232912642514465e-01 2.649490052513528426e-01
2.386238027696957786e+01 7.099889898755301632e-01 3.718762596200382298e-01
2.329034241779337222e+01 8.622316917377569334e-01 2.773621557951599370e-01
2.270123148510462485e+01 9.204040969378928239e-01 2.388294889840151813e-01
2.793110445582907175e+01 5.980154004069045959e-01 2.664873333577595926e-01
2.290539841901867746e+01 9.357542994875740483e-01 2.724448825041950739e-01
2.228255710498503817e+01 9.857208413396567614e-01 2.610843929448943279e-01
2.221788816764184560e+01 8.515833031099844241e-01 3.077706477214628977e-01
2.639054620496786896e+01 6.930251510069950216e-01 2.442734130989154262e-01
2.299174268709037250e+01 8.589543263638308446e-01 2.946477961722068217e-01
2.595403796323886425e+01 8.157253228866099271e-01 1.927652661927752031e-01
2.168928376355080090e+01 9.115944062282591576e-01 3.398172718287392202e-01
2.483384723912852721e+01 7.178852829335008456e-01 3.122154085193429851e-01
2.623761264034850882e+01 7.572404148690726755e-01 2.574498088771908222e-01
2.544860130468785187e+01 6.409690204543248004e-01 3.716895707572629437e-01
2.320992532313046297e+01 7.210337395204651223e-01 3.006917764579966623e-01
2.485630554622726862e+01 9.702872718664423690e-01 1.925172445628809959e-01
2.331128985041017643e+01 7.783050283586403495e-01 3.322512910821852627e-01
2.422085048188213463e+01 9.343451169744410034e-01 1.765374639225137099e-01
2.329203068659994713e+01 8.829505373046496741e-01 2.834764131235087969e-01
2.548326854780912853e+01 8.269515887430769485e-01 2.043078752799347420e-01
2.337370543654644095e+01 8.390228190800168573e-01 2.614891584069105601e-01
2.092712243294779029e+01 9.750733180975011960e-01 3.154054547251223806e-01
2.382853589942119754e+01 8.840304034728432292e-01 2.255299747857920645e-01
2.335465298482737495e+01 8.329435702687894016e-01 3.134996704908970533e-01
2.402050821746896858e+01 7.239416115337966584e-01 2.850121121730539997e-01
2.190908218674089625e+01 9.709084777370695640e-01 3.065862712096705800e-01
2.172274439849950056e+01 8.658156264472736119e-01 2.832489987740920978e-01
2.261274951952840340e+01 8.049012782022105794e-01 3.563469569904672007e-01
2.478414714595652057e+01 5.989073699564103626e-01 3.065039038586738762e-01
2.773634202400325677e+01 5.943485543721455100e-01 2.887020562793376488e-01
2.436796646529791133e+01 7.400441738256392510e-01 2.723397762448847570e-01
2.588177812736913808e+01 6.430134228721348100e-01 3.368295188116200434e-01
2.055925683331780718e+01 9.858508078332152147e-01 3.288626734661541096e-01
2.711978386241015926e+01 5.231381490898997511e-01 2.999456846285842859e-01
2.146043841950459807e+01 9.768630766839220270e-01 2.964471860329431219e-01
2.265227685372270727e+01 8.622632651348250965e-01 3.527341290182123279e-01
2.321495800418956534e+01 8.490616353832520780e-01 2.502309500091312033e-01
2.344892714475535556e+01 8.277063632825676365e-01 3.139741025162989252e-01
2.674443608268773076e+01 7.128151784343291775e-01 2.138878120154177331e-01
2.688676758100147168e+01 7.805973099660853398e-01 1.320996809414987649e-01
2.770830349378872270e+01 5.599405174809801711e-01 3.042182827288888447e-01
2.490658534852056505e+01 6.633925941211975541e-01 2.883858044356965578e-01
2.157423757536104603e+01 9.394083551402263588e-01 3.181935120840102549e-01
2.601176082740808582e+01 7.623405369333764448e-01 2.057051119335962519e-01
2.856094863768233338e+01 5.820324038252333576e-01 3.607842124936450623e-01
2.567750394877818465e+01 6.927898099763407647e-01 3.302739654188759921e-01
2.059537915456849078e+01 9.396733825802111584e-01 3.920388056386175379e-01
2.405538986084502540e+01 8.803946052676239198e-01 2.100817392022700791e-01
2.847179555998684819e+01 6.543867886527595656e-01 1.422440826213568210e-01
2.318781356352598522e+01 8.346583017189381781e-01 3.127464526401546041e-01
2.799790788143120324e+01 6.207342578725676407e-01 2.201403456526313807e-01
2.562292378629831191e+01 6.761248898358663828e-01 3.660105026233050896e-01
2.659518232559692308e+01 5.966805045804900454e-01 2.846973027560598668e-01
2.136677478513029982e+01 9.496413760549440308e-01 3.127334509801615869e-01
2.500625109402794877e+01 6.900520744486015046e-01 2.975481561787974849e-01
2.769433237043837082e+01 5.920426796486183418e-01 3.251207326150505894e-01
2.136409828745028605e+01 9.195643518025862218e-01 3.283865117148833113e-01
2.111816166227085390e+01 9.541071399208022052e-01 2.670743044744104400e-01
2.748759632921647622e+01 5.909928323377623416e-01 2.965062340543996866e-01
2.155757536962967080e+01 9.560348489905784453e-01 3.195702444383322627e-01
2.618531252999670400e+01 6.856308324339362992e-01 3.100297718693800220e-01
2.649132541563961141e+01 7.695639147138410019e-01 2.310355366646578423e-01
2.375253428359123831e+01 7.653267802282911481e-01 2.987533722374597356e-01
2.179494884357538353e+01 9.382147309050947737e-01 3.090696016205731755e-01
2.245347385927918182e+01 7.943128385631365029e-01 3.056736870087661262e-01
2.217691643895637910e+01 8.931573374857876280e-01 3.318762814164246677e-01
2.405310783609797198e+01 8.885428598320680438e-01 2.235329505251268944e-01
2.315562461636420366e+01 8.903568079704775595e-01 2.834927363175797632e-01
2.409095237620402585e+01 7.812491392224291120e-01 3.517536580316474315e-01
2.426569764454433553e+01 8.207214203946641140e-01 2.285584134731277473e-01
2.767641141361548307e+01 6.053074269784343153e-01 2.995201026064531757e-01
2.238329264012059028e+01 8.433222566459247505e-01 3.994521495846930503e-01
2.723544509708488093e+01 6.203493264473758373e-01 3.220852411864579268e-01
2.416783089728852119e+01 7.674879997499539641e-01 3.238310519455653291e-01
2.173932177900961449e+01 9.165573807456152133e-01 3.423538368237653562e-01
2.325745020488911763e+01 9.621321250080472343e-01 2.188685668578064514e-01
2.540883699369371485e+01 7.053194631627266453e-01 3.067143139310357092e-01
3.242747314234091505e+01 4.111876801598102760e-01 2.753380696197699762e-01
2.293277778706791992e+01 9.317120921049806270e-01 2.716232752425105645e-01
2.565934874818126232e+01 7.038659182140124537e-01 3.271537923351909849e-01
2.545187640495516135e+01 7.453010149383988425e-01 2.331833810842087462e-01
2.755758423484151010e+01 5.987791212822635156e-01 2.720367540664291872e-01
2.512501384568185614e+01 7.125605887670746208e-01 3.083300650856977687e-01
2.692133514351026591e+01 5.734775594371598340e-01 3.690813551230935907e-01
2.332232923760936671e+01 9.094729588298827716e-01 3.107521846790259334e-01
2.866707596891338383e+01 5.575337374055634454e-01 3.037547338462187052e-01
2.321632829529221453e+01 9.280687148967967648e-01 3.045459047088647786e-01
2.192364736549046711e+01 9.107537333834851978e-01 3.015461580957440324e-01
2.258297770824586692e+01 8.428306108930405660e-01 3.448586981029731491e-01
2.793373791853807475e+01 5.635303981623894787e-01 3.283116677118838589e-01
3.325529367354892685e+01 4.728292681644770123e-01 2.814315945703178001e-01
2.059339427486846219e+01 9.820832304753983610e-01 3.155861359417908574e-01
2.234623522947525842e+01 7.943128385631365029e-01 3.119395593460073668e-01
2.407175222426981520e+01 7.940105369601742069e-01 2.306426106418847100e-01
2.584102814454393027e+01 7.495168639084903717e-01 3.420591009774649471e-01
2.494504886018009415e+01 8.464174588932065202e-01 2.544068033456676758e-01
2.237171164032566750e+01 7.955697179101701710e-01 3.751799368156057968e-01
2.675014820403270832e+01 5.666543360772423599e-01 2.792873796056581370e-01
2.474656333933663888e+01 7.373329353794412233e-01 2.864891000599603665e-01
2.546183903214827637e+01 7.463492938508954344e-01 2.945182379946502116e-01
2.628164171986651354e+01 7.364513041728807385e-01 1.678427598683468747e-01
2.450924247267617773e+01 8.599182412004826581e-01 2.385281607067749610e-01
2.267145737267890482e+01 7.952312686269337183e-01 3.064920579695414871e-01
3.010368726914599335e+01 4.697467334321651089e-01 2.727875378665190476e-01
2.577040562446548222e+01 7.981117539545571349e-01 2.343841018086343653e-01
2.813220470224852221e+01 5.609235627254158807e-01 3.374010106286774446e-01
2.250750024984659348e+01 8.672244201192079727e-01 2.893103933297874186e-01
2.227212646653251227e+01 9.250653211476915772e-01 2.734210647832934216e-01
2.218637184138393792e+01 8.545163921703319287e-01 3.238446200209309511e-01
2.370921628622148702e+01 7.407519055732194602e-01 3.560641402847443682e-01
2.572997746476253056e+01 6.564929234029841520e-01 3.079284288564995142e-01
2.761249316003836540e+01 5.766214644966831671e-01 3.074927276849286351e-01
2.164447640730112710e+01 8.865564557753172759e-01 2.909559683584939660e-01
2.401753552256699109e+01 6.548123162351844329e-01 3.352403692655162581e-01
2.901716902221103211e+01 4.735168965444582212e-01 3.885693318034727506e-01
2.257193811189565835e+01 9.198759632657695917e-01 2.915726977222170002e-01
2.678197475124724747e+01 6.442561758347499223e-01 3.087704071697565111e-01
2.317734031807318473e+01 8.208200305690679377e-01 2.404346920505539831e-01
2.698191755670504932e+01 5.529787938886554510e-01 2.707977084259985956e-01
2.591455954051695798e+01 7.695639147138410019e-01 2.584340069146105479e-01
2.651066089536880455e+01 6.544212793789186966e-01 3.165551827528081952e-01
2.466292184239250318e+01 7.615619759466537575e-01 3.059310736101960582e-01
2.393427709344579313e+01 8.022891344178204598e-01 2.620540775919972254e-01
2.291857409673749046e+01 9.155508659855452480e-01 2.270802224124127133e-01
2.704487040549545540e+01 6.442368593921867781e-01 3.107725224224666127e-01
2.419968957888297822e+01 7.423534000744007599e-01 3.684118918986788449e-01
2.421461079281189654e+01 7.211079308513729247e-01 3.301807027004323714e-01
2.175247660682435935e+01 9.767708165420210253e-01 3.295592277950828430e-01
2.752916322840758667e+01 7.373329353794412233e-01 1.564530216867600632e-01
2.283891791595613441e+01 9.020645131546132234e-01 2.802079375035903541e-01
2.930040248245608225e+01 6.366697147155623293e-01 2.344399030578816212e-01
2.721296427648186267e+01 5.503891398652411837e-01 2.884609939499389042e-01
2.912129448093917716e+01 5.713644138589333288e-01 2.473180759109082361e-01
2.575321103921834620e+01 7.146302446165789801e-01 2.574277029255018778e-01
2.235908450096122735e+01 9.110708014005728383e-01 2.677163055929875912e-01
2.578414398236330030e+01 7.480262688464960341e-01 2.327531222964661917e-01
2.446995865220144850e+01 8.055221769606780713e-01 2.340572548243062545e-01
2.692074140310305808e+01 5.980154004069045959e-01 3.140199027327873482e-01
3.285169185744404530e+01 4.128673923854235261e-01 2.797961268613668451e-01
2.638490729886648367e+01 6.322495783290352778e-01 3.258657536197932525e-01
2.208833442681130421e+01 8.136300540449924457e-01 3.492366796033839482e-01
2.272387842269792202e+01 8.151777252127132556e-01 3.003310636658390598e-01
2.398807341152187078e+01 7.976966261705149552e-01 3.037689798372112948e-01
2.346916887720609068e+01 9.223620003943912016e-01 2.072124559773863006e-01
2.393630974383746590e+01 7.372392784256196485e-01 3.309558299061558517e-01
2.251396398425093182e+01 9.767448648339818185e-01 2.874077625901627075e-01
2.893309741044340910e+01 5.181346532164126106e-01 2.921931402513819886e-01
2.371977131868265332e+01 7.861111165150219682e-01 3.002595845309731781e-01
2.526840524197340798e+01 6.478830025402284587e-01 3.627258891194980461e-01
2.282238685881977958e+01 8.110934574464929714e-01 3.155220874015369770e-01
2.744112957439543621e+01 5.973577170176258555e-01 3.583776461877380415e-01
2.358268189345540833e+01 8.785602668391391257e-01 2.700772598858713347e-01
3.061786402831531717e+01 5.076652887977608497e-01 3.174153808605643112e-01
2.178872436401405821e+01 7.342689006316320821e-01 3.198221024584183558e-01
2.475891531283228275e+01 8.940973917770923540e-01 2.290921316826808052e-01
2.467898207705020042e+01 6.415574810683030149e-01 2.881863563393733951e-01
2.527886893034582272e+01 8.943520031466962728e-01 1.899690639991177543e-01
2.458690820281504585e+01 8.224934371163139524e-01 2.981450020765791797e-01
2.314208398916303722e+01 7.457762157518400548e-01 3.365348606669986142e-01
2.300586818376031673e+01 8.157134789662132679e-01 3.775444919905645014e-01
2.803075612160475316e+01 6.480104286235548461e-01 1.933954922542021893e-01
2.581450485504060310e+01 5.768212019540441826e-01 3.058939611393515778e-01
2.733951889772965416e+01 6.496410796324655346e-01 2.152605949023873033e-01
2.867864930374629395e+01 6.438986310964770476e-01 1.908996354140896912e-01
2.636758331174236503e+01 6.723764786869949051e-01 2.279009652576517997e-01
2.999746576662370856e+01 5.323782592849122253e-01 3.734336200440012132e-01
2.052173226310267395e+01 9.586076689570768306e-01 3.479655442994120662e-01
2.134017043093214383e+01 9.756235613737079815e-01 3.249567566253475093e-01
2.489928765498574492e+01 8.035227768326707043e-01 1.821243004157279410e-01
2.591001151757046372e+01 6.984432082026087452e-01 2.919343157103622133e-01
2.296200955039663327e+01 8.626647465859812458e-01 2.887291913650844033e-01
2.469922982159505409e+01 6.730125753749305328e-01 2.726991581136669618e-01
2.479984644030846397e+01 9.188369909334903607e-01 1.526317741040195963e-01
2.755532708357156935e+01 5.864509721724685543e-01 3.057397900187239781e-01
2.327309606806358389e+01 9.085835561185278131e-01 2.343050927125797378e-01
2.616738705148529576e+01 7.151092273508877772e-01 2.596764031175594623e-01
2.235707180126339466e+01 9.705221494524978176e-01 3.062531291933178745e-01
2.539779595636916554e+01 8.344849769859965516e-01 1.928470112936142289e-01
2.268118402788199361e+01 7.805427551289905175e-01 2.877543766716427198e-01
2.689262930640398253e+01 6.349460089914006344e-01 3.275054139648099771e-01
2.367431185889455847e+01 7.717376111139940820e-01 3.535253396588587393e-01
2.349659492654753379e+01 8.524948670093410730e-01 2.956458625246930483e-01
2.461483700629626625e+01 7.062291274755134740e-01 2.752450886418917331e-01
2.367002824962880680e+01 8.584510280561647999e-01 2.802703351431457546e-01
2.899973437186378433e+01 5.339577113290735477e-01 2.718318563560545575e-01
2.316915489031520536e+01 9.420951647094077952e-01 2.150324918310825562e-01
2.381942206498844428e+01 7.689043723741362246e-01 3.295095873274019871e-01
2.555323997911809641e+01 7.267604341367045473e-01 3.177869040293089253e-01
2.295230296772681555e+01 8.558939669563375707e-01 2.125130118372720589e-01
2.291345850544535878e+01 8.883187644225213342e-01 3.086481463666405078e-01
2.307186397767632968e+01 9.395639883296588168e-01 1.941029136898848595e-01
2.319802151115441546e+01 8.957672819459207014e-01 2.740699453954940079e-01
2.435010351263171202e+01 7.645001307402043977e-01 2.808079022670768032e-01
2.849541451553913163e+01 5.338390323449959673e-01 2.997501397918955202e-01
2.318782526055395721e+01 7.504641514894000442e-01 3.162169223312005228e-01
2.505348859790287719e+01 7.870475124397946498e-01 2.813953583568892247e-01
2.662489541454484865e+01 5.755956501351593424e-01 3.229719948780557237e-01
3.020490198455536301e+01 4.694350804826946111e-01 3.160970699499917602e-01
2.904273927195094984e+01 5.375524683547755478e-01 2.371173277962787262e-01
2.654109338756338943e+01 6.156945959272057678e-01 2.808603437539451964e-01
2.896807415178340861e+01 5.575910510753340210e-01 2.480226614503561744e-01
2.431809598807037176e+01 9.012101866160707742e-01 2.108795447820150382e-01
2.100770853186950404e+01 9.848235062155008546e-01 3.162555048805817948e-01
2.307301942553235108e+01 9.630554585524714328e-01 2.133014532558994147e-01
2.352991637103321310e+01 8.461221496975116496e-01 2.735681048527303094e-01
2.122197900612201593e+01 9.616775692607559822e-01 2.922693492481879263e-01
2.210709741296663111e+01 9.515130564603999641e-01 2.740002666962742528e-01
2.880525166921388802e+01 5.859681386280432003e-01 3.152267313981054753e-01
2.376913361372630717e+01 9.421322083397728475e-01 2.233900685049525214e-01
2.470098433557620510e+01 7.572333015254523181e-01 3.127382115415436870e-01
2.396987157831272697e+01 8.931573374857876280e-01 2.322514496374764592e-01
2.789813931768299682e+01 5.461125413063875333e-01 3.427529188749910971e-01
2.189381266129829839e+01 8.564207802710237516e-01 3.553025897792811416e-01
2.652806983949571773e+01 6.183400608598982329e-01 3.011741603834741654e-01
2.699927739454859932e+01 5.556367457769941787e-01 3.038368207257183262e-01
2.709520459216728838e+01 5.292672947092293967e-01 2.117414315259027457e-01
2.574191678027288077e+01 8.208126231365650005e-01 2.072637894554857918e-01
2.234196492787253163e+01 9.607843108906698459e-01 2.383486004619087550e-01
2.265730581168643454e+01 8.231896273411907217e-01 3.206221537852323444e-01
2.505656956827132120e+01 7.149468971966892461e-01 2.821721230619546050e-01
2.714484244546640923e+01 5.938931472789461541e-01 3.010410751490064651e-01
2.095088115313835075e+01 9.515629208479684520e-01 3.182781572823145666e-01
2.996574068356958520e+01 4.798934701053437224e-01 2.788107393925154387e-01
2.343357558925758255e+01 7.842356059820541070e-01 3.145127546869561086e-01
2.495288428801446656e+01 8.777980752293956801e-01 1.971955488267553291e-01
2.213731656308895879e+01 8.775875416676167662e-01 3.450239515319682981e-01
2.090071749300177473e+01 9.926411886161787823e-01 2.787927500072319154e-01
2.774728719140897937e+01 5.291367159191070479e-01 3.337512869170968788e-01
2.410858589762104387e+01 8.483460640891762328e-01 2.494276988254350569e-01
2.072375816847613450e+01 9.627120407341928088e-01 3.441818213442485175e-01
2.794438030027289699e+01 5.861963172328354954e-01 2.971603095326474930e-01
2.197968288129247227e+01 7.735799375815265444e-01 2.953935756840972426e-01
2.647098596759287759e+01 5.938931472789461541e-01 3.341609203086095548e-01
2.242470712409151190e+01 9.289208841454623666e-01 3.223116286831461674e-01
2.846484615461741896e+01 5.914325547040136799e-01 2.741858783633914776e-01
2.129481669871642779e+01 9.518493038195348088e-01 3.332952991190282765e-01
3.304852255431863739e+01 4.015027362062815741e-01 3.331276436816902331e-01
2.614790860713574006e+01 6.444225938134091614e-01 2.768237988597267440e-01
2.759648741064716049e+01 6.009591104556196717e-01 2.838558934254284960e-01
2.310643569741829495e+01 8.025839583821674506e-01 3.112436031570738892e-01
2.221635501824594527e+01 8.619914919257595232e-01 3.530005698645538037e-01
2.413672515560875098e+01 8.457608496588856495e-01 2.922031385335784326e-01
2.684122653241551149e+01 5.682796073812543813e-01 2.951378342572178459e-01
2.822840695295731095e+01 5.464644470047611557e-01 2.857610796275419363e-01
2.554213039707932609e+01 6.504933701809756386e-01 3.151611661900043382e-01
3.460707337759228608e+01 3.885536664155282982e-01 2.968728534282809584e-01
2.271828919244466860e+01 8.987257318311426824e-01 3.166584748796925086e-01
2.663803205981096056e+01 5.630291790102007754e-01 3.474070802006052339e-01
2.126796939147009979e+01 7.661416446129657443e-01 3.602148125905473841e-01
2.578514923570561024e+01 6.346879058683839725e-01 2.895199750853836851e-01
2.176390000011033976e+01 9.939011788095759581e-01 2.320869880795284057e-01
2.382121505607392464e+01 7.364513041728807385e-01 2.884659715195322938e-01
2.889309052135729061e+01 6.264098167402702977e-01 1.995150181107005205e-01
3.043974810485572036e+01 4.823706403849845059e-01 3.118372353951933129e-01
2.271540372730994051e+01 7.805284322549422837e-01 2.909395471032072966e-01
2.750587886864386533e+01 5.710221850678637301e-01 3.109407691424843634e-01
2.501408434358060973e+01 6.756779348536943175e-01 2.865168901638669441e-01
2.887332676376917107e+01 4.689087937122874972e-01 2.508307856411833292e-01
2.450830929242003364e+01 6.893404153843525339e-01 3.132138009191077210e-01
2.133548976023429233e+01 9.421322083397728475e-01 3.629366996860853845e-01
2.181121665444357305e+01 9.035036710680294236e-01 3.040889213397082180e-01
2.694015409289843532e+01 7.223157262583691507e-01 1.962577084329040766e-01
2.224406478345773408e+01 9.617180623425763963e-01 3.004067054107696921e-01
2.343023757205560642e+01 8.816356845791074592e-01 2.901279343429210011e-01
2.309018063948805022e+01 8.493143331904206006e-01 3.409563780998857152e-01
3.344480367463823001e+01 3.653098525911144812e-01 3.110222570464613590e-01
2.108262474555689536e+01 9.681291024838956094e-01 3.349924091368895462e-01
2.535023020800876026e+01 8.850289908837876141e-01 1.760374464205612943e-01
2.287309227025370006e+01 8.940552673000621287e-01 2.887335761914035515e-01
2.694775320183359568e+01 7.670751971940894531e-01 2.113474824973118338e-01
2.782313713483896223e+01 6.763494756794216078e-01 2.005146593687063272e-01
2.123105064236068173e+01 8.971694177424770489e-01 3.527602794510863449e-01
2.394392742607795199e+01 8.859353896258234107e-01 2.871211331201461991e-01
2.645138072393405437e+01 7.297642076792798527e-01 2.620168432188804131e-01
2.912478360496033858e+01 5.624783533761961163e-01 2.930181906514214840e-01
2.476011392938048417e+01 8.073399307962394467e-01 2.980852629220591687e-01
2.386512277203357257e+01 7.415634786106243270e-01 3.928562328182619301e-01
2.299185834172530107e+01 9.292525693741979786e-01 2.119149999037912568e-01
2.107789184000802152e+01 9.155508659855452480e-01 3.342382252204066928e-01
2.315015349559365276e+01 7.887776327386381015e-01 3.234342919510885261e-01
2.749525616925141946e+01 6.454421905529490466e-01 2.781018945115275032e-01
2.257897011135685617e+01 9.459092789298579884e-01 2.902992854109964216e-01
2.372449359372694744e+01 7.615405575627318679e-01 2.984712983776975914e-01
2.412370463775853580e+01 8.861408132494501544e-01 2.269546673885233234e-01
2.584096194483940678e+01 8.070915316293798547e-01 2.349333228429983933e-01
2.495585596083094160e+01 8.524948670093410730e-01 2.198846654581488591e-01
2.520287667300800294e+01 6.716954171805743501e-01 3.637582902117900696e-01
2.426695887578323152e+01 8.777980752293956801e-01 2.310352588025232079e-01
2.564016381924378152e+01 7.705633649148263542e-01 3.115454034174660602e-01
2.377791934061092860e+01 8.748728477367222478e-01 2.537555777255844913e-01
2.460540911418451415e+01 7.744732224842963975e-01 2.650428958751180897e-01
2.313784031756195603e+01 8.700770259284649200e-01 3.094389789268141011e-01
2.484832556885208987e+01 9.459934507663108061e-01 1.462755074210747852e-01
2.774441381895794478e+01 5.917502749853511546e-01 3.367202941104681102e-01
2.374786849347549023e+01 7.551115617286410231e-01 2.735844064619740723e-01
2.612144625095336181e+01 6.546206110231892472e-01 2.694606830504164829e-01
2.241022288320278122e+01 9.217489127840223784e-01 3.231614051561008671e-01
2.297367858996366152e+01 9.449867535376812455e-01 2.648364904301536149e-01
2.183021084112439780e+01 9.672330159687844153e-01 2.876721715873333807e-01
2.389646634767842670e+01 9.317120921049806270e-01 2.203416846538533147e-01
2.334350762340045549e+01 9.711891999297650457e-01 1.861925142836098057e-01
2.550066838611628128e+01 7.764167993260169265e-01 2.373990956715353873e-01
2.270746091378139653e+01 9.562096902517838171e-01 2.658930960684481315e-01
3.429426963271902196e+01 4.386566085658598069e-01 3.855587102127953081e-01
2.282321620080867319e+01 8.624454370307472750e-01 3.498026189187329327e-01
2.566385755510905753e+01 7.140775291459938723e-01 3.092838022439379220e-01
2.212523018082416826e+01 8.904829875385219529e-01 3.041311554357433722e-01
2.395748008047977606e+01 7.604866816841269195e-01 3.158763732286770654e-01
2.380997204772983977e+01 9.601007339471624435e-01 2.040163231830972035e-01
2.612081421442715268e+01 7.090876768776195327e-01 2.572298371105810055e-01
2.654966574520167555e+01 6.886676373900514347e-01 2.579098855900232579e-01
2.371573359763624111e+01 7.774566762591148539e-01 2.879137334821604832e-01
2.680542432216549287e+01 7.764167993260169265e-01 1.771686066505381851e-01
2.487700346420916020e+01 7.172966954301154274e-01 2.769226826575852396e-01
2.117542495866199204e+01 9.238282992265332005e-01 3.219108024818939096e-01
2.482384954814120448e+01 9.103471614839452331e-01 1.989380995192416568e-01
2.737242934985021492e+01 6.009591104556196717e-01 2.943649446370340539e-01
2.693207676318937516e+01 6.810013865424187074e-01 2.524882242317412206e-01
2.426151300918266429e+01 8.918087732321283712e-01 2.718186614462717587e-01
2.503470409469547775e+01 6.445401413121408796e-01 3.040817609231310503e-01
2.255716835444604840e+01 9.375836505832275680e-01 2.522720297218661867e-01
2.272304968349286369e+01 8.417349053028099215e-01 2.750039894973546062e-01
2.064230874436526619e+01 8.679206556787337767e-01 3.968043670440022930e-01
2.562025637342699369e+01 6.315431833988427446e-01 3.193478046167809725e-01
2.686542878715341942e+01 5.930421301517309063e-01 3.291665762310574395e-01
2.818015490337824858e+01 4.976216624590191762e-01 2.671749719771471798e-01
2.298719367859052198e+01 8.611165431977375606e-01 2.335206026653456057e-01
2.461321923522509181e+01 7.239040015574098597e-01 2.688848094808913847e-01
2.168253607078104039e+01 9.601720813512696351e-01 3.519119675074106612e-01
2.707258937706976454e+01 6.026594006790646496e-01 3.389111213241223219e-01
2.342403968384686763e+01 9.475331447515872307e-01 2.234796553799825169e-01
2.389351119281421276e+01 8.717544450428396097e-01 2.816304708371838439e-01
2.387915086221090988e+01 7.796554579299820320e-01 3.722024367229187503e-01
2.172916543990578120e+01 7.661416446129657443e-01 3.313445967359450739e-01
2.393654846152714910e+01 6.574264030534906489e-01 3.394549365182139566e-01
2.774989501303940642e+01 5.867659057254609456e-01 3.102804887339111195e-01
3.199400539391370657e+01 5.111130497115767835e-01 1.554742691589517112e-01
2.917334749893521106e+01 5.493202737858319251e-01 2.109901341040637535e-01
2.369953016181597505e+01 8.398572228708497400e-01 3.414935563247422090e-01
2.230894317900743218e+01 8.379072677693463200e-01 3.584981483353441023e-01
2.636492047819961471e+01 6.336652530965795060e-01 3.074791569541636682e-01
2.107906954188428017e+01 9.188929306078144066e-01 3.425955516568864323e-01
2.199447039336667231e+01 9.049321620501667995e-01 3.441787172523317340e-01
2.227890038964707387e+01 9.418574161235115927e-01 2.600512821110873563e-01
2.411625022159473275e+01 8.449795454578280518e-01 3.205906269575109491e-01
2.663337654799878962e+01 5.655577492787514648e-01 3.565058089757925375e-01
2.703702872960889536e+01 5.879630133775729517e-01 3.518046811103380800e-01
2.442718671653996765e+01 8.269234561495687474e-01 2.144521325459472216e-01
2.372115304815833170e+01 9.545158873584943526e-01 2.419239882728724533e-01
3.025213683497705119e+01 5.646546101647283988e-01 2.739022440042204742e-01
2.666463246192637371e+01 7.777238649143369820e-01 2.246774841778866882e-01
3.081449845448373281e+01 5.338771473309177340e-01 2.012436306460132773e-01
2.764063318212860310e+01 5.861190734580791206e-01 2.862747306015960280e-01
2.126015063831870577e+01 7.651798556045703581e-01 3.256267784483002914e-01
2.159177946846874008e+01 9.578035851933544009e-01 2.897492789173499173e-01
2.245609398477587959e+01 9.462977651318480454e-01 2.561528295670573718e-01
2.368257388896838478e+01 7.485890624273680016e-01 3.244047774135869200e-01
2.339840973568977844e+01 7.671464803013507971e-01 3.015790536203377670e-01
2.769120283069872457e+01 6.883637354993826785e-01 2.223703031951645148e-01
2.533567681701115504e+01 7.671523179304963191e-01 2.622087908276589108e-01
2.980959768615558758e+01 5.088391106918498386e-01 2.967041154652050872e-01
3.094579495236810018e+01 4.284710804473746970e-01 2.897086683806723850e-01
3.030826647102403371e+01 5.623078929194041953e-01 1.937879731455824095e-01
2.782014719911163780e+01 6.072729627068220726e-01 2.924730679048380688e-01
2.389405138117156469e+01 7.233025021608461280e-01 2.913176801952259698e-01
2.477052262048281150e+01 7.547583563752077174e-01 2.609957197338769186e-01
2.792341695759454723e+01 5.822899100615415158e-01 2.966887632336209779e-01
2.335977309498879251e+01 9.179164412947540264e-01 2.912413522745509464e-01
2.356086241442300633e+01 6.548123162351844329e-01 3.611209316501312050e-01
2.914364618986142119e+01 5.241938003236855659e-01 3.026503874181339926e-01
2.326501252705622136e+01 6.584505260101423119e-01 2.849094736241901127e-01
2.282957638328815264e+01 9.608533193499128044e-01 2.362866277562922224e-01
2.258338811760527776e+01 9.215544981074695885e-01 3.081381255175730804e-01
2.665772906859787383e+01 6.864732065255435556e-01 2.400042747429213530e-01
2.757856548335764657e+01 5.558615948439451504e-01 2.634226396230190392e-01
2.049187796463303712e+01 9.048094308632371741e-01 3.407080135562377543e-01
2.410170157723520390e+01 8.864420076559683670e-01 2.008549648352303540e-01
2.454082504836028988e+01 8.371005226866532478e-01 2.324472359995433945e-01
2.320708037922017297e+01 9.735012419878084078e-01 2.516431849828436595e-01
2.469503468048861095e+01 6.060670974672590638e-01 3.031934320556801676e-01
2.788783584373798163e+01 5.654725599018441962e-01 2.064803518109852576e-01
2.657974185466635930e+01 6.510559386546810323e-01 3.171663288315054174e-01
2.134756705395310306e+01 9.270613600780351904e-01 3.309645510511963207e-01
2.534435453017647788e+01 8.459935687345017108e-01 2.056962809455783747e-01
2.377638926987664902e+01 7.237355632452792120e-01 3.510261644604480424e-01
2.382146327754178827e+01 7.694818206337438182e-01 2.442158424391529248e-01
2.364806413379266203e+01 7.886594049843728138e-01 3.358782698350821216e-01
2.160701122977760491e+01 8.898310108986987599e-01 3.185070668514309866e-01
2.174358801525182727e+01 9.773968912451955759e-01 2.938053728881867555e-01
2.171220431278588592e+01 8.737622319983685548e-01 3.681329897262992090e-01
2.628526612209362412e+01 6.078410846772426268e-01 3.388670990254715742e-01
2.234931338764905107e+01 7.952312686269337183e-01 3.253238918905225763e-01
2.340744882949955397e+01 7.492159507636636517e-01 3.347296934224658904e-01
2.210796748927532462e+01 8.938511433461775457e-01 2.743234317522271204e-01
2.814820624311265362e+01 5.603500109461504453e-01 2.828023458452206262e-01
2.231851675622245423e+01 8.684144627141616724e-01 3.378224604318949553e-01
2.466287353462422516e+01 8.443538065079559951e-01 2.171666029855180147e-01
3.282933578710589018e+01 4.153541072175270243e-01 2.647464532714602359e-01
2.408208886720820985e+01 7.964652242614449484e-01 2.997436880411534776e-01
2.282463028844837538e+01 9.110778521467958191e-01 2.488963737750784500e-01
2.273618971601532124e+01 8.449795454578280518e-01 4.007489556425787303e-01
2.284534830569034014e+01 9.588670170075548338e-01 2.465630910475824222e-01
2.434071145592383090e+01 8.214138011640814696e-01 2.420373601134976349e-01
2.915632735044938073e+01 5.468363490916396952e-01 2.500487651246737775e-01
2.292183304269808986e+01 8.344540611821441578e-01 2.742935063522233818e-01
2.819119410668988124e+01 5.623078929194041953e-01 2.834377949039750821e-01
2.352115781437309039e+01 7.697692216911249385e-01 3.430080376696773015e-01
2.816220043559381381e+01 5.000613895610307447e-01 3.769148149016917637e-01
2.605881086893817411e+01 7.731913373915172416e-01 1.751076499235423578e-01
2.347795382533392683e+01 9.119288974365171718e-01 2.074452999992983104e-01
3.042992715555115879e+01 4.944666093124207018e-01 3.408694273708318123e-01
2.430933816234940181e+01 9.551564998970574205e-01 1.986185228657811053e-01
2.348738647823623182e+01 8.971694177424770489e-01 2.228062082008515354e-01
3.070859014653595409e+01 5.065327593625027491e-01 2.648705725222479379e-01
2.533289613694441300e+01 7.543767966158296812e-01 2.168784347970044157e-01
2.645577105570125553e+01 5.771567617265873640e-01 3.444373601930992290e-01
2.130746469614326699e+01 9.417589941996610259e-01 3.181917417459764752e-01
2.493133295348525635e+01 6.818434258343101240e-01 3.211687903512349673e-01
2.784687722208148131e+01 5.551508791024400979e-01 3.234664593118506959e-01
2.324656637394285852e+01 8.157610721898334027e-01 2.851042824752883509e-01
2.471169810796157407e+01 7.699731904152763429e-01 3.002362629886640710e-01
2.196501657222343340e+01 9.043764067117000538e-01 2.949275911755351864e-01
2.701158739849625334e+01 7.195826116603927236e-01 1.978973513345362312e-01
2.066692893300026412e+01 9.901491483008876271e-01 4.066920196149119149e-01
2.259713782716696784e+01 8.465891417243142092e-01 3.129914605525839222e-01
2.362384803276162160e+01 7.775399709932965253e-01 3.146443778731608520e-01
2.154715592130416368e+01 9.687135109772260222e-01 2.929504989776757773e-01
2.674005209094795887e+01 7.123473166020477532e-01 2.220434309124620365e-01
2.274771099860181423e+01 8.936429591693413332e-01 2.951429707283890203e-01
2.798253416872974242e+01 5.071769808002708491e-01 3.369484255577797072e-01
2.680554692112798065e+01 6.686423911504543183e-01 2.581733586423241023e-01
2.482627525185082362e+01 8.294682794104262236e-01 1.865036821342738738e-01
2.344807375760604273e+01 8.670056982564867676e-01 2.271921906022631443e-01
2.741309909749842078e+01 6.986198601605161373e-01 2.379450013769809913e-01
2.573723579947853679e+01 8.958069501138128388e-01 1.850217419470487901e-01
2.752530740324414182e+01 6.431617522073324045e-01 2.090811743696480707e-01
2.198316859114421362e+01 8.583646324407772088e-01 3.156679338596927731e-01
2.683844345639322881e+01 6.117767754977081474e-01 3.242888343263258255e-01
2.302647672530093814e+01 9.653917304612388284e-01 2.184151893794917254e-01
2.898192178558780441e+01 5.374059843449306983e-01 2.279409648292309021e-01
2.501285409627040579e+01 6.648358569252843520e-01 2.949794483800928790e-01
2.008696149788282526e+01 9.860335114208014229e-01 3.679835052651571625e-01
2.688237757683614504e+01 6.295962127581975487e-01 3.169778565459285824e-01
2.330889968810746993e+01 8.236386819335943521e-01 2.815471515045747664e-01
2.646425691152310478e+01 7.584992788672029196e-01 2.626646616875223383e-01
2.969058944829462021e+01 6.884517237777204590e-01 1.665284739569012351e-01
2.461598080854303561e+01 8.224316278211657449e-01 2.832802091329583716e-01
2.410613272152679087e+01 8.715373378576046770e-01 2.656941016820034140e-01
2.313094246080703087e+01 9.328597651948048464e-01 2.593971062510537218e-01
2.353585073906282688e+01 9.421220001823340517e-01 1.791063050013643743e-01
2.567234951774491236e+01 6.667830696769413423e-01 2.897912977194691542e-01
2.302739787755297129e+01 5.905991169044676470e-01 3.183222507998795803e-01
3.009596343970447663e+01 5.097648150142671808e-01 3.348900120937445268e-01
2.119385674685522858e+01 9.243451835010227935e-01 3.139292830283005320e-01
3.016060846659222960e+01 5.473482482730277487e-01 2.669157202953922892e-01
2.219842308132778896e+01 8.554688978847100334e-01 3.160420401471407681e-01
2.756092637672059453e+01 6.127692646611988536e-01 3.149722003035345108e-01
2.528245642040355889e+01 8.947321857487418040e-01 2.178337614042857029e-01
3.362645287482507683e+01 4.148593193903172271e-01 3.473827039877959155e-01
2.320844094086526255e+01 9.197401543548722191e-01 2.628966363867810685e-01
2.184089221395751323e+01 9.498321606880028023e-01 3.271189526532582437e-01
2.140817205553608105e+01 9.056669232231123745e-01 3.297151165523536931e-01
2.267805408346734808e+01 8.222833609180686398e-01 3.433922014591999639e-01
2.339271060512945155e+01 8.883237881161358818e-01 2.616039884462411091e-01
3.024485885783430206e+01 4.686414645646205246e-01 2.806198297059414593e-01
2.419245526918946609e+01 9.133869602023694245e-01 2.379393768329735870e-01
2.422449485274956160e+01 7.807775730857658969e-01 3.365437833402368795e-01
2.528683458265052408e+01 6.426107736578247076e-01 3.569015484263708959e-01
2.475397046572261317e+01 8.259771093592144231e-01 2.733822658327971222e-01
2.142023908296880919e+01 8.765707885257320031e-01 2.989957251281775696e-01
2.396648587084925452e+01 8.529398219117033664e-01 3.046118721155698372e-01
2.509965667537343492e+01 7.509929803192695319e-01 3.337130237659690635e-01
2.518665180264654069e+01 8.761371141695522002e-01 2.081749586422803333e-01
2.523717115328631877e+01 7.005184630722735006e-01 3.275360299499056049e-01
2.445471059136901104e+01 7.221824137393183518e-01 3.585504467889976121e-01
2.271229122558146685e+01 8.512226861946923240e-01 2.865229980447263070e-01
2.730432695473031046e+01 6.166877813530402541e-01 2.752036355896290698e-01
2.349149508843252221e+01 8.016472177154525536e-01 2.921415127361057795e-01
2.457979759456056357e+01 9.691689955514419808e-01 1.920563986452075989e-01
3.029068932615534493e+01 5.721760138073742619e-01 2.499005087780694634e-01
2.207790366061445653e+01 9.280687148967967648e-01 3.718134867138505606e-01
2.205942694908796042e+01 9.516160476893056330e-01 2.495832309524101678e-01
2.296501543661881684e+01 8.398951398584456607e-01 3.166315992013881142e-01
3.123867704471343743e+01 4.795444047420456268e-01 2.826442023344513665e-01
2.435020443375882948e+01 7.604468107063281357e-01 2.989088484263547896e-01
2.155424443667137169e+01 9.499472390589284165e-01 3.028676130359762020e-01
2.650991234445572786e+01 6.571845558148803335e-01 2.799953300146102997e-01
2.393451541467912236e+01 8.372025221129311134e-01 1.581970021001003757e-01
2.462418923636357349e+01 6.578090091825955499e-01 3.455249909739933623e-01
2.214445141375957959e+01 8.398951398584456607e-01 3.654194649054345878e-01
2.094102331079120205e+01 9.789386043278204275e-01 3.206569034163924137e-01
2.718913910735287587e+01 6.295962127581975487e-01 3.021190505596286213e-01
2.412348678835562765e+01 7.708092541220353811e-01 2.266705165641231257e-01
2.152614796755223026e+01 9.533919644489120548e-01 3.416928585427797538e-01
2.827534036897575120e+01 7.267942517056176222e-01 2.181993054907206964e-01
2.588719253839766310e+01 6.550390064808062629e-01 2.873943727411561455e-01
2.450077688360356021e+01 7.854666926387338100e-01 3.156575056022857262e-01
2.204195648318436085e+01 8.450968378324260621e-01 3.220806883559375056e-01
2.416141413317914299e+01 7.182562953829164654e-01 3.037493098031341376e-01
2.617470325504272211e+01 6.811790323197185471e-01 3.252816531288458823e-01
2.250826184511426575e+01 9.098256211989748099e-01 2.912679886167572341e-01
2.158410192312004128e+01 9.066898614642148191e-01 3.211119508964065949e-01
2.842152847154147821e+01 5.866830866998119509e-01 2.643001250260031965e-01
2.181424815054351996e+01 9.358267801183035584e-01 2.920638752015727313e-01
2.209009383671856597e+01 8.786912350691482576e-01 3.448842825021311564e-01
2.158445968946276849e+01 8.778155931387845445e-01 3.811157392349799333e-01
2.283153668961523408e+01 8.450968378324260621e-01 2.763593356050665917e-01
2.472925405619602301e+01 9.229378016731379919e-01 1.939686871631352560e-01
2.696700588630946172e+01 6.944794301876623388e-01 2.636985783171693076e-01
2.643276175511879700e+01 7.497580263854698446e-01 1.865952672889377995e-01
2.372469115846869414e+01 8.418191290670860027e-01 2.614628279077537143e-01
2.642370034917989230e+01 6.101780456343254277e-01 3.120281997549979036e-01
3.000341361098076121e+01 5.463564014200107399e-01 2.294188080818926612e-01
2.326186128673667497e+01 7.624266086488090677e-01 3.211980598269443821e-01
2.712733171237825047e+01 5.453232839535614440e-01 3.222609352188046672e-01
2.279246291493735299e+01 8.391428168534964538e-01 3.581088237600441593e-01
2.749005173981974082e+01 5.861963172328354954e-01 3.185985003983732855e-01
2.336686348348291276e+01 9.097947716170939891e-01 2.608664410962063251e-01
2.609829880437830596e+01 6.098528082170395770e-01 3.094959658545494707e-01
2.201829634528696289e+01 8.545411459808178734e-01 3.458039866169222987e-01
2.229437061003082476e+01 8.614679905838307228e-01 2.973617648118934698e-01
2.401501199941217735e+01 8.854049844334233033e-01 2.642994723776603827e-01
2.370658950696175182e+01 6.580936470530763804e-01 2.676215189525737448e-01
2.243883689457496544e+01 8.203349518769870174e-01 3.165103048252074780e-01
2.250228888176906494e+01 9.048094308632371741e-01 2.209257975644697558e-01
2.279051475708304153e+01 8.603049906497908239e-01 3.509399119838325087e-01
2.421349018387248009e+01 8.642950591766119794e-01 2.302805904388526836e-01
2.702923284928310821e+01 6.275441948417771476e-01 2.448007010636409075e-01
2.433743146424972892e+01 7.202543608650022744e-01 3.172527284603613440e-01
2.310591514249888334e+01 7.909552743799623808e-01 3.688270646258184904e-01
2.227903129352115741e+01 9.535217624953775672e-01 2.898607045072379984e-01
2.475366003835215523e+01 8.017689094865784183e-01 2.085737605529278949e-01
2.251626823254759913e+01 8.807214256535610408e-01 2.924649724119633976e-01
2.386220604748352869e+01 8.158783713597301812e-01 3.010798305160946597e-01
2.473164052549259395e+01 6.041064013008783373e-01 3.595063362393066675e-01
2.725879018042884638e+01 6.731592488428136400e-01 3.159288347930513940e-01
2.520216335594712831e+01 6.988808485970572359e-01 3.471388356820720444e-01
2.401274992388159646e+01 7.760114753250392239e-01 3.259972764857336225e-01
2.422257575959710252e+01 7.290392665758047563e-01 2.993734981933033334e-01
2.426337927299993780e+01 8.015998788042898449e-01 3.129215284306651745e-01
2.339507225759130904e+01 8.335816898148139531e-01 3.049486944881620865e-01
2.264269737489727063e+01 8.769162776162100492e-01 3.306616036569580697e-01
2.940470433417307561e+01 5.575337374055634454e-01 2.710495427959236370e-01
2.329834392561485501e+01 9.114936399392760125e-01 2.141912356654099014e-01
2.967688059682447843e+01 4.493269244237034221e-01 2.942968811927649253e-01
3.356324915850653667e+01 3.186292666831813114e-01 2.667370730173915239e-01
2.862823884301415944e+01 5.454033899482961800e-01 2.726721053220039215e-01
2.432244776497951833e+01 8.808600230542892318e-01 2.216427921692369074e-01
2.077694084170282807e+01 9.743660717939407467e-01 3.467090854799193544e-01
2.350885004162100245e+01 8.624376440724328408e-01 2.295809003342831334e-01
2.715114567246602206e+01 6.577373749550416981e-01 2.453227354707425978e-01
2.386841462429500638e+01 6.730125753749305328e-01 3.169994528251361965e-01
2.296978646564157955e+01 8.952018585399269535e-01 2.482283648081428928e-01
2.396488555722887881e+01 7.717376111139940820e-01 3.371138753606178207e-01
2.351961019376920348e+01 8.209970473130697721e-01 3.026083658527761733e-01
2.286909514654647424e+01 8.696884302398778521e-01 3.166611449665128752e-01
2.266979164476022390e+01 8.620157281107524438e-01 3.047597641611605179e-01
2.348136589524499840e+01 8.087385645867226636e-01 2.822876290214990647e-01
2.667700283641377013e+01 7.522230500450931556e-01 2.219094551171119090e-01
2.641645771038210810e+01 8.646301950952557380e-01 1.264763552421642456e-01
2.287152423001924717e+01 7.991346023297486445e-01 3.039078069339020693e-01
2.856402989071144560e+01 6.916626290639813490e-01 1.790782368195157626e-01
2.493028898885105349e+01 7.470115588034950127e-01 3.001575318479214882e-01
2.489664745905194110e+01 6.618184303607128616e-01 3.281103431449370889e-01
2.737288928553410372e+01 5.577451729885414267e-01 2.945070807240725008e-01
2.487987698758530541e+01 9.888520730495600208e-01 1.390794662747459332e-01
3.406873234694311492e+01 3.670694078252603743e-01 2.475705455419938139e-01
3.027486411664619581e+01 6.164976041617673541e-01 2.430777510676749020e-01
3.048254722105467707e+01 5.136247100877671112e-01 3.166123457123409812e-01
2.521513120946072206e+01 6.864143047119205532e-01 2.991490200022878243e-01
2.849478893369688137e+01 6.182226430874252499e-01 2.113532084872253025e-01
2.936930456508923015e+01 6.205710798090510183e-01 1.935226086921645883e-01
3.049595467306471974e+01 5.633208289288986759e-01 1.897189771220840759e-01
2.313679713589822029e+01 8.337954733758089487e-01 3.332004779581385634e-01
2.865663097059955433e+01 6.166403880839678164e-01 2.116413138593576104e-01
2.129735041808245555e+01 9.465255247361723523e-01 2.982965231451333854e-01
2.857165380939241928e+01 5.751785211876114801e-01 2.821857371083353883e-01
2.796688524054432179e+01 6.113511480784825647e-01 2.355138479957335496e-01
2.863770297231651796e+01 5.422830484801056672e-01 2.810455864935745840e-01
2.988930837609479596e+01 4.662632883252553762e-01 2.831593330099997918e-01
2.871213579549232620e+01 5.225713781529377489e-01 2.974968586575399976e-01
2.359193973762106467e+01 9.536047108765998148e-01 2.567501583059622616e-01
2.213268685454039186e+01 8.814693278255198994e-01 2.923092522827797635e-01
2.397938163532794675e+01 8.323413320105668145e-01 3.229453737565549098e-01
2.259178148188916069e+01 8.399506837075852994e-01 2.686702915826574278e-01
2.431291155331832243e+01 7.009375285493583130e-01 3.177694053523267281e-01
2.223663896459954614e+01 9.459092789298579884e-01 3.101633320746167710e-01
2.456275926995295578e+01 7.150305152215781224e-01 2.631913890047021809e-01
2.285212016615563968e+01 8.808098592945011740e-01 2.695670593824236461e-01
2.687525691028934816e+01 7.082128494124273477e-01 2.325371292476090257e-01
2.237898874439206054e+01 8.557999460436837014e-01 2.795160374337937181e-01
2.422580641080388020e+01 7.545301218188316117e-01 3.079537358916986656e-01
2.413797590183296649e+01 7.823800818691810655e-01 3.063946259721564425e-01
2.634502839458211199e+01 6.423092673346525450e-01 2.717276101661017518e-01
2.414330568817090494e+01 7.618409529243753697e-01 3.257086421136576315e-01
2.587632435476269066e+01 6.656807430290900829e-01 3.339171177009521707e-01
2.722525086186045229e+01 7.961932259295676495e-01 1.829713585896831640e-01
2.332745549213078817e+01 9.030747516471472336e-01 2.660267216011892866e-01
2.198462109565489087e+01 9.209730945678675784e-01 2.870813591412094135e-01
2.285524078254096381e+01 7.973822228677674984e-01 3.314574232464861936e-01
3.197022977499070606e+01 4.613983729737602957e-01 2.730445882449661910e-01
2.288011945368470990e+01 8.787308169870036156e-01 3.380089235097861744e-01
2.344370004791613482e+01 8.106833488117438646e-01 2.695964348275164402e-01
2.505800332489463855e+01 6.936997734256411530e-01 3.038130602984654427e-01
2.831470332066158235e+01 6.789080431077988420e-01 2.125141348363531746e-01
2.468019039163462480e+01 8.003445918037571660e-01 2.931132820927255245e-01
2.675076391807777654e+01 6.023016701455525812e-01 3.337938351692442684e-01
2.180658562568018155e+01 9.493297391860707757e-01 3.486087416347969925e-01
2.208054576732924090e+01 8.904102140028732348e-01 3.533870183687299327e-01
2.769061646578818880e+01 6.850134375893501826e-01 2.487801072512426381e-01
2.578828954669615570e+01 6.659093698531070027e-01 2.662966243212377404e-01
2.472296217541365593e+01 8.063641870119581112e-01 2.677108745152056435e-01
2.371411180463594448e+01 8.809716125703314082e-01 1.920404707914789566e-01
1.984342032184396132e+01 9.735083227881368151e-01 3.950432713218662850e-01
2.269398467792602858e+01 7.978786893986138384e-01 2.946098456027063106e-01
2.380994666616319932e+01 7.573909713263762278e-01 3.514126449400020724e-01
2.266635776975237349e+01 9.077931458815371446e-01 3.139054938832088193e-01
2.315275769118801463e+01 8.518991502734922783e-01 2.943647318265643076e-01
2.469083104308125698e+01 8.790743006235337553e-01 2.331014272819106059e-01
2.826671663122728262e+01 6.406041700859905763e-01 3.626917658150234924e-01
2.312622038577793759e+01 8.173021861128560994e-01 3.580659734313739739e-01
2.388042766582081455e+01 7.067694386305106713e-01 3.060670619664114245e-01
2.571583817008103168e+01 6.561879056035486713e-01 3.028519147775624032e-01
2.805623862244362243e+01 6.781063214555490548e-01 2.009178227136640404e-01
2.385780895759529230e+01 8.222833609180686398e-01 2.769622329589950804e-01
3.114679289077647439e+01 5.309399194388778609e-01 2.648788316073029114e-01
2.192501283506034682e+01 9.539359805462351849e-01 2.810907437684375676e-01
2.088188510376815188e+01 9.277084800703091494e-01 3.332295844773224269e-01
2.316594043881251608e+01 8.725224319063713541e-01 2.767575777086014321e-01
2.594406629507972184e+01 6.615923882800188727e-01 3.128527198706548829e-01
2.085779621875475343e+01 9.908381493030802289e-01 3.702849860188317521e-01
2.566749092408550226e+01 5.842037294538198200e-01 3.319116037134835495e-01
3.186105176628345959e+01 4.982836293632186275e-01 1.887273614764902741e-01
2.519414085342883070e+01 7.238221637172500555e-01 2.646011699844846299e-01
2.293934996742557075e+01 8.538464078999231655e-01 3.133273193347190233e-01
2.544920612941419336e+01 6.508312158793474467e-01 3.637819908215312315e-01
2.148337991928747215e+01 9.013802649594540028e-01 3.586392881222233986e-01
2.638523517836647159e+01 6.466068539465350540e-01 2.988227987483743076e-01
2.378651924461175682e+01 7.964133923618519351e-01 3.201213963708932075e-01
2.239466021238708393e+01 8.439079180497225385e-01 2.436745516948945200e-01
2.290392406632840760e+01 8.044313280802110055e-01 3.188813372119423950e-01
2.226653851137244189e+01 8.625859474393692272e-01 3.607562749156039139e-01
2.389529999757463230e+01 7.400441738256392510e-01 2.975075853053501529e-01
2.573896268571529333e+01 8.050420240437176078e-01 2.541472395045323296e-01
2.228093244459594757e+01 8.983468343068382600e-01 3.239453543226672450e-01
2.590461033712940164e+01 6.776294645423842633e-01 2.837711730538693411e-01
2.363085177686174632e+01 8.805377078719742734e-01 2.195243435201799376e-01
2.490463938174688963e+01 6.869158203963430243e-01 2.962339066696264012e-01
2.269612539097846948e+01 9.291780048347979548e-01 2.636699659493525472e-01
2.744247983069718089e+01 7.497193929517367295e-01 2.094260870285500620e-01
2.469346891223214513e+01 8.296781522612711735e-01 1.748935357408829827e-01
2.231917617034297763e+01 8.329730584953122241e-01 3.052005494140219710e-01
2.162881670675595203e+01 8.289936827142240228e-01 3.228781022987123883e-01
2.621309140434156859e+01 6.707418799529254461e-01 2.554302158557865687e-01
2.098498690558571766e+01 9.825021392548284327e-01 3.409891617568565625e-01
2.488464575142093338e+01 7.848390519282968381e-01 2.296012692185026571e-01
2.242930858807790528e+01 8.366020866024721503e-01 3.586575297375882987e-01
2.130308645209377971e+01 9.265230167967092312e-01 3.192881727820102711e-01
2.701018334985873537e+01 6.010128953821306519e-01 2.588706473989128010e-01
2.237911256103311430e+01 9.396733825802111584e-01 2.810859645042372845e-01
2.269574845393453799e+01 7.584983603136564723e-01 3.023893906823636457e-01
2.829041683656157602e+01 5.162419994646029187e-01 3.507977001813811779e-01
3.500448700685927861e+01 4.494663438257133214e-01 1.623517577054367500e-01
2.383058728118772152e+01 8.577334328291722487e-01 2.415907611037832470e-01
2.530907420178024125e+01 7.765669033511987118e-01 2.496383608443228097e-01
2.746634024763766746e+01 5.790451876867721559e-01 2.833213920093207161e-01
2.733180064303109447e+01 6.475932268012556392e-01 2.213907687970700366e-01
2.300982165341887153e+01 7.441426653425871063e-01 3.679137315400824448e-01
2.300630199953702615e+01 9.272299044523040212e-01 2.924625174701424579e-01
2.236210517888218519e+01 9.503041530680588211e-01 2.405861066335770182e-01
2.242012760952189865e+01 8.231937402216285005e-01 3.210870391041281136e-01
2.198612666368921964e+01 8.902570497692106066e-01 2.823786759385940037e-01
2.860061642846046936e+01 5.662905964173027273e-01 2.736583524735180517e-01
2.564632141231207285e+01 6.169056869579158109e-01 3.269948330157767535e-01
2.223979627880769527e+01 8.299715404518637207e-01 3.691146995359258498e-01
2.454853370488068620e+01 9.077318074224596245e-01 2.652168709296422455e-01
2.481334729820314777e+01 7.358664683549204222e-01 4.032468728038730021e-01
2.446092831351919372e+01 6.133907727235532459e-01 3.714150407554063782e-01
2.226967328300284876e+01 9.196227129873160155e-01 2.630857059528062813e-01
2.901589620401695058e+01 5.726739370578991517e-01 2.718078649209950126e-01
2.428539834923700624e+01 7.398441363089205414e-01 3.074037140921569988e-01
3.095180074654732039e+01 5.084312352494505527e-01 1.794690492788961755e-01
2.335877181336839215e+01 9.099692665905787514e-01 2.312947885187854324e-01
2.261099038502034375e+01 9.442503445523702243e-01 2.303819304806168644e-01
2.838991901402601314e+01 6.031929430250825286e-01 2.530023767389181222e-01
2.512029344162233002e+01 7.100136019687462996e-01 2.811198274729068691e-01
2.350858605484372177e+01 8.330283866556486005e-01 2.706334583591599174e-01
2.863918332043194681e+01 5.241594902434435488e-01 3.198921064565424244e-01
2.266827473369313495e+01 8.387265094434021018e-01 3.614142391758508599e-01
2.589607574506326770e+01 6.091723139230541539e-01 3.429415847545834728e-01
2.666008737859339917e+01 7.016396734077172681e-01 2.909184996758178987e-01
2.334859158670839463e+01 8.001113699795472378e-01 3.068330432988474743e-01
2.546599078105880665e+01 7.143762150326318228e-01 2.879940655753374656e-01
2.129367756011541246e+01 9.120936324766786285e-01 3.137218275718260396e-01
2.273030051110022853e+01 8.350225811171860801e-01 3.240840342300956300e-01
2.852348207038126660e+01 5.805471765670715545e-01 3.015803227808276366e-01
2.132790215336174100e+01 9.622689782496923749e-01 3.385416809735397603e-01
2.966738791317787616e+01 6.291098578257653395e-01 2.158310029032899924e-01
2.530875231304212036e+01 6.758819007513111599e-01 3.422998723842095581e-01
2.313194341170204638e+01 8.445336647135440744e-01 3.195801777968301782e-01
2.351093723972032734e+01 7.716556011117813307e-01 3.768687598429856234e-01
2.951610977642263123e+01 6.387291043103425769e-01 1.590498971286299634e-01
2.656301209237008365e+01 5.987791212822635156e-01 3.196643467277918149e-01
2.814702811365388158e+01 5.453232839535614440e-01 2.743587299932406243e-01
2.431733404422342915e+01 7.473069465160423475e-01 3.482570885597675581e-01
2.470172625775150266e+01 7.342472877054228020e-01 3.164128555507663698e-01
2.494413718164298643e+01 6.407573507065069673e-01 3.559079134992259030e-01
2.273383746441991349e+01 9.395564933793224549e-01 3.074217252814521739e-01
2.386280457427485757e+01 7.696544888533367601e-01 3.213303114417410122e-01
2.370471710415378297e+01 8.380468617978337198e-01 3.408037252817750495e-01
2.584274515447405562e+01 6.098528082170395770e-01 3.224453050833614443e-01
2.801305062257155143e+01 5.651380637870450085e-01 2.338504458400571251e-01
2.162097486437656713e+01 9.792137182428451991e-01 3.208767495056000785e-01
2.536837234244233130e+01 6.787967247829377326e-01 3.026838913394163666e-01
2.270719101126504924e+01 7.132861285078889724e-01 3.439700218692884337e-01
2.502642948104944765e+01 8.908180821980855590e-01 1.806965920717874818e-01
2.381490325584617196e+01 7.834638799056656833e-01 2.924121785984720168e-01
2.125274481237284263e+01 9.518493038195348088e-01 3.359346875266053245e-01
2.340748947483797693e+01 7.891162627104820748e-01 3.115525709410790212e-01
2.184738452468991809e+01 8.382414629769632253e-01 3.348108999978294253e-01
2.338176904080361851e+01 8.484726478084513301e-01 2.637531381151828613e-01
2.908749206382032071e+01 4.813671734318433204e-01 3.313656919968149261e-01
2.654832621872574805e+01 6.284832474961735693e-01 2.925402798386672054e-01
2.396148030836518572e+01 8.755405071183792742e-01 2.176336196480426199e-01
2.268450819703525312e+01 7.721840054893487348e-01 3.408588247011371530e-01
2.520403309177915219e+01 6.761557308441737968e-01 3.621508857325710928e-01
2.994434371495801273e+01 5.047728303335538014e-01 3.305308468022261081e-01
2.564545476008893488e+01 6.449894398386029071e-01 2.839886953864963481e-01
2.772987629848277891e+01 6.372086735338752250e-01 2.588001339879715812e-01
2.596913906421096385e+01 7.336085768963388487e-01 2.566596420200404349e-01
2.173981416920959830e+01 9.717498554610943806e-01 3.004221094051724439e-01
2.401363421024748490e+01 8.016472177154525536e-01 2.640459055150723988e-01
2.474879568496185911e+01 6.697866519097307458e-01 3.533529237688085023e-01
2.464748075473104194e+01 8.377391156878990497e-01 2.507339921173374342e-01
2.201353348282653144e+01 9.808037332675868525e-01 3.184913736199175283e-01
2.597189950594009389e+01 7.944481873729465349e-01 2.532880004620128855e-01
2.635223850300601001e+01 7.045576364240978551e-01 2.227369221906686236e-01
2.422672747772096358e+01 8.267762683970113491e-01 2.449506862920837469e-01
2.237064571689846915e+01 8.714474232238195173e-01 3.195745609480201144e-01
2.342487912013771734e+01 7.939041982976505762e-01 4.069850192595674820e-01
3.037107467073269973e+01 5.076652887977608497e-01 3.281204381901735578e-01
2.535577178431133305e+01 5.666543360772423599e-01 3.496385474321879738e-01
2.700926643572395136e+01 6.953987407275743493e-01 2.416726340868905754e-01
2.255088368490532957e+01 8.474780781465369728e-01 3.017207844342280065e-01
2.392520145255225472e+01 9.119544866311648512e-01 2.474344702671762986e-01
2.127938756292989098e+01 9.188127164320796236e-01 3.642530789078256559e-01
2.189075406265479984e+01 9.142160121173947829e-01 3.610551246760785316e-01
2.965001213510899802e+01 6.166820505812976583e-01 2.244594314013942105e-01
2.266963785591201130e+01 8.231937402216285005e-01 3.065466765837939755e-01
2.218078587578608563e+01 9.018991836914288518e-01 3.463662724683168048e-01
2.263673308192353417e+01 9.494598661009547858e-01 2.094144901969947070e-01
2.975055914308683214e+01 5.551508791024400979e-01 2.387803477153771503e-01
2.207505456371369590e+01 8.469100522083541360e-01 3.464875891568150457e-01
2.207209656587667723e+01 8.825190071439672490e-01 3.024413840434000966e-01
2.977957721874313179e+01 4.612900344554268228e-01 2.478022346338843718e-01
2.205812815521534986e+01 8.882128569886703628e-01 3.474757146595163215e-01
2.437448286633425099e+01 8.956254332527971984e-01 2.110199901213041518e-01
2.308435475177362051e+01 7.635199436881210389e-01 3.401405121632475881e-01
2.458702597987573668e+01 7.266062767090457619e-01 3.125365396536300411e-01
2.320494220280236419e+01 9.665176465119895699e-01 1.997190407411551238e-01
2.215927310239059267e+01 9.013063391388675960e-01 2.851426519459137610e-01
2.265844977696963980e+01 8.250821048721115325e-01 2.811436036328134325e-01
2.492000333080858709e+01 7.931779970498705756e-01 2.141643240710690288e-01
2.431284124778361999e+01 7.373329353794412233e-01 3.094390604348726814e-01
2.293752556586589364e+01 8.645465632771339726e-01 2.515229211436657564e-01
2.107197120729338735e+01 9.492299254996872104e-01 3.429787712601435334e-01
2.083815012605788297e+01 9.127882108363095659e-01 2.911144145351122203e-01
2.247436475454841087e+01 9.138822705487126274e-01 2.127368803375845052e-01
2.779549326524553265e+01 5.310608424053560039e-01 3.070401612705135896e-01
2.417132242959806376e+01 8.078322237706477837e-01 2.917419843676795077e-01
2.488110736381474197e+01 7.521125203376959334e-01 2.868697735923810832e-01
2.677435291482903423e+01 7.436729959172695414e-01 2.164211812552023495e-01
2.502312195891991919e+01 7.812491392224291120e-01 3.013976854471445699e-01
2.180647562451848387e+01 9.472756869357168430e-01 2.892393289078684093e-01
2.152647619179980509e+01 9.183061280156635808e-01 3.634838205047621895e-01
2.274491779571381400e+01 8.553391643046585058e-01 2.956887013042345247e-01
3.032634734469197824e+01 5.439327638158090172e-01 2.060178426467032808e-01
2.360738765715839449e+01 7.477148408606697494e-01 3.214679003477290409e-01
2.262665762393557856e+01 8.688126307823116345e-01 2.352295449255424886e-01
2.350120255736666053e+01 7.377648785040292756e-01 3.359938038642276692e-01
2.356330273936162456e+01 9.626710995036612539e-01 2.323586095378880056e-01
2.396100307806149488e+01 8.279168332359957416e-01 2.394032045841457956e-01
2.317827460742469370e+01 9.331859591706366253e-01 2.189347342942335461e-01
2.147140303859951160e+01 9.924511438185663614e-01 3.110566156014050176e-01
2.340693457063774829e+01 8.238718480335434080e-01 2.657792463420702855e-01
2.319188430940978662e+01 9.512710185039916500e-01 2.620145741294816477e-01
2.640800049806522765e+01 8.515924150184903674e-01 1.912740990104436489e-01
2.809505653965779359e+01 6.371004472498903448e-01 2.812451524768649902e-01
2.923767416541714326e+01 4.730790106349784807e-01 3.310068981488966111e-01
2.313459286517268509e+01 9.147481941478575740e-01 2.752870202619741580e-01
2.665754401185394329e+01 6.013228541111540482e-01 2.754975846567232489e-01
3.013001196683737248e+01 5.876229382014928060e-01 1.681084640370387739e-01
2.394980937240483954e+01 8.068822803009602085e-01 2.904380372901775309e-01
2.139030907669433290e+01 8.522985064048184123e-01 3.244643589964544272e-01
2.424514752198851752e+01 7.330686056448828536e-01 2.826325751079389326e-01
2.238869565017955665e+01 8.645285955118474641e-01 3.163584185737786658e-01
2.946300530191255973e+01 4.976216624590191762e-01 2.120008340656943935e-01
2.214846385828650455e+01 8.790210338384627509e-01 3.287670507672327824e-01
2.513008511945092138e+01 8.597024181047360214e-01 2.048313348753809937e-01
2.672228261190319643e+01 6.256727180122938492e-01 2.793256285962613661e-01
2.173867903318087258e+01 8.813148609878183048e-01 3.503753818340740178e-01
2.667996134380278761e+01 5.976758175964153041e-01 3.196450904220715095e-01
2.641559111311795505e+01 7.062280962651986682e-01 3.121433039894141448e-01
2.534088066167462827e+01 7.234500347636545481e-01 2.999158726878720094e-01
2.197949349893523419e+01 9.460084420248986437e-01 2.874920889951753100e-01
2.350313869104148878e+01 8.030131986355355522e-01 2.821276509543788613e-01
2.977156732408498740e+01 4.762593959052509041e-01 3.141696093489927399e-01
2.530107159059903665e+01 6.988147675095468525e-01 3.517930605242884923e-01
2.936549721441005190e+01 4.948305693962342100e-01 3.130183942902670102e-01
2.336671216479408031e+01 8.182197480974272574e-01 3.359972417101544928e-01
2.276046292815325600e+01 8.321277466442903448e-01 3.026315454826132290e-01
2.819503116034355372e+01 5.426509104784359439e-01 2.924814586215184198e-01
2.498391370481039786e+01 6.697907350355599698e-01 3.079576877384188616e-01
2.493135779318154732e+01 8.286676670196183592e-01 2.423337812941257496e-01
2.352950746687060146e+01 8.098317205146223774e-01 3.693658928205900138e-01
2.415981694513554601e+01 9.179867907858327847e-01 1.793169238286274891e-01
2.561455857481383802e+01 6.236413679363492779e-01 2.979745055099641271e-01
2.208103651268334744e+01 8.804733735058976052e-01 3.309406006877990136e-01
2.294961626598155391e+01 8.276501966501067509e-01 3.025131947112106867e-01
2.468224171406792067e+01 8.271373118204217167e-01 2.869470434646676504e-01
3.034897851552434389e+01 5.050884833917478334e-01 2.750576425564231764e-01
2.445942311172852612e+01 7.005824134921843083e-01 2.803062384976648946e-01
2.611194555956385344e+01 7.939041982976505762e-01 2.621983270001314037e-01
2.771140357339693239e+01 5.611492818303577268e-01 3.034778590095127404e-01
2.731582701569293903e+01 5.685426844823848747e-01 3.345632910567481466e-01
2.117451612243342041e+01 9.848039111845956484e-01 2.908295444372531180e-01
2.049370314246046476e+01 9.596742301623627514e-01 3.232257641038637219e-01
2.111035988508076144e+01 9.191799988783383446e-01 3.412908237538402334e-01
2.346407403463922492e+01 7.844161762489694212e-01 2.870278603544445528e-01
2.231287139128460595e+01 9.442503445523702243e-01 2.468208825362806502e-01
2.408555935164577733e+01 7.775399709932965253e-01 2.894431284145311811e-01
2.389589406211907985e+01 7.543351450144225590e-01 3.681439964126118070e-01
2.772087425476201616e+01 6.553731751793314686e-01 2.120340683060626119e-01
2.210856180954321104e+01 9.006549488645142487e-01 2.898086381942348577e-01
2.515369979473749851e+01 6.471115713379724799e-01 3.476450095461496859e-01
2.347188579756288007e+01 7.781784990631817056e-01 3.200528183899533641e-01
2.642116624837512617e+01 6.049237969961046568e-01 3.350735417354758772e-01
2.627432966855759489e+01 6.272422348660016134e-01 3.349381104087183481e-01
2.485079345022721498e+01 6.930251510069950216e-01 3.213684732347958373e-01
2.091718673334248990e+01 9.293913775124560406e-01 3.543505329444031626e-01
2.474741801144804398e+01 7.588327498450211372e-01 2.921320917280183505e-01
2.213514665452205321e+01 8.585246730329608722e-01 3.747012601691315781e-01
2.543991040024841155e+01 6.223859158485368637e-01 3.063259452232777735e-01
2.937687337735058435e+01 6.544212793789186966e-01 1.881028845945817152e-01
2.151849083874907365e+01 9.524019214598316019e-01 2.979541274198225786e-01
2.639570006080767683e+01 6.578182662003068115e-01 3.064181635857262109e-01
2.869035462825821625e+01 5.471486572483519328e-01 2.738039481744353187e-01
2.415796096922547065e+01 8.443272182704765205e-01 3.083350469960354778e-01
2.118352758440018135e+01 9.366595738624772238e-01 3.085470722266813737e-01
2.354690953040825363e+01 8.494312063506268551e-01 2.878684126610402405e-01
2.154688621846711172e+01 9.702872718664423690e-01 3.756777986136672909e-01
2.242402088500389112e+01 9.358925884000292017e-01 2.674217592709429159e-01
2.640283937665106961e+01 6.656807430290900829e-01 3.073166680142910279e-01
2.186653806137571365e+01 9.811187755259167531e-01 2.699125450063568632e-01
2.608712429454600468e+01 8.470576693054600037e-01 2.147460809478804189e-01
2.144974091809197958e+01 8.852274245802258523e-01 3.225917790024069864e-01
2.630680658887885315e+01 5.980374988564318706e-01 3.745019137095124129e-01
2.379813245829880586e+01 7.122498000846376742e-01 3.195169433998837905e-01
2.964390161060573092e+01 5.055694777372049531e-01 3.535134992367199858e-01
2.800936681996196143e+01 5.719105228245440209e-01 3.014784387778425834e-01
2.373711716073564304e+01 8.859353896258234107e-01 2.983352102663206495e-01
2.533974326267932042e+01 7.785769404528232185e-01 3.022564458496742046e-01
2.084883964573101878e+01 7.942739404393972524e-01 3.313179760430154386e-01
2.448886332165475466e+01 8.421055266640391501e-01 2.234276293872315688e-01
2.292195459834553972e+01 8.930542089764248459e-01 3.022144281777115471e-01
2.619681498071493664e+01 8.202836583833007511e-01 1.895174288530845630e-01
2.349093234972603739e+01 8.443538065079559951e-01 2.778899344261273607e-01
2.450687949229034501e+01 8.034353169522318039e-01 2.716545984487344079e-01
2.246699776806432780e+01 9.617180623425763963e-01 2.875031768204151517e-01
2.237866224654777270e+01 8.605756084845049836e-01 3.483977133018740791e-01
2.646897179908208386e+01 5.722943990835205330e-01 2.344491220899301842e-01
2.333711011780873434e+01 8.022017071575012759e-01 2.932791527160142353e-01
2.043563513155869416e+01 9.482812205876903766e-01 3.328033518243074806e-01
2.210858880129933723e+01 9.841525567765302407e-01 2.978879501487497472e-01
2.463997519647077539e+01 8.193521782802135611e-01 1.799381601716980861e-01
3.223710521387705796e+01 4.918190439433284822e-01 2.182197110891550829e-01
2.358059423396377596e+01 8.897962355040910376e-01 2.214978008702307988e-01
2.651723228254040166e+01 6.166087239840346568e-01 3.354554360228808041e-01
2.106648874335116162e+01 9.941624495435688047e-01 3.535573178515374893e-01
3.220618558961441380e+01 4.105129388412843139e-01 2.823512081268627072e-01
2.242100492905167286e+01 9.179274082766072373e-01 2.749129260910889716e-01
2.157090742612876610e+01 8.717492734535200460e-01 3.215222909663159045e-01
2.588426089106898331e+01 7.716408793259929011e-01 1.733275339717738339e-01
2.177101720157991238e+01 9.202558089011846354e-01 2.895019438027312542e-01
2.411818971956639146e+01 6.910070826665264399e-01 3.361581600735235598e-01
2.311976161397999618e+01 8.709571745616001559e-01 2.458788494853085538e-01
2.454080460631612937e+01 7.053194631627266453e-01 3.529340839727275747e-01
2.340413918668555837e+01 9.078587564690604461e-01 2.922895714620475927e-01
2.732687033662023168e+01 6.246464692679748465e-01 2.925053460171819775e-01
2.360035396984413580e+01 8.493833422965765267e-01 3.044290792983945226e-01
2.506304939842181057e+01 6.954500452511940267e-01 3.618774179230281884e-01
2.360904495722692431e+01 7.223157262583691507e-01 3.650432306087389445e-01
3.531910175776812366e+01 3.993817693757166221e-01 3.038306952376465531e-01
2.417673498753669392e+01 6.246160536324042445e-01 3.184926755590768432e-01
2.557155407655154633e+01 8.323546856686965256e-01 2.017388895491072920e-01
2.400625399120615810e+01 7.005824134921843083e-01 3.044747427679196927e-01
2.286212449236167643e+01 8.549622428472416491e-01 2.988921047088759497e-01
2.412300935474721086e+01 7.382183989179299521e-01 2.450473138870419565e-01
2.519496291800002652e+01 8.431856117549312302e-01 1.677164239436554349e-01
2.433251292994461679e+01 6.804932125216729411e-01 2.677104534500788224e-01
2.384997024899950802e+01 7.781784990631817056e-01 2.991265262186128537e-01
2.341528775049891209e+01 7.609882076963077058e-01 3.149600093786569244e-01
2.678634104669994187e+01 5.903054895070942720e-01 3.183479198757763751e-01
3.428278395991619476e+01 3.607638453850415261e-01 3.153829646018698751e-01
2.458044779275405389e+01 6.990750938784301427e-01 3.123957005172845469e-01
2.770307792812837988e+01 6.682252434983189104e-01 3.136200639658887623e-01
2.740439084670507697e+01 6.223306539502152512e-01 2.657856251590671737e-01
3.054527433959529503e+01 5.543163651727479602e-01 2.154456884963731056e-01
2.479858867832226110e+01 7.109213956683608782e-01 3.260709884166199668e-01
2.862792706183817515e+01 6.273943874843467272e-01 2.369440484988534212e-01
2.696363397227066372e+01 7.598050092802113298e-01 2.125930441580834718e-01
2.863449051095136966e+01 6.097014826415234623e-01 2.299066744886149594e-01
2.695503884305065156e+01 6.334082207401643405e-01 2.988750342322855080e-01
2.126734484357373489e+01 9.836765332518664362e-01 2.896305204872580141e-01
2.112432087135054459e+01 9.601720813512696351e-01 3.876365625441255958e-01
2.232934101801640026e+01 8.439819516158494350e-01 3.545619181325446734e-01
2.155814342129422911e+01 9.139752844323943970e-01 3.553162918073726195e-01
2.439170844046183007e+01 8.391428168534964538e-01 2.690642426936909470e-01
2.326189611476376129e+01 9.107537333834851978e-01 2.266686627445540503e-01
2.421776393334494770e+01 7.874842615464230366e-01 2.383571035931623394e-01
2.276409919141994465e+01 9.036835462492763815e-01 1.998815226694780900e-01
2.950590872881599580e+01 4.775287872723608107e-01 3.099623656821023920e-01
2.516947664333801526e+01 6.471928637470517609e-01 3.197328045671556929e-01
2.422793627602436217e+01 7.922422965380560012e-01 2.473747105694101001e-01
2.151955091787007035e+01 8.952195601472574538e-01 3.412042895389876263e-01
2.482448496392445136e+01 7.811501849952692256e-01 1.799136635690945507e-01
2.344052039718790681e+01 8.696884302398778521e-01 2.845640152089931041e-01
2.410073358653470521e+01 7.372392784256196485e-01 3.218755721941776171e-01
2.271135708177090251e+01 9.699997834202107594e-01 2.706297072473238807e-01
3.123190558630410862e+01 4.769215791861349252e-01 3.481261616794776859e-01
2.177597194720804552e+01 9.099692665905787514e-01 3.207922048084558275e-01
2.574625369804559938e+01 7.946889770858700519e-01 2.407496785609986312e-01
2.646639602687356785e+01 6.257180567275029137e-01 3.546684242008328325e-01
2.316644669141204460e+01 9.277905833640516242e-01 2.795608836718498913e-01
2.668945192921363230e+01 7.024284059656789037e-01 1.974975763746104340e-01
2.591398998006553356e+01 6.121156691633259372e-01 3.596265579751874997e-01
2.755521031680192934e+01 6.282463874334712761e-01 2.835547830471032427e-01
2.723650420694330165e+01 6.116047168468282669e-01 2.402512724591346072e-01
2.432508915914043257e+01 8.312047748807732672e-01 2.197187359065133350e-01
2.335860846763048926e+01 8.619914919257595232e-01 2.868378286169877001e-01
2.599553126842220152e+01 8.711418573762781392e-01 1.484544282526613357e-01
2.539158796521715900e+01 8.937035753572325492e-01 1.289809065612265715e-01
2.650968569209846137e+01 6.647458975105349221e-01 1.808299941228791730e-01
2.267357456160065965e+01 9.117307594856052244e-01 2.985430206432116984e-01
2.320537247637665601e+01 8.383868064693720257e-01 2.888129690848992293e-01
2.340585620158342905e+01 6.892855218739754042e-01 2.981789146403637236e-01
2.072599698434296656e+01 8.957161898770373831e-01 2.990313093425119306e-01
2.320410145060487395e+01 8.885266489367310561e-01 2.585745697659288522e-01
2.942480803876085105e+01 4.813591913122052257e-01 3.221231876433443553e-01
2.846658428899193538e+01 5.305787920146053382e-01 3.476868039568563606e-01
2.249001661975088595e+01 9.109823750060496161e-01 3.459467599244172575e-01
2.467657556987385448e+01 7.497193929517367295e-01 3.449860944449377187e-01
2.644958924762753227e+01 7.290717957000653060e-01 2.767016411428365741e-01
2.569703289683922875e+01 7.908817773381775496e-01 2.032916844575987092e-01
2.990162970941604215e+01 5.999046958619754788e-01 3.059395551173993977e-01
2.329256776995952549e+01 9.712459518560335736e-01 2.022668894460258882e-01
2.119697278351559788e+01 9.515130564603999641e-01 3.287014276822987080e-01
2.685603067713969949e+01 6.044639244360131558e-01 3.343394052086557378e-01
2.449516445458903391e+01 7.502913577744236839e-01 2.888727511313082807e-01
2.195602163894050918e+01 8.960835379878365758e-01 3.634260109722016185e-01
2.276147863107764380e+01 8.868213301896548106e-01 2.944489889058249932e-01
2.256566748369877828e+01 8.324572451807491502e-01 3.598462807345343961e-01
2.147408991864119443e+01 8.275179428825159000e-01 4.187515333794322170e-01
2.280532701938390971e+01 8.280375250934999265e-01 2.526747358508941721e-01
2.807788659092737404e+01 5.420828261534762493e-01 3.224570118464028523e-01
2.826235744852424858e+01 4.992768119139974203e-01 3.161602696360463760e-01
2.439858408058117689e+01 7.341222298025380510e-01 3.303368708938146381e-01
2.377958243536707528e+01 6.654732070113301701e-01 3.040181880519775004e-01
3.023004085954375242e+01 5.055694777372049531e-01 3.272698236308490549e-01
2.321623640115591769e+01 8.476490163573802139e-01 2.570676614296938389e-01
2.767294841010923534e+01 6.409690204543248004e-01 2.614333855097231707e-01
2.290004278737791310e+01 8.569957920699751153e-01 3.545100892604772236e-01
2.685046116462151744e+01 5.884137044733066535e-01 3.028261520547739782e-01
3.054976047156598895e+01 5.042998341907154458e-01 2.445330638643489762e-01
2.232415908855276854e+01 9.083046826555831732e-01 2.491616767907483265e-01
2.180104182713954941e+01 9.237544896671842087e-01 2.859189126044766049e-01
2.383622902205853578e+01 7.976118969244867518e-01 3.073575510271195910e-01
3.163353303453644827e+01 4.610127687505424232e-01 2.495943136305213417e-01
2.739364724788107708e+01 5.961448020915252055e-01 3.371893369486754222e-01
2.214800134399328613e+01 8.572603979855102363e-01 3.757291922985915300e-01
2.245157170913331512e+01 8.514848463056737815e-01 2.870422781245660082e-01
2.353735497117228448e+01 9.154403005648251712e-01 1.960363020602353956e-01
2.999216807252904005e+01 4.941884427185425088e-01 3.275410401713782504e-01
2.166012753562524296e+01 9.608499779013656150e-01 2.883904748067976920e-01
2.585489221973747576e+01 7.888774977897955454e-01 2.251377314123502726e-01
2.347088635545878788e+01 8.619914919257595232e-01 2.806819710500208509e-01
2.448813521096140988e+01 8.282522681195185754e-01 2.280972700011196508e-01
2.407922189999986884e+01 7.687247828855944265e-01 3.545903241998104582e-01
2.105024271907315381e+01 9.954856279873816050e-01 2.889379168733238190e-01
2.184316646639348747e+01 9.808037332675868525e-01 3.287750219115665451e-01
2.549155559077967226e+01 7.385643673607318327e-01 2.139043021443772785e-01
2.164857170116536622e+01 9.872474887345940031e-01 2.926441700767537513e-01
2.295814574921181617e+01 7.433353759207388389e-01 3.797779379063102589e-01
2.974166683983726500e+01 5.728405112041511371e-01 2.464088915940139124e-01
2.591465546838027123e+01 6.482071534602967811e-01 3.191472308675327163e-01
2.730452666962652941e+01 5.487805268784927692e-01 3.030850316690972823e-01
2.462743992997400611e+01 8.331665601833360135e-01 2.583200319690195923e-01
2.111676681951569279e+01 8.770732397530400792e-01 3.347210887393988754e-01
2.233031982142666649e+01 8.846189619387052616e-01 2.783154575605301106e-01
2.052981275786754978e+01 9.329564571714128451e-01 3.517470581588751366e-01
2.676666124385495849e+01 6.965453429522687756e-01 2.592847383137243944e-01
2.243652039371336215e+01 8.180473918650601473e-01 2.742698287569970139e-01
2.626737707118747878e+01 6.384317666705667804e-01 2.829285888983716912e-01
2.815779755025532083e+01 5.817484774831728211e-01 2.742146446633097479e-01
2.238561829145581683e+01 8.454278454439072554e-01 2.849184072337452300e-01
3.154304017254840886e+01 4.928730685069490081e-01 2.926842744690867915e-01
2.133480013265127795e+01 9.518493038195348088e-01 3.307965775853596302e-01
2.269345006204268955e+01 8.199335740553063134e-01 3.180147098932432637e-01
2.451873972922646772e+01 6.647503485216412766e-01 3.357324789806083176e-01
2.178923357991586229e+01 8.399506837075852994e-01 3.153983546451419318e-01
2.295784765658149951e+01 9.669046639037750523e-01 1.945548385124002133e-01
3.224230605027262442e+01 4.093001657371994062e-01 3.376749768689485953e-01
2.423468715490692205e+01 7.071191173847115596e-01 3.387698298977530054e-01
2.416076907116781669e+01 8.626647465859812458e-01 2.247876676787289585e-01
2.743136394491514451e+01 5.973577170176258555e-01 3.588612317948416952e-01
2.392275273696194304e+01 6.730102078597964832e-01 2.926693821576991095e-01
2.186737659600420969e+01 9.265230167967092312e-01 2.852437912070149295e-01
2.473670028277519961e+01 7.383196253123429642e-01 2.834993203239811743e-01
2.326870537347506485e+01 9.020549811560184539e-01 2.631619391040675993e-01
2.306822808776658462e+01 8.282676432443120129e-01 3.014253147566575697e-01
2.396522668392126576e+01 8.070915316293798547e-01 3.315903671969139266e-01
2.171959249535776237e+01 8.703114177230901749e-01 3.181795655751506469e-01
2.257385879753624991e+01 8.751382345629574733e-01 2.252893157557452619e-01
2.119384895185196882e+01 9.093747164243566328e-01 3.144628926670562930e-01
2.626183290671850301e+01 6.619862825998193978e-01 3.068195628957844368e-01
2.583074364396528111e+01 6.504206620019917784e-01 3.280769021922669837e-01
2.236788917965100509e+01 9.485405322754766333e-01 2.783130214187750084e-01
2.242612930137954308e+01 9.584467324700896018e-01 2.710846181666525800e-01
2.225622416823360439e+01 9.747063492460915635e-01 2.651446528917105749e-01
2.202074987453509181e+01 7.491496587226688098e-01 3.195753625812202126e-01
2.204220817964035817e+01 9.735083227881368151e-01 2.558827942460558669e-01
2.579600647968628380e+01 7.182247557904298807e-01 2.612642203211171243e-01
2.394301981939048218e+01 7.885318285196495358e-01 2.493811651850990629e-01
2.420164315437956049e+01 8.240835598784527205e-01 2.186523374410979936e-01
2.388690628152610529e+01 7.460540602271569233e-01 2.808189825595670541e-01
2.342269321383984249e+01 8.987257318311426824e-01 2.770618530889380482e-01
2.327917025724430289e+01 8.492226463279145543e-01 3.223836012978276711e-01
2.370152394492339099e+01 7.995070825495461664e-01 2.887388199585548265e-01
2.218748019327503229e+01 8.295188748403116152e-01 2.715613379364822944e-01
2.739473776258006055e+01 6.477048091075994218e-01 3.336256516353369728e-01
2.637236976009669576e+01 7.591961099657662526e-01 1.903293593091536229e-01
2.514103983341206572e+01 6.692261937892775014e-01 2.991775287111156367e-01
2.858399372612979406e+01 5.038748489929893992e-01 3.165246032642208829e-01
2.305268534082497212e+01 7.024684060139047004e-01 3.178881570988718597e-01
2.592624027055479630e+01 7.957736696259506415e-01 2.011679161736625587e-01
2.228431035093063173e+01 7.940320778439934335e-01 2.697713572642965740e-01
2.638431010305730595e+01 6.793261323449929501e-01 2.659792456020866891e-01
2.223119457704900981e+01 8.291323484902358709e-01 3.738408835452776691e-01
2.397113361842052726e+01 8.524948670093410730e-01 2.699969256608702461e-01
2.049236199448073137e+01 9.668085540018156454e-01 3.369988294848225707e-01
2.608738845162126196e+01 5.387754450367276959e-01 3.541049563282232526e-01
2.601678185482096239e+01 7.363532464304186620e-01 1.850588274924122867e-01
2.293549693936528300e+01 9.726133257693776457e-01 2.355479401609261447e-01
2.916617244720411861e+01 5.817484774831728211e-01 2.301606618059814646e-01
2.537118598650503642e+01 7.496088915981867773e-01 2.432373487300688586e-01
2.237962957741794767e+01 9.267886419095727746e-01 3.057798789255738448e-01
2.291993966649033609e+01 9.335242194155130013e-01 2.977539397054914661e-01
2.361692527610852821e+01 8.940552673000621287e-01 2.481439330216281824e-01
2.084365708273882944e+01 9.763724844665575553e-01 3.607959432171300995e-01
2.516814094276267255e+01 6.410408372473820338e-01 3.461414999641627688e-01
2.137250821598316719e+01 9.320438232434008485e-01 3.743654092051434956e-01
2.636601041323714156e+01 6.834094748000475450e-01 2.863710689794816133e-01
2.864254683413220803e+01 6.824829669127219223e-01 1.751159627987652345e-01
2.347668073371243480e+01 8.441311845657694102e-01 2.416647536608725888e-01
2.228032707817926550e+01 9.359652591119071996e-01 2.684229410473026323e-01
2.647063525084892177e+01 6.143511817652401730e-01 3.367175235760625496e-01
2.374260709053012164e+01 8.524948670093410730e-01 2.822208565352739562e-01
2.209892990252930645e+01 9.211541770204515478e-01 2.595555134465671321e-01
2.304109651287937055e+01 9.251322067306220198e-01 2.708424264284622351e-01
2.536999197529988237e+01 7.744367697569117803e-01 2.434139920388020684e-01
2.435549160702618465e+01 8.290742341721911712e-01 2.930251012020207990e-01
2.463674390864984076e+01 7.314611601513083539e-01 2.976427452645474814e-01
2.182285378428883149e+01 9.745170909473167553e-01 3.077345558052558272e-01
3.180936150808276608e+01 4.023135578217896247e-01 2.643900441000751056e-01
2.339571156138009655e+01 9.031829312219051831e-01 2.701958614096972022e-01
2.193068109421741596e+01 9.056080042590427537e-01 3.094126842951444023e-01
2.252251982470738056e+01 8.642012178391537125e-01 3.228792884584395506e-01
2.283353712355447485e+01 8.419854498650038988e-01 2.918178572329868659e-01
2.934857566846917720e+01 6.802608074806069105e-01 1.586281523206080346e-01
2.307544189926333189e+01 7.515899453426374555e-01 3.581841741891205744e-01
2.497369006521432766e+01 7.452276952860308334e-01 2.974519950951398650e-01
2.783167228740116173e+01 5.084312352494505527e-01 3.116959204972328812e-01
2.697648532026757451e+01 6.578090091825955499e-01 2.281978770269011969e-01
3.002473438957114382e+01 5.361935789469195468e-01 2.735871866124504614e-01
2.851346448941098188e+01 6.301930758770487584e-01 2.344207773513914406e-01
2.139662063016086790e+01 9.661343007975715658e-01 2.915651717937772225e-01
2.423455662074756845e+01 8.806213123559163414e-01 3.049492299324956801e-01
2.236242114531152936e+01 7.765594729701910115e-01 3.554095866026025785e-01
2.466483259961494312e+01 8.443538065079559951e-01 2.170699265345366058e-01
2.531892861154327079e+01 6.390772317532480429e-01 3.622100891060468508e-01
2.536494409709550979e+01 7.914142836985549323e-01 2.341356984730959823e-01
2.882668774562836944e+01 6.104467241654270016e-01 2.046504373457296577e-01
2.225440682932217129e+01 8.766744288430453613e-01 3.219666660014980364e-01
2.202820350687479234e+01 9.475949625991958447e-01 3.294835863877905169e-01
2.347627202799812807e+01 7.046011749562525184e-01 3.639412578714457669e-01
2.345390033481013958e+01 8.834776649041329311e-01 2.030330817992883619e-01
2.186984727407115159e+01 9.348606691085810105e-01 3.116424015456834562e-01
2.469539287711486253e+01 6.945895404299026188e-01 3.511501584945934673e-01
2.937724378696124461e+01 5.411931315238557305e-01 2.526845359241443045e-01
2.851113367294483325e+01 5.828559331053211334e-01 2.513265662899559771e-01
2.066830392350585299e+01 9.927955002863088074e-01 3.362028206190353918e-01
2.395060006390194474e+01 7.360708525232150246e-01 3.247215065738530138e-01
2.204543908848934208e+01 9.243189407852051565e-01 2.779043722794127258e-01
2.455884887577194675e+01 7.775269391380753570e-01 3.182060431153825308e-01
2.142420208238034363e+01 8.885266489367310561e-01 3.631355738572862868e-01
2.178307615894906490e+01 8.934241023687623517e-01 2.868987738668606902e-01
2.478416068612849799e+01 8.380067314450185822e-01 2.345862903126499366e-01
2.711791421706210414e+01 6.517792943513551762e-01 2.402387119743491228e-01
2.509638481676816824e+01 7.015163348311366232e-01 2.755619278921462856e-01
2.098677338332614184e+01 7.805777685524986076e-01 3.128417835726067242e-01
3.008922001023008974e+01 5.709006521337988138e-01 1.942953984112002208e-01
2.695822670758926520e+01 6.054470811273038322e-01 2.908750407608675648e-01
2.905416596412657526e+01 5.463564014200107399e-01 2.695859535443005939e-01
2.216731261482427229e+01 8.657675910529886165e-01 2.901530508878383818e-01
2.487689258670755876e+01 6.709602829497610665e-01 3.038380853616416410e-01
2.457067614301104186e+01 8.867510429572686981e-01 1.716833038063888817e-01
2.196418554526384881e+01 8.601895278093204533e-01 3.707425635225541916e-01
3.217022656360830268e+01 4.373249389885078831e-01 3.060987903495572815e-01
2.278867053746343529e+01 9.016969916383867911e-01 2.668692520934349832e-01
2.262557024037916875e+01 9.460084420248986437e-01 2.507275484927518061e-01
2.100348791462300113e+01 9.300331646229671456e-01 3.714288844352177099e-01
2.469299434187583842e+01 7.262967685638961335e-01 2.890883365254065529e-01
2.645508120094286397e+01 7.167086109370949254e-01 3.343377679272404035e-01
2.408692820994674477e+01 9.643055111051264117e-01 2.153555963981811650e-01
2.292060293751725908e+01 8.370013147266307518e-01 3.223789567240382681e-01
