# m1 q z
1.041777064156862309e+01 9.695577927791615425e-01 1.080108052809981845e-01
9.590911690687679680e+00 9.354117289378978128e-01 2.393668378010968267e-01
1.045479030190018044e+01 8.278190383257412188e-01 2.120574555717231746e-01
1.467489663314090187e+01 4.432799244485070012e-01 2.000248751483600651e-01
1.278127777774002105e+01 5.838359766827746489e-01 1.766034868744632003e-01
1.241490027729254741e+01 5.931421726604749756e-01 2.024149790169967877e-01
1.501202309829156611e+01 4.368331593075067132e-01 1.708543801801320206e-01
1.445357630888557487e+01 5.258459776568464861e-01 1.071627535495711242e-01
1.260494430857523795e+01 5.975765655546207977e-01 1.734376319249179843e-01
1.012746330688981367e+01 7.462493670390354383e-01 2.895727926078755510e-01
1.375617403189025012e+01 4.978732507297419230e-01 1.995618085192636670e-01
1.156854427954194264e+01 6.914888251656128304e-01 1.980400182682942323e-01
1.045739360646743954e+01 7.412592256381145273e-01 2.807442756784887528e-01
1.391617282672213207e+01 4.886903184445087756e-01 1.926236756787985116e-01
1.331661304487947461e+01 5.560709080891356182e-01 1.584083269748118583e-01
1.440515463463168722e+01 4.359671108059305356e-01 2.355171743469202938e-01
1.179319534293242100e+01 8.109404811445978245e-01 9.134764800730506284e-02
1.588997208247343806e+01 3.818837475889684807e-01 1.864343689309636287e-01
1.089460949881862639e+01 7.695890188529301845e-01 1.881769098360009940e-01
9.502612048416311907e+00 9.867699197532414646e-01 2.215711714120309761e-01
1.205704778255880427e+01 6.950708819767793534e-01 1.447854606636315988e-01
2.294647982873031467e+01 2.261870398423752038e-01 1.196671206984703528e-01
1.428935984428606432e+01 5.218369850935451471e-01 1.176989154196757120e-01
1.128732101746208905e+01 7.076285933993217148e-01 2.138133140628944995e-01
1.484201378689508566e+01 4.832708794553650100e-01 1.254757770639766123e-01
1.032938757476593672e+01 7.607918592601367047e-01 2.780960737980114339e-01
1.091514199779363814e+01 8.034243286000206652e-01 1.724686680747617717e-01
1.356156754982955803e+01 5.310471575677931932e-01 1.635571499447023847e-01
9.868891891823663443e+00 9.971079616029385750e-01 1.691655150113028083e-01
9.814593583376025165e+00 8.506556302671174352e-01 2.746691698298510675e-01
1.293649824154637784e+01 5.975664433544249921e-01 1.455464220893295246e-01
1.120106546758586497e+01 7.581143670876253626e-01 1.739122546690225202e-01
1.152052761621398247e+01 6.292542067321287291e-01 2.661983448978397226e-01
1.336463990348824105e+01 4.771685372411273995e-01 2.520138852645727456e-01
1.159016410782803774e+01 7.117124794323883563e-01 1.759013760122528358e-01
1.363855308239567776e+01 5.715897314055149447e-01 1.220776799082461533e-01
1.076275415111416578e+01 8.835031214568861424e-01 1.228596166297220293e-01
1.032776481281299930e+01 8.459360565792041209e-01 1.989472921552163376e-01
9.796855913531322457e+00 9.560782652597654696e-01 2.019379691984515002e-01
1.543991183752737939e+01 3.803910120479319645e-01 2.375699650115390138e-01
1.512362327595755040e+01 4.483334190413609255e-01 1.588102721657436156e-01
2.593077611865815157e+01 1.728227448383514719e-01 1.481714355523293947e-01
1.043744638941057268e+01 8.518040657234556834e-01 1.998754326613014498e-01
1.428247644301103136e+01 5.342944928183736009e-01 1.070190147407471121e-01
1.030337708487019022e+01 9.142274854826991648e-01 1.519467745608122644e-01
1.022255620895897366e+01 7.810463638765565708e-01 2.611844082530162536e-01
1.639955849886075256e+01 3.775593135690830104e-01 1.613688869321137920e-01
1.051130022061053104e+01 8.445822973377713483e-01 1.860639253319578690e-01
1.130580758411513287e+01 6.976922750074772139e-01 2.168996881882320205e-01
1.183338415320261738e+01 6.793357950943059720e-01 1.673260853499379808e-01
1.481668328737780627e+01 5.208811378233987321e-01 7.329444273985871727e-02
1.223287219842299045e+01 5.570109298423915334e-01 2.536151074803825733e-01
1.052468822506310353e+01 8.241882513458781423e-01 1.888678060983585982e-01
1.009813182424057842e+01 8.241281908826864067e-01 2.556951200586658479e-01
1.555009773046993260e+01 4.052965506716874611e-01 1.821192373760934513e-01
1.669693885409450118e+01 3.750861440952594217e-01 1.419843429037185856e-01
1.323593231861739739e+01 6.168729156718251172e-01 1.124164619132799608e-01
1.165157935747143902e+01 6.011953240841509949e-01 2.881342981289934380e-01
1.007376979454222443e+01 7.864123012836884419e-01 2.804836803975326309e-01
1.033343450591427271e+01 8.732963812116766311e-01 1.847647549314778703e-01
1.532193469414210973e+01 3.808156344138802218e-01 2.445565922144070925e-01
1.723775714669258718e+01 3.946240448577064130e-01 8.256328484013256142e-02
9.699332907087891087e+00 9.483355518047767996e-01 2.137298629472975942e-01
1.075612357832168264e+01 8.308938875325212470e-01 1.604808097554095980e-01
1.333005453927149730e+01 5.682988264464843287e-01 1.463139895626484610e-01
1.571618024301098870e+01 3.874514256090096365e-01 2.011193559466269987e-01
1.097922083060836940e+01 8.206335836932541206e-01 1.545055666987085186e-01
1.010626311003856337e+01 8.684741156965716247e-01 2.158198472674536239e-01
1.140807671554289726e+01 6.106057363585001285e-01 2.972240079554672176e-01
1.616450930825867616e+01 3.789049602203001799e-01 1.865273256516891687e-01
1.310383791591045899e+01 5.365087348542020296e-01 2.036277109411883390e-01
1.022430021366184150e+01 9.192466925085597262e-01 1.612402786124416398e-01
1.043931172326378309e+01 9.564496840880073458e-01 1.163595220829482524e-01
1.250643523523469547e+01 5.987878903154052468e-01 1.938911223826282337e-01
2.042883576791423650e+01 2.738514522365177450e-01 1.276303729333442827e-01
1.766266483314554492e+01 2.971566986056227155e-01 2.478969658564688650e-01
1.003642846392210508e+01 9.552530950804256626e-01 1.639492653435004610e-01
1.413810814213855416e+01 4.265553800042831134e-01 2.702311949697354665e-01
2.255276542942919349e+01 2.211278182534661685e-01 1.487168956865526914e-01
1.196681203316130215e+01 6.457190019676871673e-01 2.013324028794608589e-01
1.138074264028248272e+01 8.007985906016950040e-01 1.127182469777452956e-01
9.980354194874443863e+00 9.050416166448446154e-01 1.986667481171457694e-01
9.753257324176434651e+00 9.188874266859727857e-01 2.091737108915635301e-01
1.087887407303917442e+01 7.383872494565242306e-01 2.413731337757134832e-01
1.294760642958699570e+01 5.945834453454224011e-01 1.378594633433629368e-01
9.455276006950651180e+00 9.813594838040229362e-01 2.262875326669457343e-01
1.054863873446458022e+01 7.651265428345592756e-01 2.473268192426959222e-01
1.266684725513619547e+01 5.961676625999458023e-01 1.577751833720466290e-01
1.629383109431471865e+01 3.488011467828026069e-01 2.237948144041836673e-01
1.002558874296161129e+01 8.150208271105867652e-01 2.572792803663747074e-01
1.138312455953390057e+01 6.231785057734925415e-01 2.838158673694936573e-01
1.441691871264731795e+01 4.026675065246198004e-01 2.849435517891232283e-01
9.767656955306431854e+00 9.406108898776250893e-01 2.144699637444882900e-01
1.034927385731400662e+01 7.144250405088165001e-01 3.273523523867074569e-01
9.542016330984022687e+00 9.236767962675720423e-01 2.427162759610515252e-01
1.155572001124712145e+01 6.374174313281012472e-01 2.426891605216571490e-01
1.757495204609866946e+01 3.076744500258200565e-01 2.111610309953892428e-01
1.091712918924385534e+01 6.930181362018024149e-01 2.521360481350861660e-01
1.139256691944223476e+01 7.733082043811386752e-01 1.637424729429716730e-01
1.066468209949946910e+01 8.150956051121160950e-01 1.793813338880786701e-01
1.251533973794965959e+01 5.663500946401566205e-01 2.222090107244619195e-01
1.017593770513422591e+01 8.900796472728733644e-01 2.069553053379268037e-01
1.053625984374503410e+01 8.990040325843209335e-01 1.319571818533267493e-01
9.726450366326186980e+00 9.301999260412171511e-01 2.216475232462533362e-01
1.063835677265642232e+01 8.240466509030159870e-01 1.856654422698820472e-01
2.206747766525972310e+01 2.234684630968659103e-01 1.700385241874499409e-01
2.287726654951933725e+01 2.043024068209295108e-01 1.702118319971437921e-01
1.119483453901754189e+01 7.461858933808712679e-01 1.987871129993884212e-01
2.542732849642830573e+01 1.640242730646145342e-01 2.277800331651336774e-01
1.048563693861189883e+01 7.521811590263784986e-01 2.526386405420201764e-01
1.055009980398669711e+01 8.682080195215431395e-01 1.250296013866790679e-01
1.140175823998734472e+01 6.756725118641297989e-01 2.321106713814686529e-01
1.522163460703739446e+01 4.051925926876162598e-01 2.089705871886992916e-01
1.218148115020564148e+01 7.058206915195155418e-01 1.103273984403361913e-01
1.086910402276513565e+01 8.029345227032238519e-01 1.910219989509920335e-01
1.067553556918023538e+01 6.962909065780995554e-01 3.084363669578242817e-01
9.919190636522666082e+00 8.373063989819865549e-01 2.641083793501651789e-01
1.006595198779949030e+01 9.143474299825243845e-01 2.021227070539301229e-01
1.110499942697735776e+01 8.734628798813668382e-01 1.014004429749568864e-01
1.228349563816589018e+01 6.785019165341847902e-01 1.263018943491919510e-01
1.377813261647951748e+01 4.813638729607299660e-01 2.105603622378491580e-01
1.298652346387449974e+01 6.697768920429688633e-01 8.516378838432649145e-02
9.824550918411222966e+00 8.657639018053090441e-01 2.460792459284990852e-01
1.553181170710481673e+01 4.206720862561677543e-01 1.606119639926514298e-01
1.218828951884009015e+01 6.145358988686770996e-01 1.935767506599598287e-01
1.345666732135661903e+01 6.071239320831692821e-01 1.036768350830218760e-01
1.489405162091577317e+01 4.450245464833481046e-01 1.741083249263496169e-01
1.681634588948832487e+01 3.687023341282376077e-01 1.520576543391662649e-01
1.409142810926550027e+01 4.952302780908918178e-01 1.708634406722313592e-01
1.072633624657821549e+01 7.849657358890288483e-01 2.082332403232569629e-01
1.160491621083257208e+01 6.617840187382771910e-01 2.083054486474547329e-01
1.382039470308058249e+01 4.654805159375208223e-01 2.380799801749506617e-01
9.548635131139741716e+00 9.606660493291859781e-01 2.161144331644331007e-01
1.202474694027530155e+01 6.400147608511951303e-01 2.065892475554302332e-01
9.653199358272521735e+00 9.504561306531539300e-01 2.214689343000731947e-01
1.121829078222587306e+01 6.319038144825788184e-01 2.855424484850576095e-01
1.010683953458554818e+01 9.405428090819436537e-01 1.601644569378069261e-01
9.504119731582285624e+00 9.209882090027415869e-01 2.416492356241976280e-01
9.748582070884955542e+00 8.731094678901456518e-01 2.522987354705392149e-01
1.513625876388030989e+01 4.831586274608786202e-01 9.802754163138481525e-02
1.157135893852898789e+01 6.591796505222818903e-01 2.161400677074047927e-01
1.214974760269429055e+01 6.363245526813289255e-01 1.948672083344908934e-01
1.186124855430533387e+01 6.692225083058356283e-01 1.856908916354782224e-01
1.443754677710510492e+01 4.340531524143997899e-01 2.201191333406311290e-01
1.241478922258311357e+01 6.337207752649688386e-01 1.695055582247761428e-01
1.051109592244451285e+01 7.760468789193648576e-01 2.417523440281305336e-01
1.568048699074515540e+01 3.837968559971663973e-01 2.000325634724299806e-01
1.246501670687786678e+01 6.799846247642369335e-01 1.159777260727179460e-01
1.084637958689808279e+01 7.989578631451941249e-01 1.724332341145398129e-01
1.826568114818386235e+01 3.209877318616932151e-01 1.474280489776781111e-01
9.677195560936228347e+00 8.713113229212834376e-01 2.697833708768402894e-01
1.296065520103411650e+01 5.514201507739566743e-01 2.168693445946787701e-01
1.242229534355773346e+01 5.867930001450624156e-01 2.376079932656552929e-01
1.346910766931978110e+01 5.351182618765655263e-01 1.874671576374543902e-01
1.703114692280149356e+01 3.536614310891276758e-01 1.583757694066679211e-01
1.349275398460076936e+01 5.638007382659008249e-01 1.319273305828305987e-01
1.486945692133687658e+01 4.003739410585401837e-01 2.379187146765716909e-01
1.127655037373220637e+01 9.047348098892876722e-01 7.559865473768373478e-02
1.281298690875054724e+01 6.391277414849000360e-01 1.210624893552407072e-01
9.873953429645046853e+00 8.929921536422148476e-01 2.369219773035781129e-01
1.012326063139577137e+01 9.058017861299565432e-01 1.953487601431563858e-01
1.371744240263025461e+01 5.408376931564432555e-01 1.527204952555915318e-01
1.104099721958159286e+01 8.016102516794397781e-01 1.640165960015550484e-01
1.373152262734188334e+01 4.962754936463074640e-01 1.944307019865907371e-01
1.272614141791112452e+01 5.964718365977296211e-01 1.699630383920885390e-01
1.262896881040566832e+01 5.596975829204658970e-01 2.355782355834928898e-01
1.572252332423082244e+01 3.679034118288935229e-01 2.219439337953656444e-01
1.480077612639808216e+01 4.493043037927056949e-01 1.772682877207246432e-01
1.102085173887621394e+01 7.673341295982291088e-01 2.088935878705992510e-01
1.328147925577487420e+01 5.950974988889441430e-01 1.269606015797330456e-01
1.152035961541653464e+01 6.793357950943059720e-01 1.990439935151762374e-01
9.950225738372409978e+00 9.059789278484887687e-01 1.994601242033962885e-01
1.146361460463009685e+01 6.861777899846047690e-01 2.045277471707526717e-01
8.976077306686402579e+00 9.996625856646326191e-01 2.679869308159531505e-01
1.907513893960960871e+01 3.018362089437440221e-01 1.329516515147708133e-01
1.156795502201103609e+01 6.136566099742788438e-01 2.693417265247378123e-01
1.406848825457320373e+01 4.762077687190500730e-01 1.978089360918359463e-01
1.183167307961292991e+01 7.023909938932803021e-01 1.659078058680850121e-01
1.118821186814077073e+01 8.170130894917211339e-01 1.372825226337295035e-01
1.572349004942896578e+01 4.205474315104698602e-01 1.412163665089059272e-01
1.430273692021330767e+01 4.782686788697511071e-01 1.727259680135296571e-01
1.016639025737408808e+01 8.446145429019737971e-01 2.196675207314676137e-01
1.145062489702304731e+01 6.753330927158139874e-01 2.089300367627114630e-01
1.293117958672120871e+01 5.181933788143284758e-01 2.587537000735946613e-01
1.200973950101148979e+01 7.633675197973874837e-01 9.959995376150886093e-02
1.286197458091152335e+01 5.523099970374134582e-01 2.187658911087126956e-01
1.273329492567048504e+01 5.377254277571610341e-01 2.292679225110929864e-01
1.194789099657843501e+01 6.847321947134806797e-01 1.665211863156660921e-01
8.893435117418661662e+00 9.479105647210653851e-01 3.311957818694725719e-01
1.105688137895782219e+01 7.553448665194700817e-01 1.967381711430836178e-01
1.084352870052962814e+01 8.032017796387568298e-01 1.887925375593262622e-01
1.269149082044070020e+01 6.620612291360471469e-01 1.114556294576857925e-01
9.931904879310595291e+00 8.865198441507604610e-01 2.234340830715610959e-01
1.183931415235046991e+01 6.561429247750871774e-01 1.882174777165729063e-01
1.177764213456117126e+01 8.106057064336738005e-01 6.971555563140920120e-02
1.316358156234053922e+01 5.823832779173140350e-01 1.620614574518087214e-01
1.548980170237826215e+01 3.739330106086293237e-01 2.634674333497209475e-01
9.811277286657990260e+00 9.403354013059723737e-01 1.982744607562348937e-01
1.011943191603467262e+01 7.840607592291403138e-01 2.750751464405916114e-01
1.134340707457466912e+01 6.644150070494916349e-01 2.379296726337134793e-01
1.044555979236587895e+01 8.330674448691026690e-01 2.124850416591610724e-01
1.152394600781364886e+01 7.509558628449644058e-01 1.477069565435503162e-01
1.177835642064038169e+01 6.524934380260879463e-01 2.091947689894049500e-01
1.350409048154130787e+01 5.266054578875217773e-01 1.923201265841230634e-01
9.707825667589977670e+00 8.909256985028095599e-01 2.477874848850531164e-01
1.420601596570256930e+01 5.961769495326687540e-01 5.790555818700440782e-02
1.228705288413563501e+01 6.066057751892949268e-01 2.103823545190360855e-01
1.036048587971970214e+01 8.696726723134509118e-01 1.947220351687786455e-01
1.318745842107118271e+01 5.049317588410343616e-01 2.298805130493626059e-01
1.020004327873636463e+01 8.492447622758945158e-01 2.211789361685065347e-01
1.245977823886962987e+01 6.497081556287729320e-01 1.510888813910628570e-01
1.258781755691759763e+01 6.295117214501914082e-01 1.509752929361465046e-01
1.472706441294675095e+01 4.247640260339662910e-01 2.178575317952943236e-01
1.612701652389468876e+01 4.212140764717460240e-01 1.148669050695520499e-01
1.249891309267627371e+01 5.229010930154233128e-01 2.872941761129944038e-01
9.841876995439710285e+00 9.197043812779935879e-01 2.153803594113690156e-01
1.341260145639446932e+01 5.519621826999510095e-01 1.703446233777615448e-01
1.404722749500531442e+01 5.764451654773822264e-01 1.018398474363246820e-01
1.712009821081552374e+01 3.493573709350038525e-01 1.651515209781295457e-01
9.551507762099522125e+00 9.768646405624037410e-01 2.183725046112178492e-01
1.826737558302927411e+01 2.940587102314570767e-01 2.032688494356216236e-01
1.513910650335293440e+01 3.866711580028632245e-01 2.398003802828804487e-01
1.271555200216990933e+01 5.437036076460457501e-01 2.262642402336850211e-01
1.044411624781365688e+01 7.418116727207743066e-01 2.568396627666429954e-01
1.298900366450671129e+01 4.769649184465061809e-01 2.941959548394980084e-01
1.101801111841007597e+01 7.654271387535115378e-01 2.043084597934911317e-01
1.537697169671180042e+01 4.733283346620725807e-01 9.248630558332318619e-02
1.531079366440162914e+01 4.303784835790506191e-01 1.609481774499948170e-01
1.026666591452372046e+01 8.937567745417563936e-01 1.864435041527843784e-01
1.258140773306120153e+01 6.223851461971140475e-01 1.644368667507943305e-01
1.051619932692012327e+01 7.013976412743111455e-01 2.461121734783505710e-01
1.239588546689076232e+01 6.416889163703409782e-01 1.507072591968132425e-01
1.372409069668694848e+01 4.846240990777945790e-01 2.147738869158455077e-01
1.060410815969181719e+01 7.520798494888718544e-01 2.507986339122248443e-01
1.211657886730992928e+01 7.160953812116435113e-01 1.135854557430552580e-01
1.565941934755640297e+01 3.455547734787097758e-01 2.605779519650022746e-01
1.053357141993582502e+01 9.404992539161289855e-01 1.241493006614531325e-01
1.116045567599685384e+01 7.826056494074334902e-01 1.573039783501842814e-01
1.283068429107643915e+01 5.041888122776874148e-01 2.758671812527783151e-01
1.272680905790289430e+01 5.894943193588012553e-01 1.775763334836011620e-01
1.097015389588455214e+01 7.618748626669623603e-01 2.022385579246749887e-01
1.702165225004812399e+01 3.459997529937976490e-01 1.780516735982819454e-01
1.011205011244201479e+01 9.012104534055095373e-01 1.960839381840010776e-01
1.871038571101357562e+01 2.670163888135994590e-01 2.263784841185298158e-01
1.116120495925357403e+01 7.190314896573442027e-01 2.247349138198461993e-01
1.067426937914796348e+01 8.364564044026320255e-01 1.775580654311091633e-01
1.005656184216129034e+01 9.069467530848112080e-01 2.073297206901686951e-01
9.622394987901433439e+00 9.097265019440541334e-01 2.475227548592620896e-01
1.157799241958773351e+01 7.843256695913574106e-01 1.202552729238476475e-01
9.839117014498430791e+00 9.755484219389479739e-01 1.780975856796329082e-01
1.063339242820688568e+01 8.895958258958149845e-01 1.467092777500201006e-01
1.098244998721055765e+01 7.554563514846701633e-01 2.032617632862377954e-01
1.644552373542708423e+01 3.784122709225731240e-01 1.680441812674083601e-01
1.236411285107312708e+01 5.693733948701544811e-01 2.531803281506913028e-01
1.017244740197348385e+01 9.018241331944607531e-01 1.746992171895381529e-01
1.699457236838647134e+01 3.412912206709307616e-01 1.952062378756626304e-01
1.103534317199155090e+01 7.486348457288907188e-01 1.953146172634582789e-01
1.730375839443242825e+01 3.427799372754817830e-01 1.599296099757203660e-01
1.009873985082635173e+01 8.239604840639006555e-01 2.541436047551650645e-01
1.279176773774403308e+01 6.062039233354679091e-01 1.552493215145106520e-01
1.434493056226627772e+01 4.533657019348270589e-01 2.068316205628462634e-01
1.530153085535575741e+01 3.639858255278426435e-01 2.814910138054527167e-01
1.114336641336363876e+01 8.365569410843746168e-01 1.330710605421759340e-01
1.854927781310582802e+01 2.748119324120388285e-01 2.495730627306531335e-01
1.505439151976007750e+01 3.941201800245733855e-01 2.345878056294258274e-01
1.296569699302835055e+01 5.623100129003919534e-01 1.778486731728767256e-01
1.006075095516348661e+01 9.051832075438835945e-01 1.927617583895355202e-01
1.637993761816864691e+01 3.372168234731801606e-01 2.334204919126403321e-01
1.339933491638261387e+01 5.884934174319953470e-01 1.278594866318861489e-01
1.607150360436457603e+01 3.770710087526521481e-01 1.896103018240758442e-01
1.334649163700744268e+01 4.631137307282541804e-01 2.692002857912221825e-01
1.293589772999875009e+01 5.823839800266499278e-01 1.756636700003865736e-01
1.505847034079606139e+01 4.339266661790783797e-01 1.750194490740756559e-01
1.127628183507009396e+01 7.126866266973761466e-01 1.961409086150390779e-01
1.108874995994682422e+01 8.398493050737272370e-01 1.340390075907441358e-01
1.242107365581917833e+01 5.826742417398674823e-01 2.123893669952457153e-01
1.223659744992896137e+01 5.870769533797343120e-01 2.390300868412068847e-01
1.380171150985218098e+01 4.606172320037405510e-01 2.488290384523611232e-01
1.101338050968199411e+01 6.598198684895162369e-01 2.835513176266389324e-01
9.155093114060212756e+00 9.958665265503090502e-01 2.464611618722358233e-01
1.299951916923233064e+01 6.330037585533909716e-01 1.222914135457907614e-01
1.029437595701165264e+01 9.049193866842696332e-01 1.837364451120566677e-01
1.201141806354081787e+01 6.322006746715911341e-01 1.981841714164303547e-01
2.025000738573542947e+01 2.321380926959039637e-01 2.380750924688082859e-01
1.203261451908078072e+01 6.600554288721772744e-01 1.745033448540680709e-01
1.368089729962210477e+01 4.427573268491392655e-01 2.726318987262316695e-01
1.223944159890528560e+01 5.908598138665809296e-01 2.295838726291272447e-01
1.474155460617834201e+01 4.458020288810223275e-01 1.930912627511262858e-01
1.038150279337669701e+01 9.154826728756624288e-01 1.444639794905351327e-01
9.858449805564802659e+00 8.853009233896609320e-01 2.277941601963353047e-01
1.232024932702768183e+01 5.870226552149973021e-01 2.154827879293252924e-01
1.233652969971004865e+01 6.593786437845835513e-01 1.344826576576833299e-01
1.418731494135230875e+01 4.942661103124365574e-01 1.515559117975256997e-01
1.313789051742491232e+01 4.992700753576890249e-01 2.450897637108802318e-01
9.490005110159238200e+00 9.569583436443408475e-01 2.254962842485609131e-01
1.094470103605769395e+01 7.904950211105903346e-01 1.776367157462579172e-01
1.219820534759961284e+01 6.220884382937488244e-01 1.949031893616035016e-01
1.440633011517319240e+01 5.016199690407971978e-01 1.395554246710293544e-01
1.083580456487726984e+01 7.549518375653744284e-01 2.123697803282404428e-01
9.988586244772905687e+00 8.790537282599790725e-01 2.295876212138799055e-01
1.018950350964788321e+01 8.929107153970020638e-01 2.000990027062245491e-01
9.736710504496111085e+00 9.762191358424340271e-01 1.897478100689921621e-01
9.990284454981365414e+00 8.074401736199094959e-01 2.708125636672555903e-01
9.753549374745299261e+00 8.150241328375724681e-01 2.954113948215844609e-01
1.146727581285714059e+01 7.760023203787655977e-01 1.578134568698011664e-01
1.156239380504080216e+01 7.841750674069494220e-01 1.236092818717268310e-01
1.565024952430848160e+01 4.079977114940706029e-01 1.603853326295402448e-01
1.502916696611065639e+01 4.047881472637180900e-01 2.131202594414524365e-01
1.080231558945131454e+01 8.381374382486416197e-01 1.534711806657623467e-01
1.324084069468678138e+01 5.182039538199231243e-01 2.269392385725928496e-01
1.241383677138466268e+01 5.693602646584716709e-01 2.229521202498156718e-01
1.191131736914913652e+01 7.236532723518900312e-01 1.334913327865133725e-01
9.228225001427835750e+00 9.513630786891836832e-01 2.655296943943802890e-01
1.535643142461908539e+01 4.563271193680737969e-01 1.137690474480956698e-01
1.100989475572694332e+01 7.000100871429144611e-01 2.533948149524206661e-01
1.290829920504604544e+01 5.206664443340911497e-01 2.413112994307138048e-01
1.657831068687538334e+01 3.357739963919029180e-01 2.301591375057298050e-01
1.209173626653020328e+01 5.013525983556891275e-01 3.530140452438667586e-01
9.934733469998056066e+00 8.557963476936429892e-01 2.244590258301129015e-01
1.038909280402744884e+01 8.395971666250441334e-01 1.915481029440658789e-01
1.064247948290945267e+01 8.365569410843746168e-01 1.863989045293635294e-01
1.714097827227828219e+01 3.684707352153445137e-01 1.247390139441279661e-01
9.979509152054557575e+00 9.641231015121434211e-01 1.819329808993311870e-01
1.401791173547979241e+01 5.064594254815173446e-01 1.687834477395270816e-01
1.134888152237738801e+01 6.228906974927572726e-01 2.843689046107609197e-01
1.018023426030552692e+01 8.904085646643428165e-01 1.993070002403731500e-01
1.756153611185570895e+01 3.063086369451151758e-01 2.206931722078575853e-01
1.302342394737683762e+01 5.210618834678069078e-01 2.355049442958786765e-01
1.020503853424894203e+01 8.953962852959708174e-01 1.861816062109451497e-01
1.449753949432101052e+01 4.369612842458096003e-01 2.262704996916184430e-01
1.050361086126049592e+01 8.369462402018409408e-01 1.735542782396980732e-01
1.109118253088120198e+01 8.292813711016282507e-01 1.397540199220195234e-01
1.173969232083165082e+01 7.561217299315724505e-01 1.256739781655342725e-01
1.160403548104570781e+01 6.652393750797667149e-01 2.167582581992954782e-01
1.389697050577621695e+01 4.388019653326220015e-01 2.786973961421279067e-01
1.787509021828325473e+01 3.232258731251019257e-01 1.644136474741104970e-01
1.237314460456502374e+01 6.044743010892653645e-01 1.877335596431609077e-01
1.135504728246472439e+01 7.419026997337871965e-01 1.896758180185459386e-01
1.621444401797440094e+01 3.438815649525470142e-01 2.390783523558855372e-01
1.322674199851176091e+01 5.231140322234844042e-01 2.137147407409223099e-01
1.056384317075210788e+01 8.887449993292207973e-01 1.529767910339809023e-01
1.390637272900272237e+01 4.959872941785133937e-01 1.840393878962120477e-01
1.139974151972218586e+01 6.988916041314761074e-01 2.072908576750641663e-01
1.707269376665114180e+01 3.152983464630836341e-01 2.254393311573230085e-01
1.307658598905677039e+01 5.298016341627223014e-01 2.012577298956805816e-01
1.174489642466336825e+01 8.067338419838169239e-01 7.910564359867072737e-02
1.133144977135918907e+01 6.300972331026808426e-01 2.696261605417348273e-01
1.114873038372883762e+01 7.776731860568084631e-01 1.593599051300168268e-01
1.307442106112382341e+01 5.513008005549745461e-01 1.917507809259606233e-01
1.493457514708864942e+01 3.865584888490474769e-01 2.533781370900152208e-01
1.252452430300294317e+01 6.327570727844944454e-01 1.542776483973360147e-01
1.966431722551407191e+01 2.702639952597657436e-01 1.653565487327665617e-01
1.329120081370037099e+01 5.128266416839916131e-01 2.145971027207390081e-01
1.005200741818025811e+01 8.238792372757584026e-01 2.648129001377172442e-01
1.461043805582378852e+01 4.163873114925747965e-01 2.374163547268556274e-01
1.424574981414005492e+01 4.501528812610974817e-01 2.294824932707333898e-01
1.469857379199873471e+01 5.063716326447535998e-01 1.080668934605026471e-01
1.284859255423315005e+01 5.299744381927843362e-01 2.360198156309146200e-01
1.069352206422879448e+01 8.797435757814078272e-01 1.317402187333313324e-01
1.222826966288499406e+01 6.079404036671739453e-01 1.953564488658327825e-01
1.010769753193074116e+01 8.696516327619538966e-01 2.273968714110316813e-01
1.229271810824531030e+01 5.939142762014263388e-01 2.074681831387680531e-01
1.029074433511753561e+01 8.172435487804303733e-01 2.197299428736256832e-01
1.265373830304133840e+01 5.858152857881753217e-01 1.957479787900565094e-01
9.404239120747131864e+00 9.026199502752120241e-01 2.926853707596978604e-01
1.168078802595227472e+01 7.097893276143149022e-01 1.644553307944550957e-01
1.817699262976001506e+01 3.069663338596697044e-01 1.831031369177558987e-01
1.299999481367702359e+01 5.688866332069021370e-01 1.828064718781832187e-01
9.908726808325331703e+00 8.172539478802851587e-01 2.873784123282401848e-01
1.010351276280009181e+01 8.351892373423741578e-01 2.359242070714519801e-01
1.102897867329644832e+01 7.408335015734711648e-01 2.107212130994803034e-01
1.837177371321731201e+01 3.062212376966744198e-01 1.675847599063157722e-01
1.288191959820957955e+01 5.534704004342991812e-01 2.011563868284488021e-01
9.929696390747087875e+00 8.758618435861362794e-01 2.357374804968024040e-01
9.164601760559753174e+00 9.504088769867700126e-01 2.764748873589341627e-01
1.057473759424513915e+01 9.533088113918470885e-01 1.106083500031114775e-01
1.013517394295633700e+01 8.137561544277667203e-01 2.414062634764781445e-01
1.145805477209847822e+01 7.716594890021781783e-01 1.269177131961952421e-01
1.520730944035450527e+01 4.157588878212262196e-01 1.895859074186291293e-01
1.227261282686849420e+01 6.830038555252974097e-01 1.370031953953957937e-01
1.229135795300581613e+01 6.656353664800195302e-01 1.412919943598771877e-01
1.012113305297109100e+01 9.562953873101366353e-01 1.541850544146290136e-01
1.195479553479254697e+01 7.203380119385877078e-01 1.238894491034395057e-01
1.520245227856657522e+01 4.209222319485220742e-01 1.778872692299884872e-01
1.210379345070960966e+01 7.424826407283284802e-01 9.568851764877803201e-02
1.392805760499431145e+01 4.190679175109956467e-01 2.856289200971714459e-01
1.038757538087792831e+01 9.191851313436547599e-01 1.580966259118760653e-01
1.095835169553730815e+01 6.973046757571363941e-01 2.554222269778883003e-01
1.016666910213189823e+01 7.846647546947643770e-01 2.777467103041617591e-01
1.004983441998690274e+01 8.284131160704799601e-01 2.485834567626989955e-01
1.134684266134546071e+01 7.130396945510516504e-01 1.915969434297384033e-01
1.762897254957927018e+01 3.574578233767374824e-01 1.009019513483506297e-01
1.120273240848644569e+01 6.389509231759398222e-01 2.824918489632228802e-01
9.738301939626607506e+00 9.824287415381346422e-01 1.894569578774154550e-01
9.953151061068373551e+00 8.102320225871071369e-01 2.739483126702336180e-01
1.005861224107404972e+01 7.881359466221851129e-01 2.730702499605113243e-01
1.423404198854106184e+01 4.648701794860325420e-01 2.095272366364738237e-01
1.105960701976370686e+01 7.832171755290193715e-01 1.765632338243800781e-01
1.085943295827028088e+01 8.452411976846575525e-01 1.377978986085173774e-01
2.964956572139939794e+01 1.331996339675656227e-01 1.849764168217135074e-01
1.201809406536413150e+01 6.462733386438714867e-01 1.990051200990389235e-01
1.120673807209862538e+01 8.271283492952595795e-01 1.343507983653606797e-01
1.112212557178805739e+01 8.316237874785615825e-01 1.353167768082262912e-01
1.040347265663321430e+01 8.724718799038028161e-01 1.708816278988623261e-01
1.054439741333112757e+01 8.491763700484138422e-01 1.748602088969583301e-01
1.378135191742947896e+01 4.863299291350976494e-01 2.113910884192196638e-01
1.079964187583580859e+01 8.545335300075386220e-01 1.478283393578394833e-01
1.155794614736575454e+01 7.603851291099996690e-01 1.420030714547254325e-01
1.386273480912574918e+01 5.233185271195797128e-01 1.592702363075633454e-01
1.135792325321394536e+01 7.345178155216708360e-01 1.787529024033113201e-01
1.986261227807815999e+01 2.318551802535266382e-01 2.840203465934101335e-01
9.547454374738929772e+00 9.871988244791284339e-01 1.952350387966156342e-01
1.191477595120679034e+01 7.350836913027354313e-01 1.333242952685475269e-01
1.080932303077592316e+01 7.249042400532667019e-01 2.499273045622130152e-01
1.691387807903699425e+01 3.649844942738741937e-01 1.555486613381076022e-01
1.191669078644363289e+01 6.849144592227465189e-01 1.878791061779773175e-01
1.860010991923236645e+01 2.679310491590295995e-01 2.505641149974436876e-01
1.178092639975669265e+01 6.548861240100614101e-01 1.990454229647537210e-01
1.750141626642667703e+01 3.128842370781793059e-01 2.204943688457975115e-01
1.138201713486695077e+01 6.666742501923000885e-01 2.348053428319983316e-01
1.080505192359668065e+01 7.442387392190925599e-01 2.245761606294614798e-01
1.028279679446061934e+01 9.252543051419328535e-01 1.555685906776971550e-01
1.180779827278776573e+01 6.926198884921372922e-01 1.680143974789320982e-01
1.484619086622196349e+01 4.120545069106141822e-01 2.238550725721450974e-01
1.463649489007642046e+01 5.101886971648759150e-01 1.182988249836649103e-01
1.579333411408807919e+01 4.649329946566844174e-01 9.304829970012779006e-02
1.627487663863513134e+01 3.921967033788713031e-01 1.488012115321303008e-01
1.300105314086804142e+01 5.388265017528005574e-01 2.019780842219138228e-01
9.493094086751501237e+00 9.986546245109519937e-01 2.126235493872973281e-01
1.453259912824333533e+01 4.914074836720290773e-01 1.362603210957375466e-01
1.733770477682663014e+01 3.276340096018193759e-01 1.851855400989839695e-01
1.548155864277722316e+01 4.435858710923940573e-01 1.410103571819622537e-01
1.111071206628514751e+01 7.497575091953575521e-01 1.902600016510379577e-01
1.124188275763722800e+01 7.726696379192061759e-01 1.616250842374606644e-01
9.775011239970694987e+00 9.683233106781139465e-01 1.837618101843420670e-01
1.195748253107073822e+01 6.700921679303741829e-01 1.762421356769125758e-01
1.150679926813758591e+01 7.534179030194911864e-01 1.537594077401147896e-01
1.336098776655948228e+01 4.924542703023277457e-01 2.353183856070037161e-01
1.094540827668132543e+01 7.063802376853580700e-01 2.517044613054963964e-01
1.322604155384331115e+01 4.992700753576890249e-01 2.367912903801987767e-01
1.504974345300352212e+01 4.897003256825149808e-01 1.083073310908281572e-01
1.226904512887693599e+01 5.934722605023897701e-01 2.332696587558751311e-01
1.028845485219874867e+01 8.314016577258984686e-01 2.168883699451585600e-01
1.196757708549400512e+01 5.449586193799389466e-01 3.151476600119439420e-01
1.333658569578413911e+01 5.147689469371558024e-01 2.136473130621437677e-01
1.020777840670635683e+01 9.170561827935618249e-01 1.706420852699207791e-01
1.418780143022123319e+01 4.647896118637985796e-01 2.135415825122330136e-01
9.810447364127734104e+00 8.652433267863566257e-01 2.615322768311280632e-01
1.056423641744785691e+01 7.667174326048290522e-01 2.410138566685806338e-01
1.025681070580866283e+01 9.762546116425006026e-01 1.207923587693251893e-01
1.492735905105549143e+01 4.104268477598272402e-01 2.114571360799445410e-01
1.024117887731297216e+01 8.100936822991148256e-01 2.371781756559194210e-01
1.378145577335906147e+01 5.565610011623139952e-01 1.358071749908107972e-01
1.030439972013815542e+01 9.599673365675526204e-01 1.352183026851757064e-01
1.170448601756810802e+01 7.524984434305532766e-01 1.217780071924972479e-01
1.284898500159498624e+01 5.247718430295084113e-01 2.418194898678233395e-01
1.546979019781981712e+01 3.751330769482450478e-01 2.341150569989612629e-01
1.276594897353465186e+01 5.752247809372360576e-01 1.945547512068477314e-01
1.614385380298689654e+01 4.250221903093777120e-01 1.112053676229986660e-01
1.091373261918820958e+01 6.816982966778420971e-01 2.568508404861042926e-01
1.178554861332850301e+01 6.236667525423003067e-01 2.424195129821234695e-01
1.008709728532572925e+01 8.096930853538613082e-01 2.735676713149854944e-01
1.642874605970104085e+01 3.437311451761764780e-01 2.177730988900601072e-01
1.002460481360666122e+01 9.784642591212088236e-01 1.503965706804664404e-01
1.098296852020006398e+01 6.165487538478524598e-01 3.210219052631601566e-01
1.368004244599053010e+01 5.577850251276518234e-01 1.293979878353910262e-01
1.478972299835793081e+01 5.252391930957981403e-01 8.388466787240123068e-02
1.001025941668112118e+01 8.084418365531818029e-01 2.781898517713098373e-01
1.131526038321580785e+01 8.182313906052927077e-01 1.179588070959494694e-01
1.321620173447803737e+01 5.004261662443557634e-01 2.402206218806531290e-01
1.433643926607456187e+01 4.779104706370848610e-01 1.727027083689952058e-01
1.000979614050331357e+01 8.577535663983786307e-01 2.302078824598822460e-01
1.406111549057238896e+01 4.830266067947430741e-01 1.825792918882500337e-01
1.038535054094865373e+01 9.847554861774863166e-01 1.039205286062754030e-01
1.397604449515760727e+01 4.724218906566738929e-01 2.208743824925738786e-01
9.106053211913934575e+00 9.929339566937739336e-01 2.566890117462508059e-01
9.468415753103649024e+00 9.449872127890309725e-01 2.400375772612859948e-01
1.199645286506998509e+01 5.980968154586996377e-01 2.403803997201959808e-01
1.798424893757335141e+01 3.147999837641473064e-01 1.685347035034769625e-01
2.419899784507483886e+01 1.736716496371523422e-01 2.200561070280365461e-01
1.566490746310407545e+01 4.320227984741745186e-01 1.315913638016125708e-01
1.130121272753982353e+01 6.724250199648825754e-01 2.464134017824474165e-01
1.562844571139983429e+01 3.531681902773772808e-01 2.666227674494694999e-01
1.012181626815154090e+01 9.057905317679534329e-01 1.727654094404746099e-01
1.207036573226180742e+01 6.297435961767861023e-01 1.984520085842958748e-01
1.116966586463155942e+01 8.193149797334009499e-01 1.263803369300702528e-01
1.276070250339744661e+01 5.793537558669752396e-01 1.930936890239151049e-01
1.391950479610878944e+01 5.359425976121916513e-01 1.483971042180074196e-01
1.004150919993613833e+01 9.427731567688918402e-01 1.690492700115892033e-01
1.370946719943886549e+01 4.867711758806920197e-01 2.114332933871985731e-01
1.036517244701123808e+01 8.979841624187344662e-01 1.700588737910508075e-01
1.074458621279142001e+01 7.918571131626515047e-01 2.038474872358207179e-01
1.256606434805712702e+01 6.179330346684522857e-01 1.479807563117880864e-01
1.113065079472849739e+01 8.695766531627140417e-01 1.026042615416863923e-01
1.318277658680566056e+01 5.347091682922295863e-01 2.002897897285296491e-01
1.851587417994013052e+01 3.236135265147181972e-01 1.233477840152039789e-01
1.726856738655732570e+01 3.240651309817712544e-01 1.990363346892853325e-01
1.044694171167844132e+01 7.927107796259853512e-01 2.285794593504917593e-01
1.225541706670959741e+01 6.399942051574152302e-01 1.891446687073183031e-01
1.126120808976739873e+01 7.437069815537501460e-01 1.831968554161768903e-01
1.290710736516837009e+01 6.482652348833845002e-01 1.108214952539554737e-01
1.013933496177409133e+01 8.011463615924147019e-01 2.647170586866590680e-01
1.073902648608280330e+01 7.272653551770296154e-01 2.632334055215029833e-01
9.202013092333222843e+00 9.545467590931897561e-01 2.713834327957342918e-01
2.200309728074565641e+01 2.128823439861307065e-01 2.096755134238082463e-01
9.729342357733914426e+00 9.849342947064595455e-01 1.935032783351021968e-01
1.265980484482642510e+01 5.053498387645406487e-01 2.944781818979990695e-01
1.440050347519387763e+01 5.645852372242921025e-01 6.596398696929682559e-02
1.756599134764003267e+01 3.334577949158457622e-01 1.594524602226997656e-01
1.299967365910440442e+01 5.631387487186430008e-01 1.696180186381190114e-01
1.115771371385570809e+01 7.392800362543288095e-01 2.040084863727602005e-01
1.096652724514692601e+01 7.573374984607130767e-01 1.944163094836235950e-01
1.139810345456771579e+01 7.430161884714440168e-01 1.636813135508639050e-01
1.034035418429718867e+01 9.252914177209987656e-01 1.584366069389684661e-01
1.105634052473558526e+01 6.922711515953480221e-01 2.385148921993276716e-01
1.009732633767488430e+01 8.594169164309449771e-01 2.098904531995311462e-01
1.472354869426665580e+01 4.155281033471590058e-01 2.308008331616824838e-01
1.017727389923247472e+01 8.898012888226106698e-01 1.888774719977029115e-01
1.462021819789866228e+01 4.684556501617935242e-01 1.647970470448245628e-01
1.069621678296077505e+01 9.370112133999184412e-01 9.818158299517848464e-02
1.666197132488348487e+01 3.419706859181379510e-01 2.145006024744513240e-01
1.345584368662000507e+01 5.362933472049413730e-01 1.633634697737904873e-01
1.072240803125648689e+01 8.533351867323611950e-01 1.613805372542551630e-01
1.128112868747631659e+01 8.017893172714192218e-01 1.375274003930391231e-01
1.189015420986843097e+01 6.501499653182315486e-01 1.827924812217905925e-01
1.028390868432692606e+01 7.825421715239142539e-01 2.537062896765538977e-01
1.394681128754856836e+01 4.700417249580421397e-01 2.209159200999394335e-01
1.141016281298635526e+01 6.857142098660040652e-01 2.215073727201395393e-01
1.161957284731810880e+01 6.706880090363025460e-01 2.068804235980774564e-01
1.413369089430426939e+01 4.492871485815664867e-01 2.245478997678239663e-01
1.416189528767806571e+01 5.273787682551848155e-01 1.155883385214413472e-01
1.866148689376131031e+01 2.793296881531934783e-01 2.267152199781623523e-01
1.210819271243109441e+01 6.697661940378315526e-01 1.581918295770484706e-01
1.145284868461567562e+01 7.871725081670017943e-01 1.337642330839243499e-01
1.584806367961680174e+01 4.204584513690138303e-01 1.218712038463649616e-01
9.709614470529460917e+00 8.590742476258106386e-01 2.691683228652472226e-01
1.034128617017792529e+01 8.326015842366342179e-01 2.102488169789522021e-01
9.687045814050573966e+00 8.767877738250806630e-01 2.675792223662021851e-01
1.601931916197286654e+01 3.512093127478325139e-01 2.605919637294385471e-01
1.006176058406741980e+01 8.658411939604674368e-01 2.246115276794820870e-01
1.025367073678144259e+01 8.278258833211719070e-01 2.177187390278240431e-01
1.165092756859146306e+01 6.838060047894195526e-01 1.906199672372549669e-01
1.729520866725225048e+01 3.537069861009289329e-01 1.508384913905871649e-01
1.101346368289356370e+01 7.857606405837777030e-01 1.812707949641068628e-01
1.256243358711311231e+01 6.003424007470512525e-01 1.930803769880297394e-01
1.639024881059897965e+01 3.993034782012680473e-01 1.312735696818905506e-01
1.359117037079915669e+01 5.182544409893683479e-01 1.853084867367026101e-01
1.334936335124871398e+01 5.449627616091767823e-01 1.666194852063118403e-01
1.686980386994959247e+01 3.594961841459443086e-01 1.650595144328685093e-01
1.016293897511174116e+01 8.991226565859162800e-01 1.877007260950601386e-01
1.232470792070094490e+01 7.351139114005689201e-01 8.586574438028958534e-02
1.124870681070830258e+01 7.473612468169670286e-01 1.827955180887341213e-01
1.478829964450322976e+01 5.194439736665938945e-01 8.397163152313551204e-02
1.122943068403676925e+01 7.358101846556125425e-01 1.901199113244002592e-01
1.051842061141187123e+01 6.624131949221291338e-01 3.130134751424619721e-01
1.724932582555114990e+01 3.172200273565373152e-01 2.124446040396115454e-01
1.130403849285114148e+01 7.773773684958740215e-01 1.748229412367336699e-01
9.908545834471222946e+00 8.638348486746045829e-01 2.456373806481090549e-01
1.980695678217142941e+01 2.340113855435728973e-01 2.468118570263328482e-01
1.341047298405811894e+01 5.056413949098227389e-01 2.222742758710845035e-01
9.589858347625826340e+00 9.377352560102639734e-01 2.358039681507926588e-01
1.205726197685956080e+01 6.641132106085204656e-01 1.851279145449795382e-01
1.013261710820668426e+01 8.071234311762383040e-01 2.548525089043208181e-01
9.908648989249623895e+00 9.677891382797392250e-01 1.857210819302357596e-01
1.031675586223347985e+01 8.452041085753435601e-01 2.052043458270030873e-01
1.090068154916888510e+01 7.518998563715880712e-01 2.053424523725602691e-01
1.313641594395573975e+01 5.841004357263437363e-01 1.372358683783386768e-01
1.220974176378825149e+01 6.618703665752647680e-01 1.565764001030303942e-01
1.131155404844048995e+01 7.015912825696776212e-01 2.119253109952514980e-01
1.278502645003854887e+01 6.194244729153638440e-01 1.449160513825814844e-01
1.023844926957010415e+01 7.777989621404356457e-01 2.540774312473951801e-01
1.367599216546261864e+01 5.780479204471411503e-01 1.065069222703893120e-01
1.230026435991341671e+01 5.742657394611907495e-01 2.321517291443550846e-01
1.393864091962525542e+01 5.324779516457640582e-01 1.524641528990532402e-01
9.874093989355667844e+00 9.522296745430244291e-01 1.820508304440022485e-01
1.221272738532558755e+01 7.145651091203572003e-01 1.312774423017770975e-01
1.142143310751314367e+01 6.565320834312731169e-01 2.450623453351424563e-01
1.004529847524849018e+01 9.105923022068803663e-01 1.956683048885601295e-01
1.206229327254102834e+01 7.584597851306893457e-01 1.005330993086949870e-01
1.201528091782989627e+01 5.850705414604275845e-01 2.569401091509659341e-01
9.543283951896372130e+00 8.363172234433463581e-01 3.000022245313059832e-01
1.190140519587314039e+01 6.909465456614974910e-01 1.705602459008024319e-01
1.050718216696090757e+01 9.515324941648771739e-01 1.114291933303119125e-01
1.233687106906382347e+01 6.432785231061365350e-01 1.665614335622710163e-01
1.060291582717237624e+01 7.978615446764950603e-01 2.200921153073005787e-01
1.129998193039655519e+01 6.438072364506071121e-01 2.723417785855598572e-01
1.474475577138746019e+01 5.742983938743563277e-01 5.432705980569551424e-02
1.146969452504213649e+01 7.279406879342380510e-01 1.745730038253641703e-01
1.586874580881652896e+01 3.692709723663284982e-01 2.266126280241716195e-01
1.163575892428334235e+01 6.565714497405310546e-01 2.248945765158011922e-01
1.577888360776338494e+01 4.177892997657565166e-01 1.413383511580851570e-01
1.238519272305042662e+01 6.014957459179131050e-01 1.992428462891447927e-01
1.191110497771094856e+01 6.943422398169428744e-01 1.608813813558813699e-01
1.217500971801664100e+01 5.583905005760726459e-01 2.801388549970682540e-01
1.406907273529643021e+01 4.862966033173273250e-01 1.845503476707175405e-01
9.678360048672043803e+00 8.039906544612460682e-01 3.107426192251039887e-01
1.710367539135756232e+01 3.169335998904463936e-01 2.291935566657551104e-01
1.253654730806348638e+01 6.485827028783156534e-01 1.461045570943127481e-01
1.603794260403272887e+01 4.102579349727306091e-01 1.472257402891805067e-01
1.068504164342725460e+01 7.665506026993389455e-01 2.245503157734767552e-01
1.323987969903692274e+01 5.388066909155445616e-01 1.853792304207969588e-01
1.352682569721294392e+01 5.465962461011003581e-01 1.674072952129212755e-01
1.077682911735863414e+01 7.451227821464837531e-01 2.331637493067381661e-01
2.018464020431995820e+01 2.416391941845381086e-01 2.206605493382438887e-01
9.581158991876460362e+00 9.605625330895424252e-01 2.482802978366662749e-01
1.307372503655383689e+01 6.096122299096956576e-01 1.241795248796288553e-01
1.339676668578983332e+01 5.326323478303598424e-01 1.839990544601284028e-01
1.049286581155519116e+01 8.331842126385554659e-01 1.976925092628833147e-01
1.095626538006016482e+01 7.855037967466713678e-01 1.897880845168444519e-01
1.267470137339355141e+01 5.710404922097918057e-01 2.045243158192360522e-01
1.114648766966491600e+01 8.972400256996999612e-01 1.033666183106633080e-01
1.056753982115717960e+01 7.806576616883580400e-01 2.301186671635869763e-01
1.115545949174926221e+01 7.326667966767980156e-01 2.029506278898892124e-01
1.434622639266586930e+01 4.796967220509211205e-01 1.791001715020806573e-01
1.505311991352148304e+01 3.646024958695451845e-01 3.090118712662698885e-01
9.878605212344371722e+00 8.019770459591044620e-01 2.982311546406156699e-01
1.090486328084505097e+01 7.480978893191800871e-01 2.141804573612685336e-01
1.134502597965553505e+01 8.076755650108580209e-01 1.416190692930653638e-01
1.088863955437161835e+01 7.555241821220886056e-01 2.102220765364346544e-01
1.380625935091985390e+01 5.267370610352167803e-01 1.621907565376101978e-01
1.039714224549131849e+01 7.169427433550450424e-01 2.876447858357983889e-01
1.162897446035243121e+01 8.251192079929505763e-01 8.362986288802076729e-02
1.485508602830584124e+01 5.465886789265104184e-01 5.986292977366051982e-02
1.471355732417697126e+01 3.979522357666391841e-01 2.481565777093562020e-01
1.074768366363226235e+01 7.919411885640152970e-01 1.988608339487935306e-01
1.042119890537130900e+01 9.105731464072720494e-01 1.536040247541609338e-01
1.183553046527496910e+01 6.982328780253826972e-01 1.827578940645681882e-01
1.182594014302788921e+01 6.744811655499445280e-01 1.871644725884415439e-01
1.416823014961564198e+01 4.441301677440269713e-01 2.377427100555833395e-01
1.169943782189927362e+01 7.583354167500662157e-01 1.316330067773051338e-01
1.138655094631712750e+01 7.397762832183849557e-01 1.806800025207189186e-01
1.457795037710615915e+01 4.213455897673156758e-01 2.316168958237453668e-01
1.081667914485119653e+01 8.145787722771608008e-01 1.847254301225984829e-01
1.037656832415090591e+01 8.090378917745230103e-01 2.300288781962876450e-01
1.246344795811914885e+01 5.725963449199399369e-01 2.287657381054986339e-01
1.143492255785905343e+01 7.221212034276255354e-01 1.805224184365749884e-01
1.545773092063413756e+01 4.476377439258387159e-01 1.262367241506955340e-01
1.091185128993975972e+01 7.764939334407647831e-01 1.898202839301775802e-01
1.174972342494759836e+01 6.857610226802373088e-01 1.592480794235430763e-01
1.065030417606151936e+01 7.931502576697424534e-01 2.092690299820791078e-01
1.044755608493327692e+01 7.758103025759462978e-01 2.769942491879516799e-01
1.179116869895660713e+01 6.361257834995146521e-01 2.197491501646209600e-01
9.766814466911604597e+00 9.988770358912748559e-01 1.659335555988164790e-01
1.212744942127737602e+01 6.703989830961347707e-01 1.634346604855893281e-01
1.205649602907214479e+01 5.811551145192259682e-01 2.523859306709392292e-01
1.175473595917720893e+01 7.436941659434098684e-01 1.257175185981980192e-01
1.065878425101245064e+01 8.627565620751054265e-01 1.690303437371669937e-01
1.188337674306782610e+01 7.616576227409649347e-01 1.168761444630946056e-01
1.324943000458823938e+01 6.012172338154444517e-01 1.286126020386982316e-01
1.360560164499594471e+01 4.886138549238692175e-01 2.161848062107459278e-01
1.214301701311771176e+01 6.346183990581365508e-01 1.893264239355638423e-01
1.110577614547443126e+01 8.297745538408407562e-01 1.503763296369075575e-01
1.699999351955219495e+01 4.075191491853414338e-01 7.978020854968427555e-02
9.312347959021488819e+00 9.297526443538379759e-01 2.746423407107364545e-01
9.860154032707464822e+00 8.975858657949672414e-01 2.266226227176862673e-01
1.180225673005641873e+01 6.584425722912849999e-01 2.098419248614109001e-01
1.319663888595967371e+01 5.277943166132773589e-01 1.971104261106834676e-01
1.289967798129772092e+01 5.865762811170517343e-01 1.634553455126801780e-01
1.409105253393719792e+01 5.684138987910338781e-01 8.473997688866488631e-02
1.559014466886653416e+01 3.645330210245020242e-01 2.545373000327633140e-01
1.530705748077446060e+01 3.895700182437232262e-01 1.383391629570336623e-01
1.156689304208633473e+01 6.709721853576255945e-01 2.174308960605192131e-01
1.264790214984262207e+01 5.733948404751632033e-01 2.133030906351342237e-01
1.243772154655833262e+01 7.399554661574454517e-01 7.171059828787298973e-02
1.039914156006148360e+01 8.593289938966831576e-01 2.036234440664034528e-01
1.238114663214682309e+01 5.453124022038953189e-01 2.581783790164927650e-01
9.923228013403711856e+00 9.686658845579276811e-01 1.780662324453682888e-01
1.475398231314563091e+01 4.767327982120582175e-01 1.419211601414425705e-01
9.594009142604747353e+00 9.022272415206310514e-01 2.520629094104336332e-01
1.121675527953560625e+01 7.694423579099320953e-01 1.771937795915640990e-01
1.166121944169378466e+01 6.315909326518177602e-01 2.523830867793646071e-01
1.148815711189277700e+01 7.236277320113813083e-01 1.834142645843448993e-01
9.404530793000438038e+00 9.107431149885848454e-01 2.974341058122187964e-01
1.527843759385860167e+01 3.662638463207962825e-01 2.690135284378502023e-01
1.267843348322223740e+01 6.463144016524081659e-01 1.170463420468498827e-01
9.127502501377714239e+00 9.238777875833701358e-01 3.007368630540471210e-01
9.551883832823587994e+00 9.314352069884603846e-01 2.410895282523211891e-01
1.230127278333630159e+01 6.528433250234956242e-01 1.651160211173547110e-01
1.047206256147298831e+01 9.932120670002567708e-01 8.975819548530256098e-02
1.532175039114026127e+01 3.900009714822100237e-01 2.440401325857963766e-01
1.376016821074307295e+01 4.581336957849986291e-01 2.537680422213516862e-01
1.100162395199104992e+01 8.473335346596163609e-01 1.308178732784703591e-01
1.237472431386230376e+01 5.935095147796928261e-01 2.052459207751815284e-01
1.040408772519132263e+01 7.761400988805812196e-01 2.384107217269807177e-01
1.601182937576595577e+01 3.602606841989403064e-01 2.334904763964239516e-01
9.843218416994059083e+00 9.354328115482966055e-01 2.049221603701774086e-01
1.225639296639598363e+01 6.267857797321674251e-01 1.981916392124780102e-01
1.368536849673010636e+01 4.654938757360910784e-01 2.367501104587753091e-01
9.783122830429499928e+00 8.905314969820035120e-01 2.392368173371639817e-01
1.178809223689221142e+01 6.837357344989577479e-01 1.900702054311412537e-01
1.166692547414582393e+01 6.159539661768561603e-01 2.517102326882894592e-01
1.266434672682538221e+01 6.283155042838973747e-01 1.458036011151614408e-01
1.169949564170904566e+01 6.828323912268685625e-01 1.911837543948477769e-01
1.121091471217977187e+01 7.060746800525474764e-01 2.219174216995267179e-01
1.057211479729326165e+01 7.867999908320553182e-01 2.104591688606810562e-01
9.903074598073564161e+00 9.134364019230780674e-01 2.280576488157440296e-01
1.031468474454496764e+01 7.945384893937963433e-01 2.500177484162944830e-01
1.472411894923413556e+01 5.056227625766516187e-01 1.024550301425222881e-01
9.624483520996621522e+00 9.028471225026719615e-01 2.451169949906142620e-01
1.700615452813596562e+01 2.990668715623184815e-01 2.795761654404522734e-01
1.254636709798280947e+01 6.635679394299975886e-01 1.301019834549889120e-01
1.213024963612843798e+01 7.013722140603378952e-01 1.352392039624119857e-01
1.046184845677403885e+01 9.210993013504199523e-01 1.485761425067009533e-01
1.365275092128912426e+01 4.659257289957406956e-01 2.502540402596217795e-01
1.318511182737078435e+01 5.547810609273290394e-01 1.472488707772045269e-01
1.049919051450350160e+01 7.844205268481759807e-01 2.363219365839338004e-01
1.702308105554195805e+01 3.214506161578647991e-01 2.236548678841284443e-01
1.933806143322071236e+01 3.152213481106039827e-01 9.261235400635769999e-02
9.998054325551025912e+00 9.123461408105424386e-01 2.032130932932524892e-01
1.161697322546121391e+01 6.557691118888554493e-01 2.109442458830294853e-01
1.213890402201544383e+01 7.103708228064006258e-01 1.272803520962371149e-01
1.613066649721892887e+01 3.461151537002054024e-01 2.430248312093577778e-01
1.218107544421396682e+01 5.442387632564869016e-01 2.723157744875572273e-01
1.060904484629611488e+01 9.308207626388660394e-01 1.139766276062110645e-01
9.334089986532408290e+00 9.199966198951498031e-01 2.792310784691556247e-01
1.939351234368859167e+01 2.986534652140633850e-01 1.173871148428388689e-01
1.566697600512123678e+01 4.014538732204179228e-01 1.923629035937519938e-01
1.378746165349262220e+01 6.262486414629738762e-01 6.916279228713702321e-02
9.670128131144489103e+00 9.449211461354916075e-01 2.185601721293190525e-01
1.210611076636954131e+01 6.771821541171300085e-01 1.538692540964644029e-01
1.172799097937797619e+01 6.703839776726299160e-01 1.884431037257875141e-01
1.531926754418947390e+01 4.399239181889686989e-01 1.551434132836196356e-01
1.072176392800967903e+01 7.048236928797700918e-01 2.923916333158750880e-01
1.020344173921672493e+01 8.399940379878114705e-01 2.305656931783491848e-01
1.617009664937172886e+01 3.828307787558264952e-01 1.818560775728280676e-01
1.283100271457006869e+01 5.222350773706011529e-01 2.517345960625618217e-01
1.034314755324767887e+01 9.775568779552085141e-01 1.301993256650174069e-01
1.173133994453490558e+01 6.493000727930098304e-01 2.338992023450291446e-01
1.247057232124654647e+01 6.459188559970465704e-01 1.591006112344271195e-01
1.008938967738945003e+01 8.918146538935932677e-01 1.996455075101959686e-01
1.168248303366379481e+01 6.079404036671739453e-01 2.512015603086952265e-01
1.454515440347588928e+01 4.423602961528851352e-01 2.120601430578056557e-01
1.056875844926907959e+01 9.058017861299565432e-01 1.449620220227326450e-01
1.058755259201156029e+01 7.834278922092735575e-01 2.189940779057988340e-01
2.028307403046425250e+01 2.631272761914317249e-01 1.433191429258124372e-01
1.170255106769117859e+01 6.836257666476257544e-01 1.913528870206094024e-01
1.154979893157422666e+01 6.723050931839815725e-01 2.156259241550561312e-01
1.130900303734054546e+01 7.542243930905807581e-01 1.678389877339121206e-01
1.065873939360587919e+01 7.353817303632813607e-01 2.481941394244924770e-01
1.092404586315454829e+01 9.022718353175922523e-01 1.050133969794238425e-01
1.065201322909544146e+01 7.739751224910897953e-01 2.180053404892134672e-01
1.124756756127219681e+01 8.005190865016387214e-01 1.364297151689425058e-01
1.257342711536769819e+01 6.925857282127223513e-01 9.400483048791552498e-02
1.059858367772201326e+01 8.197019476445704944e-01 1.985200688288086546e-01
1.397071614301092701e+01 5.190012716743201970e-01 1.616439582532649688e-01
9.242305505729202508e+00 9.881173221862852296e-01 2.361757828393404035e-01
1.042315780537137293e+01 9.378650794151743852e-01 1.399784232257090255e-01
1.200426329460207420e+01 6.698514683748596488e-01 1.554622440821182838e-01
9.296854244448018889e+00 8.973981419687020455e-01 3.029177054414696202e-01
1.482410418930496654e+01 4.068064846947965219e-01 2.399777258218140363e-01
1.132019437899084480e+01 7.786504587815935574e-01 1.415447957486733743e-01
1.096990062946175115e+01 7.344399197927168332e-01 2.226051619394029124e-01
1.239241961555717886e+01 6.281881798806325801e-01 1.741626293652404900e-01
1.272540089430303922e+01 5.954431830119211178e-01 1.692176241505275736e-01
1.216349575779005221e+01 5.545930845457143210e-01 2.709600354897278573e-01
2.169030103863186199e+01 2.101641321916602190e-01 2.243981105786656272e-01
1.313433604957091028e+01 5.905990048610606502e-01 1.609664883287465764e-01
1.316707659307239808e+01 5.772297438321124519e-01 1.669584278171680480e-01
1.641037443807263685e+01 3.685099212201068952e-01 1.769988695993773287e-01
1.143792454557257443e+01 7.601643471224371895e-01 1.638106149915020127e-01
1.098086242796783374e+01 7.671339518717802397e-01 2.006440114356793647e-01
9.785102551780417102e+00 8.983451199869448844e-01 2.274836793551364422e-01
1.190558215217158100e+01 7.119939750315000815e-01 1.521468524636721276e-01
9.327244564132980642e+00 9.438016813159605389e-01 2.560744317973949746e-01
1.020176437024015925e+01 8.778681231428046017e-01 2.078640079108120819e-01
1.239057321903849562e+01 5.223334422427743373e-01 2.896608346938135403e-01
1.055119148666983797e+01 8.736399048252287969e-01 1.601745988237604779e-01
1.106597527208625387e+01 7.040232871732987618e-01 2.358316970485820896e-01
1.013512217344463906e+01 9.762490176739896386e-01 1.333624601089516692e-01
9.497232462676269193e+00 9.392190936417014191e-01 2.362239876698187246e-01
1.220287385023014970e+01 6.521839437553794694e-01 1.636686396359754436e-01
1.188834088715790926e+01 7.771922752997696415e-01 1.037278561026265949e-01
1.085185202512398916e+01 7.178799198699470363e-01 2.458739033126604578e-01
1.364819886827237916e+01 5.149306205977649542e-01 1.808643144456236751e-01
1.422301993563017675e+01 5.035070316609132623e-01 1.486634395465422920e-01
1.126997403982534252e+01 7.359608699363070494e-01 2.090664052861626598e-01
1.909843376013424887e+01 2.777214946819577812e-01 1.858601190581921081e-01
1.049568763603876853e+01 8.820381276395208303e-01 1.823153880257265547e-01
1.026976346038378907e+01 9.273560825028815957e-01 1.707842197517044358e-01
1.271644100070289518e+01 6.203886296181030380e-01 1.496388083523285950e-01
1.167440239392460910e+01 6.932339400785691996e-01 1.725932975484863741e-01
9.313298498495230504e+00 9.775009975709332277e-01 2.397331880054023312e-01
1.096596423116128527e+01 7.695954431110272331e-01 1.958372035115867327e-01
1.316417842992651011e+01 5.575206175028362132e-01 1.778197995821724220e-01
1.616509425845001147e+01 3.578877809388203990e-01 2.255825626301194153e-01
1.019371325819679086e+01 9.056027694655572891e-01 1.768871053010960259e-01
1.613529400885248322e+01 4.195669292014742591e-01 1.444122977170036182e-01
1.610013250299952858e+01 4.513313051810787235e-01 7.902608855942197530e-02
1.202257490919049587e+01 6.332499029681810665e-01 2.069547588268704774e-01
9.701035629655168080e+00 9.679516686393938585e-01 1.994634971872167872e-01
1.028657242130928218e+01 8.107159211836472146e-01 2.286936215320582721e-01
1.556606351484856354e+01 3.867576350359361315e-01 2.180125260425635481e-01
1.149411919107369329e+01 6.981981646091490745e-01 2.033192638223992321e-01
1.685898008805383697e+01 3.359855885515303231e-01 2.114635578976893915e-01
1.025102771809280888e+01 9.491549844816289383e-01 1.480630891958261697e-01
1.279917433227340950e+01 5.946989211768372030e-01 1.716890522918447515e-01
9.908935953925135820e+00 9.760591680892579669e-01 1.706914903819593265e-01
1.079652076185371001e+01 7.735211790266224297e-01 2.010572003729086121e-01
1.135898550749470459e+01 6.850650333461395514e-01 2.282183266898714646e-01
9.366623915181776283e+00 9.808121282604279623e-01 2.264781971672903682e-01
1.035546967522963691e+01 8.232963325213282779e-01 2.156863372516063526e-01
1.307553758357090601e+01 6.197956506187560777e-01 1.268056786064686303e-01
1.024658596748134620e+01 8.400660167359540464e-01 2.152334484400710568e-01
1.366211860637391062e+01 5.063512255552993224e-01 2.036540212971081343e-01
1.547144331562505748e+01 3.694814536939311500e-01 2.335825336466217927e-01
1.424808395663414551e+01 5.289688310164996077e-01 1.201304012929325926e-01
1.164387742762068356e+01 6.732913210211260990e-01 1.938603000942591137e-01
1.122069908075257771e+01 6.701465530551740102e-01 2.479234938239552599e-01
1.328013612549327682e+01 6.410013428176698502e-01 9.640653246385058606e-02
1.019835723401685179e+01 9.065098747017412695e-01 1.650414659263158834e-01
1.095447162386622075e+01 8.079486374133157955e-01 1.675470627334701701e-01
1.305398732232458947e+01 5.714597323333983070e-01 1.668815530370439670e-01
1.044140454828720266e+01 8.807486329932989744e-01 1.754149495158913163e-01
1.021646770185884634e+01 9.407463838375842435e-01 1.476162155210218596e-01
1.163552572891538794e+01 7.849657358890288483e-01 1.138229850494313633e-01
1.968774374339778177e+01 2.454276574352802776e-01 2.280047458801236770e-01
1.638171067487631660e+01 3.429164525123660212e-01 2.327023349869085100e-01
9.290902599545411533e+00 9.763002702400591648e-01 2.546329998734829236e-01
1.064202293759913331e+01 7.437821916328902772e-01 2.382178724163505068e-01
1.270831344713460354e+01 5.504229448013551185e-01 2.219634859180631969e-01
1.253772077024398257e+01 6.492764962046211341e-01 1.434074233032252288e-01
1.381990219073476567e+01 4.723363374049061036e-01 2.274311182442693147e-01
1.187813905624126853e+01 6.129769134895683980e-01 2.337335223085203195e-01
1.006339919011907291e+01 8.453082725598835001e-01 2.394247474796253328e-01
1.252681269874038250e+01 6.464343698617717182e-01 1.428589526659709008e-01
2.545206731321992422e+01 1.833869085532610910e-01 1.214071110384600249e-01
1.118731447593667205e+01 7.530103086526364065e-01 1.675127195703787764e-01
1.127011629761766720e+01 6.680132829033276209e-01 2.364995425113042560e-01
1.310343659012611894e+01 5.816617820124969640e-01 1.561662172651611669e-01
9.805358783290476055e+00 9.869910322853240325e-01 1.704203031873922636e-01
9.867675293424195360e+00 9.331170284557892547e-01 1.998540332888746329e-01
1.119837156133153400e+01 7.422508878044412617e-01 1.811549498565890037e-01
1.542684957450773631e+01 3.903766114273923282e-01 2.174653431279517934e-01
1.001192840846442067e+01 9.508522755252409864e-01 1.684083858108809673e-01
9.817560745649062781e+00 8.710339862053417814e-01 2.326229817689760282e-01
1.445683150593957222e+01 4.989434894249745178e-01 1.401226467381984642e-01
1.192767106355282003e+01 7.403958537561604603e-01 1.238310178756307639e-01
1.686586635492203712e+01 3.585706178852632875e-01 1.588948965048338491e-01
1.247041738356017682e+01 6.501251569909776151e-01 1.519544268839843615e-01
1.458613855243373436e+01 4.425122862456514206e-01 1.875248502359714853e-01
1.630148710435622306e+01 3.685926815899313591e-01 1.858340523734902661e-01
1.093405962807474197e+01 7.791490466866817233e-01 1.934254791660206529e-01
9.321271245743069755e+00 9.930763857582175502e-01 2.425084249415915272e-01
1.458299696033373394e+01 4.223769708261536637e-01 2.246494623649333000e-01
1.181565344875234302e+01 6.876713245530937657e-01 1.775341080262703153e-01
1.138558339972477285e+01 7.838581512512312610e-01 1.266055925179003505e-01
1.609409846947223244e+01 3.708745361457799206e-01 2.056269610942588755e-01
1.380284717959161966e+01 6.353932889731036537e-01 3.664149127904448716e-02
1.074899730265019038e+01 8.351111566195497105e-01 1.670842926842847354e-01
1.241820660747919547e+01 7.125314979831667284e-01 9.944780308003996205e-02
1.167060931980492278e+01 8.067338419838169239e-01 8.597449096581884220e-02
9.691785162597158276e+00 9.523519890378110420e-01 2.047832059941151195e-01
1.909325302126029200e+01 2.624569701126597820e-01 2.281604262506874148e-01
1.343131401709444184e+01 5.333644390114362643e-01 1.873585100983244933e-01
1.020007645986012434e+01 8.656869120910705151e-01 2.055706946816424630e-01
1.799576280950443419e+01 3.323618006297110461e-01 1.368570090633573211e-01
1.101604495709302789e+01 8.713964009081751616e-01 1.196608417069868896e-01
1.049442006763457513e+01 7.856992280015936414e-01 2.353617366607047845e-01
1.248373921158267663e+01 6.653711749746561432e-01 1.332397750159788341e-01
1.328628063916563207e+01 5.979651343803944474e-01 1.248505967610094164e-01
1.623784038427016796e+01 3.303605522530509986e-01 2.855503260286689216e-01
1.407782541069797233e+01 4.579527802315663809e-01 2.317362808121941342e-01
1.164556964826246599e+01 6.383659494887401475e-01 2.397311111486996882e-01
1.703807410650336607e+01 3.248656781907378055e-01 2.259656298518932516e-01
1.186065420267931358e+01 6.822351209581523079e-01 1.779955001370013001e-01
1.155122258336546714e+01 6.610792271614478466e-01 2.256391062121834434e-01
1.127667082806132193e+01 7.782984289409053957e-01 1.536971225019583553e-01
1.263717560772685111e+01 4.635462404304540041e-01 3.463037571146288518e-01
9.795046140707675875e+00 9.418452222191460166e-01 2.140496071509967735e-01
1.541745286909508472e+01 3.706153884913335750e-01 2.570073942566644676e-01
1.093669164642295932e+01 8.909585450086338065e-01 1.107139519630756103e-01
1.117966241635408586e+01 7.217866936396384325e-01 2.027686077828092237e-01
9.170988859204410204e+00 9.948144871291879632e-01 2.420441432079285526e-01
1.715157655781211332e+01 3.073144490592609746e-01 2.414957686753969046e-01
1.592263564851553426e+01 3.586962799836124760e-01 2.253460979995563773e-01
1.215394265976687471e+01 6.887023297006547029e-01 1.268361897905727897e-01
1.079311910512749684e+01 6.886767686263212118e-01 2.671966531458659366e-01
1.121296736821908091e+01 6.632107303650078833e-01 2.664511484786765694e-01
1.134652889152596522e+01 6.949491617172502966e-01 2.005709525997577680e-01
1.371911264204424974e+01 4.519433105137071749e-01 2.614147370365608181e-01
1.792871945428725411e+01 3.208187805726673836e-01 1.747239424265552288e-01
1.289504875565537034e+01 5.007238264921656246e-01 2.568544180875643179e-01
1.609564037521696278e+01 3.739080631562294310e-01 1.963089538713312099e-01
1.480625030794641361e+01 4.577238909250780363e-01 1.569654940163118517e-01
1.101476404209874893e+01 7.771922752997696415e-01 1.912641024219195462e-01
1.838162579350967007e+01 3.034571763480132245e-01 1.837143919926111091e-01
1.284108132128649160e+01 5.785711598671103850e-01 2.041835002196580873e-01
9.352677016069307570e+00 9.637847032607708142e-01 2.470137672840996834e-01
1.237291234403956430e+01 6.983355157025300519e-01 1.131165902613591456e-01
1.125158552214769792e+01 7.417228916349855039e-01 1.842284781795478499e-01
1.009784144358499880e+01 9.605971577097767167e-01 1.544165247426663445e-01
1.200126456163394195e+01 7.551251975469934763e-01 9.519358835053608192e-02
1.125019544983028119e+01 8.724445646557135170e-01 1.015805063357328591e-01
1.244284008357622184e+01 5.376234722705589553e-01 2.562276694877727579e-01
1.315551305935252557e+01 5.384195517087693172e-01 1.971070173355210786e-01
1.466152337871793598e+01 4.372925406131875636e-01 1.995974097179725459e-01
1.237168751420708901e+01 6.345106430387574825e-01 1.731506298823781154e-01
1.431138655742178045e+01 4.648318123617646291e-01 2.022267386503486253e-01
1.240762545467523736e+01 6.271079314948174721e-01 1.688153369448545660e-01
1.070430015106820498e+01 7.397762832183849557e-01 2.559319909072623744e-01
1.009863434621302325e+01 8.561604121147733393e-01 2.258552568191842524e-01
1.848995357488688285e+01 3.538802262021938927e-01 7.782029941262601225e-02
1.098721992085540400e+01 8.426080207691080126e-01 1.351706882944572752e-01
1.394577875148589108e+01 5.443087842541428634e-01 1.222218130362250355e-01
1.385827720922880957e+01 5.043478442297113506e-01 1.739323921157536479e-01
1.443877956594787371e+01 4.291825714695175487e-01 2.407504874810099116e-01
9.610241444491554930e+00 8.712220441168069263e-01 2.949923341554953060e-01
9.794188121311099948e+00 9.036028635148838362e-01 2.182269023465864821e-01
1.144962015531026012e+01 8.254509650634354045e-01 9.150913571607031949e-02
1.118149128229740263e+01 8.352836579207739698e-01 1.230618784748650357e-01
1.486181175186835723e+01 3.887374752536572053e-01 2.607215938961492396e-01
1.052720110366933248e+01 9.466204237269244537e-01 1.108135883302907437e-01
2.278300721840034271e+01 2.220936558044878106e-01 1.218539218719775913e-01
1.089454603090413443e+01 7.180375948434060129e-01 2.682078279055654657e-01
1.444899432005249373e+01 4.169289041626840220e-01 2.574243990659961789e-01
1.121644989564075878e+01 8.658411939604674368e-01 9.854259722488588336e-02
1.309210381958779656e+01 4.878766570195282037e-01 2.694771771618353906e-01
1.295052171280299191e+01 5.353041195597052493e-01 2.192043957882048033e-01
1.084557699003754827e+01 8.170689750194265466e-01 1.928487540942909473e-01
9.607633868441403990e+00 9.297695018257692290e-01 2.411550193611258219e-01
1.098718100806398468e+01 7.726265250079855651e-01 1.816018131012478998e-01
1.232537899148010219e+01 5.007239571518102839e-01 3.504805013708672257e-01
1.034627825327430983e+01 8.423343522644303194e-01 2.040335989321438726e-01
9.321373293762388101e+00 9.991269517847657378e-01 2.229283198375159314e-01
1.055412645796818794e+01 8.077854650778425460e-01 2.153471962917296589e-01
1.018168264423669989e+01 9.527073485883119641e-01 1.448900268615326836e-01
1.036492961364312926e+01 9.256018792143120288e-01 1.501841733983305116e-01
1.132671778920824579e+01 7.974632829377028553e-01 1.284642416162349032e-01
1.325699202523553488e+01 5.209517091962845292e-01 2.037551934573540446e-01
1.324057798484083293e+01 4.598429201260713084e-01 2.936024171209254408e-01
1.081626873444210091e+01 7.160953812116435113e-01 2.474584656938958738e-01
9.840794867933269074e+00 9.484286921093489919e-01 1.922038862357365319e-01
1.237252778291711053e+01 6.108495276019259013e-01 1.733970614229885243e-01
1.100666687396038057e+01 6.468333332398916724e-01 2.964113626222357190e-01
1.037357033055515387e+01 8.529479130027338707e-01 2.146545112714034476e-01
1.254744208102034797e+01 6.404932451891840461e-01 1.375433638370328060e-01
1.615918310750222631e+01 3.681780745757007867e-01 1.976107538279510134e-01
1.102902303481566726e+01 7.316411982867015995e-01 2.205965077327446955e-01
1.184317084022038458e+01 6.255037310638261738e-01 2.148518995660010367e-01
1.454373702814502956e+01 4.247437165728878972e-01 2.209094573221216662e-01
1.187495195778646462e+01 6.379418028757255499e-01 2.168753230639254570e-01
1.321110456386809595e+01 5.220035512893651530e-01 2.143287430996503318e-01
1.191383849216965096e+01 5.855170016176934888e-01 2.713781515233944508e-01
9.830931235443499006e+00 9.999202985149557854e-01 1.593554344163546077e-01
1.126560367831334020e+01 7.266919717997561978e-01 2.126055016738571946e-01
1.622824219293796588e+01 3.924600307576565639e-01 1.672932733248494175e-01
1.022125808502357813e+01 8.952753126422490215e-01 1.883459843164678182e-01
1.095978326535028380e+01 9.003740017410450935e-01 1.031234236197418053e-01
9.577341116031398371e+00 9.751865002172711572e-01 2.136680587207241133e-01
1.404054233360647785e+01 4.482287590201556871e-01 2.469929411514157069e-01
1.237772979441294297e+01 5.786372299052955359e-01 2.206343369056056325e-01
1.323277908440861772e+01 5.290239523175117586e-01 1.960724122303548200e-01
1.032764078885642256e+01 6.991699654807363995e-01 3.064797922885052484e-01
1.034334677802986846e+01 7.987567575817815513e-01 2.327715743873152721e-01
1.016087281947140575e+01 8.515067167760628219e-01 2.291733418871522709e-01
1.789474254534982833e+01 3.316646059496698440e-01 1.524135770158034919e-01
9.951849835516195952e+00 8.601523691174383091e-01 2.356861273816081015e-01
1.371402430720157639e+01 5.606244872100176746e-01 1.243571610325124865e-01
1.487679736926207141e+01 4.785646716218309726e-01 1.274743201555078032e-01
1.373563825118899651e+01 4.656711507822076657e-01 2.320470081036350996e-01
1.167604454917966272e+01 7.520919582329023134e-01 1.358133800861959783e-01
1.276219839902599951e+01 4.871452074600471915e-01 2.892326019577560192e-01
1.079524426161096784e+01 7.470395002211176472e-01 2.223749467127672796e-01
1.407555037318194557e+01 4.622930607562705796e-01 2.188340452169286743e-01
1.939549597861863717e+01 2.745727204110220421e-01 1.747723634152669736e-01
1.109581137182184918e+01 8.096930853538613082e-01 1.577883373742575979e-01
1.365996902670855206e+01 5.114652578212781631e-01 1.839467548117052487e-01
1.726407351851289818e+01 3.303605522530509986e-01 2.091329996721482953e-01
1.030825091666805093e+01 8.566531158115303635e-01 2.055643678507662608e-01
1.227188445442405573e+01 6.681126445089340393e-01 1.616970525550041338e-01
1.095152773005020030e+01 8.171111458310671427e-01 1.542522022123443137e-01
1.328464180420684748e+01 5.441549273118940766e-01 1.868706034363913637e-01
1.152848041503969867e+01 8.021278105800174751e-01 1.141851057504998379e-01
1.156167427283590854e+01 8.100080702537403310e-01 1.042204354429136642e-01
1.536161761894826938e+01 3.833079517993265850e-01 2.235771080021738966e-01
1.491503335461007751e+01 4.519901876135830610e-01 1.614669429058935290e-01
1.052526601824994223e+01 8.593289938966831576e-01 1.892004019805711146e-01
1.026151358049152229e+01 9.790225806064920544e-01 1.226934010348039311e-01
1.143257384049753256e+01 6.925857282127223513e-01 2.031752597367331159e-01
1.230632810202205363e+01 7.066169624839306884e-01 1.174572580235334202e-01
1.453953166400752650e+01 5.278706351751043524e-01 1.092198409611477156e-01
9.549096559730900324e+00 9.354053566428345290e-01 2.492835439706279077e-01
1.498490191539026206e+01 4.517855928796329912e-01 1.488478385677442506e-01
1.170273126133002428e+01 6.026922508521247446e-01 2.651186863465032628e-01
9.999544792385711034e+00 8.387418856685135982e-01 2.642097477903253000e-01
1.262659443271504855e+01 5.671464532642529477e-01 2.167790041781191557e-01
1.479510494887852978e+01 4.257380075377284467e-01 2.084446922297450988e-01
1.306645754432921613e+01 5.601544515855397810e-01 1.844301293977453349e-01
9.586775889657706884e+00 9.940942027813165494e-01 1.897914650723774854e-01
1.388303268114409939e+01 4.543136478705835923e-01 2.506000423771481689e-01
1.021725611360365171e+01 8.949751821813053398e-01 2.041250471953524881e-01
1.196626193069255173e+01 6.185542613121252087e-01 2.296561854674695480e-01
1.434145470462246230e+01 4.302494437155738316e-01 2.456637983646431378e-01
1.119283039897692156e+01 7.112030702289002804e-01 2.093857869263612281e-01
1.220637790116978394e+01 6.235285710245030977e-01 1.911880347316674833e-01
1.037768465786824557e+01 7.353468102576420362e-01 2.964629106357321020e-01
1.256361545102802246e+01 5.736261137741744953e-01 2.124428719882208438e-01
1.089720261643709520e+01 7.245821292967840055e-01 2.292028946764259056e-01
1.590328822741040149e+01 3.966210267605025930e-01 1.674481714207438077e-01
1.149476480658882238e+01 6.610019623041675230e-01 2.216258202608946681e-01
1.038684721831046254e+01 8.466679824712094460e-01 1.981407533550662570e-01
1.578363390458921778e+01 3.739344784330744242e-01 2.107541114736692645e-01
1.045776027359393545e+01 8.936037985641444026e-01 1.656894670631598732e-01
1.043257065272368322e+01 9.366698585527361010e-01 1.342161164357246750e-01
1.102356196487505358e+01 8.808936905669425554e-01 1.107333581481601686e-01
1.120334486936832619e+01 8.238708767762540353e-01 1.378871434289125897e-01
1.075127123693373932e+01 8.349080387986141938e-01 1.610719826790115439e-01
1.105902473590794344e+01 7.968145124850556371e-01 1.669015234371653000e-01
1.070031647802089836e+01 8.790879235183431950e-01 1.594643042085701901e-01
1.293081866653087708e+01 5.943717307564044816e-01 1.750157173483229134e-01
1.018970190143570242e+01 9.283290507604079478e-01 1.584064697500985330e-01
1.278795797088072028e+01 6.318288506796726489e-01 1.206303643343174942e-01
1.073010712476913397e+01 8.715049694817823545e-01 1.364311519175408771e-01
1.059862812615289229e+01 8.792010720117241496e-01 1.649055673777030662e-01
1.215415425656775739e+01 6.691746963606509668e-01 1.893086136085463944e-01
1.245401129128111251e+01 5.630919868062632672e-01 2.265180673921429466e-01
1.506369780753710508e+01 4.445928797831522616e-01 1.634497439998338908e-01
1.329039319650967244e+01 5.588605207437451483e-01 1.628679280955200315e-01
1.136622513061152873e+01 7.714180981505950330e-01 1.523281649669941673e-01
1.009695206360476760e+01 8.705490324875053698e-01 1.994016609189317446e-01
1.364637197419727066e+01 5.377067090054176157e-01 1.589680657663617713e-01
1.691034181685160931e+01 3.528736920338542138e-01 1.635068772171734131e-01
1.507475702479859692e+01 4.617078602978008095e-01 1.403487944595688541e-01
1.151099928546489615e+01 7.186938280815029501e-01 1.838265872544222468e-01
1.222785505666332284e+01 5.842002862596823443e-01 2.226234225644722065e-01
1.074594783147751542e+01 7.794758397940585448e-01 2.071018958423967160e-01
1.046739591965122784e+01 7.548676641421508959e-01 2.597767431371764135e-01
1.049099445277753340e+01 7.771922752997696415e-01 2.507387225360727667e-01
1.208152842134059135e+01 6.717192527055733109e-01 1.655233931434569317e-01
1.344646598976772900e+01 5.658826421994000988e-01 1.433494876422593822e-01
1.829950369628205920e+01 2.547534575262980772e-01 2.709482874790639650e-01
1.247230700872286846e+01 5.300489251975546434e-01 2.617217499263247982e-01
1.510898493323561631e+01 4.406492542909303811e-01 1.580462934681744758e-01
1.247964818039542223e+01 6.065596442255856147e-01 1.990793958043981793e-01
1.463526574407304892e+01 4.421229892697795538e-01 1.987323274379314553e-01
1.231005366924725841e+01 6.369898863349867657e-01 1.699816215578437983e-01
1.655617611073343554e+01 3.901407742749142260e-01 1.415620293956115217e-01
1.632107691448386433e+01 3.359855885515303231e-01 2.513904632037504139e-01
1.877438960903234388e+01 2.730763595494497542e-01 2.252718655728112307e-01
1.602147123650446048e+01 3.595916541532849231e-01 2.355591261117506996e-01
9.488754461390637829e+00 9.646303515766249115e-01 2.360698973916242616e-01
1.014810526024450255e+01 9.669699131755168375e-01 1.503409454898320674e-01
1.411074709340891786e+01 4.452553699247995822e-01 2.369936530863834268e-01
1.076426339875787619e+01 8.085111123762950269e-01 1.715854148882361430e-01
9.508536917464960325e+00 9.013818051625159811e-01 2.701399915498099991e-01
1.105781684653122454e+01 7.693134173938676046e-01 1.906463028058310583e-01
1.295440557782222157e+01 6.306707937793447627e-01 1.357861162838077673e-01
1.306519311533773298e+01 5.970769669573726679e-01 1.437028039377537536e-01
1.109047605391022451e+01 7.362612874456100354e-01 2.103952264308272257e-01
1.357252679815988827e+01 5.184828097787468337e-01 1.801009743101527893e-01
9.705941426714144171e+00 8.789935528284451571e-01 2.587949452193724076e-01
9.082654055913959468e+00 8.630820967147799783e-01 3.620192445871175391e-01
1.442199289085517755e+01 5.521912352643916222e-01 7.999089431505167214e-02
1.538006243174809384e+01 3.724343253610312710e-01 2.356351745177682477e-01
1.032499295404151063e+01 9.784642591212088236e-01 1.169277355764125892e-01
1.308116954758993877e+01 5.252617672009831651e-01 2.340908032739747457e-01
1.027205446970379477e+01 7.823379713420334225e-01 2.696882632843056737e-01
1.302588441891989213e+01 5.204579205603552250e-01 2.204925482392851022e-01
1.538510678804854592e+01 4.434060608899312306e-01 1.357704995765379175e-01
1.135157383809260523e+01 8.166911542632179222e-01 1.215127683245697671e-01
9.906797411480145144e+00 8.807064448471898510e-01 2.289304499041941998e-01
1.243738818415567593e+01 6.160498643413466757e-01 1.752653461512798660e-01
1.241570368684325310e+01 6.715224016990696265e-01 1.278045411826506383e-01
1.024320218753297240e+01 9.395971240976049854e-01 1.503125358650878318e-01
1.352300813806770918e+01 6.393365005733506745e-01 5.837073037841702949e-02
1.195271044944490768e+01 6.778820718743597817e-01 1.603231801406255208e-01
1.193460043735435328e+01 6.544349316813666828e-01 1.920872487251733540e-01
1.042336055455043820e+01 8.546183330227528074e-01 1.815426450563932537e-01
1.078384950471496140e+01 7.835647782984580534e-01 1.991821653618129628e-01
1.247997964121812764e+01 6.141632678647217514e-01 1.585247807704864287e-01
1.330008775254887254e+01 4.811511951401687970e-01 2.679462206381433287e-01
1.146431939188243021e+01 6.263269240165687535e-01 2.799806511313990831e-01
1.073593861934861415e+01 7.936164026256444792e-01 1.878097531673303122e-01
1.300780810302547508e+01 5.109641899053124492e-01 2.407074944660559934e-01
1.114676236729383163e+01 7.328009565403071912e-01 2.230640683959457526e-01
1.441100874621406014e+01 4.825683793028219815e-01 1.327359326909696158e-01
1.353982375335750987e+01 4.381310202862657710e-01 3.116988373451667349e-01
1.053327745777896141e+01 9.496124629018906083e-01 1.137457497937847395e-01
1.590119680767056742e+01 3.992474415627442208e-01 1.618775129610205143e-01
1.261711888719228014e+01 6.731734673225443499e-01 1.109863610962090602e-01
1.165761007460023713e+01 6.168073911676664745e-01 2.546494441315889090e-01
1.769535645811890490e+01 3.142931727579817980e-01 1.916961029652094473e-01
2.233281546084763391e+01 2.307762526433130013e-01 1.236050069727322454e-01
1.045705495510075522e+01 7.715153379486090479e-01 2.475327954202478642e-01
1.230611675484313849e+01 5.806811867120998949e-01 2.221813648987809031e-01
2.300729255245855498e+01 2.007316437018372146e-01 1.842392879643410530e-01
9.582552253457329527e+00 8.920824523770805037e-01 2.616766055867806862e-01
1.168701034196852717e+01 7.292524647020093287e-01 1.481948425947698378e-01
1.072882150580301186e+01 9.875240597488124106e-01 7.061505292429412495e-02
1.012872794636888862e+01 9.702459303324424411e-01 1.629158899197843680e-01
1.096662909815283093e+01 8.687252459968302087e-01 1.256392360419343879e-01
1.086318117315732223e+01 8.641958833498294412e-01 1.325608828957815510e-01
9.650646854225620075e+00 9.967161969526765475e-01 1.774925054737463981e-01
1.078529203726970387e+01 9.166029345065184186e-01 1.041852858579035007e-01
9.949782960366063023e+00 8.418673380724654987e-01 2.657777155185472862e-01
1.789876831671529089e+01 2.872073480944434265e-01 2.504752061122518803e-01
1.796126356719406303e+01 3.182400717900505382e-01 1.754948751876782842e-01
9.852805536592041946e+00 9.844507151674963819e-01 1.799489959304744757e-01
1.143261914434575210e+01 7.608799900530783811e-01 1.562185040739504926e-01
1.313374742860827205e+01 6.386795015963412370e-01 1.013684395500121932e-01
9.571705900219198426e+00 9.794698015174020389e-01 2.095322527340577334e-01
9.198753330342599455e+00 9.724903308756503995e-01 2.645836829982612937e-01
2.102633153695782298e+01 2.450404187493261388e-01 1.590706196333801781e-01
9.934462812434702528e+00 8.923338641137554816e-01 2.264955066064460176e-01
9.401509397186099903e+00 9.281649856559820444e-01 2.587184142518547669e-01
1.154166161852966432e+01 6.235285710245030977e-01 2.597918552683064486e-01
1.066263326196917838e+01 8.294964809742105816e-01 1.750703447078033326e-01
9.302632201721664273e+00 9.147308915847014443e-01 2.817637490869757122e-01
1.627142203199377590e+01 3.688816321258879816e-01 1.952942380670861233e-01
1.145764019210982276e+01 6.890243454304242343e-01 2.018017470545488690e-01
1.500282517910802227e+01 4.005110712949500051e-01 2.288990760003077884e-01
1.246466448575925767e+01 5.658437818393702301e-01 2.273677875992660691e-01
1.544150389623056441e+01 4.127117600179479595e-01 1.807306745767019995e-01
1.123352536082204089e+01 8.339134799544783982e-01 1.213096662992720759e-01
1.471167640277191602e+01 4.289231905723417393e-01 2.184954938207473440e-01
1.004813543484584493e+01 8.395631681751166697e-01 2.479400861292606617e-01
1.085446358653898002e+01 7.519140564410160543e-01 2.110696116114140486e-01
1.066211101255388094e+01 7.982970997895371124e-01 2.018388276873367415e-01
1.559549463668821012e+01 3.818837475889684807e-01 2.088368749555361559e-01
1.375690433002699464e+01 5.537401740078808920e-01 1.270129689439393472e-01
1.811482374617376223e+01 3.178975604112643794e-01 1.558282780624520303e-01
1.601075277087202764e+01 3.396920680613661481e-01 2.185965856924125816e-01
1.931279069674542725e+01 2.529362637051407736e-01 2.329080565566539474e-01
1.204123651599126887e+01 7.280093653843440205e-01 1.243689949964782993e-01
1.659430130219714528e+01 3.610289979594721310e-01 1.833986350053171677e-01
9.819108026724961746e+00 9.240934084531660098e-01 2.022854131057778559e-01
1.146809389849935634e+01 7.965552065631468226e-01 1.225235914819249872e-01
1.428644955257947835e+01 4.477063515214099176e-01 2.106090415499530244e-01
1.040039606640837633e+01 8.623297997622920708e-01 2.144049873535947837e-01
1.395377601179999161e+01 4.865665613631982578e-01 2.058894050069238757e-01
1.600031315829261658e+01 4.158126542358928091e-01 1.495204386338817304e-01
1.399790508007532708e+01 5.048208409175930500e-01 1.658483827861602367e-01
1.064219605182428730e+01 7.442330559498140374e-01 2.522977144013547335e-01
1.235706286154150924e+01 6.360807100670244907e-01 1.728808163204990644e-01
1.042921877552827148e+01 7.840176738346115171e-01 2.228426640579635465e-01
1.248928471979508181e+01 6.303113346708536513e-01 1.793905199914185289e-01
1.012695979614785635e+01 8.115441839069932328e-01 2.520566102854510104e-01
1.389710069627135525e+01 4.643277659171656802e-01 2.255529262588701345e-01
1.234789537878649845e+01 6.537530106387757778e-01 1.498974978678028480e-01
1.777772990368240258e+01 3.621069793098729006e-01 1.002032114085927711e-01
1.088260181363270895e+01 9.788182313720787953e-01 5.815403312602082653e-02
1.611827623855524294e+01 3.561174972096018965e-01 2.253628602516705992e-01
1.064880505070225247e+01 8.003196877933480557e-01 2.042870648957261503e-01
1.404753232681814623e+01 4.374164111703163216e-01 2.382189693767967353e-01
1.145818700303898297e+01 6.208062491597642341e-01 2.723862855557551699e-01
1.164455375418004479e+01 6.039877242269588997e-01 2.551881599372802789e-01
2.146973012418438032e+01 2.603792517637063542e-01 9.013171451014534430e-02
1.413458003028607557e+01 5.275628720650079595e-01 1.333610353054971998e-01
1.022357933208506431e+01 7.860798673827068539e-01 2.824088877418722832e-01
1.108175451265363520e+01 7.232920745714696009e-01 2.085425988714447176e-01
1.412346160257187044e+01 5.313087035955550430e-01 1.276486918121994829e-01
1.272942582295048197e+01 5.427979883106471837e-01 2.286796920408783185e-01
1.332880469385023936e+01 5.071570269049415769e-01 2.215582474099010157e-01
1.080412271605932162e+01 7.346826622941449170e-01 2.320610826028945417e-01
1.260760937759639866e+01 5.376234722705589553e-01 2.398099855295491856e-01
1.062029955982561802e+01 8.171111458310671427e-01 1.902512663406981663e-01
1.314912425760516967e+01 5.465886789265104184e-01 1.973690940591580067e-01
1.045902641333810124e+01 9.443304912111756266e-01 1.274818070027563255e-01
1.376949637496162104e+01 4.775675627113601940e-01 2.085783894665653726e-01
9.928385181021402772e+00 8.782040739821609376e-01 2.273319152940438959e-01
1.164663227648787114e+01 6.505299498523583468e-01 2.241410515021688699e-01
1.502986707335620586e+01 4.234092936085768755e-01 2.070299698232102026e-01
1.084577257217908652e+01 8.691072027528795596e-01 1.309845348006817567e-01
9.451148321968405597e+00 9.526147785714339511e-01 2.459585437494698767e-01
1.049459457297616538e+01 8.581894508325622617e-01 1.657925339492565264e-01
1.307573626623253027e+01 5.157870872510665894e-01 2.374306019277803992e-01
1.116840345085491037e+01 7.442730447511832770e-01 1.844008685980594031e-01
1.028018740598202285e+01 8.860515292260238152e-01 1.929633072550367701e-01
1.464092747811993256e+01 4.764664682412741992e-01 1.391106898742459630e-01
1.016240298045192070e+01 8.864464779368934622e-01 1.953563631569324166e-01
1.122525884192961243e+01 7.962907963314536097e-01 1.569100706605721651e-01
1.390687372311920456e+01 4.513023985034675389e-01 2.477503507627603352e-01
1.100328620843219163e+01 7.370555708057471289e-01 1.991630273043727417e-01
1.517557244174614439e+01 3.811438832529847054e-01 2.419735058712528253e-01
1.351656246560341401e+01 5.347109105155787301e-01 1.693005313749620655e-01
1.123779171967538204e+01 6.498470878747847346e-01 2.572199549902421944e-01
1.259209229083565873e+01 5.264590594831630721e-01 2.770003533495625225e-01
1.400091213050855643e+01 4.407754307835398122e-01 2.596987850218995253e-01
1.121417834633258614e+01 8.204667282580622167e-01 1.284418837266140534e-01
1.739829199274024418e+01 3.687897772840783017e-01 1.206467202609522171e-01
1.146665864316660510e+01 7.362995600965596132e-01 1.670374676050800922e-01
1.640739384068363194e+01 3.601724492026853186e-01 1.948810401547858839e-01
1.460335939434540187e+01 4.364343151182786817e-01 2.020043146234456743e-01
1.102998389030171644e+01 8.325033639453027767e-01 1.298010601002233255e-01
1.154459164204378219e+01 6.801646887848937784e-01 2.075645836817142931e-01
1.103063067254865537e+01 8.134065379965090825e-01 1.582176377090233621e-01
1.115327538162998877e+01 8.129424724191784968e-01 1.525899343330305025e-01
1.216714359606410412e+01 5.964987829119352547e-01 2.310171965789206694e-01
1.225554760091349848e+01 6.527366471832124484e-01 1.638391002764649496e-01
1.077095975296957242e+01 7.933231072269163464e-01 1.907941626523903533e-01
1.346478112338010646e+01 5.040491488822861355e-01 2.208124921880292302e-01
1.455055950289331967e+01 4.291756843930418230e-01 2.232658130060705126e-01
1.003484571774163392e+01 7.378231635627062746e-01 3.320437947290176273e-01
1.591839821036575664e+01 4.267642321821660256e-01 1.195940549090272614e-01
1.520216318893444196e+01 4.274797145959551292e-01 1.749550928711400277e-01
1.425889317926148259e+01 5.259778320971689736e-01 1.188657351892935116e-01
1.512786643589168456e+01 3.627496729533232767e-01 2.799259995485733898e-01
1.823103893451005675e+01 3.081652594773898746e-01 1.683839893336525062e-01
1.468497330586227001e+01 4.059793424256801231e-01 2.447292629877004244e-01
1.478170333786386692e+01 3.688319621682865090e-01 3.017053962050775251e-01
1.042947767961469729e+01 8.001677361264142307e-01 2.271634681203737460e-01
1.014769931768481470e+01 9.275024216067812022e-01 1.632337173637402605e-01
9.932812889240379306e+00 8.272119254387275689e-01 2.695111788181833168e-01
1.342250544635452059e+01 6.077294385038277680e-01 9.784600638788902571e-02
1.142190378399391726e+01 7.340490870335563134e-01 1.954182295891831178e-01
1.129819107958604718e+01 6.593919917724205826e-01 2.478008552780343043e-01
9.773941935989768126e+00 7.739118780929741259e-01 3.359829724298118991e-01
1.045249671293773197e+01 8.679301788742479484e-01 1.706752576487173823e-01
1.813659081946154572e+01 3.563280719169319433e-01 9.701179708473756103e-02
1.346928293668705656e+01 5.881238583553448640e-01 1.244373639778330737e-01
1.290420723096593392e+01 5.350902743330964162e-01 2.360678922084749609e-01
9.582357438631596835e+00 8.881765221844412084e-01 2.652987158908688414e-01
1.123927718608679882e+01 7.455798351262312718e-01 1.846878388659014825e-01
1.591280604083713968e+01 3.563360942115305074e-01 2.361081351410228568e-01
9.246588158305275584e+00 9.204172062585638248e-01 2.886527220634764190e-01
1.013128111742557103e+01 7.776731860568084631e-01 2.757903813140299421e-01
1.142890791236616366e+01 6.562580627515397502e-01 2.475240025080821804e-01
9.547037456818051382e+00 9.100309128494448174e-01 2.615284117691225596e-01
1.053947323003395375e+01 8.050406330515076370e-01 2.147333892715742598e-01
1.512407225350161255e+01 3.944454395013720638e-01 2.331823012599247014e-01
1.178002294319679599e+01 8.098912770259645288e-01 9.691195529143824261e-02
1.143864219494889412e+01 7.801286838172430960e-01 1.365787038745644444e-01
1.631742998268495271e+01 2.940587102314570767e-01 3.470604147420528474e-01
1.208237530423152606e+01 6.536924953903162638e-01 1.799785754881236266e-01
1.152555292331731351e+01 7.400620372373397649e-01 1.510810181605949376e-01
1.317457048765687233e+01 5.864835763988566208e-01 1.463361106526512856e-01
1.060423607537734192e+01 7.451931135717541066e-01 2.380517199225761771e-01
1.151098115655086751e+01 6.617463569954182834e-01 2.200601086364586956e-01
1.041434078437233346e+01 7.923091650721311163e-01 2.513019565823052526e-01
1.076956549560033771e+01 9.042456601998524190e-01 1.281295429201289027e-01
1.211753159225531284e+01 6.212195034138504601e-01 2.024233533342011115e-01
1.273408826015654327e+01 6.048253659400529836e-01 1.670175120819612502e-01
1.166589722115977956e+01 7.083106245717925020e-01 1.735853627952141098e-01
1.115179834171417106e+01 7.011376084963850674e-01 2.176627713017474652e-01
9.483077672002538705e+00 8.666597842118993755e-01 2.933446781611827592e-01
1.095673634533672214e+01 7.009137474258645417e-01 2.475294619213018188e-01
1.065886351976705448e+01 8.300524336912610268e-01 1.828704742083951673e-01
1.026883895611263320e+01 8.224531133499625168e-01 2.557170952248001838e-01
1.186945147946572021e+01 6.648731568789512103e-01 1.963967353139398075e-01
1.003283655963616283e+01 8.818674070610220683e-01 2.168671270014930763e-01
1.055773959665850015e+01 8.912105181473919391e-01 1.662942522424958602e-01
1.040526835020513552e+01 7.208907371510566708e-01 2.979751742523525371e-01
1.242403874562180022e+01 6.983412600513008162e-01 9.268863997900922413e-02
9.785999788969208524e+00 8.812033282618454422e-01 2.411355525102809594e-01
1.131264914984914505e+01 8.567588417029268211e-01 9.545687572188228665e-02
1.036473032090280455e+01 9.726664561215919713e-01 1.178101736650719322e-01
1.417437673003307808e+01 3.983955753950327305e-01 2.944484058724647357e-01
1.209328305571301954e+01 6.308272121860806214e-01 1.818004204613693775e-01
1.089821605555812312e+01 7.517997709579657961e-01 2.164341400013194416e-01
1.359969732501220108e+01 4.508986391785944070e-01 2.722378731310831634e-01
1.383282015986832469e+01 5.210750589210316752e-01 1.579493957594381437e-01
1.417980345526689057e+01 4.719373189965411775e-01 1.922174417530957413e-01
1.347051095321176284e+01 5.717458543659292847e-01 1.489463610773402169e-01
1.511057742459009390e+01 3.922074413369720514e-01 2.464367040703496492e-01
1.025785848571814007e+01 9.572104157906655697e-01 1.392717324049060901e-01
9.530865140937850200e+00 9.950632741228575551e-01 1.927731421688408942e-01
1.272883816947298108e+01 6.276026156465065453e-01 1.359956664920573266e-01
9.376851300499158270e+00 9.362351006910886175e-01 2.626548742827708449e-01
1.162944175485948684e+01 5.760221928236195499e-01 3.009407776326061268e-01
1.160839991420357720e+01 7.088864027562686854e-01 1.850291782274298136e-01
1.439116924644294748e+01 5.571667689882879859e-01 7.632832821383225830e-02
9.081742770328366632e+00 9.737749248574970595e-01 2.383127737427628567e-01
1.736259232731011082e+01 3.434497654759147145e-01 1.560145965928633194e-01
1.791916456465630247e+01 2.706627365410684827e-01 2.567198451595815167e-01
9.312517742298547674e+00 9.976333570648210358e-01 2.313665733691880055e-01
9.320607991439983309e+00 9.840254976289199984e-01 2.362778085643861825e-01
1.085772032231298034e+01 8.400166871875452967e-01 1.607599076456186216e-01
1.193681304356657691e+01 6.090591377554347430e-01 2.405634524016499465e-01
1.015651528818342975e+01 8.058895387112281483e-01 2.239859486514351461e-01
1.261484044820393180e+01 6.011334917675895673e-01 1.695188845301185965e-01
1.560905730307705497e+01 3.924988032063319032e-01 2.025245028112797052e-01
1.291981962510445570e+01 5.464283896340242919e-01 2.040142791895211694e-01
1.213258736170027241e+01 6.637629050315045909e-01 1.704252713801116537e-01
1.139977443190464612e+01 7.839093688927089021e-01 1.385906101890292397e-01
1.136326237286652230e+01 6.368982175069981544e-01 2.675132833676394650e-01
1.181079663182161177e+01 7.139341194177646344e-01 1.603778800716963437e-01
1.322544367280141842e+01 5.541551462930123240e-01 1.707773818557755396e-01
1.264384641720544167e+01 6.139759131391758773e-01 1.686355004029432003e-01
9.840227389822031157e+00 8.674323630333287127e-01 2.676408283920358455e-01
1.132320321479621406e+01 7.225739992720562332e-01 1.804199092193546350e-01
9.501121547576062198e+00 9.825159334231815533e-01 2.191977164958582303e-01
1.171761817374394887e+01 5.986761773139670506e-01 2.646402529378445445e-01
1.415886820800044887e+01 5.030401189344676505e-01 1.623908604997361671e-01
1.589878737594519187e+01 3.746590261207652928e-01 2.105359512304739444e-01
1.155888446463207408e+01 7.118928317705499609e-01 1.632850180223202607e-01
1.197596651148653102e+01 7.257544238974455997e-01 1.410886081871123021e-01
1.620861494695105165e+01 3.905014725691862143e-01 1.597177835072157714e-01
1.451428631522898094e+01 4.697111188096749212e-01 1.707629694797304365e-01
1.195117030061234509e+01 6.896861597975242342e-01 1.567796000105238785e-01
1.125697869709333077e+01 6.554219384570185714e-01 2.717916045889539056e-01
1.193898625547990555e+01 6.280883739306808433e-01 2.299533899264144809e-01
1.233304995697114848e+01 6.861045189695144098e-01 1.328285459978058858e-01
1.053311836957694325e+01 8.021227387954432686e-01 2.175378221364361320e-01
1.014418925924185544e+01 7.493545162771977353e-01 3.182070699062834462e-01
1.008036863940377259e+01 8.545335300075386220e-01 2.297303246970537893e-01
1.032999166573383221e+01 9.045738307659936250e-01 1.694934895324320678e-01
9.509305009474962489e+00 9.750311173391824626e-01 2.310840665411540429e-01
9.683844232340788949e+00 8.490762481859981392e-01 2.944374877630591691e-01
1.306705694232456949e+01 6.050995947449898660e-01 1.405742751243156119e-01
1.228431572025737673e+01 5.587607807212324751e-01 2.589876678679148836e-01
1.225609944422392061e+01 5.485116957281209737e-01 2.777478733154677970e-01
1.229236834052396077e+01 6.136566099742788438e-01 1.945369348876921922e-01
1.027493085805067885e+01 8.252787642067648255e-01 2.103825201001499334e-01
1.336578065145335614e+01 4.983788348161373172e-01 2.354914711401005223e-01
1.308269633870976634e+01 5.368847138608846548e-01 2.102329491092668756e-01
9.437566776428472082e+00 9.815966714065887944e-01 2.205943745103954856e-01
1.294817928332295409e+01 5.211805555337900575e-01 2.320636477861548197e-01
1.014304425375403085e+01 8.820105904161581467e-01 1.853203731759595352e-01
1.016208161883539773e+01 7.383839786841093211e-01 3.113844682470913727e-01
1.047017365188968618e+01 7.988829975521383187e-01 2.225347377777055491e-01
9.897673626585769213e+00 8.545445134312157354e-01 2.478833903234019254e-01
1.610323988601274081e+01 3.847877453076335996e-01 1.704907979751805192e-01
1.196212218764640411e+01 6.325906029665545605e-01 2.022333307088187981e-01
1.221326545342261838e+01 6.091109901714781838e-01 2.100550058754714899e-01
1.103448817980412855e+01 7.843607001083852115e-01 1.789282290245738927e-01
1.551897644568043511e+01 4.386252833258555972e-01 1.394889387129713276e-01
1.160531017118872832e+01 7.426863889887914683e-01 1.473834652913951770e-01
1.110925148064499624e+01 7.642437587526359488e-01 1.661796496884971330e-01
1.091544589842808755e+01 8.025211931464707460e-01 1.751475953764958515e-01
1.042989745588157291e+01 7.691749628501572955e-01 2.594960113542010283e-01
1.331243279537506119e+01 5.513036614215502951e-01 1.603281340764183271e-01
1.104502179793945871e+01 7.853122694563937634e-01 1.799935969733825469e-01
1.043907315014264903e+01 8.130515793868482444e-01 2.092925696186179185e-01
1.036894464453127895e+01 9.179956143201087881e-01 1.531203425129763207e-01
9.674716769975001185e+00 9.474456122161668548e-01 2.198671320928492490e-01
1.085957295940827727e+01 9.581143527237100388e-01 7.529156755812201063e-02
1.293755759507972591e+01 5.489374904269247457e-01 2.151579526864412228e-01
1.099805919005958366e+01 9.419710083074783746e-01 8.057538104008107882e-02
1.362245281616999115e+01 4.862804751981301132e-01 2.249457733626821776e-01
1.766370981625320624e+01 2.743945993451514243e-01 2.828995191952065058e-01
1.049941035175170079e+01 7.458800025428886649e-01 2.723892862560650108e-01
1.266844915345745548e+01 6.764359834477490230e-01 1.141327426134031708e-01
1.585237113143894483e+01 4.059117004911036997e-01 1.655126445631538434e-01
1.125532906670680156e+01 8.200530378914849816e-01 1.211458988509783036e-01
1.478060156140692172e+01 4.103548437503268254e-01 2.287742095302925938e-01
1.219938932312682311e+01 6.711780854602084068e-01 1.406128316293054348e-01
1.218937326795022358e+01 6.753864899209215400e-01 1.217250222331804632e-01
1.306059072230794094e+01 5.802836191256539600e-01 1.585994036307336874e-01
9.856807175050555259e+00 8.519698828254224088e-01 2.592201359922212678e-01
1.854001384397386687e+01 2.884087418216056964e-01 2.043326497977491774e-01
1.090659250851108908e+01 7.426035025799602174e-01 2.251859278924535912e-01
1.286748823164078459e+01 7.271235679892541492e-01 5.392414694655287694e-02
1.038724662403796550e+01 8.976436393703206562e-01 1.556529615373251352e-01
1.027347370732370457e+01 8.989605644624140135e-01 1.707067646953128737e-01
1.187629734455151009e+01 6.902220805078765897e-01 1.557486781306539614e-01
1.132581235601035630e+01 8.204422399306993130e-01 1.182318542283383733e-01
1.050835454440897365e+01 8.182671779279384605e-01 1.969317314947348907e-01
1.373757003257018106e+01 5.833617056900604059e-01 1.019236542035885790e-01
1.247053887199443523e+01 6.840871244048526423e-01 8.351284083997288776e-02
9.926395347373990319e+00 8.418042259288006646e-01 2.580122555065824663e-01
1.321716397993037084e+01 5.259447166535492491e-01 1.976038145577572180e-01
1.536437722331216804e+01 3.635831814079126811e-01 2.783606985513633059e-01
1.537506902790107155e+01 4.152505842302763317e-01 1.775648876974361690e-01
1.710319210160643166e+01 3.462632998057101341e-01 1.731314837911602234e-01
1.395849542580555358e+01 5.077661540666722484e-01 1.675501193252335874e-01
1.153131496969025527e+01 7.446157154755063123e-01 1.718148394625771680e-01
1.146292800257453948e+01 7.199987623045238649e-01 1.772369628073778569e-01
1.106030619622445066e+01 7.123576982927655177e-01 2.064851337077036053e-01
1.300405664345806045e+01 5.027607037746109064e-01 2.703163676475011656e-01
2.035160003113414362e+01 2.518270330818626057e-01 1.809981811511471583e-01
1.000737609334261435e+01 9.939570034720770497e-01 1.583852131212423464e-01
1.234149954695803153e+01 6.458422793554776664e-01 1.579847283244081024e-01
1.049552019855138951e+01 8.582105327107235615e-01 1.448779834332063476e-01
1.375239712353194932e+01 4.949341874926554974e-01 2.004467186125061806e-01
1.440519061205247731e+01 4.419209365366825182e-01 2.097555991671120335e-01
1.241647712437757889e+01 5.942927841643840248e-01 2.071125706457613014e-01
1.173887257047288912e+01 6.854550664423032513e-01 2.074759460442287817e-01
1.117800526013832041e+01 6.971063784038330491e-01 2.431906835431245917e-01
1.137792089593496137e+01 7.549891360554401576e-01 1.635874533747222193e-01
9.644037928142260796e+00 8.801462603042305988e-01 2.585933704937365407e-01
1.608017416108136644e+01 3.658770783087396117e-01 2.150812656477021079e-01
1.686138817976116400e+01 3.688319621682865090e-01 1.411529581589020810e-01
1.917966667458708230e+01 2.691018465770979584e-01 1.932979950595058727e-01
1.196191168830004514e+01 5.615578552173923210e-01 2.461962492663105628e-01
1.308597840237097465e+01 5.335439978266196537e-01 2.168430598292058475e-01
1.619320072686457834e+01 4.486781187560595630e-01 8.781066557756578295e-02
1.364888856722689781e+01 5.416683228905062597e-01 1.549490584787440450e-01
1.113040210832531329e+01 7.747754288587873628e-01 1.813664101443908661e-01
1.290581448109033857e+01 6.060122817728108569e-01 1.472226740662971323e-01
1.166723881066339175e+01 7.577550123957550454e-01 1.321062519032272509e-01
1.647232015210219203e+01 3.740188748451918066e-01 1.694866188926952011e-01
1.127247868770034778e+01 6.843183892053056327e-01 2.211536948852044493e-01
1.272049494923132862e+01 5.592305862602675592e-01 2.167503601721157136e-01
1.184880060824791670e+01 7.589038896573728765e-01 1.097576001575716748e-01
1.524969288495095476e+01 4.351687681108877270e-01 1.582795885306648442e-01
1.264454559260090249e+01 5.867974825525043014e-01 1.936978696406624068e-01
1.100855535328449086e+01 7.892768746515144151e-01 1.756049349507733393e-01
1.363702269418526569e+01 5.101633189398206980e-01 2.109103802997985000e-01
1.357577294677805746e+01 5.411525702560193718e-01 1.677486108636207784e-01
1.241434953998033741e+01 5.406048589500961343e-01 2.667822787938763374e-01
1.501860317102835118e+01 4.174212902971866090e-01 2.061421953636758952e-01
1.195398775507391420e+01 6.639585662086021633e-01 1.857593371453133413e-01
1.074187034330409674e+01 7.430269193836824826e-01 2.426949962010944983e-01
1.248926031051026087e+01 6.173014335696180854e-01 1.678165243319668931e-01
1.879503680406607913e+01 2.758067539637752419e-01 2.190416869116942888e-01
1.053098407531153846e+01 8.465178706660693164e-01 1.786666764694352649e-01
1.094907607013833051e+01 6.858351893678551470e-01 2.565284880540777412e-01
1.140844530728078254e+01 8.365569410843746168e-01 1.067437902289839896e-01
1.120692655537036764e+01 7.956516500655811397e-01 1.582906281990002495e-01
1.242572226716740325e+01 5.834525127363862085e-01 2.232463984909909271e-01
1.277743407364059181e+01 4.949443427213989222e-01 2.894265707062830817e-01
1.126952087671341474e+01 7.549891360554401576e-01 1.747798459965242690e-01
1.657792017213641600e+01 3.194635550052596917e-01 2.849234169591523536e-01
1.371401315678695809e+01 5.522793575978796055e-01 1.368138008072791456e-01
1.022992599798564584e+01 8.431133181702550328e-01 1.689228252828636756e-01
1.093844515144970231e+01 8.444705996574075613e-01 1.520320705843436204e-01
1.035950827362729143e+01 9.010602740027635615e-01 1.488774503721489728e-01
1.172751284847225861e+01 5.905336632448251466e-01 2.742519401244338240e-01
1.342248702470535271e+01 4.800288681554665260e-01 2.538374571734361429e-01
1.194870795197872404e+01 6.718527361581868584e-01 1.600803246433452343e-01
1.247417376363900487e+01 5.786372299052955359e-01 2.111970128266393298e-01
1.109251466833307909e+01 8.439423683577168545e-01 1.377402069696606612e-01
1.109359698770146174e+01 8.127891096691131079e-01 1.496702433892133088e-01
1.675539990543153479e+01 3.445293342362815148e-01 1.989130735989214638e-01
1.033840143720694549e+01 9.005128769434069813e-01 1.617849564244222549e-01
1.280912478877684713e+01 5.595780389805010691e-01 2.145854035680242466e-01
1.010331923800342224e+01 9.766869428072948445e-01 1.462505268999674535e-01
9.664203782765975248e+00 9.679440716106112452e-01 2.071562502442428344e-01
1.057951536259915848e+01 7.894408997397829308e-01 2.173054503371661950e-01
9.765305806748799000e+00 8.809426255929784233e-01 2.469099525367504655e-01
1.027374883138510775e+01 9.114450220733387731e-01 1.475689498194959204e-01
1.378317050088242190e+01 4.811215194033425235e-01 2.053750622134690451e-01
1.057898443084147466e+01 8.707242762350402288e-01 1.573787710949581253e-01
1.951958643856902142e+01 2.645847449830771581e-01 1.983213188540600969e-01
1.119718892189387027e+01 7.171950028507148023e-01 2.095216479318146030e-01
1.887353714341280764e+01 3.425319798866222065e-01 6.581519882978593972e-02
1.508975299352310095e+01 4.022552417194940055e-01 2.279691831654229173e-01
1.052443745362012528e+01 8.093975159186351798e-01 2.296260068084304828e-01
9.958999438215400346e+00 7.804570836913735654e-01 3.057193225758616517e-01
9.493518742276791045e+00 9.830662468692475953e-01 2.105990741683329837e-01
1.052664652561681358e+01 8.632175407000090006e-01 1.819540030837082378e-01
2.023979709960929441e+01 2.305015490678259116e-01 2.518013335464258651e-01
9.667822767271449180e+00 9.165927730049222566e-01 2.314631433217595180e-01
1.012543117882660759e+01 9.118542345224224244e-01 1.762226012561936284e-01
1.119073888231342018e+01 6.751521639548321296e-01 2.551601429685084188e-01
1.408095326194954744e+01 4.803088172026063196e-01 1.896770544127684699e-01
1.751789129217758756e+01 2.994758121143514806e-01 2.332187885540112360e-01
1.454759210597324603e+01 4.240660655436320203e-01 2.462207400327107165e-01
1.578260778883862869e+01 4.350243145040174064e-01 1.041762475557104911e-01
1.475956986476136734e+01 3.902329317613302262e-01 2.647424803732116860e-01
1.172937517636861493e+01 6.209583127240414502e-01 2.449973489995452003e-01
1.312088185088090064e+01 5.614519547472337502e-01 1.572224468266667230e-01
1.404162061496419689e+01 5.131608169718111512e-01 1.518396094441004096e-01
1.056232233977015333e+01 7.466283481827903357e-01 2.614597028374672782e-01
1.004285504920048666e+01 8.877417763847075260e-01 2.197355837967357450e-01
1.319195315371048949e+01 5.152970029327532675e-01 2.216731527330350338e-01
1.406855268581717233e+01 4.690156950900257193e-01 2.043447807592187471e-01
1.132336263755780692e+01 7.173667187810407464e-01 2.122599478065088086e-01
1.128849457884615681e+01 7.797533488295521620e-01 1.574601829091303307e-01
1.050747485474033383e+01 7.225990165975477719e-01 2.702702775423247439e-01
1.449634172756569406e+01 5.288296679301122127e-01 9.274379316561340292e-02
1.031576709045457108e+01 8.771916188422921312e-01 1.977256725981066665e-01
1.245442814254441011e+01 5.721379488226039367e-01 2.359490629803622230e-01
1.384785965507068894e+01 4.811861293291989083e-01 2.148182610439879348e-01
1.015013453485890693e+01 7.565105343946231242e-01 2.897107870878057323e-01
1.339714348655711262e+01 5.549913810856047514e-01 1.635174330737767245e-01
9.579704633796421120e+00 9.320809491238783995e-01 2.369551518525262190e-01
1.109015513982080314e+01 7.541232692715722497e-01 1.844102119758301850e-01
9.907400081291058314e+00 8.580245897289792145e-01 2.682763288823153958e-01
1.012091922495113927e+01 7.149661658251557084e-01 3.481543538660867299e-01
1.118193313571390313e+01 6.729361104603658328e-01 2.521126561991475223e-01
1.375405664014867746e+01 4.388019653326220015e-01 2.919839189936554447e-01
1.811840398339880664e+01 3.159846808276772778e-01 1.596871593882865925e-01
1.142662294549655044e+01 6.622502095713500569e-01 2.454624667219701684e-01
1.309604261387965707e+01 5.015898661054236651e-01 2.470004785907581046e-01
1.238863015629921449e+01 6.264028991812222724e-01 1.546790350469214870e-01
1.251286918557653571e+01 5.579860912735099543e-01 2.347004422828292691e-01
1.131369775700163594e+01 6.170659298174828722e-01 2.841857111666784563e-01
2.385130377522821732e+01 2.017529830858683093e-01 1.519738400437651848e-01
1.147257626242893203e+01 6.124055905428450464e-01 2.712353063855123536e-01
1.307538684950122487e+01 5.082851833437502798e-01 2.424026921383389821e-01
1.190941975818525478e+01 5.785671757708155116e-01 2.692048758617731075e-01
1.191182640502333889e+01 6.962281088826760556e-01 1.533486114711307413e-01
1.553141608032471233e+01 3.684288353780300063e-01 2.580007516646878329e-01
1.033279258470617989e+01 7.676314184282182485e-01 2.623103903203766740e-01
1.217124178867794804e+01 5.784184490815165169e-01 2.407778626916033116e-01
1.146126315854277422e+01 6.206590320944465056e-01 2.579047413327592020e-01
1.792048699860938754e+01 3.503051835480567311e-01 1.209360803125830858e-01
1.237492969260963172e+01 6.077294385038277680e-01 1.907820380426336337e-01
1.463078990430268078e+01 4.475966072063657375e-01 1.771410628679866706e-01
1.081102798730247905e+01 7.293367467329922027e-01 2.464216695048959960e-01
1.455251556600663676e+01 4.781742659289928143e-01 1.721770660631514183e-01
1.646130098763445915e+01 3.363960079392065983e-01 2.542268575238076922e-01
9.210223317175509905e+00 9.783716484090083654e-01 2.580298653988872259e-01
9.664710657256584625e+00 9.782595958520055035e-01 1.927969015108318973e-01
1.357944096179374149e+01 4.932444815884866052e-01 2.183685685061454995e-01
1.263957158521340141e+01 6.650788816394364034e-01 1.132393784102895956e-01
1.465782705061606883e+01 4.246445358228628786e-01 2.113808461225952506e-01
1.170426070442280242e+01 6.677346768769495400e-01 2.013340573221114316e-01
1.113002860529614146e+01 7.105269346864284685e-01 2.270925335718493865e-01
1.227375980531045485e+01 7.207657183082291086e-01 1.081029135111042233e-01
1.016083730999571877e+01 9.293857569052019763e-01 1.789145554191583498e-01
1.457893833721372978e+01 4.477273610074536392e-01 1.884999272096127554e-01
1.166605416990451261e+01 6.562422603215665173e-01 2.146319133044067295e-01
1.396394043700675880e+01 4.289219763868103441e-01 2.486735372107849729e-01
9.825360194405714509e+00 8.826393732573853956e-01 2.423311725467785782e-01
9.837907658832397928e+00 9.073175652794167600e-01 2.141418088302765865e-01
1.112369534248816905e+01 7.567368326809782442e-01 1.896441445573326667e-01
1.184159533756483285e+01 7.032421504524811740e-01 1.602060033597884625e-01
1.109841918788209192e+01 7.517177164223595165e-01 1.947858809418783477e-01
1.680066037419743097e+01 3.260981299796262833e-01 2.284620092492004872e-01
1.221483845776778310e+01 6.247337441696293459e-01 1.950690305665584157e-01
1.783532883572858196e+01 3.160611965940228196e-01 1.881135018688516736e-01
1.616861790957491607e+01 3.553493404787768650e-01 2.196117605337719048e-01
1.425076191703914219e+01 4.322966416694445368e-01 2.387545039769332633e-01
1.086131560911719873e+01 8.030210846893668375e-01 1.785467304950566769e-01
1.442876803176287126e+01 5.015800920221198389e-01 1.472806246215251358e-01
1.339733800927781004e+01 5.283548870076347770e-01 1.891567952515010864e-01
9.993026259916433673e+00 9.291677476892451493e-01 1.779476700883238782e-01
1.254580287030512054e+01 6.421783420109066221e-01 1.368598843330240400e-01
1.165288409394190872e+01 7.269503232431110407e-01 1.540913053857302095e-01
1.611020185070460897e+01 3.974846323951500837e-01 1.418752024634268860e-01
9.847822706349910860e+00 8.930513451831362248e-01 2.273984015856067853e-01
1.238272385476427395e+01 5.460245267106873523e-01 2.556029014583867109e-01
1.147051538847896168e+01 7.518324561380032023e-01 1.650035518941260215e-01
1.017768161416427120e+01 9.352059216885639792e-01 1.701659033453604419e-01
1.510674715361056641e+01 3.891243160674469070e-01 2.491520985434392821e-01
1.383971487619085217e+01 5.573703626267768607e-01 1.266373721921306705e-01
1.397388986294214419e+01 5.366165792376708099e-01 1.236951739494234898e-01
1.355113734220826771e+01 5.631112268031847057e-01 1.332393088523411984e-01
1.672376183676414030e+01 3.444939096053911132e-01 2.075511110507570756e-01
9.815943521392869187e+00 9.597695458509512001e-01 1.944521659529967195e-01
1.017524437372849455e+01 8.650650049911159378e-01 2.072266324841945950e-01
1.123661580564121643e+01 8.105633842302943926e-01 1.286997873206728871e-01
1.691610596671090150e+01 3.387378605476741300e-01 1.953375171771819241e-01
1.647261479499101711e+01 3.131220117449641793e-01 2.888582973599025383e-01
1.666756291112659838e+01 4.219763088240470750e-01 7.696080679060117447e-02
1.307430998161628288e+01 6.039877242269588997e-01 1.179256129426049515e-01
1.282969203433624195e+01 6.255418830197768676e-01 1.461492575695147178e-01
9.994522874066984031e+00 8.163581789831165780e-01 2.774908102901609830e-01
9.935652586766378747e+00 8.495243911225497380e-01 2.446660037682314714e-01
1.265213674791734455e+01 5.957982738312708193e-01 1.824875353534821387e-01
1.340179911822537484e+01 5.144464518377379614e-01 2.067548588425748846e-01
1.271652613072013160e+01 5.842002862596823443e-01 1.756404104643148334e-01
9.559258471204813645e+00 8.742474475821807589e-01 2.833196253614678195e-01
1.492481818406863425e+01 4.042534448003122782e-01 2.174542949806723413e-01
1.084974657028529244e+01 8.212320448167469422e-01 1.417446602513955933e-01
1.248277795744989582e+01 6.215312132696851899e-01 1.642201252025620173e-01
1.562804719470730674e+01 4.582097393970505084e-01 9.890325937946725654e-02
1.012208909480731833e+01 9.062441626226331870e-01 1.916376826975972059e-01
9.817537880138822004e+00 8.150208271105867652e-01 2.839232355293711541e-01
1.555363368831249460e+01 3.739330106086293237e-01 2.582821732973035189e-01
1.117790102551852094e+01 7.191958363689573419e-01 2.107846273056421527e-01
1.790166390645596550e+01 3.240275954442256579e-01 1.581794173407654602e-01
1.255538889384303047e+01 5.805010164067857525e-01 1.953097073011330620e-01
1.094882288711469620e+01 8.361435625555260209e-01 1.384510346674229231e-01
1.119364359398062092e+01 7.355441587630200395e-01 1.935039421761154954e-01
1.327417542823185848e+01 5.353372470265022054e-01 1.823951012895903001e-01
9.490277561235483716e+00 9.372208967837831750e-01 2.430547920101322756e-01
1.017396094432783471e+01 9.038326059348290586e-01 1.759567454131506226e-01
1.181435769327370622e+01 7.144039832719073502e-01 1.412543406973711668e-01
1.188857110927685667e+01 6.897895588427923608e-01 1.623444319088781784e-01
1.246936168896760400e+01 6.355284058267273162e-01 1.614455435992622756e-01
9.635557080465680713e+00 9.819025954438167503e-01 2.017531423767317533e-01
1.210435496848509196e+01 6.294505600259352462e-01 1.966950769135353272e-01
1.053499246869815664e+01 7.678874544332170426e-01 2.437602131096972269e-01
1.517090522806238972e+01 4.390222831787872204e-01 1.593079473904463472e-01
1.037442196910112990e+01 7.774156553288975591e-01 2.654349359511797846e-01
1.139056824422627656e+01 8.126660533053082780e-01 1.187234672387129653e-01
1.089074330762066189e+01 7.586182202708205979e-01 2.180900444800077387e-01
1.383085432248356206e+01 4.962335194783982217e-01 1.748611923115216960e-01
1.090804044799262762e+01 8.429357278024538491e-01 1.370638987942613685e-01
1.091933803281296456e+01 8.378358860479442338e-01 1.395031773618524151e-01
9.491612130390473467e+00 8.887994282387140510e-01 2.615589254496218374e-01
1.198427581778733497e+01 7.933721768314382361e-01 7.123891019625294696e-02
1.649748470954222412e+01 3.553996396141966274e-01 1.950632685597482041e-01
1.538596835103807869e+01 4.659183356817329091e-01 1.138202425097126907e-01
1.397176420960714793e+01 4.600622926717845007e-01 2.345770899954951472e-01
1.611154050294221207e+01 3.580928378221630015e-01 2.176649261807246660e-01
1.518961376292269883e+01 4.618240975750401156e-01 1.302673832238752383e-01
9.942917902813244169e+00 9.298855167837059010e-01 1.889656608680587158e-01
1.296126796382015378e+01 5.795417941247591465e-01 1.688122236809640742e-01
1.380082734790863164e+01 5.217773946617252356e-01 1.510980899567133662e-01
1.443007299881765171e+01 3.900312928983433736e-01 3.054778033031106954e-01
1.163492324504825604e+01 7.520677322028446188e-01 1.398436174165751944e-01
1.231968673188369578e+01 4.849271696081268734e-01 3.307809164960165971e-01
1.019142288102789173e+01 8.134421614023925606e-01 2.473979548862454692e-01
1.061670575528619054e+01 7.781638352561879302e-01 2.285048960225622428e-01
8.928882922949274104e+00 9.987575095484382270e-01 2.946747644766457008e-01
1.146833509771071391e+01 6.865986444539610156e-01 1.991349312506468794e-01
1.196952195084785586e+01 6.923619202031866537e-01 1.668195319204629212e-01
1.923669456032045488e+01 2.902190976200386130e-01 1.629923181369739016e-01
1.606366459137393576e+01 3.854685469259881980e-01 1.646598085867165551e-01
1.012722267073240801e+01 9.403292236955371752e-01 1.633888562606202188e-01
9.591256564287327535e+00 9.396482302668085484e-01 2.236310403292572080e-01
1.323602003267241045e+01 4.891020643846024640e-01 2.457031774328447826e-01
1.350410877214332750e+01 4.301597100701927134e-01 3.326042599280719658e-01
9.313642818288332847e+00 9.888569089430847558e-01 2.128410140250559246e-01
1.194845456272303252e+01 6.670208430370082597e-01 1.755319699220310170e-01
1.158711146968793670e+01 7.145357143483975770e-01 1.801187928304509023e-01
1.084481339258568156e+01 7.999961925977396859e-01 1.731648525124744320e-01
1.036028341460112046e+01 8.991226565859162800e-01 1.650772007828055776e-01
1.248671159444376855e+01 6.923831473562698235e-01 9.926099407211011472e-02
1.106171355049661464e+01 7.522952455185041298e-01 1.894437597063111378e-01
9.717867839539374941e+00 9.000659292817889678e-01 2.498984551508094676e-01
1.104768879611290266e+01 6.652330440696012648e-01 2.717645789568071124e-01
9.905008069023756079e+00 9.793964325815728289e-01 1.726819574112627986e-01
1.245063191508794809e+01 5.840333184916344234e-01 2.177611534295374185e-01
1.900815405002162350e+01 3.082300001925328825e-01 1.313440041845213291e-01
9.620097145198034383e+00 9.490386458653864432e-01 2.401225081136551531e-01
1.173601110422180760e+01 6.481465119821745446e-01 2.244055388487828651e-01
9.918676029413910911e+00 9.488996587195184240e-01 1.716220960880275592e-01
1.131670724707326947e+01 7.782815025169343981e-01 1.562960882806393448e-01
1.457624093402185217e+01 4.696496950388212577e-01 1.597182723567453499e-01
1.032778874680088954e+01 9.225129626786218173e-01 1.477055050793556201e-01
2.191241755484409381e+01 2.356271467884949455e-01 1.377825448916781548e-01
1.053690084197222809e+01 8.916238584253952659e-01 1.445962332968260267e-01
9.951415358219216856e+00 9.760642770261696022e-01 1.688439866388471988e-01
9.987343139553654936e+00 9.965866341217883839e-01 1.447785834485075251e-01
1.398935715830074500e+01 4.949341874926554974e-01 1.801128395813515193e-01
1.058724746441926179e+01 8.317597096732075590e-01 1.920841717249535119e-01
9.632393977008376851e+00 9.652971768074396497e-01 2.081295706733817807e-01
1.201664144698737680e+01 6.872840581497524637e-01 1.875814105760587325e-01
1.085486850199722575e+01 8.810300122801795197e-01 1.397622180060161812e-01
1.348328104536759575e+01 5.750688217508431732e-01 1.277093423209483825e-01
1.141709886970222243e+01 6.750173547136223418e-01 2.359917489589060113e-01
9.840482293073714359e+00 9.283926678934407706e-01 2.121112202392180512e-01
1.732501834574764032e+01 3.071988833880445191e-01 2.365573053063050879e-01
1.304244717100569062e+01 4.971874950393480042e-01 2.606446309057334210e-01
9.691200231266776655e+00 9.051832075438835945e-01 2.382448730430801187e-01
1.600346667187542593e+01 4.183235112447843962e-01 1.309468071182865456e-01
1.170161246334178884e+01 6.441582726844070628e-01 2.193928726314951505e-01
9.740492879678196658e+00 9.046478496514868128e-01 2.374618152175291819e-01
1.189152105955445471e+01 6.228732413985618166e-01 2.242948506829182675e-01
9.925343134474626794e+00 7.705366096320438452e-01 3.051323087265419010e-01
2.070641589000674898e+01 2.287595948535143808e-01 2.317661213311323076e-01
1.598157328854560433e+01 3.384470416563973849e-01 2.668000538056293225e-01
1.784526589299448673e+01 2.875780930538219815e-01 2.501175699257136564e-01
1.119780729611699854e+01 8.179280110554042471e-01 1.438792132493372233e-01
1.023834735212191660e+01 7.973428795401423796e-01 2.429771683183328257e-01
1.456557507688292219e+01 4.230838764764924265e-01 2.295660078965211792e-01
1.614307525225943252e+01 3.807986628601432999e-01 1.827913022537365206e-01
1.061820448023454588e+01 7.777762730050360451e-01 2.239062662798652903e-01
1.196418048630453157e+01 6.138702587733323446e-01 2.278641933791051843e-01
1.170500816001622013e+01 6.965134869134983475e-01 1.777700460809328864e-01
1.229594192832159649e+01 6.273077379221382310e-01 2.014246721492506664e-01
1.147792902439549323e+01 7.345849563964286233e-01 1.728770905785428635e-01
9.317596629953543541e+00 9.618181983492539722e-01 2.512331734259810601e-01
1.581345003799043525e+01 3.839841402459640007e-01 1.944307411855416556e-01
1.338425128062847236e+01 5.820061863883385644e-01 1.251908443916220359e-01
1.418278009418259344e+01 4.458020288810223275e-01 2.400967852003957625e-01
1.567951685828202457e+01 3.905014725691862143e-01 1.988519270012507889e-01
1.468156652999681455e+01 4.515363256643428191e-01 2.040356327727963215e-01
1.009867981226479117e+01 9.869491217194836796e-01 1.425567657430094615e-01
1.221674682040140958e+01 6.172741712051841301e-01 1.852089768955568205e-01
9.898032049146335609e+00 9.426334613584359534e-01 1.916856746303725323e-01
1.461763098495525171e+01 4.429651095802750183e-01 1.988736330953765064e-01
1.169242211170495871e+01 6.951393775646996787e-01 1.765399057906248959e-01
1.090810263397969315e+01 7.564077360630373503e-01 2.045615075047593490e-01
1.607071762613428589e+01 3.716677722420822505e-01 2.066596727249667698e-01
9.303515914463424963e+00 9.650792939395376191e-01 2.614942681781704525e-01
1.309424120108106315e+01 6.069976325970727338e-01 1.339252033401324704e-01
1.199863652449367279e+01 5.988115114425393015e-01 2.437937401916394076e-01
1.892128093517169773e+01 3.015598908118817256e-01 1.527599495772201665e-01
1.177286991513118153e+01 7.258891393481882170e-01 1.482942644787869635e-01
1.255989751192769610e+01 6.464576658153339261e-01 1.439008946017193147e-01
1.578859342059814352e+01 3.923662391819670581e-01 1.886311256836133987e-01
1.056626483405028871e+01 8.318961078322710812e-01 1.865656114555437062e-01
1.066103268211982247e+01 8.221518451817317885e-01 1.715292786530528413e-01
9.800156275706926934e+00 9.757243568690548985e-01 1.782874825230029714e-01
1.132093118435410872e+01 7.923897358208275010e-01 1.278960884107255003e-01
1.139703169041056618e+01 6.775186180188451646e-01 2.173746437026501666e-01
1.195664381268653464e+01 6.896861597975242342e-01 1.562500494771947024e-01
1.340843564307883717e+01 5.500126591716750779e-01 1.594198581138626392e-01
1.050950801810314239e+01 8.278803118894336732e-01 1.885394614556361037e-01
1.236070179007422887e+01 6.271717219529611143e-01 1.656419064789584616e-01
1.226252675184534979e+01 6.221239618479217359e-01 1.953209396908524020e-01
1.285715001541519875e+01 5.459202470942005059e-01 2.214570088371839995e-01
9.352777381271090817e+00 9.825789632745467461e-01 2.265219380531139914e-01
1.145103643339885657e+01 7.021948395146928590e-01 2.023305432361155176e-01
1.037475714058455800e+01 8.531066928753261447e-01 1.964810194391295728e-01
1.123986227226906642e+01 8.086542287920428507e-01 1.469241960202020969e-01
1.015954503016913613e+01 8.454073977659005701e-01 2.187940131555645984e-01
1.353344580916434126e+01 5.439960235864983451e-01 1.356030989234792705e-01
1.454865573937792789e+01 4.344072608755108478e-01 1.803226171693253499e-01
1.141398358275793079e+01 7.425471025224764654e-01 1.591717216052878081e-01
1.201957873475208949e+01 6.395591063768880646e-01 1.997571893518971242e-01
1.162130216973961616e+01 8.121992279001537529e-01 9.421739614614266234e-02
1.369309888230628935e+01 5.077661540666722484e-01 1.901793114967341991e-01
1.006000026548977999e+01 9.281559986805488771e-01 1.769522987136400716e-01
1.007200334452484292e+01 8.109143527069476720e-01 2.645146407817546841e-01
1.044743682602505608e+01 8.647974970877355672e-01 1.838464072007753858e-01
1.618580180876406160e+01 3.554570637369450781e-01 2.305609716050820990e-01
9.288625780772710172e+00 9.906239631027943249e-01 2.455473951074191863e-01
1.042454809191759679e+01 8.915922509438121146e-01 1.714573036953217500e-01
1.267501209590052724e+01 5.780158571991824701e-01 2.143965585273009400e-01
1.120050272556281179e+01 6.645376916032256220e-01 2.416285537130830885e-01
1.453835261094721609e+01 4.816298667015460055e-01 1.501555616430819140e-01
1.227884478555693804e+01 6.035616845069228242e-01 1.904776267873457551e-01
1.330923514165171717e+01 5.180837469983489152e-01 2.079615375489701212e-01
1.572517314334008987e+01 4.224656004654736563e-01 1.466104084544657404e-01
1.467442400861905405e+01 4.914074836720290773e-01 1.252786305012429935e-01
9.972771417151710338e+00 8.934127154046679342e-01 2.098816253261686915e-01
1.051674344558563767e+01 7.574057718679720885e-01 2.402658151512450935e-01
1.427036976944282820e+01 4.771181818299666810e-01 1.848060606344926471e-01
1.394651220704077055e+01 4.312529006649112873e-01 2.728864211479741786e-01
1.117739070538502943e+01 7.641376268295601015e-01 1.869424045102297538e-01
1.135420890595723797e+01 6.811984378591976474e-01 2.309497839754331150e-01
1.141556778597465716e+01 7.910093661585989588e-01 1.191452183066098458e-01
1.190687979931573359e+01 6.363940553752458484e-01 2.148636959307587135e-01
1.245219468473796454e+01 6.517415646701656406e-01 1.339046937087879641e-01
1.175599584905081230e+01 8.294702339949114878e-01 8.934419789135236711e-02
1.024939162930115089e+01 9.006983875182045240e-01 1.684040544630262815e-01
1.280262962404338900e+01 6.764359834477490230e-01 1.024558559042606509e-01
1.134401562176218903e+01 6.231508724085129680e-01 2.885916021181034741e-01
2.061129676123514542e+01 2.484174190915287572e-01 1.796578712504184328e-01
1.010300311988404687e+01 9.892066345105496872e-01 1.438120616613070835e-01
1.123864771722869449e+01 7.377471802993056382e-01 1.969296785927781013e-01
1.009267529898042248e+01 9.184088495387355833e-01 1.854960796379433730e-01
1.184838356117861835e+01 7.201221022906004743e-01 1.391846834387630849e-01
1.517310681093147018e+01 3.976446114515779784e-01 2.419805801685470936e-01
1.147054252623409987e+01 6.955966945145301006e-01 1.983633702208952576e-01
1.031131247706877474e+01 9.605625330895424252e-01 1.598884260948994496e-01
1.199098365671085098e+01 6.183696488826853077e-01 2.308081157078575585e-01
9.421370384554411004e+00 8.933046341297160575e-01 2.862114008240554952e-01
1.532813271154557988e+01 4.076700037609716776e-01 1.916874961844550751e-01
9.328174764135098940e+00 9.766641047582790280e-01 2.556468275330446849e-01
1.473315850318356190e+01 5.200093742201945535e-01 8.636569657086683172e-02
2.128747272146796732e+01 2.407781368129061073e-01 1.635849555320954829e-01
1.104329017974941252e+01 6.771221201375643428e-01 2.675671802439900104e-01
1.813564315023507945e+01 3.045324644823543259e-01 1.792979616343393090e-01
1.696919179034881964e+01 3.404653416826021184e-01 1.916967083548007933e-01
1.000749060812350777e+01 8.099558445587604627e-01 2.541946319501455775e-01
1.374744917364029284e+01 4.659112447406609792e-01 2.360050788607920835e-01
1.143791925279584376e+01 6.665357198741365119e-01 2.392738300312079736e-01
1.105995937261912765e+01 7.199052779539281133e-01 2.178163441654489829e-01
1.505582726176433361e+01 4.617766909935125397e-01 1.311788974294404997e-01
1.311922028631035353e+01 5.481272886866577210e-01 1.865635045585472551e-01
1.322386975262845077e+01 4.571284914476341221e-01 3.113013848857363874e-01
2.194241849289937818e+01 2.108941254374049057e-01 2.163951302194494775e-01
1.090624355200412587e+01 7.467595814384131447e-01 2.112418851651738649e-01
1.385297459247652796e+01 4.914354903518967088e-01 1.921595531525180645e-01
1.036700164441016625e+01 8.444240184692185514e-01 2.047340838128555163e-01
1.002598060841957839e+01 9.160191313263347235e-01 1.956994797850964418e-01
9.693745975276668148e+00 8.347655905755626549e-01 2.852981738717779159e-01
1.471150407324121190e+01 3.681985935092643158e-01 3.236486156041128437e-01
1.742585039340868036e+01 2.941780464647700821e-01 2.659762292177399456e-01
1.668273977777626982e+01 3.440331429328303270e-01 1.965529802599852993e-01
9.435305896581972718e+00 8.707242762350402288e-01 2.976677316244155658e-01
1.197531436899923740e+01 6.415732766234141238e-01 1.881499450867424317e-01
1.376622117925340660e+01 5.855648135190387737e-01 8.746581978220793752e-02
1.275932139987220104e+01 5.947883274291211331e-01 1.674936725200138476e-01
1.474455177091278202e+01 4.081687213801529768e-01 2.435815130150191243e-01
1.171739032759534460e+01 7.180057060247037048e-01 1.485540400839302777e-01
1.030961802843420649e+01 8.970667813125690060e-01 1.839697962926487573e-01
1.644524988354790551e+01 3.972688464475117032e-01 1.270702562289835191e-01
1.248651376022775494e+01 6.881027515838762376e-01 1.197551429074763113e-01
1.141834591366421314e+01 6.498273263922218490e-01 2.508577956907060424e-01
2.123564310082895545e+01 2.626254365148377179e-01 1.066598213398410183e-01
1.117060158016295190e+01 6.854409361003374057e-01 2.559330055693989636e-01
9.806354868512778822e+00 9.019882487174103458e-01 2.207684874263124430e-01
1.231070988101483366e+01 5.843299837063146152e-01 2.214161608331610132e-01
1.114090216027211255e+01 8.341728458297151816e-01 1.215384373948056457e-01
1.337819959136585979e+01 5.181381994294093074e-01 1.903359559889903074e-01
1.838404745773632953e+01 3.231662456120242277e-01 1.355381442840639383e-01
1.139611899097331005e+01 6.587040901393936831e-01 2.481454441873255923e-01
1.425372532568555073e+01 5.262444040620444241e-01 1.216515426454699011e-01
1.359668545462065659e+01 5.805672958953673746e-01 1.239379664259769448e-01
1.067666700200448382e+01 7.927188090662442566e-01 2.013272491866570091e-01
1.271018206833840836e+01 6.228732413985618166e-01 1.454381944902579937e-01
1.127248754326688207e+01 7.497068497208180249e-01 1.806358577836139900e-01
1.184787974633517749e+01 6.432640189666910535e-01 2.057223997752644917e-01
1.101547171461828967e+01 7.416520220437515798e-01 2.179248962449706062e-01
1.021490160152087512e+01 9.958665265503090502e-01 1.171392975827558330e-01
2.462115677791859980e+01 1.822513095275719586e-01 1.946421634782719290e-01
1.052586907404346661e+01 8.865116586058072734e-01 1.659146540462966002e-01
1.013343829142486996e+01 9.411540466703426366e-01 1.495304562488264100e-01
1.012607741531589056e+01 8.060011876888847349e-01 2.564159393517427832e-01
1.206107819810977766e+01 5.664374022776683670e-01 2.704635789168579607e-01
1.273549007070780803e+01 5.878526014064885397e-01 1.726677118103218112e-01
1.061198474329483865e+01 7.478417157921305458e-01 2.554860680909137316e-01
1.214186924472574702e+01 7.097350316592444530e-01 1.094195660732956848e-01
1.512609661659813298e+01 3.911749694664635180e-01 2.489910685737107277e-01
1.326861606785037040e+01 6.332302762480649383e-01 1.056548719912392270e-01
1.217633822807782629e+01 5.878147665933084465e-01 2.416297672429740806e-01
1.430768608312140344e+01 4.516748128504339266e-01 1.974090639443498718e-01
1.036151594698306688e+01 8.491565536803930003e-01 1.927704503311493955e-01
1.305112891211820880e+01 5.367320283177686724e-01 2.209031959836699199e-01
1.946492120214105626e+01 2.820131501099184534e-01 1.543738365464532858e-01
1.129069728789557558e+01 8.242531785551282519e-01 1.094135889577707160e-01
1.031245051302205518e+01 8.249273666057478360e-01 2.141490110351879361e-01
1.290147345133431145e+01 6.394319850782700376e-01 1.147162674849249164e-01
1.142984588549858493e+01 7.803988069219297552e-01 1.322681976333111853e-01
1.011379199799167772e+01 8.827381373003893028e-01 2.065627158711591249e-01
9.904722431780717429e+00 8.995217234744964374e-01 2.121496802612506949e-01
1.770719061300101060e+01 3.257107677065487761e-01 1.728708666382963166e-01
1.196119883463756750e+01 6.612713959298073263e-01 1.870705600915824052e-01
1.012526599212388767e+01 7.708099145262078400e-01 2.844145536636958349e-01
1.366538907480367904e+01 6.063239809975717876e-01 8.879515125517412066e-02
1.334419252482926055e+01 5.351182618765655263e-01 1.985830517837680054e-01
1.432657184813516338e+01 5.254681535304241979e-01 1.151951218521076875e-01
1.377500554777945752e+01 5.018934087229884877e-01 1.929614111438564261e-01
1.319477174889756910e+01 4.838902169056652491e-01 2.609632069201579530e-01
1.992941628440823365e+01 2.410178346572263430e-01 2.332728534933933007e-01
1.212802984297555575e+01 6.684654032367408627e-01 1.754899340272619013e-01
1.249231005162298480e+01 6.385733792662755537e-01 1.513445649009357574e-01
1.093799841243730064e+01 6.718527361581868584e-01 2.672758284768546044e-01
1.073945344433256643e+01 8.797872960905213091e-01 1.301554481698315724e-01
1.147347073765078207e+01 7.651842912591892976e-01 1.492695890816281845e-01
1.542827987457350858e+01 4.556439832110324994e-01 1.279381482539007631e-01
1.409788542255435928e+01 5.459758193186200481e-01 1.081076723043401105e-01
1.232369726766296836e+01 6.276210693506293348e-01 1.672658004248515906e-01
1.753252417718155343e+01 3.404377278280319996e-01 1.599477394096281146e-01
2.199003783732956663e+01 2.269044795896615341e-01 1.566564588353603904e-01
1.583725732142042553e+01 3.526598075019312106e-01 2.390482915125014818e-01
1.073945131143668341e+01 9.084545505533144771e-01 1.183810283928684592e-01
1.056801756570769690e+01 9.234189812587475510e-01 1.260091995506754103e-01
1.388680365594848354e+01 5.197491735002367497e-01 1.550485192558486713e-01
1.124885690243690917e+01 7.240986722209613591e-01 2.094775389592508363e-01
1.074426134331795879e+01 8.089661458036063735e-01 1.926963701700266651e-01
1.130626907997205421e+01 8.452832212070642282e-01 1.043933695107835680e-01
1.046739158024232808e+01 8.674183342375425543e-01 1.720727084632458215e-01
1.321033690798453897e+01 5.983867683595891496e-01 1.301652342498770820e-01
1.215127669733482030e+01 5.194365572886712190e-01 2.792285442244412663e-01
1.081116892560798348e+01 7.268980977122830867e-01 2.425421701409260222e-01
1.042461787378816496e+01 7.545974435495128585e-01 2.793836821141419957e-01
1.185983339981771323e+01 7.607444394449632830e-01 1.097429075354709183e-01
1.088277429245227879e+01 7.119819682690908813e-01 2.478101460875977713e-01
1.344266087346667504e+01 5.031669760663324276e-01 2.043713035977853254e-01
1.347591210032357267e+01 5.554269930680050260e-01 1.520653639365588672e-01
1.588091517433845823e+01 4.553255882339620197e-01 9.944187057235023830e-02
1.057870771236868102e+01 8.799016937093183666e-01 1.598595342278023024e-01
1.130252122658898095e+01 8.071050019021570598e-01 1.119827238659816399e-01
9.600937537245274100e+00 9.183344294236188698e-01 2.333267312168996188e-01
1.168131889798840817e+01 6.486585580636460291e-01 2.326660527444105730e-01
1.212184827823448785e+01 5.856717899499914726e-01 2.532272019339767977e-01
1.095719961390775765e+01 7.879645370068913968e-01 1.671166846250178861e-01
2.074673673847561872e+01 2.193415619029923103e-01 2.535363188837987947e-01
1.234598644096472420e+01 5.805672958953673746e-01 2.377974877158434142e-01
1.154958665840691978e+01 7.542498887564674792e-01 1.445211323106615764e-01
1.150928945160354999e+01 7.083886015438993766e-01 1.849067076240721308e-01
1.770452460465721956e+01 3.377090041404480214e-01 1.642915277475250624e-01
1.149546797414517840e+01 7.097052522602350644e-01 1.841246558796523769e-01
9.186085991739746603e+00 9.793497398897036410e-01 2.536224906184461614e-01
1.337224586215904232e+01 5.355765129780155620e-01 1.908677481827526223e-01
1.163300285916155907e+01 7.806576616883580400e-01 1.174524890417604633e-01
1.398378445570033968e+01 4.758252701100508797e-01 2.100491146445203350e-01
1.032008573103217763e+01 8.057792428712298172e-01 2.338126186018115171e-01
1.146118671555403346e+01 7.212552289556513063e-01 1.624888912876960301e-01
1.116233377392630111e+01 8.479146749436144992e-01 1.224296149668891304e-01
1.065423247430923936e+01 8.467616048831043685e-01 1.777160661625556970e-01
1.582417145366140332e+01 4.102579349727306091e-01 1.627237881304449130e-01
1.810359459677115979e+01 3.373102300848808133e-01 1.240627871566136603e-01
1.154530181723675852e+01 6.836898948620960814e-01 2.210004747518952983e-01
1.014310909898863144e+01 8.160183588820069112e-01 2.453485294030315900e-01
1.223944337554589801e+01 5.744200909049897996e-01 2.387984922822311562e-01
9.444679930866099582e+00 8.086977554708414395e-01 3.517135767787986644e-01
1.230388606862508816e+01 5.905990048610606502e-01 2.393258450989511621e-01
9.526324675277228593e+00 8.682120193856236456e-01 3.058921907506757520e-01
1.623093322710595032e+01 3.997739327117553754e-01 1.496523791273799975e-01
1.104721571453042372e+01 6.730237173742070755e-01 2.600847453074022764e-01
9.664810677467464473e+00 9.677891382797392250e-01 2.156362283837971183e-01
9.615707468512136202e+00 9.724640666794207577e-01 2.029761759994415937e-01
1.217212347352599267e+01 6.267857797321674251e-01 2.064869051960272206e-01
1.150594567248623079e+01 6.902186257139001357e-01 1.986862612240884729e-01
1.503445385351923491e+01 4.565063998384287780e-01 1.348907094490868486e-01
1.270867509765918157e+01 6.344409247121062245e-01 1.424642911027586556e-01
1.352525114307871945e+01 5.394405755040414530e-01 1.690276086363960983e-01
1.243404549324265851e+01 7.489328190241880678e-01 7.228472078904610298e-02
1.193039366891617803e+01 5.796922398194158665e-01 2.761830399561038263e-01
1.267924937090956483e+01 5.589494321724646220e-01 2.259916404560633751e-01
1.076359142654733247e+01 8.375413611645918799e-01 1.631865439295525633e-01
1.424867770141670320e+01 4.625986229491820811e-01 1.910549633652242896e-01
1.026336600612211392e+01 9.443022021388507437e-01 1.443682932291176224e-01
1.544998175669952545e+01 4.453829699630588168e-01 1.242954375960834412e-01
1.333995491242736975e+01 5.727866713442355540e-01 1.419067080810822723e-01
9.235311878758475146e+00 9.702224216577447491e-01 2.726340110974148079e-01
1.195168304656663416e+01 6.980651328698460611e-01 1.579229149730856097e-01
1.024579782682188167e+01 9.259856347092463302e-01 1.678539846420286363e-01
1.284714510875829774e+01 5.778349606944478412e-01 1.831236334084722639e-01
1.027734927431337120e+01 8.027628382897358250e-01 2.415646933292040499e-01
1.269974151368178639e+01 5.719562841282420651e-01 1.966140462732755279e-01
1.216807719327654524e+01 5.860242263775637950e-01 2.445995673549422045e-01
1.785037643417627606e+01 3.268551584239496877e-01 1.610230108173047181e-01
1.138975396455584210e+01 8.037677417865363161e-01 1.229501618260253198e-01
1.204570309698794972e+01 6.272272170804659153e-01 2.041900847342570380e-01
1.161700795017300258e+01 6.864271374571392359e-01 1.802427157192661722e-01
1.205312647664195858e+01 5.424635856520556576e-01 2.911455820328966437e-01
1.521365048958755573e+01 4.533373416560080305e-01 1.258950311798468225e-01
1.395018990771602496e+01 5.209517091962845292e-01 1.439394807932568854e-01
1.194488957099247983e+01 6.358237353219647892e-01 2.088596595108345166e-01
1.030619921117761884e+01 9.739241548743555743e-01 1.153140827774001842e-01
1.111937237672633572e+01 8.345296664782759777e-01 1.304824762696899509e-01
9.915675052925559285e+00 8.312955270478827874e-01 2.731317112175983275e-01
1.164175089376838557e+01 6.250258378766089251e-01 2.524180540407017226e-01
1.011176745290035406e+01 9.102868050837139569e-01 1.809980852135485707e-01
1.040391921441521639e+01 7.450029343428810069e-01 2.747035734019224740e-01
1.293187767569395241e+01 5.452082364561036121e-01 2.190428689736545198e-01
3.209648822475966057e+01 1.194470145508577941e-01 1.386539492022960396e-01
1.335192999193230357e+01 5.403372010672801151e-01 1.826069569061539166e-01
1.246053456943018922e+01 5.967613881757333205e-01 2.072580767847354288e-01
1.502411196677519811e+01 4.099946880438322672e-01 2.229235212499581509e-01
1.146895613468243802e+01 6.461244071803695643e-01 2.248595121737328173e-01
1.054080444205445488e+01 8.462637499134475494e-01 1.860310016750301998e-01
1.158280330287673543e+01 6.827344709252519683e-01 2.223207982908705083e-01
1.363707050804445586e+01 5.024474651395185454e-01 1.864243123518253553e-01
1.171393390493312481e+01 7.225889461372816402e-01 1.579944116201192350e-01
1.208961526161157884e+01 6.385666613165609240e-01 1.824722687570846935e-01
1.082776826539742032e+01 8.072189662408073563e-01 1.575136469267584549e-01
1.199312028453193868e+01 5.773792819642893370e-01 2.422188629189759856e-01
1.292226670303440628e+01 5.696131647147999466e-01 1.751986976428809573e-01
1.032035408512496844e+01 8.958550024519883470e-01 1.760340682005807067e-01
1.480572865406994509e+01 4.027255717051512196e-01 2.377560353952861971e-01
1.314935097280725529e+01 4.969802208925720999e-01 2.447525271902314115e-01
1.227907070147420043e+01 6.379882611057062780e-01 1.672206707126511760e-01
1.202184849591232130e+01 7.265464734544686554e-01 1.159583916920565172e-01
1.236399061740010374e+01 6.109351979074154615e-01 1.984836011721216320e-01
1.091508829553470150e+01 9.449211461354916075e-01 7.957285190451603152e-02
1.173738723392117045e+01 6.970130445110428452e-01 1.735911186478437118e-01
1.112746630643581724e+01 7.666430600356153313e-01 1.550087545595688066e-01
2.151373257794571359e+01 2.507003688584378831e-01 1.243999111896480908e-01
1.126620553673300051e+01 7.214764573307708151e-01 2.086758008809365683e-01
1.041438545197425647e+01 7.735929830158805309e-01 2.459635818011850494e-01
9.560919640992626256e+00 9.348772644049440084e-01 2.395124360428967925e-01
1.271566970098283988e+01 6.091562742627482097e-01 1.709237775222463007e-01
1.223427315113622349e+01 5.968083114662656730e-01 2.215558550457931708e-01
1.411467314185926192e+01 4.206312037321077724e-01 2.755506853790605226e-01
1.224630719877944074e+01 6.351319507796479025e-01 1.793039478283584287e-01
1.056247472881959837e+01 9.662400875657159993e-01 1.137075639957171730e-01
1.056606755197909742e+01 8.076557776693528146e-01 2.028364325211483299e-01
9.879432116451722479e+00 8.489207000749561249e-01 2.580289892678401809e-01
1.242048398604258352e+01 6.283539842243988094e-01 1.602545177097285112e-01
9.521061381552947012e+00 9.582649895693819975e-01 2.230321319597140250e-01
1.359905394700583159e+01 5.349088398051220494e-01 1.589205441360870830e-01
1.132695053690710729e+01 5.959831095747162300e-01 3.383479468658894818e-01
1.147843222831660626e+01 8.121913518643962826e-01 1.069162748067079977e-01
1.577935408104946546e+01 3.427922594642627274e-01 2.708993928978585264e-01
1.079320577642921641e+01 7.968287387095377428e-01 1.888152242833300576e-01
1.261702328018253638e+01 6.576858307895061539e-01 1.258059595016058907e-01
1.135861983424089239e+01 6.838433464020374775e-01 2.195919892242908233e-01
9.665335037095255544e+00 9.941415300435484381e-01 1.871628821931046183e-01
1.196944137111153594e+01 6.066386916421144804e-01 2.345398203515127733e-01
1.173464090418609018e+01 6.437638669763132704e-01 2.170278504258177921e-01
9.699744381108141411e+00 9.121914062357040498e-01 2.394928698756562946e-01
1.007834801582984241e+01 9.535347740024449070e-01 1.667221991758635613e-01
1.148103226670030530e+01 8.136236366372052720e-01 1.010321812842590594e-01
2.160063744526957308e+01 2.177228538238200617e-01 1.981092514301409924e-01
1.633409901651975460e+01 4.205181625058648232e-01 1.055803556557409623e-01
1.936824346010745046e+01 2.678581336317913952e-01 1.728015646980879949e-01
1.101427355035546540e+01 7.608129489248750543e-01 1.869053315439126728e-01
1.134261997641063502e+01 7.486462602940623379e-01 1.816381072339630365e-01
1.871332376557166555e+01 3.182899765229170175e-01 1.190340776621673230e-01
1.179401392050482933e+01 5.905336632448251466e-01 2.670670138873592614e-01
1.201594605248297754e+01 5.614519547472337502e-01 2.636357498344811257e-01
1.187263756489103983e+01 5.988495035719740844e-01 2.431353959530739295e-01
1.207859223892903699e+01 7.362005224118416402e-01 1.168621916485955564e-01
1.180980252891295734e+01 6.722120962893427532e-01 2.017924063719630789e-01
8.914372277772409703e+00 9.035341777527114981e-01 3.440877088358046398e-01
1.000545141446192865e+01 8.529556954692488757e-01 2.422789455891593557e-01
1.426692353416063241e+01 5.638123308947353696e-01 8.137076927149793082e-02
1.284004129628516644e+01 6.310876611143747539e-01 1.492140245490649608e-01
1.071335966959506436e+01 6.548529486367811181e-01 3.237314315089107053e-01
1.567382132629020752e+01 4.006181447262976425e-01 1.887145499275986182e-01
1.185721291682031620e+01 7.339068929242325012e-01 1.350497030299679935e-01
1.487634852128588570e+01 4.790446781512303631e-01 1.227600847799675404e-01
1.226839450348812477e+01 5.487340581709723164e-01 2.766728356792573229e-01
9.817112372067105852e+00 8.871025424767553513e-01 2.319700234093372004e-01
1.865530375923911066e+01 2.937145225531087034e-01 1.857535575577014542e-01
1.351781985878180592e+01 5.559668170397432663e-01 1.388039017793193108e-01
1.837635457132660477e+01 2.778351141529909474e-01 2.265870206548439847e-01
1.174034280842168343e+01 6.398589813500783485e-01 2.142433052516972414e-01
1.227338804982849751e+01 6.723500403569450112e-01 1.454293584562775521e-01
1.162884652108708927e+01 7.576677759898610143e-01 1.352814699791705932e-01
1.155035710943706917e+01 6.719055238333695446e-01 2.092156436666991193e-01
1.134401037603945994e+01 6.303101046300494392e-01 2.726385478222134728e-01
9.927794717610408881e+00 9.727538437158748108e-01 1.663834043082610403e-01
2.388801847327616912e+01 1.990933820168772073e-01 1.643321727657553188e-01
1.586866227723971612e+01 3.706842397822118773e-01 2.317081293696111599e-01
1.143641950152579412e+01 6.433358172445121648e-01 2.435879951852534531e-01
9.249773172734169435e+00 9.626735762787189676e-01 2.158505654467624546e-01
1.304212139679844462e+01 5.710835851130782181e-01 1.746398341699377799e-01
1.158947991029325841e+01 6.452387068065198461e-01 2.539450408186992303e-01
1.079246821229692621e+01 7.258550251160790223e-01 2.421003988656171002e-01
1.030823733485635429e+01 9.538850011702518783e-01 1.290681324023829624e-01
9.957283339510139442e+00 9.075265066342311782e-01 2.051589365127335363e-01
1.096633521319095017e+01 7.274270649016369994e-01 2.232338095833859837e-01
1.423516229252543042e+01 5.765867448632644443e-01 6.974228218956653180e-02
1.167424222399104217e+01 6.965134869134983475e-01 1.808739047464342220e-01
1.231609147405172777e+01 4.947119979818880853e-01 3.333819429438937831e-01
1.242527236210506913e+01 5.559373153093972730e-01 2.405732378873744193e-01
1.112665933141273378e+01 7.821509299732909426e-01 1.492069401191389866e-01
1.178708338545988354e+01 6.747902781698905672e-01 1.701617396729616649e-01
1.232384283882797327e+01 7.214764573307708151e-01 1.049467425125836517e-01
1.000973172574295411e+01 9.170292538536135574e-01 1.824266947695356855e-01
9.698537436403020351e+00 9.655738359443284402e-01 2.060196783998833603e-01
1.501789708613558361e+01 4.590588307991545491e-01 1.348613581957128771e-01
1.030216187238310788e+01 8.582681365667269580e-01 1.940881062234073584e-01
1.267978642643785037e+01 6.544036421932825087e-01 1.079841959219339925e-01
1.491975116147092173e+01 3.716631634217423263e-01 2.988931580502140473e-01
1.093720103959385703e+01 7.715932688855355881e-01 1.928191357054453436e-01
1.027841160984798563e+01 9.261437413508234462e-01 1.484840701154392928e-01
1.035429702021536080e+01 7.422462385990313827e-01 2.935871644707352401e-01
1.746358141287523935e+01 3.091178759648082752e-01 2.090774292159483239e-01
9.467805813481874111e+00 9.282179159985436412e-01 2.459175053213171758e-01
9.931334226216129935e+00 8.409514248318518126e-01 2.548230394968878931e-01
1.116195367459231136e+01 8.557828670857461351e-01 1.015421993721082744e-01
1.020273713700444240e+01 9.115632943180471681e-01 1.802495583587589711e-01
1.225308964852792748e+01 5.556373293723253504e-01 2.597477405916507887e-01
1.332528551733337530e+01 5.825891313364049973e-01 1.371631100840738637e-01
1.123238603275197356e+01 7.186885575416770422e-01 1.977594511501866714e-01
1.043842659537669704e+01 9.011189614431186490e-01 1.734819312160860161e-01
1.060433988105942937e+01 8.987890403707826659e-01 1.337602467338929735e-01
1.168138923653376615e+01 7.740698171193399757e-01 1.174249573747847691e-01
1.053911655958752647e+01 7.565105343946231242e-01 2.421096138358237726e-01
1.930322445794659814e+01 2.835720099088404611e-01 1.697680413502428987e-01
1.286012178563767705e+01 5.980968154586996377e-01 1.570780781110743540e-01
9.442691078381693970e+00 9.379524052559784497e-01 2.734165398600308383e-01
1.094970738982698855e+01 7.370555708057471289e-01 2.050307401144611519e-01
1.164502249207948381e+01 6.443021984586618789e-01 2.385544585501760129e-01
1.368566990997346622e+01 5.160013278602654241e-01 1.826558806744872643e-01
1.186509955927405890e+01 7.541357619060228279e-01 1.044241925266868737e-01
1.037777509093532124e+01 8.961478434918304092e-01 1.725857846634651638e-01
1.066313938256458371e+01 8.693863672771375839e-01 1.588601685014642828e-01
1.366576219932886715e+01 6.152667308132898638e-01 9.040957852550721152e-02
1.557153098172745942e+01 4.627136681363027138e-01 1.026706917140540465e-01
1.104123383126074209e+01 8.347199061772736517e-01 1.367687879649611693e-01
1.019575963520020423e+01 9.759810118332660211e-01 1.330639308070235005e-01
1.115406334463695259e+01 8.403919134602596541e-01 1.184355525467068043e-01
1.081518583684618307e+01 9.221422236070000444e-01 1.128449553770875247e-01
1.250547691205490963e+01 5.534149325910342476e-01 2.466350631515640823e-01
9.825066617470509911e+00 9.869910322853240325e-01 1.680725889016546348e-01
9.541044751064124085e+00 9.101629808170393909e-01 2.457877113859491536e-01
1.083049950179825416e+01 8.271086148759208001e-01 1.539406837076094658e-01
9.876476795201785563e+00 8.122387295485048453e-01 2.797463667243060281e-01
9.186831616474115947e+00 9.682983066492906188e-01 2.660087270069940724e-01
1.169195709528258043e+01 5.850988449914891198e-01 2.785826510960034974e-01
1.037068707607207507e+01 9.010655741045952016e-01 1.591717030722655801e-01
1.200100255389352810e+01 6.639620539896202711e-01 1.875179541042896469e-01
1.186593859919380201e+01 8.062839962920390624e-01 8.160969985938065774e-02
1.191433332816819224e+01 6.536079099752689636e-01 2.017769735476390991e-01
1.288304333093968346e+01 5.256467561423857626e-01 2.342694753130655505e-01
1.401132887441790231e+01 4.543870673082441858e-01 2.334918952640487877e-01
1.497270163791188402e+01 4.619857696612245102e-01 1.458951373583080302e-01
1.332436027798895495e+01 5.885946241202563156e-01 1.298285760757089125e-01
1.085309059653103425e+01 8.684741394413443283e-01 1.458833258076480677e-01
1.434869361885599837e+01 4.443273385797545383e-01 2.172711582532787788e-01
1.033313785672710416e+01 9.291891088626396122e-01 1.279369501890706695e-01
9.866987965558283946e+00 8.072171576309790098e-01 2.839901137229337014e-01
1.148793001700904881e+01 7.589402398916632597e-01 1.510532341702708337e-01
1.323472013097621236e+01 6.287796457202782241e-01 9.642453903006666105e-02
1.078061251516423980e+01 9.995855289771327090e-01 6.085984565650420092e-02
1.164739638050407144e+01 6.942869134887329485e-01 1.892835572408429756e-01
1.306650831754881104e+01 6.861256724858983969e-01 6.371445595549077301e-02
1.081288991545278044e+01 7.850757592725317036e-01 1.891940175608045893e-01
2.108607993092030597e+01 2.206652366883096461e-01 2.227253689854740148e-01
1.048400454051070874e+01 9.683233106781139465e-01 1.037085071155764981e-01
1.532212426120496040e+01 3.762864973965723836e-01 2.605047827795768933e-01
1.131028881875280057e+01 6.735959859873049682e-01 2.408712928319415303e-01
1.063624125651624297e+01 7.384869197523542539e-01 2.554495218711954618e-01
1.161477164001543372e+01 7.695261736961532817e-01 1.184336121810087572e-01
1.080760529355087662e+01 9.466272564790672028e-01 9.341974276684575362e-02
1.017397358196707735e+01 9.426223234343549251e-01 1.582093636955521909e-01
1.344707823072996433e+01 4.858673218619882217e-01 2.332609891494445142e-01
1.319233529002079486e+01 5.885992244308618782e-01 1.525506034933434008e-01
1.205954394361108939e+01 6.915776454550381924e-01 1.399598926542666710e-01
1.384321926454751406e+01 5.181485453027065979e-01 1.639466002871745598e-01
1.301512750133303165e+01 5.467456993375987562e-01 2.157746525682309735e-01
9.924154914605344047e+00 7.551591671911054293e-01 3.372753765127783909e-01
9.907135605398741163e+00 9.899520520396968282e-01 1.702283547711046230e-01
1.029305708283332343e+01 9.785716427709081344e-01 1.242310891640625858e-01
1.491642836513533688e+01 3.885001507182354041e-01 2.592420611828936683e-01
8.761125813870551227e+00 9.875814447314944511e-01 3.126315321020818883e-01
1.373379566207660929e+01 5.157984365803324200e-01 1.732791393362050070e-01
1.213195582825064811e+01 6.441663167275454294e-01 1.822472157869838016e-01
1.041981823340478108e+01 8.390914365287484022e-01 2.111714155954356742e-01
1.061730608629011563e+01 8.085111123762950269e-01 1.878016794000717249e-01
1.099921097631980338e+01 7.809283192028666498e-01 1.685270605799105426e-01
1.104755961367273187e+01 7.015818536718734233e-01 2.366509955641752372e-01
1.147410260268244464e+01 7.399217859250614149e-01 1.665700770241706208e-01
9.360969575090139827e+00 9.288367129459171867e-01 2.682048483087485224e-01
1.156519482966021606e+01 8.067674514976097555e-01 9.373477043644416751e-02
1.155551764295544714e+01 6.557367570544974100e-01 2.424230673807744041e-01
1.232417723529521680e+01 5.635248294830628168e-01 2.461185573228107104e-01
1.058768666616891885e+01 8.266675843807130830e-01 2.212941700775584164e-01
1.477768444435337258e+01 4.268615992690025784e-01 2.100962141489602919e-01
1.094197744074707757e+01 7.977453935806353424e-01 1.748428535530140715e-01
9.934750656455417328e+00 9.047697781562782371e-01 2.335924910577550639e-01
1.116642221355841258e+01 7.820875155516882060e-01 1.693464855775487221e-01
1.013018326884965070e+01 7.835418415946181492e-01 2.716095734634138559e-01
1.368436417068807209e+01 4.855207498122243170e-01 2.280171581516040880e-01
1.170805682889225174e+01 7.126172783141575540e-01 1.550223233140449741e-01
1.433691536503990882e+01 4.330160581496290129e-01 2.318977643667649025e-01
1.164449123654139306e+01 6.618353879387438576e-01 2.111887778998566556e-01
1.190393608373120848e+01 7.529865649208111744e-01 1.296398376942664576e-01
1.342566116267174792e+01 5.774222838102996969e-01 1.199347343452186743e-01
1.312333046729854757e+01 5.210003497582450516e-01 2.213526162386904306e-01
1.000628859488833555e+01 7.841496766020832343e-01 2.944478741715269021e-01
1.016654585763926555e+01 9.191425883985510081e-01 1.647332501925708181e-01
9.439275478109671269e+00 9.802710456913363846e-01 2.283930184785779305e-01
1.208010468592429376e+01 7.023193645465186652e-01 1.319762829483891176e-01
1.340723578312912245e+01 5.516187225285545948e-01 1.681860416353829490e-01
1.083396548658016556e+01 7.331790487677134482e-01 2.422323051149873063e-01
1.196723456237284644e+01 6.047679644716827951e-01 2.352209360170942898e-01
9.629654354825195384e+00 9.754281479702829882e-01 2.351863383366924742e-01
1.465070469368819417e+01 4.883580270959281822e-01 1.340377372535414557e-01
1.092183832288070100e+01 7.927453271789099976e-01 1.805635295834658594e-01
1.435620110776109648e+01 4.643666188957502050e-01 1.975639565752244087e-01
1.115252164976037186e+01 7.245420893965880405e-01 2.064805989674189657e-01
1.175030982720398676e+01 6.564062404370585302e-01 2.097578880081752695e-01
1.593088941444016804e+01 4.047687381912393190e-01 1.554183183723688577e-01
1.418477430215602553e+01 4.816090901757412168e-01 1.859153090256172869e-01
1.781784251472299374e+01 2.670163888135994590e-01 2.878110493223519084e-01
1.323888114308342523e+01 5.543114730963697445e-01 1.711243444541512282e-01
1.430616500229476529e+01 4.157232007014248221e-01 2.626586508056140135e-01
1.458968160416737803e+01 3.970097303136044808e-01 2.696359281926307694e-01
1.300044562568907658e+01 5.796758337701471975e-01 1.305255545208268142e-01
9.393910667189036445e+00 9.897327143799916627e-01 2.196116799017657217e-01
1.228416659242591713e+01 6.011334917675895673e-01 2.010008182895666740e-01
1.091490388379375354e+01 7.545732058669051279e-01 2.130354496048310342e-01
1.042774975121651693e+01 7.533724162435376792e-01 2.641983471517506676e-01
1.071374569519909414e+01 8.024747578239824763e-01 1.924903169696321470e-01
9.777135554731414047e+00 9.140662466745284043e-01 2.133004532456721225e-01
1.035570323583392138e+01 9.752889858315867411e-01 1.237944356910481714e-01
1.803093389080834896e+01 2.953842163093560180e-01 2.210284355389527944e-01
1.205561402218677181e+01 7.286549071113010978e-01 1.126953778806189105e-01
1.442415320945945112e+01 3.662638463207962825e-01 3.441720784887996598e-01
9.031497462314549196e+00 9.079118666934019588e-01 3.407242874756706286e-01
1.269736474112165681e+01 5.380504138590576080e-01 2.393990328950175439e-01
1.760654334358462592e+01 3.171578746236796142e-01 2.056461956079909115e-01
1.013001743564869983e+01 9.944326927317808096e-01 1.594436874088556166e-01
1.075005687211693051e+01 9.605625330895424252e-01 1.125496490182578274e-01
1.150888842527696632e+01 6.303852066898040230e-01 2.613536132748326413e-01
1.463887682289430003e+01 4.264615039233169980e-01 2.214737070263770036e-01
1.070450658248176978e+01 6.628529074162072821e-01 3.044322148089342317e-01
1.808977963454603355e+01 3.485457003286701050e-01 9.794333602994323429e-02
1.786618872023466054e+01 2.760755564504601134e-01 2.808680670861849471e-01
1.216905476308399159e+01 6.722415179154196396e-01 1.550633625065398757e-01
2.224886250895542972e+01 2.048037453942176955e-01 1.773419422883482088e-01
1.371537210206310853e+01 4.947580454456007581e-01 2.112972790638204257e-01
1.264938511569942214e+01 6.242720517950074433e-01 1.474965105919192609e-01
1.138971161692032119e+01 7.180057060247037048e-01 1.815976077925437748e-01
9.595888006541859028e+00 9.288950585749088384e-01 2.418911091788194800e-01
1.188922505972665356e+01 6.443738107660847980e-01 2.087159674499420581e-01
1.570954502011766429e+01 4.039954882226052257e-01 1.618278553978957923e-01
1.469116100740506070e+01 4.149752681347763095e-01 2.376843457664694070e-01
9.292989005871298502e+00 9.129271616278327173e-01 2.979280003660274567e-01
9.445924440913618270e+00 8.820381276395208303e-01 3.137108048685353090e-01
1.386275121811982913e+01 5.033172409950642523e-01 1.872504051351094601e-01
9.739233627379109137e+00 8.927179476174585959e-01 2.477820635070548394e-01
1.101847693904087855e+01 7.886877166072621126e-01 1.805353019264273329e-01
1.148920469460223259e+01 7.848111684525960197e-01 1.283957218640983111e-01
1.103355801249146850e+01 7.262161973727053743e-01 2.219367483033321264e-01
1.032362511032729913e+01 7.062910307343052141e-01 3.317398542733524525e-01
1.062031247893226471e+01 8.442460008345412659e-01 1.725029771677606683e-01
1.091792494850105122e+01 7.979319997046354640e-01 1.821010916338922370e-01
1.127718867992113161e+01 6.855014068760085788e-01 2.238255473042863597e-01
9.256117178611617646e+00 9.568008782334531670e-01 2.681461106740950506e-01
2.276547312140211687e+01 2.458425903947504820e-01 6.608597979927186006e-02
1.257225375025384473e+01 5.332878508013267904e-01 2.573069460677591680e-01
1.346438960136591412e+01 5.695756689148645524e-01 1.302160328498087882e-01
2.177901951532379599e+01 2.320718106173378370e-01 1.564392338168100194e-01
1.120857848014055413e+01 7.164977850140203941e-01 1.841870196466839638e-01
1.267290678048481922e+01 6.472461095465249503e-01 1.333103169445511438e-01
1.310537469241140052e+01 6.647581758809973929e-01 8.448509390215665216e-02
9.617068759246009790e+00 8.591719232341126222e-01 2.808512721385488242e-01
1.058776249889124443e+01 8.219662053378051780e-01 1.806347799359472595e-01
1.135529184954117632e+01 7.339153751633872291e-01 1.826194498508300346e-01
1.100874735108143199e+01 7.686709042873886011e-01 1.843904762735576186e-01
1.401615154944904340e+01 4.800037457556480258e-01 1.998726189037617340e-01
1.017761994921039559e+01 9.702224216577447491e-01 1.548055496915895779e-01
1.302567699012727864e+01 5.044570032010871063e-01 2.682327437616879307e-01
1.073758229428607081e+01 7.536013569750594776e-01 2.306697743483320795e-01
1.052890704801410138e+01 8.740795380568596729e-01 1.608805115537031427e-01
1.582005226760493066e+01 3.868166207966998726e-01 1.983256868765120307e-01
1.145870267501640249e+01 8.021227387954432686e-01 1.191903973528699034e-01
1.113667850109116308e+01 6.634270854842942988e-01 2.828106691416335527e-01
1.236571104623718576e+01 6.741458330535924359e-01 1.300236825060930579e-01
1.483522580996070417e+01 4.575187599800706328e-01 1.746466933791015197e-01
4.819100814513380726e+01 6.182079312183157843e-02 1.719079664139308017e-01
1.142397977890236227e+01 7.091471782754042996e-01 1.774775121809733236e-01
1.103898375842187463e+01 7.037895709358499285e-01 2.417131232340519742e-01
1.311764993824683678e+01 5.692508481035406520e-01 1.826383592359652752e-01
9.464438316359922609e+00 9.580981053096644384e-01 2.301795004437146019e-01
9.698616074108572960e+00 8.920783438107035002e-01 2.466213640806760310e-01
1.005963559143681074e+01 8.478498138376364679e-01 2.327394837610020639e-01
1.069264269826125258e+01 8.973185497637616859e-01 1.344682327565953073e-01
1.814154667236965324e+01 3.360035989328470918e-01 1.348722944119017109e-01
1.074226288408522301e+01 8.514496326880823807e-01 1.487390630033757488e-01
1.192035084716652982e+01 7.143617136925785038e-01 1.448603864709278877e-01
1.130235356868512042e+01 6.764073597129449666e-01 2.387139470481773884e-01
1.838475931975913014e+01 2.829493739352350046e-01 2.283884972046204553e-01
9.125511005041774482e+00 9.792379902606613840e-01 2.447910173838344638e-01
1.268595742920754255e+01 5.354366269569227343e-01 2.507374353516839682e-01
1.034404353665551923e+01 7.743462162396895776e-01 2.609548655786232407e-01
9.900802960603929392e+00 8.963633399410424474e-01 2.229279092340951673e-01
1.335259686896600861e+01 5.879422026343434915e-01 1.262430599532498587e-01
1.128558384300590234e+01 7.203476284670696783e-01 1.726477056126442533e-01
1.869420627888110431e+01 2.986641468703520319e-01 1.736980332412078887e-01
1.274507728114809524e+01 5.315820200402295859e-01 2.448913081484261067e-01
1.178570223885389368e+01 6.718527361581868584e-01 1.761251658219363248e-01
1.266638745936437260e+01 7.797489951292473354e-01 4.892077892165804659e-02
1.279729766927857604e+01 6.179330346684522857e-01 1.272379862488917379e-01
1.206721262922333970e+01 6.958676192097814628e-01 1.448190738595528382e-01
1.253766336266074788e+01 6.075635560050951511e-01 1.789815184873921605e-01
1.250423526577268518e+01 5.268590895017282172e-01 2.853891460597230423e-01
1.198087809960602890e+01 6.684673598011793283e-01 1.815720752943397187e-01
1.372684398113643134e+01 5.273273713374775351e-01 1.567209492451349107e-01
1.007942571881448579e+01 8.265859900165543062e-01 2.494410248485098847e-01
1.010794392333482961e+01 9.223998800270659659e-01 1.788949955249393431e-01
9.810625852675443070e+00 9.656122132933757651e-01 1.721990623872342308e-01
1.206522649489489041e+01 6.687396374128613541e-01 1.924011438495770998e-01
1.057099856780603275e+01 8.239011187736390296e-01 1.887570430924857268e-01
1.111294625995532925e+01 6.234099303368494382e-01 3.250183754653726553e-01
1.075839969949598007e+01 9.171050074356820181e-01 1.004920183951402146e-01
1.039262672400046483e+01 7.943464081287205936e-01 2.462698724665508820e-01
1.021119896092205259e+01 8.626298564246168699e-01 1.975770961665573311e-01
9.559400497673509634e+00 9.894688532947788495e-01 2.130847538841196820e-01
1.464717252965882288e+01 4.646918588316590881e-01 1.723510636745904101e-01
1.155038175713743165e+01 7.906137388101234231e-01 1.146307436363302734e-01
1.606402447612580175e+01 3.672250969789519481e-01 2.109123152917550537e-01
1.041853433472325463e+01 7.120898675832783020e-01 2.968371316284970640e-01
1.116990625479497012e+01 6.741296748539533645e-01 2.589916763144874401e-01
1.553027620975863599e+01 4.393218482717599072e-01 1.254147986114762248e-01
1.045309504663640965e+01 7.522671265323006562e-01 2.589367973110077714e-01
1.549470790109296914e+01 4.199044598399868100e-01 1.734898215397105703e-01
1.032995630594287917e+01 9.139182962089755780e-01 1.925939103809103936e-01
1.460047285391837768e+01 4.362323180789881016e-01 2.054822923816541358e-01
1.153362483554973394e+01 7.473538536988509895e-01 1.617434958572342707e-01
1.149671178265269056e+01 7.935568713464346002e-01 1.219768090092750723e-01
1.271448822708805260e+01 5.782185944966985458e-01 1.950736154281391965e-01
1.166621202103473287e+01 6.606300326689759084e-01 2.074048521150277657e-01
9.542968825181917580e+00 8.135325506208197499e-01 3.047327514064712140e-01
9.200055084397313010e+00 9.780813746125556207e-01 2.649794555431473353e-01
1.196825175977204658e+01 7.123094756198361521e-01 1.337822994006309663e-01
1.482467058680241756e+01 4.272998204869922212e-01 1.986977987773915766e-01
1.726475941532357083e+01 2.925404740196399511e-01 3.068757157374252809e-01
1.523351830333818313e+01 4.146424410110982062e-01 1.986170651069355808e-01
1.229919548877315805e+01 6.566583765298923403e-01 1.495130728595542580e-01
1.210609176048707347e+01 6.630807399516416289e-01 1.694548833273482880e-01
1.059319629929068363e+01 9.084646622950199868e-01 1.145825741745755411e-01
1.012121804972708361e+01 8.698844881942323637e-01 2.166585029093455739e-01
1.299016615363348315e+01 4.972248853785080080e-01 2.696176326726093531e-01
9.848848524679933547e+00 9.597978008831119512e-01 1.942783941214335508e-01
1.375537745330981920e+01 4.967453101519017089e-01 1.938264911842641491e-01
9.503823465457081454e+00 9.751078392437471098e-01 2.207623593630388681e-01
1.057394826929562370e+01 7.883316146781536027e-01 2.220529806753805957e-01
1.506432236857231466e+01 4.728971649397912258e-01 1.199514017435335533e-01
1.122791707215687751e+01 8.043917189502383103e-01 1.273705060942725842e-01
1.400278246870751353e+01 4.615357970797333009e-01 2.172496457822414018e-01
2.476093922019636295e+01 1.778417852171252089e-01 1.789643619281278963e-01
1.081927113655399353e+01 7.610712406021200582e-01 2.118213244516682081e-01
1.680765557665805687e+01 3.202253186098506510e-01 2.555203853465229380e-01
1.157522454784555777e+01 6.307116607208844705e-01 2.470014676895914141e-01
1.266576766840030466e+01 5.907314149816274007e-01 1.936452991497780440e-01
9.701625375346667468e+00 8.850731141872321128e-01 2.586269361717642989e-01
1.244061558138099777e+01 5.513799969763825137e-01 2.478802591430975533e-01
1.061114599851798168e+01 8.623893990141491273e-01 1.686445556146294045e-01
9.489907922661043216e+00 9.855671844914997148e-01 2.052337224829326456e-01
1.382548159234112184e+01 5.742983938743563277e-01 1.244306316686917685e-01
1.187022737600519129e+01 5.973640645386774084e-01 2.435314365654783209e-01
1.461263020712197935e+01 4.617719052198558938e-01 1.681767924429420080e-01
1.169132669716778494e+01 5.846995607133194106e-01 2.938341877737362662e-01
9.790314320541316562e+00 8.582856305093790050e-01 2.373339203812417364e-01
1.075070471016112528e+01 8.317052597858728413e-01 1.672802237921314772e-01
1.051213726768510881e+01 8.158708545461955675e-01 2.043004840620602780e-01
1.597160661813290794e+01 4.325635191016447556e-01 1.200064423546881448e-01
1.670549553554184996e+01 3.899795697058385802e-01 1.277528379758373633e-01
1.191562329805540443e+01 6.739066487872414912e-01 1.879824296067267864e-01
1.164541243244867808e+01 7.179827772720189794e-01 1.662408762919399541e-01
1.066693741828705200e+01 8.378706150387028595e-01 1.720120357253813181e-01
1.095210960371723274e+01 7.927655109269228229e-01 1.634760298303705173e-01
1.271624021105322377e+01 6.096014341374994538e-01 1.726156279305590957e-01
1.417673639258069151e+01 5.054226723819166267e-01 1.607964897582920827e-01
1.047961479657627137e+01 8.622069069894564564e-01 1.840665177935665864e-01
1.092978690216973447e+01 7.560254057087918422e-01 2.040090184546617114e-01
1.371190476344703058e+01 5.514871100490016387e-01 1.256174212630732645e-01
1.254909714343851235e+01 6.077648853803556683e-01 1.834499112605093296e-01
1.290845959008831123e+01 5.638683593538005301e-01 2.061946579555802850e-01
1.740720400093048781e+01 3.183859130451945907e-01 2.135807573627985512e-01
1.023065458957458596e+01 8.995248550015777500e-01 1.755704285291586064e-01
1.177229267834711202e+01 6.099272359154547241e-01 2.509454532239569491e-01
1.008300374777630815e+01 9.437140983997478472e-01 1.711801656926234538e-01
1.017229553001308773e+01 9.167088806912812027e-01 1.968915379220550765e-01
1.786183223746204973e+01 3.147999837641473064e-01 1.765432974968981494e-01
1.243024077041773978e+01 5.957995004839937714e-01 1.985053514825327881e-01
1.704890119544243987e+01 3.219491785521763072e-01 2.198582630978925812e-01
1.365185533859812494e+01 5.019749608108485806e-01 1.871325549609351435e-01
1.463502718547989900e+01 4.056676687207821375e-01 2.576527170403677958e-01
1.314175720427210869e+01 5.953539605407154323e-01 1.376376628026706461e-01
9.423274362237943791e+00 9.494966166297059695e-01 2.314970471687430031e-01
1.416592058430815548e+01 4.543246281175432055e-01 2.144704537633284613e-01
1.003473466555259463e+01 7.343881708632227223e-01 3.162412799354923365e-01
9.519242543388672928e+00 9.121946215973516514e-01 2.484472315766229344e-01
1.482551702269711136e+01 4.579467190095644069e-01 1.407553162604516239e-01
1.065931445347044004e+01 7.750574328747098507e-01 2.103576694652745938e-01
1.086846273901092808e+01 7.895112447275615120e-01 1.891655015062310707e-01
1.895208934821100044e+01 2.422930917693397745e-01 2.828999323302547886e-01
1.213340557821962484e+01 6.501077165855992934e-01 1.802526156910817245e-01
1.039257884582077374e+01 9.478877290119058774e-01 1.174036820108315671e-01
1.052524967952963841e+01 9.368510428558529668e-01 1.272046919052148284e-01
1.616881556593834190e+01 3.686328369154550644e-01 1.854379539665364507e-01
1.020416661350334664e+01 8.910904194996581706e-01 1.860340445622057914e-01
1.626439874601866009e+01 3.476697891999884216e-01 2.213391053741747827e-01
1.268800313303264815e+01 5.079916812254001712e-01 2.638565120082434490e-01
1.185215440962895528e+01 6.798388836492799125e-01 1.797214908679761192e-01
9.732907474700088102e+00 8.964115095972926550e-01 2.437538352714089807e-01
2.216244779489984040e+01 2.071521378785710910e-01 2.194774533156388652e-01
1.019489065768873104e+01 8.690720810267598129e-01 1.978678257868379253e-01
1.104462081674862084e+01 8.059231735901629667e-01 1.458653230365623277e-01
1.010466635357910725e+01 8.881494599498584996e-01 2.045479359829425747e-01
1.255722939064598087e+01 5.278706351751043524e-01 2.843228787405589486e-01
1.189449845216686974e+01 7.411700244158009321e-01 1.119654227699291710e-01
9.824861621923904664e+00 9.647608828811307102e-01 1.728752063360316782e-01
1.040918312173234916e+01 8.002708333873722601e-01 2.287297589069597348e-01
1.114344990586606698e+01 7.945710086055047805e-01 1.700555193181118030e-01
1.028269354178756956e+01 9.284804342647956510e-01 1.770829258707910248e-01
1.245752711317404682e+01 6.916063763958522070e-01 1.141936689578711556e-01
1.037538879490477051e+01 7.750765015392834245e-01 2.488591785879504525e-01
1.144671824439137531e+01 7.193693951680776300e-01 1.890703701834578199e-01
1.066975804533542949e+01 9.273324865121084226e-01 1.262395969000838225e-01
1.443822245540057736e+01 4.329296485854556842e-01 2.384315259880403493e-01
1.272919775536046849e+01 5.466833717850088092e-01 2.194066950599297128e-01
1.054248511520603060e+01 7.005203957551896510e-01 3.123683693936723516e-01
1.659551936679147133e+01 3.376460757712139160e-01 2.335650694346381451e-01
9.392884156351712477e+00 9.617099892271744332e-01 2.414527642305317467e-01
1.314786872948386254e+01 4.962248519530721991e-01 2.516814959595386481e-01
9.864489004851828113e+00 9.780409327135850539e-01 1.816950327025491363e-01
1.173565586111040382e+01 7.351239284515570516e-01 1.526254747158152236e-01
1.405062328455677800e+01 4.843833114812444163e-01 1.962244421194866140e-01
1.244084402210187257e+01 6.193734167110616085e-01 1.789935375516927274e-01
1.081851136898197829e+01 8.552139673941706599e-01 1.456794682154808340e-01
1.475386115022509692e+01 3.825150083326885886e-01 2.835109183620500573e-01
1.118061930437370144e+01 6.788862970353529702e-01 2.462026687180892126e-01
1.599134525068917334e+01 3.584279971627408745e-01 2.184717854903584500e-01
9.717732571539851705e+00 8.288816242229763986e-01 2.814686870958756360e-01
1.338395910158667235e+01 5.502373142621540536e-01 1.736432573802824952e-01
9.553139099620240771e+00 9.241750341264115542e-01 2.374455010782720032e-01
1.963172879276901028e+01 2.461503179060892943e-01 2.365153232716531717e-01
1.013193961503119311e+01 9.987099565256463141e-01 1.363698464687390921e-01
1.055263611111868904e+01 8.934394781488592674e-01 1.520985397623433877e-01
2.316139459337653150e+01 1.928499567320919872e-01 2.239702449769122306e-01
1.300913509154246839e+01 6.191919938377991040e-01 1.254800489787196993e-01
9.875097663637781409e+00 8.715049694817823545e-01 2.348260660652516096e-01
1.576937187245250627e+01 4.616236147656515021e-01 8.207410783484841987e-02
1.166795253831367596e+01 6.178102497440807195e-01 2.460423499546760540e-01
1.438990333891792694e+01 4.918984277308238728e-01 1.468874120485244295e-01
1.168881283140340699e+01 5.794065943106213590e-01 2.832329617505791597e-01
1.347650601276267679e+01 4.609972693121061060e-01 2.601585295118040708e-01
1.676520229485784697e+01 3.740551593350928128e-01 1.579015068582922676e-01
1.145522399450192452e+01 7.104619051536430474e-01 1.969889027557327199e-01
1.073029755057225465e+01 7.762769021763026300e-01 2.081597867068119001e-01
1.165550741708407934e+01 6.602262978011298467e-01 2.296408459225651177e-01
1.356480337769741240e+01 5.224815849389068401e-01 1.757336937662773990e-01
9.677097831562759822e+00 8.503465507032735848e-01 2.970853017796147300e-01
1.262976227148380559e+01 6.374009007605900834e-01 1.260687805748486323e-01
1.123265064581897654e+01 7.214058625051249507e-01 2.005411211662218030e-01
9.179202323815047748e+00 9.699702255748108293e-01 2.683975784903500639e-01
9.433377629684386534e+00 9.102092734245262884e-01 2.599513704244462708e-01
9.383059835650797709e+00 9.713301517502634930e-01 2.342418751027359192e-01
1.542014397251712587e+01 4.403004961352656177e-01 1.514183675356266523e-01
1.916846556900578946e+01 2.626966825231144553e-01 2.099379835336405986e-01
1.015764239682843773e+01 8.805261603331729914e-01 2.124312751083965722e-01
1.021424900385055246e+01 9.597978008831119512e-01 1.515547541053558211e-01
1.293963626940737299e+01 5.457811012312876464e-01 2.187417537604600393e-01
1.520014567500954428e+01 4.949341874926554974e-01 8.610932769824473920e-02
1.393184005228977185e+01 4.314190359965632271e-01 2.837409798614883294e-01
9.887374532215476464e+00 9.605676202536208574e-01 1.787816710674242082e-01
1.052231843954238677e+01 8.307168257444279558e-01 1.973176013657318151e-01
1.304336514853671325e+01 5.473564438929522380e-01 2.050661615892082068e-01
1.284327444235321813e+01 5.597197462931052803e-01 2.004902348007286395e-01
1.075655895966903408e+01 9.089306374947011546e-01 1.159226705311836858e-01
3.624397576229716833e+01 8.389256208443678087e-02 2.601981364473799352e-01
1.040912276598188591e+01 7.853744623012636206e-01 2.445232649358759225e-01
1.722675088363240548e+01 3.134629042741021165e-01 2.278534786026136238e-01
1.517552676867134664e+01 3.734596588868808742e-01 2.628977097233213267e-01
1.098775070101398299e+01 7.584960466610617402e-01 1.939923244517471057e-01
1.070159415214463294e+01 7.494274003298969644e-01 2.410211199700031948e-01
1.001753409188965982e+01 8.344600470173489937e-01 2.639364841690086672e-01
1.183533088808118094e+01 6.484475543658874130e-01 1.987591334930731979e-01
9.660991506341861879e+00 9.383321601030610859e-01 2.350380772067761637e-01
1.112757458671529953e+01 6.806425388427755907e-01 2.521122798006606436e-01
1.256279476796690275e+01 5.499858186076646005e-01 2.429983366294486413e-01
9.585983628351998576e+00 9.201701738592354962e-01 2.349306245964978834e-01
1.134317388569298046e+01 7.389322500931557736e-01 1.767953250576924651e-01
1.030323371626718831e+01 7.756854800174658449e-01 2.583182481370580597e-01
9.923944595987652662e+00 8.637273140673853433e-01 2.588561815481084105e-01
1.132994848031155577e+01 6.633364166275568241e-01 2.481787560265343029e-01
1.173072283670015459e+01 6.823743340386004830e-01 1.818350574234190997e-01
1.001552364520367355e+01 8.470311756234213396e-01 2.323045141938768487e-01
1.075448967807842493e+01 8.408879162793326811e-01 1.610032064516290773e-01
1.047676358870676694e+01 8.780858791614124526e-01 1.629282169861331064e-01
1.006523568314458927e+01 9.977972685018428045e-01 1.314839443699166999e-01
1.357405284024357783e+01 5.191210006677202671e-01 1.896945731729018925e-01
1.051764786701910914e+01 7.681676952848303097e-01 2.368577547329117350e-01
1.221252567546161849e+01 6.104502445737887140e-01 2.222656903772515236e-01
1.100943056267825959e+01 7.640136656106795154e-01 2.043023410263069550e-01
1.190535465459470821e+01 6.474297677621921876e-01 2.068461390854272886e-01
1.159990095280242173e+01 7.460208414598564763e-01 1.527766400135016356e-01
1.106712145397160008e+01 8.712332411120956577e-01 1.087012147677011570e-01
9.864938739899763220e+00 8.696960395323664050e-01 2.588812082300053219e-01
9.740062115405638821e+00 9.016083946755366618e-01 2.311235039108617551e-01
1.089191481908371095e+01 9.019816755237399786e-01 1.075580557115340535e-01
1.115335076516838342e+01 6.346219395422832976e-01 3.096811270043000053e-01
1.103216981401406471e+01 7.622500644882754806e-01 1.866683726504963781e-01
1.127889763031727632e+01 7.733113471366552805e-01 1.616525328487651847e-01
9.818242073042137363e+00 8.999765142281738184e-01 2.307612615478988327e-01
1.257055887037953745e+01 6.508043538079761881e-01 1.445264380589721676e-01
9.944507141975021725e+00 8.849923434617670281e-01 2.241284183402848518e-01
1.143492605583440636e+01 8.306529426968449759e-01 1.024742680949440043e-01
1.282259846138703807e+01 5.975213806427537300e-01 1.556858030472100252e-01
1.317653503153098882e+01 5.317511004593145074e-01 2.169672958297856613e-01
9.873449329669416130e+00 9.568886618392028476e-01 1.897379130413087700e-01
1.322423548083000000e+01 5.481146525277876824e-01 1.752119237436362831e-01
1.159437897840265030e+01 8.062019202472098245e-01 1.115022648033947156e-01
1.234572512736552596e+01 6.054326889342775964e-01 1.867068032743693373e-01
1.208005221997443535e+01 7.190559430743010960e-01 1.233615495485369806e-01
1.161511151570673483e+01 7.511299173932606266e-01 1.447894393453816320e-01
1.609212945475143997e+01 3.874628552283074789e-01 1.657251496510002420e-01
1.885623559088872980e+01 2.662126258992215111e-01 2.277560856943480483e-01
1.215261571350603376e+01 6.910777599450730335e-01 1.367982763378399191e-01
1.320061186995027214e+01 5.427379788495008128e-01 1.850626061956755497e-01
1.094419707525571184e+01 7.504980064033172082e-01 2.097176164648571761e-01
1.079569944634736878e+01 7.223418620604029616e-01 2.407167401706432619e-01
1.143306280783399487e+01 7.133324629442731046e-01 1.950500018405098845e-01
1.087593212218849459e+01 7.844698988970587594e-01 2.004488308053933854e-01
1.142359622028447674e+01 8.330307522867531622e-01 9.955059315701231260e-02
1.057718556755555106e+01 8.741667607044008026e-01 1.519912288743160700e-01
1.340688972029060366e+01 5.514690925009262390e-01 1.716362795398025665e-01
1.009501921225792564e+01 9.261448099159124148e-01 1.675449795764944183e-01
1.470924840838937087e+01 5.390413452270587102e-01 7.196952299798339836e-02
1.138854619524643752e+01 7.980029801487151797e-01 1.297729999436142145e-01
1.030892890716008381e+01 8.136820726342887111e-01 2.318764214710691551e-01
1.467321921577197941e+01 4.990565020231421123e-01 1.196857184782150613e-01
1.501368242808059783e+01 4.533883147860234830e-01 1.453787095086306325e-01
1.219501565698084278e+01 4.782751643650757223e-01 3.872115851131436304e-01
1.040685266033680278e+01 8.254575926560584476e-01 2.031090867385056953e-01
9.389453209055323768e+00 9.781736053146073973e-01 2.411670814346467406e-01
1.139144420233647814e+01 7.495016105681499008e-01 1.518967013250715758e-01
1.594286675116518914e+01 4.215419464273442718e-01 1.209883810439207064e-01
1.638904829483517744e+01 3.573102472362553184e-01 2.119842252377575342e-01
1.176565059039255701e+01 6.512962401806851043e-01 2.100038064724652487e-01
2.527002865039018786e+01 1.802932553256437753e-01 1.571251956927922078e-01
9.794307630532442133e+00 8.961538648647735528e-01 2.382536323642818477e-01
1.822038332642864944e+01 2.822234306628879641e-01 2.234087892862407221e-01
1.533584596565381197e+01 4.320227984741745186e-01 1.558719381832468776e-01
1.072746329403987708e+01 8.033291038191651134e-01 1.853236284807864565e-01
9.823916800433408980e+00 9.563149078840376127e-01 2.027764729724405302e-01
1.041764382622129581e+01 7.172839577361447283e-01 2.984629946699289826e-01
1.023957547601949614e+01 8.737812727479743469e-01 1.991564093547444902e-01
1.277880400043339826e+01 6.825538615027726408e-01 8.838542319987821583e-02
9.582413373878845064e+00 9.092611256518814411e-01 2.356419801805932079e-01
1.316986843341135938e+01 5.730623246719133146e-01 1.618538332702931515e-01
9.821356093932710252e+00 9.710316900015919517e-01 1.800673220076248193e-01
1.270972134653700181e+01 6.531892469025348813e-01 1.108220719446987718e-01
9.230068061212815422e+00 9.831576290106471827e-01 2.540571665599462015e-01
1.024431143916813092e+01 8.832243545682736396e-01 1.951163322792512922e-01
1.471289703628795742e+01 4.132434527147107461e-01 2.310503587881874432e-01
1.221433333905149610e+01 6.135130058553575072e-01 2.011756483539611229e-01
1.073368944297856586e+01 8.289430422945712751e-01 1.640418764093500570e-01
1.194942299263365193e+01 6.136989850680811820e-01 2.186753431023067407e-01
1.043394376847613714e+01 9.879663286865152383e-01 1.017332388079135869e-01
1.054125782449767001e+01 8.959253912358579042e-01 1.497549155693436163e-01
1.006618770546640462e+01 7.685242098672422362e-01 2.911963907969258858e-01
1.472728243816180971e+01 4.626966315546485187e-01 1.601263214540843971e-01
9.909413653800044131e+00 8.431405578346273799e-01 2.640794379493329180e-01
1.216911191487361421e+01 5.869796963771517495e-01 2.218293416980560429e-01
1.005520639461616561e+01 8.026606978623935795e-01 2.675401677308410497e-01
1.068624590295570975e+01 7.901069023616176246e-01 2.027819794456466873e-01
9.426626559163635122e+00 9.895954542053034819e-01 2.173441713199750214e-01
1.295267516478466341e+01 5.233141622143542282e-01 2.358382956688716559e-01
1.093745612975694748e+01 7.508449177777551942e-01 1.949942349815526332e-01
1.100544665879501416e+01 7.851011768631875887e-01 1.972305722445732712e-01
1.253817391388074043e+01 5.057879225279249269e-01 3.088796676752621484e-01
1.241060026376473324e+01 6.152667308132898638e-01 2.006895462991668266e-01
1.100194332071874648e+01 6.833258730390499025e-01 2.818249071155154439e-01
1.336684755168492700e+01 5.037841645327767459e-01 2.144893053449568043e-01
9.868564526091970990e+00 9.832414634568455991e-01 1.710112417511190086e-01
1.089783479524483489e+01 7.704688779003955323e-01 1.949116465956647615e-01
1.036387587667693921e+01 9.906945438203359489e-01 1.211772640146421276e-01
1.420829695893088562e+01 5.017021742326929212e-01 1.500596606306703051e-01
1.029087703752423977e+01 8.305121527297493200e-01 2.420084149837333498e-01
1.255939422073582357e+01 6.110311251912958763e-01 1.724822412463681010e-01
1.122953134651238472e+01 8.296138089951933248e-01 1.135250019347802813e-01
1.168694651426647901e+01 6.678202799865833317e-01 2.125255002684782735e-01
1.649404426544371205e+01 3.122714268841557672e-01 2.905726585581015486e-01
1.095542431705003672e+01 7.957440809436699958e-01 1.646407622782447289e-01
1.259702427478288200e+01 5.885946241202563156e-01 1.950634270139538773e-01
1.010719599567797289e+01 8.991226565859162800e-01 1.942511063564597573e-01
1.172798609157722893e+01 6.957799647670482868e-01 1.714539137154721116e-01
1.222146290404249491e+01 6.704468276933144288e-01 1.495066961820828710e-01
1.040522861734158511e+01 9.446022033602452517e-01 1.374975442897997113e-01
1.226129425703292597e+01 5.627966122759362477e-01 2.599775909577141109e-01
1.145695316444678014e+01 8.229640568026173053e-01 1.125826227129822915e-01
1.041342336273863545e+01 8.207496996562825275e-01 2.148268210496564468e-01
1.294579579676731385e+01 5.525829494684114662e-01 2.028693519087099717e-01
1.683942118584339909e+01 3.184608807172017442e-01 2.510622604558452875e-01
9.894740873711251439e+00 9.681017127143077827e-01 1.652013403759242660e-01
1.253908304649106320e+01 5.888302468081654251e-01 1.955221880594379402e-01
1.447953462449304673e+01 4.789607276509908473e-01 1.608210263256174555e-01
1.126726587214053943e+01 6.789239505128378260e-01 2.360941045791599691e-01
1.217997757781050083e+01 6.046207171274141645e-01 2.246840279226068882e-01
1.186945078285359578e+01 6.802627196646572338e-01 1.813279532912784042e-01
1.129594188810912669e+01 7.346771751458659461e-01 1.749307079891186112e-01
1.023443940438047228e+01 7.284786973371116803e-01 3.246900454750097920e-01
1.642972124367479125e+01 3.305814948073684256e-01 2.595839389525327334e-01
9.739750158432029181e+00 9.645872676040232463e-01 2.068701772420350193e-01
1.134164838490650418e+01 6.723500403569450112e-01 2.395287283556437330e-01
1.961212955478699627e+01 2.269107973426786884e-01 2.889670571699760049e-01
1.312843314834287867e+01 6.111930511223103712e-01 1.175005298977230550e-01
1.391212156702594527e+01 4.569501882659182113e-01 2.336120639340296401e-01
1.295217781702103643e+01 5.040019845094431128e-01 2.452672614488243807e-01
1.271389361395341133e+01 6.103987555123644437e-01 1.653749668365843972e-01
1.321397265129574627e+01 5.868727154606794283e-01 1.427407486362019251e-01
1.314102213844576639e+01 4.968723918626867797e-01 2.614486776871519091e-01
1.016784085607005572e+01 9.078471429164004514e-01 1.783790845671207048e-01
1.270296541205841834e+01 5.091936860602025439e-01 2.694153505803907889e-01
2.082292902154337710e+01 2.282531912132487184e-01 2.105594882843707938e-01
1.323331308523434657e+01 5.617099816859305594e-01 1.740176401732032307e-01
1.216598334466767284e+01 6.486914117274253933e-01 1.760773501496626647e-01
1.631547947004318999e+01 3.191160538350488185e-01 2.878999381281668324e-01
1.104976417429276658e+01 7.223966739967233597e-01 2.286650000842646024e-01
1.117678414512349327e+01 7.695296483253455389e-01 1.709738454374325756e-01
1.263556668525434468e+01 5.841199014503185571e-01 1.956335142158998341e-01
1.753071253897379478e+01 3.590860570242387362e-01 1.104960497124530538e-01
1.091808002349384843e+01 8.112339014756096978e-01 1.610804780534213776e-01
1.057745169947062713e+01 8.964115095972926550e-01 1.444477690789964242e-01
1.161601645535571414e+01 6.685256581923320063e-01 2.222040193008011921e-01
1.274752096986765970e+01 6.549792865204399073e-01 1.078014331869428660e-01
1.476863130093576082e+01 4.854268436934464637e-01 1.479438589461662401e-01
1.036848826163291015e+01 7.502149211643202031e-01 2.854428143750399882e-01
1.488981633892481682e+01 4.234092936085768755e-01 2.183830604125493735e-01
1.441636998115809298e+01 4.359477884456964270e-01 2.373730018939904096e-01
1.645288017853175688e+01 3.663877974334449616e-01 1.923945018484297664e-01
1.223346381343274381e+01 6.196543235795395344e-01 1.929947415199615990e-01
9.791448583399912309e+00 9.115871424550422430e-01 2.231854603164784845e-01
1.327158280001274981e+01 5.855173271091067555e-01 1.395551101851598697e-01
9.508306342820374013e+00 9.595364283236456071e-01 2.430289447841026684e-01
1.129132096463650647e+01 7.139985786657270239e-01 2.062005006017864350e-01
1.452263880453952183e+01 4.002241602429684186e-01 2.810721419432773427e-01
1.411304180609836756e+01 5.200706297858678218e-01 1.448422120466140717e-01
1.595433364719494840e+01 3.596993063609176255e-01 2.370703431709945963e-01
1.142511300247621087e+01 8.369683062862346423e-01 9.866423179179724390e-02
1.238991152779871463e+01 6.288906593802594536e-01 1.713751117138550828e-01
1.278192457295802242e+01 5.842002862596823443e-01 1.696252715830432745e-01
9.844813628157080387e+00 9.119931577196855876e-01 2.210037136325365414e-01
1.102632263098437271e+01 7.972903889141206291e-01 1.614436270273884866e-01
1.824414782840061378e+01 2.947131305582025296e-01 2.070434368507274858e-01
1.787975234637647404e+01 3.013254010649502046e-01 2.144185545388984648e-01
1.677944579681505388e+01 3.693086909785747718e-01 1.696575168689750668e-01
1.200912272438238659e+01 6.001959164839735239e-01 2.285864953352611806e-01
1.126510037458307245e+01 6.480801083270882890e-01 2.725427464392336518e-01
1.651690008550897204e+01 3.569593113296971043e-01 1.927128429058885539e-01
1.455778813044686437e+01 4.466117398352816847e-01 1.916491556523337858e-01
9.845258319199183816e+00 9.432510732983414581e-01 2.027334432813688581e-01
1.035813924077911352e+01 9.941359943258960552e-01 1.103027998236243146e-01
1.657074007335856081e+01 3.349494820885137725e-01 2.455872766469999746e-01
1.446645687185429274e+01 4.560557930189366171e-01 1.839817552924104815e-01
1.028394283112683105e+01 8.864205320555275103e-01 1.792613202101174252e-01
1.442799894681407302e+01 4.833255924051170771e-01 1.632527130879619925e-01
1.003346275259460185e+01 8.612263247728974003e-01 2.383784448481557627e-01
1.106500999407836439e+01 7.378284620724522291e-01 2.087251113468556185e-01
1.141604507941162616e+01 7.654271387535115378e-01 1.623188159908595107e-01
1.078391859605231495e+01 7.693860661492919473e-01 2.174378749642650044e-01
1.094381254923663782e+01 9.334725972181310283e-01 8.752965089362069184e-02
1.140998655639303827e+01 6.307116607208844705e-01 2.650603862379156128e-01
1.158773178924174729e+01 8.175342623121765184e-01 9.911276445092745413e-02
1.890853011724365373e+01 2.708683623220305980e-01 2.111796558482797181e-01
1.445190000967305011e+01 4.279090229686012270e-01 2.310164237998074688e-01
1.010377512988520898e+01 9.694597267908944271e-01 1.524018349894019908e-01
1.230943962773987366e+01 7.511468564464085507e-01 7.781592023909220113e-02
1.122062545386339316e+01 8.783647189995017479e-01 9.515811311293456698e-02
1.129913789626741227e+01 6.163108799029750617e-01 3.060637917910701833e-01
1.295945463507549889e+01 5.785825647023710161e-01 1.706276558073399618e-01
2.739368408312421366e+01 1.462432096936207016e-01 1.929503859662299314e-01
1.804862080592544160e+01 2.941433170831156407e-01 2.037567510900352707e-01
1.061782730618424786e+01 7.107735300986670612e-01 2.835920765128613907e-01
1.428255210577310841e+01 4.380066968909922531e-01 2.337789684136770130e-01
1.394552415124707778e+01 4.622134621066851801e-01 2.420603063851891612e-01
9.268134142591065938e+00 9.377466663757155763e-01 2.954713230599994023e-01
1.089984336362861406e+01 8.076230159004254006e-01 1.839320210841526027e-01
1.248120703486876870e+01 5.638007382659008249e-01 2.236650635897879380e-01
1.218355881231222959e+01 6.820715044873377764e-01 1.347394072107707119e-01
1.391592641451116741e+01 4.787285925207230841e-01 2.039531761897223072e-01
1.002581040777770127e+01 9.479986158468000079e-01 1.826544207141267695e-01
1.054764246719902587e+01 7.299486557280384647e-01 2.541522943290331349e-01
1.591016708767947208e+01 3.966545096432270157e-01 1.637352956737854193e-01
1.104072063304204221e+01 7.778029158642849605e-01 1.781975499923388606e-01
1.360298120298775792e+01 4.632545541963795088e-01 2.604827282413135214e-01
1.166472790634943379e+01 7.037691070674856331e-01 1.715338848633943813e-01
1.219482582069981724e+01 5.562786758481186311e-01 2.749301364444975415e-01
1.240888174440994263e+01 5.758026114007672724e-01 2.392409020294031796e-01
1.311122872919476379e+01 5.799013321390266151e-01 1.577647696370949315e-01
1.705382353750397328e+01 3.837441861657706066e-01 1.100567196656460495e-01
1.289087237886718107e+01 5.828710741150555652e-01 1.741274341760750410e-01
9.083545282456345404e+00 9.861939213623285294e-01 2.725025223281764553e-01
1.245743913121962620e+01 5.684659213377960540e-01 2.300741375981586456e-01
9.666736729457229060e+00 9.215760389409406450e-01 2.330833314194646344e-01
1.018952844490518039e+01 7.788817389077823394e-01 2.717356912114283762e-01
1.010449707694650279e+01 9.353472339411955661e-01 1.758383331227028057e-01
1.036896459876509091e+01 7.569599081751334779e-01 2.747855269536019218e-01
1.464301689810143792e+01 4.390222831787872204e-01 2.011015982833680160e-01
1.546468688601449948e+01 3.291434852118689247e-01 3.476052993253250789e-01
1.208928185541748057e+01 6.105372718654122899e-01 2.181684585305411483e-01
1.238274955751121631e+01 7.140459971368375847e-01 9.885995869019466309e-02
1.463344424906986241e+01 4.580166711061552931e-01 1.725254917798456633e-01
9.153154599547498549e+00 9.273383488792665830e-01 3.048147943397533366e-01
1.056073358696935571e+01 7.715153379486090479e-01 2.352853040527947137e-01
1.032008703976329933e+01 7.524322563246512718e-01 2.863302362520070421e-01
1.650122999037528615e+01 3.180567140097732004e-01 2.769879349603185936e-01
1.128884389063435378e+01 8.387057021780666144e-01 1.109366095969378102e-01
1.110813404597621101e+01 6.803145281676590272e-01 2.350661185052627389e-01
1.107541418069894590e+01 8.090854504342176456e-01 1.447677525320203162e-01
1.485375446064692539e+01 4.578229786381826649e-01 1.546432677150843815e-01
1.457143821462249456e+01 3.774566155042930471e-01 3.256638316084690676e-01
9.965538406242258063e+00 8.242531785551282519e-01 2.569369048995761018e-01
1.252108831475321793e+01 6.325875574041669447e-01 1.787270905684757438e-01
1.235829238738435798e+01 6.846447379695329571e-01 1.284552123957754532e-01
1.225951024967543468e+01 5.744201333209818516e-01 2.318639727390268135e-01
1.072420057985660335e+01 7.945384893937963433e-01 2.022843944394413507e-01
1.182259287536373016e+01 7.497391647998224995e-01 1.159470802291410474e-01
1.215726270850713497e+01 6.179394123356106716e-01 2.136707819739948611e-01
1.200154828136413521e+01 7.396339732806576084e-01 1.179122923228145964e-01
1.295373848403658279e+01 5.446413944742204416e-01 2.183404057020973399e-01
1.259758044083515216e+01 6.010458261670358349e-01 1.850431176139653577e-01
1.179862024970626599e+01 6.429520998695165135e-01 2.186871719338866482e-01
1.061389506026347362e+01 7.743649276784052571e-01 2.254860186715579862e-01
1.296677166543815041e+01 5.441270451643837047e-01 2.049458271180204794e-01
1.268403068322741412e+01 5.527513927973973784e-01 2.144460530491620887e-01
1.209977553908961312e+01 7.326667966767980156e-01 1.090674332467557184e-01
1.127592951305190816e+01 7.110195200324788134e-01 2.058025889805336905e-01
1.706485235809116929e+01 3.827893916530712426e-01 1.282364239788942317e-01
1.247434258818109498e+01 6.049500518627598522e-01 1.932845274029361682e-01
1.726216775851423790e+01 3.185096535209657742e-01 2.137611158173195192e-01
1.782997494615441525e+01 3.116477444037408229e-01 2.087645554492821853e-01
1.258207320313239208e+01 5.810061944006980061e-01 1.950462977958709598e-01
1.036310811716147384e+01 8.254575926560584476e-01 2.081876265737033216e-01
1.021258440331305195e+01 8.145170539221152639e-01 2.431227492114013400e-01
1.131879660726407444e+01 7.931502576697424534e-01 1.378491412889757961e-01
1.212541164789400128e+01 7.362961944934253156e-01 1.182036864782757407e-01
1.315521693740969589e+01 5.565746283446694198e-01 1.633830746863223493e-01
1.146301451413324912e+01 8.347199061772736517e-01 9.494147325076826571e-02
1.097893058903058261e+01 8.068167709852420710e-01 1.633203908818114669e-01
1.194568551317655647e+01 5.885946241202563156e-01 2.602242862826569803e-01
9.886494429761590652e+00 9.256018792143120288e-01 2.058448102809970481e-01
1.065818580045564623e+01 6.927876104914508781e-01 3.022567063876379634e-01
1.540564974736627768e+01 3.847382262396886188e-01 2.240022530191353722e-01
1.532369074688574351e+01 3.976643639908863381e-01 1.969989822769124821e-01
1.252799252665879237e+01 5.751352597554763024e-01 2.111934453873635931e-01
9.952498484943811619e+00 9.169820122397044360e-01 1.940934689540150526e-01
1.067494423260965597e+01 7.510172259957100804e-01 2.502052645772370187e-01
1.038006922015044431e+01 8.039194102239661799e-01 2.261259274931439189e-01
1.585802884513274869e+01 4.302793133852676477e-01 1.320508437403326019e-01
1.306029209641139843e+01 4.812947487612683206e-01 2.748967184208782055e-01
1.302091153338053786e+01 5.352550528957782383e-01 2.091085143800653634e-01
1.264179697236608213e+01 5.814142545385013738e-01 2.162784320623515055e-01
1.419901060925473502e+01 4.517406167121731930e-01 2.041580624697033053e-01
9.811085955427470751e+00 9.198251431996824490e-01 2.256001073304319537e-01
1.035507208289513237e+01 8.297071209144988302e-01 2.167760904893834273e-01
1.367778586636102744e+01 4.822674808956994852e-01 2.328123741216190368e-01
1.031340823918321270e+01 9.727608650170957993e-01 1.288327082319178085e-01
1.191352217276670089e+01 6.725310064633541751e-01 1.822778478651601031e-01
1.292579233742134903e+01 5.917841911606087635e-01 1.668280518486796038e-01
1.160803819716676699e+01 6.873884390409118472e-01 1.878414388993965844e-01
1.422951971286441974e+01 4.569501882659182113e-01 2.060955918620558380e-01
9.746930206792820073e+00 9.474456122161668548e-01 2.108293328883235063e-01
1.039258238405897394e+01 9.026631009446148823e-01 1.602086342586850620e-01
1.059760169371194749e+01 8.643293847231537930e-01 1.639488677376238490e-01
1.053672294722321290e+01 9.728785647957868266e-01 1.023789899554178595e-01
1.253171464192421602e+01 5.945750214995377814e-01 1.934006701548794949e-01
1.661673181426825607e+01 3.691002202272178345e-01 1.681031167174620033e-01
1.035860696310918350e+01 7.944944970203348111e-01 2.548768426385351615e-01
1.293946918372703792e+01 5.896924748031986407e-01 1.593697623234384964e-01
1.030546121087282962e+01 9.482815495381947679e-01 1.295793329189650622e-01
1.400688322864365531e+01 4.472736826446954694e-01 2.398887124255286718e-01
1.293852312921439385e+01 6.037616266959030531e-01 1.387101026030763684e-01
1.628611902097703279e+01 3.568283679688946664e-01 2.164985236648716838e-01
1.867478423619411032e+01 2.900174422285760611e-01 1.863348777495500430e-01
1.105289825845779816e+01 8.694653432646455293e-01 1.132875479591100992e-01
1.166588016406388917e+01 7.821187257577824070e-01 1.186965592361906713e-01
9.857802103567133045e+00 9.808556410539004400e-01 1.689512407466766675e-01
1.142481896214951576e+01 7.012046241596409102e-01 1.884644892328111165e-01
1.327364608890276365e+01 5.584046086247792529e-01 1.710477208666420779e-01
9.998407807712863971e+00 8.518688617367121685e-01 2.526302428211253392e-01
1.276741725317348752e+01 4.995477199020019188e-01 3.240143418092427119e-01
1.323690223636208785e+01 4.814868228042126219e-01 2.742478337314973036e-01
1.012001176942395197e+01 8.439401607319985121e-01 2.447362006098761922e-01
1.000897046805634893e+01 9.077088139030752290e-01 2.193326015847418264e-01
1.461496859200465614e+01 4.613894012548451773e-01 1.739562005891813201e-01
1.233176734986555978e+01 6.970243922519582247e-01 1.287549144487996622e-01
1.405810965208112862e+01 5.467768514965537507e-01 1.100391436831527764e-01
9.989275785238934446e+00 9.577043044907069813e-01 1.708806912244598686e-01
1.154405677461729240e+01 6.969961840668059683e-01 1.896797865891733659e-01
1.389583500974973695e+01 5.376978972849049132e-01 1.215893819309742385e-01
1.498232310146428503e+01 4.802101455004352260e-01 1.160793881401302602e-01
1.222900533376710186e+01 6.177059778677848056e-01 1.753324270745175995e-01
1.079873842707038634e+01 7.171844659737993677e-01 2.725105928020672419e-01
1.279385251864396977e+01 5.152221859118328862e-01 2.588293150730066605e-01
9.904290444013852834e+00 9.267986481099992346e-01 1.988787149489002204e-01
1.098986793106675997e+01 9.051952841145035622e-01 1.028139599122053494e-01
1.967287789710675483e+01 2.712962086069279910e-01 1.720593315879453133e-01
1.553560034910198517e+01 4.116942509385593807e-01 1.632879060927083237e-01
1.040544072041744528e+01 8.322975532095356899e-01 1.920458137905439178e-01
1.044462080732163933e+01 9.374281290946653300e-01 1.266422993706468603e-01
1.336519746049617474e+01 5.514690925009262390e-01 1.752911573891971497e-01
1.495331296668224752e+01 4.681608705017408778e-01 1.397258278465183801e-01
9.872426667397716571e+00 9.028471225026719615e-01 2.138462410234112376e-01
1.144182317737854326e+01 7.867491490874695126e-01 1.324476701945208612e-01
1.184668378791863574e+01 6.719219722281748464e-01 1.828852066002528975e-01
1.736483477323812252e+01 3.388158669741208051e-01 1.707890590183472057e-01
1.094944963431624707e+01 8.510759279467617899e-01 1.282187385708782046e-01
1.066633689713261646e+01 7.954859153471469657e-01 2.061782496079711813e-01
1.008331628161583815e+01 8.893779484054523676e-01 2.183364140854833768e-01
1.017277710120438883e+01 8.397713121011035620e-01 2.198048837352917229e-01
1.297137510873627342e+01 6.640846684571002356e-01 7.193479163272900601e-02
1.060450215626628001e+01 7.360887663583108864e-01 2.507962922561230434e-01
1.279167215980500849e+01 6.214320009019376201e-01 1.260876467162034831e-01
1.014472612315645073e+01 8.424286944029202306e-01 2.188547871958464730e-01
1.187871346761222391e+01 6.500701853743674485e-01 1.927380889041673262e-01
1.250942189700174723e+01 6.563488316540333489e-01 1.344592993063409847e-01
1.101663511179548749e+01 7.882190222956843018e-01 1.671713867257501873e-01
9.049924766946515930e+00 9.203430664380812809e-01 3.238372660523218260e-01
1.194269264198255343e+01 6.315582295401082069e-01 2.216846631380226806e-01
1.467353543418828643e+01 4.721764012442131175e-01 1.460368276904123186e-01
1.014808391389395936e+01 9.397941985437041623e-01 1.723853916660979813e-01
1.142036841701946592e+01 7.069076652351086176e-01 1.896203836556473732e-01
1.059927499843701959e+01 7.203662202819290927e-01 2.752774728932603221e-01
1.706354757523454779e+01 3.587560185788462586e-01 1.498584026081054565e-01
1.514661071850723850e+01 4.622720400166936972e-01 1.378919891920612484e-01
1.510774545780070177e+01 4.812927748628683666e-01 1.054718474653563304e-01
1.090659483416065534e+01 7.986719423775046067e-01 1.702923042508232288e-01
1.249662257875865201e+01 6.214320009019376201e-01 1.526749655130314187e-01
9.682779859273274781e+00 8.442894109713396933e-01 2.926482084529239414e-01
1.454538150427084631e+01 4.706518497117112565e-01 1.814522057450122239e-01
9.976481669554265963e+00 9.469964100104150129e-01 1.700499043240763508e-01
1.260804564362199010e+01 6.111930511223103712e-01 1.636245152254512669e-01
1.217214907681796987e+01 6.409338161515742982e-01 1.881248667536569719e-01
1.417633186724469319e+01 5.142234253890749507e-01 1.409926877751474239e-01
9.209269256618851429e+00 9.261923474091131592e-01 2.939240528162113120e-01
1.031719065566528570e+01 8.546040326827365474e-01 1.994864776168643050e-01
1.223241985099046225e+01 6.496736419903558213e-01 1.670658932495735771e-01
1.636593766182178200e+01 3.797502835740836913e-01 1.620990162505187571e-01
1.084124557143014833e+01 8.028091232703020719e-01 1.666158311068291764e-01
1.106777906947170109e+01 8.873666730225977517e-01 1.173336513474775161e-01
1.160428033017195126e+01 6.301518705015729527e-01 2.588717769957163961e-01
1.046981283861871148e+01 8.985582347563364491e-01 1.484786963571338714e-01
1.615034177541884119e+01 3.619290727225047966e-01 2.129256007334233702e-01
1.963541946922813253e+01 3.252304068188880404e-01 7.252650798988513614e-02
1.371319602133444882e+01 5.174008969163358396e-01 1.627054681632435773e-01
1.071060797279036692e+01 7.675706408862327246e-01 2.327570428643799816e-01
1.226293907411775308e+01 5.393865777843005471e-01 2.668365965210230950e-01
1.132043163602040003e+01 7.664452302307394049e-01 1.558231541601988734e-01
1.414976468860920988e+01 4.073527927905442603e-01 2.749425280117482884e-01
9.640244323582903618e+00 8.327744935981844510e-01 2.958748326989501520e-01
9.054227181221868648e+00 9.358229268617723751e-01 2.978403087091757162e-01
1.518735060143357174e+01 3.688319621682865090e-01 2.669374339842891519e-01
1.082589275365529424e+01 7.784110037154503559e-01 1.938065422700955831e-01
1.017944083243939346e+01 8.383504430991304268e-01 2.356326709591831381e-01
1.322733206663361116e+01 5.493327353910204547e-01 1.917864543975605629e-01
1.470182870643696305e+01 4.336182717020266586e-01 2.096169239416198760e-01
1.027890742614110842e+01 9.209137655005507073e-01 1.592995820706201993e-01
1.137978223603550809e+01 6.847133537764733546e-01 2.150182414050246238e-01
1.020889583124814060e+01 9.540889239495256025e-01 1.524051259898016042e-01
1.292885548292026598e+01 5.239371325613559893e-01 2.381648141026435905e-01
1.418026623582612622e+01 4.510569878367889363e-01 2.146674218469143691e-01
1.167413243994341343e+01 6.891807173863637725e-01 1.872597281087292620e-01
3.637503429114602937e+01 9.267262981246454645e-02 2.131368549715671190e-01
1.095031193888609700e+01 8.237484391856289001e-01 1.579470330291009861e-01
1.048792230296310102e+01 7.873545921869518072e-01 2.501427471765023669e-01
1.026390657065574530e+01 8.165398265322556526e-01 2.377273616578104709e-01
1.552581331795461850e+01 3.949354981102182194e-01 1.935761187189979360e-01
2.249077663134285743e+01 1.945530471142238038e-01 2.294250440853644601e-01
1.166194932320200728e+01 6.258610935714009615e-01 2.506404022984811686e-01
1.008925218986693295e+01 8.985477316976886453e-01 2.122379450698155812e-01
1.312381058620275454e+01 5.543414312439185476e-01 1.872701832790132914e-01
1.345016296320837057e+01 5.797622623881945048e-01 1.184229545135330047e-01
1.079490394528184716e+01 9.004365064805649466e-01 1.070011047632779960e-01
9.937145670469709202e+00 9.403035141451003831e-01 1.838445366411363413e-01
1.535796122758661930e+01 3.865482107500172737e-01 2.191563856870777927e-01
1.284676851527193264e+01 5.143046460306426315e-01 2.559896273384714149e-01
1.337942567794097037e+01 5.651585219177377439e-01 1.462854829904070564e-01
1.156933019985783950e+01 7.214058625051249507e-01 1.656041246161079061e-01
9.429255163200794598e+00 9.425280808835782009e-01 2.449311093188206168e-01
9.459023240266605015e+00 9.996082026060262304e-01 2.209879699290405730e-01
1.137751453704854931e+01 7.316425896985683242e-01 1.818053253842898120e-01
1.528153445801902599e+01 4.825387536431201552e-01 9.352891594812520748e-02
1.086472836953178778e+01 7.986815940619084175e-01 1.784330361891559302e-01
1.181901308065000045e+01 7.236532723518900312e-01 1.423436887555653285e-01
1.037583444855880899e+01 9.352696695415400052e-01 1.456778786260550518e-01
9.442413690502409196e+00 9.823937637503231679e-01 2.180128327781022113e-01
1.103373984499419436e+01 6.960463229157284326e-01 2.432451252052950097e-01
1.173629646674196003e+01 6.839386020667906907e-01 1.915072716861144497e-01
1.304355498815257164e+01 5.030401189344676505e-01 2.617832343213860047e-01
1.122306526060380349e+01 9.107685414080624042e-01 6.624043629201872840e-02
9.924767061124521561e+00 9.851854478140219529e-01 1.658647222820960887e-01
1.390354646715742248e+01 4.675663785281306550e-01 2.190321261571897271e-01
1.149680605430020286e+01 5.885817834382126579e-01 3.099114237423299389e-01
1.031295943424115791e+01 8.602540278428517651e-01 1.986813367029995336e-01
1.063801739245026923e+01 7.754816224034415395e-01 2.440793722890944872e-01
8.895448474310363451e+00 9.941555332250865407e-01 2.881635882453414954e-01
1.638535914010571304e+01 3.346493397234171496e-01 2.550341852552704403e-01
1.020065628743728681e+01 9.821677148379915900e-01 1.265083026228419338e-01
1.232964717530528098e+01 5.504574963779561569e-01 2.497055090806757083e-01
1.358628803881932612e+01 5.412723712691489553e-01 1.601709873382058669e-01
1.033419145930580996e+01 7.752188706999824097e-01 2.580989516734653599e-01
1.132023857791258159e+01 7.093709388411718608e-01 2.061528389566074648e-01
1.077772506515475648e+01 8.845558723207586072e-01 1.421032908624257074e-01
1.025573875680830938e+01 9.626916975531262244e-01 1.359422540152118997e-01
1.115004444230532421e+01 6.506247242717483337e-01 2.643664678872830742e-01
1.274658037160985558e+01 5.113735650783932662e-01 2.715662577744416550e-01
1.157371182055316439e+01 6.570805171949426482e-01 2.309197965946156450e-01
1.788955546441611233e+01 2.783442341673100229e-01 2.640906055480951586e-01
1.100022062468731932e+01 7.265816423713624683e-01 2.431870319321908225e-01
1.139640075008387754e+01 6.388016686983803982e-01 2.680219793800193706e-01
1.708488972856182642e+01 3.084063480635907961e-01 2.364169939408898580e-01
1.405644695331060845e+01 4.939559328486631262e-01 1.877159324439337806e-01
1.158732559852648691e+01 6.944142997963176356e-01 1.862945411249913585e-01
1.087758045423658615e+01 8.625901726691644900e-01 1.354984651513060079e-01
1.190192897742337585e+01 6.733450514079695193e-01 1.911571540112358691e-01
1.604066729992107909e+01 4.231666020518815019e-01 1.269227367216221036e-01
9.220165819524154927e+00 9.429726381860328299e-01 2.701023201993097977e-01
1.864767494302545003e+01 3.351964542386954848e-01 9.633419811939722410e-02
2.123297307625161778e+01 2.273996177475552383e-01 1.941958056444673675e-01
1.590697809298347210e+01 4.207573955302239543e-01 1.193149830299024133e-01
1.017604318885827119e+01 7.853141321999963509e-01 2.608118658583942762e-01
1.384123823787661678e+01 5.252720477751074979e-01 1.215802951135217663e-01
1.813337035781321660e+01 3.328800522228305137e-01 1.266575479457801301e-01
1.159813216629869181e+01 6.923831473562698235e-01 1.834797882270058078e-01
1.133657578357941276e+01 8.005085855118170279e-01 1.406455382085122774e-01
9.992593214754927899e+00 8.646928509268864138e-01 2.498974722155058170e-01
9.710271150345397118e+00 9.139848208193280810e-01 2.428732824256147615e-01
1.090054444634100506e+01 7.377891305579453718e-01 2.179468223140407224e-01
9.380285209254831003e+00 9.854343342639716452e-01 2.339956770664160246e-01
1.623090286604873000e+01 3.892971351048383211e-01 1.646385389651339737e-01
1.220405435996200438e+01 6.729565838913038611e-01 1.413703666953650129e-01
1.109184291042562265e+01 8.026423925119384739e-01 1.480295116721385418e-01
1.049351740595814064e+01 9.728785647957868266e-01 1.069178761170041930e-01
1.111966844413237965e+01 8.175947292102817565e-01 1.309255662556249311e-01
1.233335400658036818e+01 6.369935787532547966e-01 1.664186264911128310e-01
1.051698183504851514e+01 9.195537220866557560e-01 1.355163851679588305e-01
1.425634271837730438e+01 5.300217062031418180e-01 1.087701911680589856e-01
1.079977622394371117e+01 7.877797386819034298e-01 1.928366765325187637e-01
9.548165486143892267e+00 9.955392032093320909e-01 1.992549075571702077e-01
1.766801409652495636e+01 3.564805359464445211e-01 1.209839935488543627e-01
1.123848887523853968e+01 6.832945311812664846e-01 2.339883048544742217e-01
1.167791694801392666e+01 6.964356683557401118e-01 1.771270562373593593e-01
1.239624570421856831e+01 5.791461306474092741e-01 2.070866742265218552e-01
1.372351743350230002e+01 5.684376847558888501e-01 1.240383578587607172e-01
1.460432176922890513e+01 4.749781324047933628e-01 1.537999546854896260e-01
1.326608133189111882e+01 5.726566628705344053e-01 1.450932358963980540e-01
1.242367397570677667e+01 5.640209914978616679e-01 2.399482657161109977e-01
1.122528947656518916e+01 7.723765037547025702e-01 1.667873809906309790e-01
9.583246111540052681e+00 9.324557339079353468e-01 2.003521159555979037e-01
1.129437812212581704e+01 7.181954236179241002e-01 2.266357518932081427e-01
9.207419628643039644e+00 9.784953687462055738e-01 2.476227285508191545e-01
1.713833359985666860e+01 3.328310862662116620e-01 2.029550576625951952e-01
1.139222779207259073e+01 7.009256423812864067e-01 2.073536669948953248e-01
1.041041678693329331e+01 9.227195817918167897e-01 1.491591211766876424e-01
1.093516416682137660e+01 7.668160523902798342e-01 1.972847229604707542e-01
1.254983333117388611e+01 6.145358988686770996e-01 1.591914104439537681e-01
1.058257190075399912e+01 8.664885944084086411e-01 1.616398277553043883e-01
1.855805283914299508e+01 2.978686623295438984e-01 1.780986038003700422e-01
1.259966270276278522e+01 5.582617419121546076e-01 2.307976368160251646e-01
1.374332711127064321e+01 5.384469184706636158e-01 1.602741367425480623e-01
9.832596492879895678e+00 8.880019110017858264e-01 2.486043425455746192e-01
2.031055192214959604e+01 2.438259626285375070e-01 1.880765255632162181e-01
1.106078312658401686e+01 7.709425359975139447e-01 2.100704666952076805e-01
9.883765605701395174e+00 8.680178123879545016e-01 2.547356738414306987e-01
1.697855210646804736e+01 3.520041743140454038e-01 1.590741587737067864e-01
1.021783728143783243e+01 8.804338705633337758e-01 1.996098444051823129e-01
1.089493652470692986e+01 6.951782115305801257e-01 2.709484217553453922e-01
1.094056592166880471e+01 8.107989660172478796e-01 1.788013491611424310e-01
1.792866730276131193e+01 3.096423177344709843e-01 1.921049104773137339e-01
1.296383488528488392e+01 6.409338161515742982e-01 1.155675097663967504e-01
1.128367079924109895e+01 7.185643235632352965e-01 1.946967098371160942e-01
9.719582377042931043e+00 9.576909856702920942e-01 1.995103492042533955e-01
1.068445274606451179e+01 8.311654750755518295e-01 1.752373595361762793e-01
1.285673164337896068e+01 7.156616800692646718e-01 7.183488936219958876e-02
1.144663313895393486e+01 6.218657228424001593e-01 2.697494442342389664e-01
1.265381978309887323e+01 6.008911489999245736e-01 1.686191883692207405e-01
1.538818043849667383e+01 4.626007295079789805e-01 1.114040460049870868e-01
1.023382578223601413e+01 8.389365942751987326e-01 2.238655086141823625e-01
9.337272466330526655e+00 9.942528905721603749e-01 2.303603693075879089e-01
1.574777190732311993e+01 3.518774220077856008e-01 2.644378302119788637e-01
1.136547922239599728e+01 6.620112405246575404e-01 2.377589258146299567e-01
1.691727708031126198e+01 3.335716533547516405e-01 2.045192067101910538e-01
1.261508100964265999e+01 6.216487145890764454e-01 1.534659652120914097e-01
1.172654477555865427e+01 6.729453907211252472e-01 1.833601683697072271e-01
1.122537474863924523e+01 6.927798269016220978e-01 2.303049243642280863e-01
1.704035162961457672e+01 3.651899985571758211e-01 1.421027231725142947e-01
1.348516873949177608e+01 5.400456048000910059e-01 1.679894634076043169e-01
1.591020143809139142e+01 4.287575603902897270e-01 1.318760301853852401e-01
1.147489497095726207e+01 8.192054441150242727e-01 1.163258602733323321e-01
1.566791635554548456e+01 3.645330210245020242e-01 2.483100851554849997e-01
1.704686890708881464e+01 2.985081910669648009e-01 2.958092844143506150e-01
1.750405168188274274e+01 3.155468197972067235e-01 2.098287685804693103e-01
1.063181854165703122e+01 7.378498027139982485e-01 2.253010579415289372e-01
1.126336032588642766e+01 6.763021830972401061e-01 2.307322507627167785e-01
1.437806593174276948e+01 4.788800993081664403e-01 1.719528712784922642e-01
1.043746747257728558e+01 9.000711508176937325e-01 1.519801169766921700e-01
1.160564881802060455e+01 6.214502221570004092e-01 2.579545217188939366e-01
9.974572647256177760e+00 8.801003507781558488e-01 2.175958238512469833e-01
1.043108346756534033e+01 9.204172062585638248e-01 1.423205496390457236e-01
1.142554912454050431e+01 7.145172764670798538e-01 1.852146686189319880e-01
1.066216435777506177e+01 7.047088429681892530e-01 2.780089053929656884e-01
1.390739143311766313e+01 4.578774447283073257e-01 2.301949709460839877e-01
1.081800991562098169e+01 7.447574741897298178e-01 2.264191120658209377e-01
1.034747287143353489e+01 8.197342516602336149e-01 2.106737861295780168e-01
1.242719997806528021e+01 5.645560711418844413e-01 2.299003015142201678e-01
9.872385048789730888e+00 8.846108593716274227e-01 2.483334006011870543e-01
1.268369612392725720e+01 6.077360428689696503e-01 1.732952216794466926e-01
2.571555068065880434e+01 1.588194507947479905e-01 2.223669105939700408e-01
1.229368194289026306e+01 5.518053485179861273e-01 2.565773827281395136e-01
2.174282684987402803e+01 2.024225456310152493e-01 2.472806876585560421e-01
1.246488082839483980e+01 6.681478766017178161e-01 1.204796252992776096e-01
1.120318880760039271e+01 7.372254625849955501e-01 1.734188449281381106e-01
1.681643433929881581e+01 3.781722137373325077e-01 1.386340060956340881e-01
1.124381485480098597e+01 6.449659327053297586e-01 2.774462843573773929e-01
1.483275415240836992e+01 5.220931016790181234e-01 8.258903471360563853e-02
1.003387975546130839e+01 9.427835499820002019e-01 1.826763215436223164e-01
1.046286127530885679e+01 8.888891830028853303e-01 1.661777095158953055e-01
1.018299052679991945e+01 7.993124378372585825e-01 2.570247469270272034e-01
9.258278314251715102e+00 8.841500735633958108e-01 3.260009672751153498e-01
1.082058773841662713e+01 8.322391311566090799e-01 1.773315191346671316e-01
1.132948675934965799e+01 7.710690990690038937e-01 1.568179472992538848e-01
9.701404240055671480e+00 9.869064193237310212e-01 1.774979907377251254e-01
1.059107844598118930e+01 8.463408456409836633e-01 1.723768323811782910e-01
1.173461667473132408e+01 6.600688750248633330e-01 2.017193924832294538e-01
1.262758827720125865e+01 6.393423650104577138e-01 1.394879753863128014e-01
1.282761498656195620e+01 5.858152857881753217e-01 1.795397675913027458e-01
1.092031518117381061e+01 6.648704513684171591e-01 3.012688077777374573e-01
1.308392163019039600e+01 5.438931403531096498e-01 2.037351878630335178e-01
1.143327624961717959e+01 7.867935089214768141e-01 1.244103385209950619e-01
1.106730636478280694e+01 6.842125624602879430e-01 2.656014757811254179e-01
1.089628499299431930e+01 6.982475810946267014e-01 2.606808323728373455e-01
1.729545307258095121e+01 3.794755376290889770e-01 1.132098661539635009e-01
1.026743713736992802e+01 9.938036057990430328e-01 1.120212227493310869e-01
9.108122376134092590e+00 9.713582072923927502e-01 2.821106829436917374e-01
1.127970417263039771e+01 6.324540432891642139e-01 2.848889423888609218e-01
1.501059586059125905e+01 4.256995840012116061e-01 1.823893711372562565e-01
1.334582066486488472e+01 5.039134182507708504e-01 2.345499324276144326e-01
1.108313757764385521e+01 7.420633757562066224e-01 2.020863752391655610e-01
1.268221084812108757e+01 5.522977777560615920e-01 2.295076838135980679e-01
1.910105766793720861e+01 2.902887097770401326e-01 1.599860147984648873e-01
1.114095037647433628e+01 8.087217185218726900e-01 1.506512936885703036e-01
1.606950466116816401e+01 4.386252833258555972e-01 1.004509705101573613e-01
1.498655491354910652e+01 4.009025320413174276e-01 2.225187246627284843e-01
1.650163438039674446e+01 3.968811412983596631e-01 1.404672761791514179e-01
1.629002188824050990e+01 3.462107782539656231e-01 2.336637199061872561e-01
1.591127847326531608e+01 4.612394781594351123e-01 9.437013683455035273e-02
9.781364885104341766e+00 8.698844881942323637e-01 2.589312580243899875e-01
1.459851604754530818e+01 5.011057162488208316e-01 1.225812230932603886e-01
1.981815334295914610e+01 2.689982992808024331e-01 1.626694636976896424e-01
1.083254259043580525e+01 9.001229714955114591e-01 1.083425254380225577e-01
1.585459891947269817e+01 3.870373347100516948e-01 1.801305813065921801e-01
1.007210633220737073e+01 9.256756232630496406e-01 1.795844475875097157e-01
1.234597053992062321e+01 6.017830009217246534e-01 2.043496258088104978e-01
1.278044984310627719e+01 5.838048020485639977e-01 1.736355693113794119e-01
9.499343175960635932e+00 9.836334794484872246e-01 2.061977115424386275e-01
1.570761388405403558e+01 3.860187698687619906e-01 2.155095309051238139e-01
2.095168554350649259e+01 2.445447893861753264e-01 1.607915964055737501e-01
1.284787289242327368e+01 5.638727958517095740e-01 1.957900100112664188e-01
1.192923470660726259e+01 6.545658082346742512e-01 2.063506171918825516e-01
1.219550885715825927e+01 5.884452820516675731e-01 2.363435529810035407e-01
9.974516811949781570e+00 7.792711611024277785e-01 2.940393372625960122e-01
1.454045585023429688e+01 4.210528792560626066e-01 2.387090651569446220e-01
1.025340279313615532e+01 8.899010532847494437e-01 1.789718155941131816e-01
1.014920817102328421e+01 8.991754555690980588e-01 1.930252878810739536e-01
1.079695360859885866e+01 7.963781085777206226e-01 2.048772710887104831e-01
1.319386936275851063e+01 5.223520408134497695e-01 2.098186332703465828e-01
1.164646040243939140e+01 6.474403592426436482e-01 2.325687958268559119e-01
1.367852715539542530e+01 5.489374904269247457e-01 1.493325137567068361e-01
1.431096282168217826e+01 5.662173976739155457e-01 8.034275489667380699e-02
1.038322038535213210e+01 9.400114821485063832e-01 1.388868348284567622e-01
1.384900899987147405e+01 5.601559199611887419e-01 1.075992075961234445e-01
1.251670561709013363e+01 5.154893425541390295e-01 2.807763663266225618e-01
1.206141960007501979e+01 5.930033520099825539e-01 2.368291208364241840e-01
1.218090664934473111e+01 5.763121489552314181e-01 2.403989649500183623e-01
1.133674950527644043e+01 6.999957216372285629e-01 2.101121385782075968e-01
1.022944712597216999e+01 7.860798673827068539e-01 2.816732750602095048e-01
1.300888889915371038e+01 5.974787387074922407e-01 1.405231542076749440e-01
1.069324356285673971e+01 7.832775516215899625e-01 2.011114221372712896e-01
1.264464154314049082e+01 5.990113382711611534e-01 1.838056870796347664e-01
1.359295802658207286e+01 5.550257299572532999e-01 1.300479240766420352e-01
1.038055862721270373e+01 8.176326447573568634e-01 2.235600660935166406e-01
1.837297579852754481e+01 3.144971287698535845e-01 1.547986181387227267e-01
1.145919065860543640e+01 7.771922752997696415e-01 1.450628051245690942e-01
9.801205673846792976e+00 9.597695458509512001e-01 1.962482362027895277e-01
1.288978520521028592e+01 6.567953127846217765e-01 1.081877449925251894e-01
1.075217528216051477e+01 8.264053666017098232e-01 1.719671293777446930e-01
1.882704357655603644e+01 2.463916954628121159e-01 2.853394880865900429e-01
9.921859522816275145e+00 9.537348468682983471e-01 1.770418612704896255e-01
9.455288528577195706e+00 9.799454274446338653e-01 2.181653867440842554e-01
1.099279185525623603e+01 7.825146653331184199e-01 1.725794656829281459e-01
1.102176931392794756e+01 7.630856804407096794e-01 1.847322900778833321e-01
1.102446784189770845e+01 7.406845837877377159e-01 2.088884897508036242e-01
9.401069559149419774e+00 9.605588328449203850e-01 2.402708996714358891e-01
1.360512849843993699e+01 5.359392608966534466e-01 1.499010098871112195e-01
1.219180326870495357e+01 7.523817138610014998e-01 9.253116265342095637e-02
9.865510068832604063e+00 9.511610397743579526e-01 1.957919983549276377e-01
1.005166312710938570e+01 9.013991690107483468e-01 2.080225776022329442e-01
9.922427658240305703e+00 8.735791059619972820e-01 2.231165011237091489e-01
1.757919958146609218e+01 2.964959808180743228e-01 2.389482765221956906e-01
1.196272352861275756e+01 7.850427104258138611e-01 9.110992920273618123e-02
1.054588909747993952e+01 8.634127802330889834e-01 1.736113348778233201e-01
1.076783524902175060e+01 6.976200505007715824e-01 2.839124031650699931e-01
9.857507065816935921e+00 9.057905317679534329e-01 2.042107523476817399e-01
1.455178951574765200e+01 4.279398757238919715e-01 2.277798990398476886e-01
1.351252924536231248e+01 5.583850289161585989e-01 1.427278446267707390e-01
1.712612071904382560e+01 3.764891740964645961e-01 1.168209259865521099e-01
1.325508753992621713e+01 5.147362350269161224e-01 2.304218248935671898e-01
1.039555034499203146e+01 7.735929830158805309e-01 2.482210724178784411e-01
1.002665098338057703e+01 7.958077333756219396e-01 2.540492354667153174e-01
1.116493957372520107e+01 7.886877166072621126e-01 1.650489386088060118e-01
1.021436134763549219e+01 7.554811056581852702e-01 2.870165400055246230e-01
9.783446519123989660e+00 9.821677148379915900e-01 1.745476379451721405e-01
1.183288100902353612e+01 7.542498887564674792e-01 1.171198282074862596e-01
1.194225598253470011e+01 6.044224123349718480e-01 2.366629907781819808e-01
1.355052575568148043e+01 5.266662452867443278e-01 1.874072851567229747e-01
1.018870213408016312e+01 9.340706274444348090e-01 1.637182875668031223e-01
1.515292668996159087e+01 4.547094052628122274e-01 1.544784290145828631e-01
1.438964967339424916e+01 5.270907447329808981e-01 1.074295054976946023e-01
1.040558834907505137e+01 9.919505934514354362e-01 1.118091047194647164e-01
1.049550233320810122e+01 6.939947681622015141e-01 2.833184703683435113e-01
1.220087504440382098e+01 7.140459971368375847e-01 1.152403100365235467e-01
1.037294889663160724e+01 8.632130247458630334e-01 1.862475292822226014e-01
1.146071138511075382e+01 7.064339289674096412e-01 1.810950783140461429e-01
1.440951881135677048e+01 4.261196168688743957e-01 2.283798808083427057e-01
1.008734796952208690e+01 9.405222304757275831e-01 1.737815991180703956e-01
1.261054677483920017e+01 5.897229937037230529e-01 1.742585323151020216e-01
9.817010116305297629e+00 8.572904051963402550e-01 2.657597224394636637e-01
1.300439148631043551e+01 5.066327999187129061e-01 2.585512376514518262e-01
1.267814607903934387e+01 6.109725452162921844e-01 1.574369304761397137e-01
1.512094351288715721e+01 4.235894538556986832e-01 2.088159453090724649e-01
9.645264037613127783e+00 9.737866249700544152e-01 2.039871541840924396e-01
1.088043843160939694e+01 8.445451314227876427e-01 1.470570858378479895e-01
1.534934475902867135e+01 4.454093103104952434e-01 1.509732376843150037e-01
1.310261630720908244e+01 5.153294500264854472e-01 2.225142387163391022e-01
1.164763559840979745e+01 7.758268389785294428e-01 1.215932958774535999e-01
1.602409320605671539e+01 4.049944395673529818e-01 1.377551768800832910e-01
1.402105716491136356e+01 4.531794156958046660e-01 2.348748764070444084e-01
1.061391203581446696e+01 8.923338641137554816e-01 1.479814378417362020e-01
1.167587325994530190e+01 6.514353496162323953e-01 2.304638821997082587e-01
1.161658016232298429e+01 5.408479572452171702e-01 3.651070089830015797e-01
1.244898930335279985e+01 6.865482365808132093e-01 1.187372452998332051e-01
1.369026751625635363e+01 5.148731559461665608e-01 1.774234492393512441e-01
1.533727854723540318e+01 4.416027908407930691e-01 1.402003698998649517e-01
1.213836733736494899e+01 6.540454405984130748e-01 1.521087318680424683e-01
9.392481540883096613e+00 9.236767962675720423e-01 2.625011769663898598e-01
1.409583727093628269e+01 5.556735090092055351e-01 1.057363745349706313e-01
1.456899104379145804e+01 4.372588280935999494e-01 2.055483990154214347e-01
1.039438762260159876e+01 8.685171477188462497e-01 1.805895778128212004e-01
1.177984372483965458e+01 7.483374025023229459e-01 1.305434359810472289e-01
1.009483094224488831e+01 9.844507151674963819e-01 1.516595044051973484e-01
1.737343179122348147e+01 3.536614310891276758e-01 1.355538823679265648e-01
9.295641099759892612e+00 9.977085002567368521e-01 2.310248602215676794e-01
1.282524919638959915e+01 6.026922508521247446e-01 1.543903571220909821e-01
1.068193678246655587e+01 7.998391743522859088e-01 2.055574942592055532e-01
1.427578991180996582e+01 5.326807328843509159e-01 9.793994565816409315e-02
1.048349484602758253e+01 8.416132576612532779e-01 1.909289968059524056e-01
1.426610163929080066e+01 4.213525974865766077e-01 2.634105276776934068e-01
1.114552619005089618e+01 6.772594640802400701e-01 2.541245294016169498e-01
1.581429656765809355e+01 4.207573955302239543e-01 1.258748587412840125e-01
1.230696289963923107e+01 5.480939023135771304e-01 2.654256071948121187e-01
1.298057858174621870e+01 5.469939950416592422e-01 2.016566510316770422e-01
1.010291070556646176e+01 9.107256801989123129e-01 1.996480298711011958e-01
1.268040766459674806e+01 5.710740334275383745e-01 2.110146936990970612e-01
1.319917029540290443e+01 5.577812015398254664e-01 1.704934214979307583e-01
1.754435347827704916e+01 2.960271558458626995e-01 2.481703601739411180e-01
1.362672401046473070e+01 4.890219378729421251e-01 2.231329398907795913e-01
1.811401117799783123e+01 3.290284769444595803e-01 1.432023817595709791e-01
1.080720251080113137e+01 7.990260495025932608e-01 1.877427102130301562e-01
1.999406364411971282e+01 2.385556889960732119e-01 2.422323020153151207e-01
1.296915330698381119e+01 5.356921973049181274e-01 2.095776270768261451e-01
1.103866252438554163e+01 9.236767962675720423e-01 7.422606441717156944e-02
1.598799629169519143e+01 3.869758974143460151e-01 1.832167492949939580e-01
1.261617370585179110e+01 4.958450337850163758e-01 3.120849780565363996e-01
1.439692913002319408e+01 4.151602945938278055e-01 2.576774419372883651e-01
1.371171303874129244e+01 5.648836418285545502e-01 1.110958898391987831e-01
1.033954717228053610e+01 9.910013307273911609e-01 1.034136998364915405e-01
1.055366323627276159e+01 8.480899565225881176e-01 1.815523850496204850e-01
1.157960547020652697e+01 7.527768609370829589e-01 1.443821209543280637e-01
1.172417858792312906e+01 5.882558565438831266e-01 2.812327863611088219e-01
1.195821591110315119e+01 5.708364702456119044e-01 2.887596419408900439e-01
1.192064007237724610e+01 7.040296249013781038e-01 1.540348851123734264e-01
1.449276781084300048e+01 4.681297157782494667e-01 1.831278905671053781e-01
1.092017731895135668e+01 6.971063784038330491e-01 2.725427064159105517e-01
1.237258215169273612e+01 5.874565955503596726e-01 2.137342590751620530e-01
1.039493301647300605e+01 8.230689265988916370e-01 2.115523957722563742e-01
1.198626581527315338e+01 7.096816113976893714e-01 1.320862735005821076e-01
1.084310940393636002e+01 6.912809154207442131e-01 2.734645075475071185e-01
1.108360510418298617e+01 7.423798063305686590e-01 2.253864392999436750e-01
1.086688417479790125e+01 8.679805616202869167e-01 1.429376443345579395e-01
1.502392081218851416e+01 3.835514692200572284e-01 2.750264926726399550e-01
9.631445237503314161e+00 9.828673855566312234e-01 1.960641214108445052e-01
1.348496529216359363e+01 4.581458427952841417e-01 2.767157924463149454e-01
9.624964557633449047e+00 9.444487928021410017e-01 2.260541053581097970e-01
1.641081146734777718e+01 3.184865069821580796e-01 2.700011241076150093e-01
1.421334006367712988e+01 4.206054867728457047e-01 2.488906844185971301e-01
1.349144521426186571e+01 4.897867060524622174e-01 2.179305284974244472e-01
1.721326073670979895e+01 3.661639247010941012e-01 1.220458736125279858e-01
1.295400443121256728e+01 5.107739572282148366e-01 2.416429286719351810e-01
1.006114402922803031e+01 7.910958855820676705e-01 2.762038010997462933e-01
1.560640659922519724e+01 4.101962228626573337e-01 1.735801681320573719e-01
9.815725073686779822e+00 9.931524496840433702e-01 1.773337185596474408e-01
1.805858910229645176e+01 3.359900084775459539e-01 1.343997653676470283e-01
1.016477479577886811e+01 9.305834906658840833e-01 1.580732401822546040e-01
1.154517708238496532e+01 6.905198657567249709e-01 1.905401707535244737e-01
1.471565555465379305e+01 4.469250458319319885e-01 1.869657921096037345e-01
1.194791018664947124e+01 7.029295108499399314e-01 1.435956402875881166e-01
1.278239327605405862e+01 5.855612963566125817e-01 1.851056115116149203e-01
1.141168334721120914e+01 7.325362839698169592e-01 1.406024322713318453e-01
1.184523066203524344e+01 6.325906029665545605e-01 2.140972523306706454e-01
9.931173141909148683e+00 9.711607717906749482e-01 1.748306389002199368e-01
1.162871858258005275e+01 6.510705221411695609e-01 2.257286354808244466e-01
1.022365741153122798e+01 7.954099753293234487e-01 2.801821928451995181e-01
1.028013202627827383e+01 8.853566136512286411e-01 1.857918720148181713e-01
1.668079184376073343e+01 3.904305894568249058e-01 1.246962287643431783e-01
1.620898654459150734e+01 3.445225689964908633e-01 2.362198031904301498e-01
1.029479220713531618e+01 8.869522072262197021e-01 1.754983940203656279e-01
1.161566009513037301e+01 6.912241488853001492e-01 1.860573479490154336e-01
1.456868226342208494e+01 5.446756484554293731e-01 8.090901532923112927e-02
1.035720461200996745e+01 8.481654303856167587e-01 2.080907566285306043e-01
1.011985285129073553e+01 7.890287819815998693e-01 2.680212842742287216e-01
9.979715478526454575e+00 8.910989168860606879e-01 2.169243451959827762e-01
1.040933461919478908e+01 7.663595431386005519e-01 2.548933700250721190e-01
1.160717316762553963e+01 7.697512439186159350e-01 1.220442576255841849e-01
1.017982142534067869e+01 8.649582183682384962e-01 2.134205218742223908e-01
9.897095938787549230e+00 8.234246340931674624e-01 2.712641241246112056e-01
1.105600559826798523e+01 8.763896520418017477e-01 9.828164358945680468e-02
8.991784238676105545e+00 9.552210561115563880e-01 3.099359023025465842e-01
1.207309726039131448e+01 6.302980068837513716e-01 2.180025293296923850e-01
1.549976539439000334e+01 4.705345501723172119e-01 8.537397644024632970e-02
1.272851245637894380e+01 5.955657195807971815e-01 1.747606840347059043e-01
1.947937043867367990e+01 2.773271103286865102e-01 1.661421539014931170e-01
1.289163262549313949e+01 5.319908547514237140e-01 2.216448444024557429e-01
1.397204853552281278e+01 4.735938304803440357e-01 2.119468081480328503e-01
1.809049603680154661e+01 3.373308375175019802e-01 1.125228448604054243e-01
1.110699658579161841e+01 7.555836395825004104e-01 1.904767321991209239e-01
1.286403718436184818e+01 5.780989439883962300e-01 1.902177971479130647e-01
1.261515422414606746e+01 5.363699738346724422e-01 2.580510463022921974e-01
1.350200189632138326e+01 5.887504919046782081e-01 1.128554947169550376e-01
1.377606532447449972e+01 4.868631961885577231e-01 2.077549436732707977e-01
1.138627747275368840e+01 7.300073161240195896e-01 1.795302664251621771e-01
1.289789964703356695e+01 4.533490797795052818e-01 3.293215538348014948e-01
1.105857161118940013e+01 7.585510577980750790e-01 1.877843871630639760e-01
1.495009219912698661e+01 4.320227984741745186e-01 1.856966341007000587e-01
1.138453330809983299e+01 7.541672283341844807e-01 1.874461807744063624e-01
2.143446636795744098e+01 2.035567336957581352e-01 2.578130456466332099e-01
9.614622297872625012e+00 8.779262623036625524e-01 2.613631141032587424e-01
1.410878933014653747e+01 4.776694435973497521e-01 1.798073483766708114e-01
9.875562000752200476e+00 9.938671129650822333e-01 1.550617455206455553e-01
1.048893166822664469e+01 8.262222370662429816e-01 2.121785184429266224e-01
1.457299207340754243e+01 5.066327999187129061e-01 1.230839156130170559e-01
1.204828645969004164e+01 5.780592996020790242e-01 2.528507726391102661e-01
1.030518463361383397e+01 7.637300306742309530e-01 2.666026822117759654e-01
1.020241214434972044e+01 9.830662468692475953e-01 1.264831137374651804e-01
1.087807756875298359e+01 7.173891798213529736e-01 2.586708927043941397e-01
1.028802978420518777e+01 8.833344325704953759e-01 1.848985914402437314e-01
1.065705082526673486e+01 7.695198393558331240e-01 2.085095784159075316e-01
1.530831838191445193e+01 4.685383652504546137e-01 1.105256355318859629e-01
1.050785468898891573e+01 8.899010532847494437e-01 1.504225424537782574e-01
1.164565200584180715e+01 7.333525125285589308e-01 1.664580045141119402e-01
1.185164754313637125e+01 6.737103504238295404e-01 1.852972050175984986e-01
1.467323182761695399e+01 4.238259670207301100e-01 2.188815804258067432e-01
1.112816736492063541e+01 7.241765899055293554e-01 2.266800590213225164e-01
1.326319614783975886e+01 5.537905169377144166e-01 1.696042107671095478e-01
1.068678852313236582e+01 8.709943236689846602e-01 1.423673233146086070e-01
1.032885995723913020e+01 7.984220644514418153e-01 2.469785681403260380e-01
1.435246382105836460e+01 4.530958932936205996e-01 2.051979517705177225e-01
1.020672668728785659e+01 8.328322498735833967e-01 2.363404435739947795e-01
1.316766546705905938e+01 6.264360203084367029e-01 1.043670344359754476e-01
1.868895328275308643e+01 3.166650309287734610e-01 1.357087563457915758e-01
1.447781722633401991e+01 4.775797197574165320e-01 1.601944317328456713e-01
1.400117283273583091e+01 4.519538560360523149e-01 2.460254752344071538e-01
1.010495808550622243e+01 8.546098621327619105e-01 2.339601961320144086e-01
1.562190064825322366e+01 3.744880814942526115e-01 2.259917207861626420e-01
1.095015225941058290e+01 7.364818678151209275e-01 2.256352318350474118e-01
1.313194738451858434e+01 5.114652578212781631e-01 2.315519950274983196e-01
1.176765505319025706e+01 6.687703347822050448e-01 2.056625500892488301e-01
9.278728183075015679e+00 9.464669221978547764e-01 2.664400942160697894e-01
2.093107675552306546e+01 2.305015490678259116e-01 2.104587497303289090e-01
1.602265963511255720e+01 3.996366365661712106e-01 1.623228243073873422e-01
1.293848537640221785e+01 5.296555610206090670e-01 2.258290316521010532e-01
1.126563825496270432e+01 7.355590240657287060e-01 1.801422540214029644e-01
1.383084750039627231e+01 5.354690585468123709e-01 1.524034030121733940e-01
1.615690120127357332e+01 4.043116931514862400e-01 1.353044679269918560e-01
1.268898831748718692e+01 6.017478032051261083e-01 1.712554877210059057e-01
1.063666378744160923e+01 8.101187209064583117e-01 2.010506541612477882e-01
1.180185461360405519e+01 6.325368399691121413e-01 2.150028256481149036e-01
1.468568483400290603e+01 4.619640692448724884e-01 1.766753249773995171e-01
1.064560119804969851e+01 8.207975302076452317e-01 2.127806581197826119e-01
1.337203587069492805e+01 5.291847401300614484e-01 1.990422516842048350e-01
1.508521006508158635e+01 4.128220853824114966e-01 1.868029628199397441e-01
2.286596954972052842e+01 1.961501043706282699e-01 2.189632257987530750e-01
1.379364551451094911e+01 5.019194953216694621e-01 2.023867789376077586e-01
1.589412602828882015e+01 3.598987716392870184e-01 2.154241111223787475e-01
1.283593426503774815e+01 5.489439050109803375e-01 2.079331102709102430e-01
9.785948914836255952e+00 9.958665265503090502e-01 1.661074566513761064e-01
9.963413808618359013e+00 8.932113886469567055e-01 2.182319393292416199e-01
1.107940791458624474e+01 7.816111596754139468e-01 1.723903428405240412e-01
9.392807117028343811e+00 9.760591680892579669e-01 2.350202506521880397e-01
1.422109803038957132e+01 5.017003146958973758e-01 1.428629802113160763e-01
1.259067200128321851e+01 5.716947400277080371e-01 2.221994980436033384e-01
1.524237853327977632e+01 4.453829699630588168e-01 1.396084910287513359e-01
1.152541256202288977e+01 8.059311026314226467e-01 1.121353731176346069e-01
1.164969599344193441e+01 6.613941596352131969e-01 2.052739408740162363e-01
1.380587008300579832e+01 5.181418351277801149e-01 1.674411672924444872e-01
1.437235021214488739e+01 4.956878677114091580e-01 1.495816079158266698e-01
1.444904369355632845e+01 4.816090901757412168e-01 1.642252149532833216e-01
1.343142192877267682e+01 5.262444040620444241e-01 1.903217012155099808e-01
1.114707787060053690e+01 7.919174120841313558e-01 1.577491563091348858e-01
1.576420449439108395e+01 4.067680801097608434e-01 1.455921412864042142e-01
9.484562929842935475e+00 9.608023523249096254e-01 2.269541853692725319e-01
9.962220013457425694e+00 9.410475799222847160e-01 1.881494529502252544e-01
1.286215377885630851e+01 6.696280891845030059e-01 9.972187557520778567e-02
1.177908934647103401e+01 6.233316235568142627e-01 2.581246441342536224e-01
9.616250132457668798e+00 9.272499493302057694e-01 2.268724624028956582e-01
1.296805016309986236e+01 4.722333750031229016e-01 2.840443852832567062e-01
1.845822043035972726e+01 3.354035108851278202e-01 9.626520650298851789e-02
1.315911446689986164e+01 6.239692477311672425e-01 1.128897741138787242e-01
1.233893516918124256e+01 6.099287247236420129e-01 1.836004534751986272e-01
1.133750990276588411e+01 7.756025652570192053e-01 1.421134015363503811e-01
1.038980839763422459e+01 8.485125586075521475e-01 1.978305242706361045e-01
1.436539247040454192e+01 4.470783802253284756e-01 2.070000200636158694e-01
1.288896809823172873e+01 5.400304401731566006e-01 2.221467133711880482e-01
1.351028656046587351e+01 5.573816839512535370e-01 1.396482204420073370e-01
1.437245149920200227e+01 4.551321177199246226e-01 1.942641101243597623e-01
9.479676776970489271e+00 9.704626541228564829e-01 2.293103864915938539e-01
1.377995748609237658e+01 4.774306674637591730e-01 2.113988970285662627e-01
1.458335064826399474e+01 4.310770865712523214e-01 2.228739080701535313e-01
1.351586140745405906e+01 5.600742342090202497e-01 1.399135086945340611e-01
1.609443706888297143e+01 3.629425564890488287e-01 2.197729461093017866e-01
1.095001990189583552e+01 6.669849810162349346e-01 2.831891915022357042e-01
1.499857078727894866e+01 3.855393445170689493e-01 2.609690602494781353e-01
1.178889783287440451e+01 7.159802222259513682e-01 1.423318948821933050e-01
9.725130024426695385e+00 8.265476206459624331e-01 2.931919292548973432e-01
1.769031620399675830e+01 3.130917311728220742e-01 2.059127012766598930e-01
1.680427833102267243e+01 3.436943650036297648e-01 1.940823989761773782e-01
1.166718668670447201e+01 6.986692625444110849e-01 1.880129094962437186e-01
1.060880471870721031e+01 9.919505934514354362e-01 9.051190715802236164e-02
1.255482676072519510e+01 6.799846247642369335e-01 1.079946593541435684e-01
1.217194243334636639e+01 6.451900419133869136e-01 1.748121001262450958e-01
1.040534237106619919e+01 9.336994299545243736e-01 1.403488301350492573e-01
1.768187879038956112e+01 3.555039218050323746e-01 1.263784878480410934e-01
9.219331184115979738e+00 9.470829762478903957e-01 2.938846388935554832e-01
1.039245559151847154e+01 8.744679716721831531e-01 1.785639007200592321e-01
1.170034483214490884e+01 6.554888615519751660e-01 2.150784616998135113e-01
1.404877449640818199e+01 4.537829972263358047e-01 2.308238703967307182e-01
9.944206496638658521e+00 8.416196293695352715e-01 2.575970647336744968e-01
1.919983508089329050e+01 2.911134404803191744e-01 1.581282811188322035e-01
1.292097657191811244e+01 5.811268889480930566e-01 1.828957288892502087e-01
1.387686211215226528e+01 5.428795330868542157e-01 1.264271271362158722e-01
1.416057281158782821e+01 4.938458315930792097e-01 1.695345393406427204e-01
1.182316285643115528e+01 6.139680984979881684e-01 2.448158571823826624e-01
1.096476768300163762e+01 7.734745691053082073e-01 1.929006047503732668e-01
1.230581500731552858e+01 5.805672958953673746e-01 2.418381871428505192e-01
1.371982368523870477e+01 4.793480511328850890e-01 2.331694132144259968e-01
1.248241054627319180e+01 5.765382800741428726e-01 2.263944679636558932e-01
1.579596340144831679e+01 3.772914734536507164e-01 2.020862240196756865e-01
1.582142533936451301e+01 3.501768805015380570e-01 2.683549801830151793e-01
9.373471295881831367e+00 9.129529783995186110e-01 2.710875857948752410e-01
9.941359605485322604e+00 8.200827768003976503e-01 2.800123428769965561e-01
1.120878000256181473e+01 6.950708819767793534e-01 2.314215281989054629e-01
2.279903634352614716e+01 1.759168241108432784e-01 2.800512255787266924e-01
1.648826039230263873e+01 4.073867596392441448e-01 1.088786237760447362e-01
1.019722498836650892e+01 9.677754763100248070e-01 1.574862080077051585e-01
9.574006491519085671e+00 9.256843558612479761e-01 2.368881314724344822e-01
1.888496035357834302e+01 2.787093739855378560e-01 1.990349006438552892e-01
1.058400159943327523e+01 8.036246440480352415e-01 2.060863921675408772e-01
2.126155571389388754e+01 2.250607574926349053e-01 2.118179566306683803e-01
1.771556306227898148e+01 3.151805282731656166e-01 1.814506559906308159e-01
9.136531424031316462e+00 9.873564284133850011e-01 2.656998009755797141e-01
1.159337524766405458e+01 5.696131647147999466e-01 3.099059312394695787e-01
1.259978076131635838e+01 6.081265472277942452e-01 1.668694343838254823e-01
1.000211578712171523e+01 9.313102853764527733e-01 1.927297437768432375e-01
1.718354320707381078e+01 3.382120682716201476e-01 1.950283442654168475e-01
1.449658969366809558e+01 4.512516894680663748e-01 2.000069235316999372e-01
9.921773766100313807e+00 9.464537265687629208e-01 1.846681791505603298e-01
1.093677922476734921e+01 8.070940904018617523e-01 1.685950440562060948e-01
1.469419086045606271e+01 4.065884704164229313e-01 2.554763434226965946e-01
9.101380768480002104e+00 9.313102853764527733e-01 3.107704537882298723e-01
1.358986792908652674e+01 4.614461937681914594e-01 2.783334343188876847e-01
1.128846227262314450e+01 6.707678075434381215e-01 2.288056927024170739e-01
1.308110202962951085e+01 5.441463516779569964e-01 1.926038357403405121e-01
1.129847289553434386e+01 7.412193358238852170e-01 1.691303879855246273e-01
1.153924927374277942e+01 5.698063941764605067e-01 3.265857801367075264e-01
2.761628815747713972e+01 1.301737825567031992e-01 2.996671012969221448e-01
1.139338437371675461e+01 7.386447510641015457e-01 1.684327117682610508e-01
1.359751073266357579e+01 4.834059142241755036e-01 2.263412272912062595e-01
1.069177978990334488e+01 8.514925785048013118e-01 1.858494637485286483e-01
1.172020564163682366e+01 6.598019541343663752e-01 2.033711908046398342e-01
1.418813552116855270e+01 4.531301639845898843e-01 2.135931756231053413e-01
1.255900882840411548e+01 6.237672547684107727e-01 1.504744658074891328e-01
1.761099827223376124e+01 2.986492847363051428e-01 2.398739449851130523e-01
1.410891738164450082e+01 4.299551012615963064e-01 2.743565400651334918e-01
1.409403341789706587e+01 5.453730564176182405e-01 9.962357585657910519e-02
1.549253526293129291e+01 3.848039494174644859e-01 2.262508698446357713e-01
1.057043890922755303e+01 7.741200042028983930e-01 2.448956009953792701e-01
1.354914157181510781e+01 5.326268114584760127e-01 1.624262626912733876e-01
1.389646959845213736e+01 4.802101455004352260e-01 2.032884957962649841e-01
1.148322027403600565e+01 6.257917337627399990e-01 2.611932673119833348e-01
1.396341557331894911e+01 4.434691637738275016e-01 2.534984591149695987e-01
9.830306771362767648e+00 8.325977890858293762e-01 2.743279999646492384e-01
1.378794999413140232e+01 5.537225666203167140e-01 1.351333162336824933e-01
1.045696811046447472e+01 9.222641405567360007e-01 1.326350883816473647e-01
1.130659305547027849e+01 6.572982251453025615e-01 2.610166927981872886e-01
1.264762904271388422e+01 5.427822489781619630e-01 2.340191942134171865e-01
1.052183746957202892e+01 8.671791816758915861e-01 1.653805840036376706e-01
1.090659240624744086e+01 8.020381397689222425e-01 1.716742203685725776e-01
1.123571288049005901e+01 6.886337821997383646e-01 2.218067481763842663e-01
9.214501786428339614e+00 9.051145749803174434e-01 3.066669133790679846e-01
1.659090869111815891e+01 3.429307186213956249e-01 2.115819049509186089e-01
1.091770029780454898e+01 7.385111104289533435e-01 2.144113355691014411e-01
1.739534559626553545e+01 3.276337055727335801e-01 1.975085161964373059e-01
1.466953080202434734e+01 4.119061553848945012e-01 2.420585151299971538e-01
1.037660130248742263e+01 8.844180046539339424e-01 1.778384371941510167e-01
1.169923604471041045e+01 6.717093889933341000e-01 1.944233748765166747e-01
1.440069164005820390e+01 4.890436577704738164e-01 1.543241404989083854e-01
1.689819302876396989e+01 3.288831637116151896e-01 2.213053400916132896e-01
1.116266125720803437e+01 7.685524911360814837e-01 1.538743049900249960e-01
1.139877500134765320e+01 7.278978055624298893e-01 1.929701092564851117e-01
1.449509217355044655e+01 4.548700998475572743e-01 2.011749764358548853e-01
1.206793504855383503e+01 7.730336468336572731e-01 8.923382062577575602e-02
1.051020164686792313e+01 8.015950720026108200e-01 2.407864699614244985e-01
9.897418477010022642e+00 8.887183262943498807e-01 2.558639016957771073e-01
1.244813468157540548e+01 5.961802320696174551e-01 1.921264862289365494e-01
1.151639263120888224e+01 6.640456546168065355e-01 2.231357032606983426e-01
9.374658254701802917e+00 9.427731567688918402e-01 2.522076731823654216e-01
1.379172205196704937e+01 5.570676949252677534e-01 1.359622780220912930e-01
1.194407661847159474e+01 6.529994560946231763e-01 1.818767118563902885e-01
1.189024208062049581e+01 5.963261027118695878e-01 2.459927532600940936e-01
1.580988837046874984e+01 3.997739327117553754e-01 1.802696238421794550e-01
1.234743621347460696e+01 5.980515291111840881e-01 2.109992538096468195e-01
1.118531277304785299e+01 8.126020814680153803e-01 1.535928643043227571e-01
1.757696142807842321e+01 3.260333579915508095e-01 1.796965638711581492e-01
1.569409442055047954e+01 3.813717812802498996e-01 2.167390084015706486e-01
1.486284332127843477e+01 4.300984449384898101e-01 1.958610217302060585e-01
1.113095936617774839e+01 7.941737346597840252e-01 1.606718320485952811e-01
1.329057269200670000e+01 5.720283876727514372e-01 1.536107852764807546e-01
9.845242372402520203e+00 9.690966824793564305e-01 1.694305294375827164e-01
1.298199573300787968e+01 5.350811912218957911e-01 2.041632786098303010e-01
1.021422878096923448e+01 8.534788905539211212e-01 2.234163017067473667e-01
1.042382644074664988e+01 7.342702268515083341e-01 2.757813146251346104e-01
1.249560030883235306e+01 5.733349015799855675e-01 2.124037962137735047e-01
1.944711419614208125e+01 2.432392335260384897e-01 2.627080180554516864e-01
1.633799993414094942e+01 3.980448360803700569e-01 1.464344241800044355e-01
1.047243693376196561e+01 9.123947212953795738e-01 1.475934470662687570e-01
9.612712880069297583e+00 7.683988363963925039e-01 3.687253046149183699e-01
1.927914797552394077e+01 2.747111463559406275e-01 2.005077210561223566e-01
1.131704888351005955e+01 7.383295685663723296e-01 1.827740727977127944e-01
1.262878939133879186e+01 6.933622114912182388e-01 9.265445116066298170e-02
1.255548338411467846e+01 5.406346025392610999e-01 2.505751885161017767e-01
1.744866027886466853e+01 3.056709533062397233e-01 2.395384891640108538e-01
1.065885680265791891e+01 7.988856827317244447e-01 1.926231147818878719e-01
1.164895714200267562e+01 7.789309762493841216e-01 1.153375250468749169e-01
1.176515498880041299e+01 7.753532404181663340e-01 1.109491555735706431e-01
9.722532473981514656e+00 8.650784483837261618e-01 2.693439053412200468e-01
1.803609811871415047e+01 3.688739967851982215e-01 7.097870464330334472e-02
1.430631287512009209e+01 4.401518371311675115e-01 2.224583058304735739e-01
1.699842083330082332e+01 3.784377357025057731e-01 1.047706397620068591e-01
1.007874026941855128e+01 8.230689265988916370e-01 2.495615189344050355e-01
1.126292539896611444e+01 7.803823873327992988e-01 1.520200605422688256e-01
1.082735966939649863e+01 7.297326148118542521e-01 2.282408090301524251e-01
1.399566959922567655e+01 5.089930347986973969e-01 1.669050118833587948e-01
1.532787080655572787e+01 3.911650779719987314e-01 2.189203264080394895e-01
1.163632142966001659e+01 6.711555703897656988e-01 2.114262299483305463e-01
1.529854766040287473e+01 3.869567420576170980e-01 2.331869285102571299e-01
1.252711029467385373e+01 5.380873974129909421e-01 2.361062887501491903e-01
1.422542561085770707e+01 5.166656054432513523e-01 1.338277982831833357e-01
1.165099456161217084e+01 6.719573320351984735e-01 1.982276642714571602e-01
1.133110746943051517e+01 6.526422030514257289e-01 2.682881714619889668e-01
1.737548435042626949e+01 3.545539007106128238e-01 1.427733811352931981e-01
1.070971056128155574e+01 8.175947292102817565e-01 1.742163581170014519e-01
9.419110181731975118e+00 9.649044860731144091e-01 2.430499406864305434e-01
1.113402468723413818e+01 7.698129711897226946e-01 1.804025801121958150e-01
1.210771904540311539e+01 6.943376450268491373e-01 1.492818711616137051e-01
1.044910615401687082e+01 9.331070001532756342e-01 1.402712491099405989e-01
9.458747971133552923e+00 9.909682178462232427e-01 2.021746466554042998e-01
1.352190902775167203e+01 4.817556924553328401e-01 2.499080142324476006e-01
9.507617127501010401e+00 9.103927838239538328e-01 2.611920583539127927e-01
9.842835252013715674e+00 9.689698267458876080e-01 1.793210698741688480e-01
1.221947738168065101e+01 6.691183537393733394e-01 1.589640737308851415e-01
1.041326171781392773e+01 8.283724810888358769e-01 2.129056710540505881e-01
1.054668680296081185e+01 8.047376486837344300e-01 1.997355456077115898e-01
9.884447549998823135e+00 7.962907963314536097e-01 3.138432810037570797e-01
1.057954853377184001e+01 9.090942364866677616e-01 1.361561190655290465e-01
1.169263151932777589e+01 6.068212154550500781e-01 2.640857599564335190e-01
1.078814217013425214e+01 7.889690980161735423e-01 1.952806788921369885e-01
9.641233887322231411e+00 9.420911901565578450e-01 2.139748690541140863e-01
1.187132025001813673e+01 6.451720084480701001e-01 2.081298740032131167e-01
1.047721082053549679e+01 9.835371702856303688e-01 1.003479072315513476e-01
9.585869988351433335e+00 8.957492179990411696e-01 2.621060609307917511e-01
1.170671268895144301e+01 5.769602281297309121e-01 2.953665448365250801e-01
1.401838355238778000e+01 4.772239238460579958e-01 2.109538119399300415e-01
1.640219221624205304e+01 3.581707906441438105e-01 2.018594063590679055e-01
1.944504626860630125e+01 2.453954045149097096e-01 2.337880782535087520e-01
1.736037366747668287e+01 3.025925224294968019e-01 2.399827568417121082e-01
1.103253377821696368e+01 6.693879329056793281e-01 2.816347230016428838e-01
1.178924672237575955e+01 6.901577354694427013e-01 1.656273147560990699e-01
1.101694563638953284e+01 6.905020699199414524e-01 2.503839498398823804e-01
1.435993714171663527e+01 4.323684966554389164e-01 2.313730781335565645e-01
1.076867881976028052e+01 7.469238539915523667e-01 2.374061129531050973e-01
1.227756680081930085e+01 7.198018456984723867e-01 1.087931014972514654e-01
1.062841089836790864e+01 7.493545162771977353e-01 2.581506424496080032e-01
1.183044692535213649e+01 5.791758542733008719e-01 2.682835310174377375e-01
1.167547592513533594e+01 6.080360745445473336e-01 2.587566327479243755e-01
1.121514333553669118e+01 6.139790488572675065e-01 3.190027068346308337e-01
1.621493553356634720e+01 3.905011553413686998e-01 1.627388194649991293e-01
1.149289496693124590e+01 7.537873919228770259e-01 1.348212710018069083e-01
1.656667129136084782e+01 3.870033879960421141e-01 1.439604050019902826e-01
1.044295922375757968e+01 7.889018464738182246e-01 2.436775555393561610e-01
9.748743580453368196e+00 8.758805874991609786e-01 2.472302609722088207e-01
1.063384648879597982e+01 8.724995316629782227e-01 1.354910955995148047e-01
1.015458589778449827e+01 8.850117477535809352e-01 2.064544005843691743e-01
1.155174010103640647e+01 5.862948854764200579e-01 2.993645865226252090e-01
1.723950692684014641e+01 3.084063480635907961e-01 2.253278524522080717e-01
1.830760841702161557e+01 3.115694669118713178e-01 1.665556479864043482e-01
1.023305353502445492e+01 8.203562773356386506e-01 2.385799329597547980e-01
1.902381153958933169e+01 3.072166815624057246e-01 1.194286148011174803e-01
1.121763224823943972e+01 8.541040821848256970e-01 1.205581286525782281e-01
1.433943612918652910e+01 4.563275821230240448e-01 2.087281361311995875e-01
9.761769827514742204e+00 9.689108530232539707e-01 1.950422819226408921e-01
1.671807553845725636e+01 3.354329432032644998e-01 2.262247073679404807e-01
1.093118714606209529e+01 8.922899077326577055e-01 1.031152867084119129e-01
1.109123814863999158e+01 7.633959401773332543e-01 1.812618054375222665e-01
1.350542070458163835e+01 5.219885319633480458e-01 2.024354779626286183e-01
1.200864954817935981e+01 7.473568968577491978e-01 1.166001594269963915e-01
1.781777179996500493e+01 2.682375577623313245e-01 3.029303911292008933e-01
1.327922844974641059e+01 4.510787669057647054e-01 3.219473606040138547e-01
9.307218133118544401e+00 8.909585450086338065e-01 3.051736648112446382e-01
1.089235553128406231e+01 8.285059482674812514e-01 1.502123635256567835e-01
1.048852878153311963e+01 8.689575774060622759e-01 1.602299286650981369e-01
1.193585439771260504e+01 7.509472241736254716e-01 1.070960284613027280e-01
1.556372127445695597e+01 4.298974848370504254e-01 1.469884152511505004e-01
1.034811210450421193e+01 7.825146653331184199e-01 2.456303014333809931e-01
1.266187041025336946e+01 6.652477225847609477e-01 1.129810480754196156e-01
1.243992400179998192e+01 5.989280530610274766e-01 2.108535964033479704e-01
1.395809986768353106e+01 5.136065921107528798e-01 1.520329523669361749e-01
1.073637715894846956e+01 9.406886746476698091e-01 9.836109754875285716e-02
1.228127444590638895e+01 5.797129065870443299e-01 2.425999623329225530e-01
1.051355851066761105e+01 9.147526313348403049e-01 1.501129595277498063e-01
1.123072014988215273e+01 6.949749384228932625e-01 2.206993626633500238e-01
1.071634419524372106e+01 7.025556892388284957e-01 2.741438452546329785e-01
1.434581964523125386e+01 4.283495120972148351e-01 2.408173509466808582e-01
1.212088481044066057e+01 5.825293418659303057e-01 2.427970594213036959e-01
9.905437230338433707e+00 9.284671976498295454e-01 1.959037975343633775e-01
9.931857290101756774e+00 9.141912580497896235e-01 1.922859596262560256e-01
1.112918972972357423e+01 7.099448827034797738e-01 2.209196719871240888e-01
1.135538648009849361e+01 6.924578905726787026e-01 2.280338519908348127e-01
1.106718169215840675e+01 8.534788905539211212e-01 1.291270304936038560e-01
9.854940100397278968e+00 9.081136038939241484e-01 2.266025559075509899e-01
1.135250220841279045e+01 7.737736884124337688e-01 1.575223488206650702e-01
9.995192707126024700e+00 8.234315910897227475e-01 2.555409753183633392e-01
1.191457214993181424e+01 6.982386439748213824e-01 1.496299952018194657e-01
1.083667299009236729e+01 7.648648290239408176e-01 1.954872380402915555e-01
1.250444490457890723e+01 5.669111526281134239e-01 2.273723503120298195e-01
1.080315141992721095e+01 8.611569829940670662e-01 1.457590093173061763e-01
8.672095246325550733e+00 9.934626640316259749e-01 3.252040797025834706e-01
1.085872972789490198e+01 7.453199645444854582e-01 2.351109509196733782e-01
1.862933026775900913e+01 2.791596296344555084e-01 2.120268271502626367e-01
1.415328459577074049e+01 4.679512217900245741e-01 2.055323744395207985e-01
1.070428703297035788e+01 8.273913476669075839e-01 1.880014429409320731e-01
1.366032779253025886e+01 5.065642381916506398e-01 1.903794145329239795e-01
1.110491398303356902e+01 7.284803902827868827e-01 1.738456744072702231e-01
1.118852943639256026e+01 6.295837523161710303e-01 3.168479449913878532e-01
9.424287043987257917e+00 9.271394588827978067e-01 2.653617156407619970e-01
1.434257380872021592e+01 4.639410590060750739e-01 1.865838113532172771e-01
1.238022792321123688e+01 5.369228028359853688e-01 2.549762489324166048e-01
1.157683670465269721e+01 6.574887695388227371e-01 2.364512314704384499e-01
1.105813864148242409e+01 7.785392571249321048e-01 1.741785322976714123e-01
1.160698314030078393e+01 7.069615359093328610e-01 2.048684684862560335e-01
1.068782712866169504e+01 8.088754849922918932e-01 1.925677751181999464e-01
1.026810848612457150e+01 8.903719855475882294e-01 1.798023945470931251e-01
1.241166716882685073e+01 6.723811399909945807e-01 1.280250920008629278e-01
1.356200770641698483e+01 5.353372470265022054e-01 1.573006253766998930e-01
1.129072137111554319e+01 6.798513627826284766e-01 2.354746469686176125e-01
1.122337555083083060e+01 7.097132239271261023e-01 2.097170711707077584e-01
1.317818819071282199e+01 6.287604381500037087e-01 8.463345845602816830e-02
1.200084879715089770e+01 6.019991648386280314e-01 2.363670324140151602e-01
1.601992942634984374e+01 4.204584513690138303e-01 1.098354933849809839e-01
1.634076937184917355e+01 3.500432557614032159e-01 2.104889142104585664e-01
1.031896524742881738e+01 8.410235928511303749e-01 1.959722417977000086e-01
1.018599096993930075e+01 8.697475284350766334e-01 2.068344523332320273e-01
1.253846634113424052e+01 5.765943004675689876e-01 2.111839155020554248e-01
1.510935441923747646e+01 4.168789435888023975e-01 1.950663475740525843e-01
1.344569473519372771e+01 5.160682700484388041e-01 1.939931938197977657e-01
1.309317438644506559e+01 4.720775747343706752e-01 2.887551560810944218e-01
9.804064066216504614e+00 8.820381276395208303e-01 2.657213290517440041e-01
1.537005791973455970e+01 4.374641247181669246e-01 1.417056283917912940e-01
1.364491875222915773e+01 4.622134621066851801e-01 2.694236084894424677e-01
9.905285781913978127e+00 8.495323368717290213e-01 2.459477971381943961e-01
9.927210669243059726e+00 8.199835273998470342e-01 2.971363230516308462e-01
1.044924283477539539e+01 9.573972154127043943e-01 1.407248786872434265e-01
1.178490254377829238e+01 7.224365544169684128e-01 1.516583993446159739e-01
1.381404243051714253e+01 5.981973218222350619e-01 8.461184156353432351e-02
1.040140672955202739e+01 9.178979746759888814e-01 1.479591673983290667e-01
1.312744552367446360e+01 5.659734001530644099e-01 1.616720840698241402e-01
1.138953757276819623e+01 7.673341295982291088e-01 1.697610122341315642e-01
1.219154444699160678e+01 6.228732413985618166e-01 1.941660109841555903e-01
1.492987848731225853e+01 4.051717476758635583e-01 2.299246325199542640e-01
1.274472166847800914e+01 5.988115114425393015e-01 1.709811628849971787e-01
1.121806282213904282e+01 8.154659263892574117e-01 1.273621038085224477e-01
1.135680786136816778e+01 8.588607317604037839e-01 1.032093835644610214e-01
1.116067824730144054e+01 7.326914828158874737e-01 2.038317656230806130e-01
1.619335411984458517e+01 4.114468782551686243e-01 1.243182937583248854e-01
1.159586712766154015e+01 7.388710576852519640e-01 1.681891359108528550e-01
1.315458616508720979e+01 5.452269930957234223e-01 1.857802141582298727e-01
1.544049830652667588e+01 3.674199528907734491e-01 2.612596894978418405e-01
1.220095527895333731e+01 5.965504534947269066e-01 2.016323275837771378e-01
1.641140710578615014e+01 3.703146723766307380e-01 1.566438315544666504e-01
1.058244369234260240e+01 7.745807798677434297e-01 2.260866689678031616e-01
1.181507617584963654e+01 6.273168154954011921e-01 2.284902854556735141e-01
1.153793677203534962e+01 6.918693397639293918e-01 2.047042433146409046e-01
1.331457948780354350e+01 4.829255408924381654e-01 2.417255716409288657e-01
1.979999141350068115e+01 2.823897495645625311e-01 1.321549639141346433e-01
1.155677483574987896e+01 7.642284573920991031e-01 1.239578675374587852e-01
1.010712296937869148e+01 8.763896520418017477e-01 2.013911413552767204e-01
1.096624690577802497e+01 7.408644145604132980e-01 2.092334607285244730e-01
1.092531374605069594e+01 8.150196841083681143e-01 1.538329671016893385e-01
1.220072253676824303e+01 5.767214252710448630e-01 2.520624886234084094e-01
1.097399701483860213e+01 7.574615581635427697e-01 1.959400947964715367e-01
1.438101077231938874e+01 4.665824933685948639e-01 1.956895144167610789e-01
1.334555405270664963e+01 5.074100230825348001e-01 2.197280371464729321e-01
1.279088807062979960e+01 5.836145008055265704e-01 1.792222648428917209e-01
1.029803967379490182e+01 9.452227466596812011e-01 1.384364205904908829e-01
9.958071968026674270e+00 9.198251431996824490e-01 2.075096503226830369e-01
1.080990263038223631e+01 8.322570550274346335e-01 1.593715899693396165e-01
1.718734846441914499e+01 3.706130017324603121e-01 1.279334305394760896e-01
4.607300186831184163e+01 6.592523795485698279e-02 1.566262654155808065e-01
1.917270049232425322e+01 2.563512700837462521e-01 2.475172345573155575e-01
1.484018341532773277e+01 4.696371599185856782e-01 1.566774477958275402e-01
1.208036395989957690e+01 5.770148479283432330e-01 2.587224234696322567e-01
1.071819251264469841e+01 8.244693479399880509e-01 1.852386477489570693e-01
1.247640418585383060e+01 6.462246477438100545e-01 1.425483486790754539e-01
1.312229029907731714e+01 6.120374240364142571e-01 1.309883154348097101e-01
1.431372655918380055e+01 4.875678401680854090e-01 1.751636396328622169e-01
1.411133815305245598e+01 4.722333750031229016e-01 1.800122581853134396e-01
1.094686028206464457e+01 6.753397129755720485e-01 2.630261277437930256e-01
1.017403103117898944e+01 8.626298564246168699e-01 2.019521035983032897e-01
1.459350388633441931e+01 4.169289041626840220e-01 2.449729784917025754e-01
9.574261538929183857e+00 8.918223647158481926e-01 2.591322785634038728e-01
9.668597963782202598e+00 9.568222753888823151e-01 2.101377728737389983e-01
1.078613305715343529e+01 8.231689412033618147e-01 1.584113540777598861e-01
1.463950014135193278e+01 3.883466079207710808e-01 2.760463690445970064e-01
9.918915815393216207e+00 8.631015590460358045e-01 2.425850218884099962e-01
1.692137369267935654e+01 3.678001264951759053e-01 1.472235264444526348e-01
1.312776085206976973e+01 5.879375001038230630e-01 1.463969499129947061e-01
1.261341426511927999e+01 5.715897314055149447e-01 2.132730820012658235e-01
1.227064127038632613e+01 6.183204126139747459e-01 1.978894726124794667e-01
9.937040665023131325e+00 7.927592644350324180e-01 2.990073650913836478e-01
1.334725102789856699e+01 5.791419962433690394e-01 1.248350913871860701e-01
1.423915125244908886e+01 4.405515152762222164e-01 2.252802635971142553e-01
1.030731666722053497e+01 7.880325764990229187e-01 2.453844553802253803e-01
1.081058775184523668e+01 7.681890381337773688e-01 1.939640466008443476e-01
1.543520090802913280e+01 3.911297992288354508e-01 2.230722272276099705e-01
1.033878820319521630e+01 7.482094747969472159e-01 2.842739147994604032e-01
1.026769521699027443e+01 9.564623911177295712e-01 1.402097448063603646e-01
1.105905752414924414e+01 8.341728458297151816e-01 1.298385936337931867e-01
1.813968670476658929e+01 3.251336014632712490e-01 1.542079918134071637e-01
9.791377934817395712e+00 9.352104972605099764e-01 2.002960235258427479e-01
1.423924857246294806e+01 4.764370395205004272e-01 1.784795972564085231e-01
1.604889571727867903e+01 3.880056822005497064e-01 1.749580365020550754e-01
1.276393484693306313e+01 5.976296053573180167e-01 1.645442242382830211e-01
1.491651501987885986e+01 4.517855928796329912e-01 1.541148957181530943e-01
1.293527801899201535e+01 4.891283931912140392e-01 2.501170834434467971e-01
1.418642296497175082e+01 4.406492542909303811e-01 2.333555853510280442e-01
2.384077980602779334e+01 1.797529825305851092e-01 2.288861454352482672e-01
9.656084895785738809e+00 9.595364283236456071e-01 2.240053942730224901e-01
9.500815813071982419e+00 9.130833130488711369e-01 2.613602187618108696e-01
1.206848997169145399e+01 6.075227773928399966e-01 2.211031400421805682e-01
1.334097553740364894e+01 6.162007620065120816e-01 9.617336146064556224e-02
1.577967180576093043e+01 4.067680801097608434e-01 1.444692262745942146e-01
1.241717033437599937e+01 6.303783615792026840e-01 1.779560861576324482e-01
9.453726380448886246e+00 9.873067391935990145e-01 2.115806549772532852e-01
1.173882232074118548e+01 6.856538531115291546e-01 1.984647706220425967e-01
1.073957767997796786e+01 7.611745098161510903e-01 2.094799059453945345e-01
1.068350242154919272e+01 8.508662617757156710e-01 1.738684315828211424e-01
1.566767868514899220e+01 3.899041123944048115e-01 1.957268472599456577e-01
1.324283988076461860e+01 5.635781432728884655e-01 1.642996034522686000e-01
1.426198331646386386e+01 5.862668693140179466e-01 6.949292904198960119e-02
1.195163021776185630e+01 5.981024503825301819e-01 2.552250370431682902e-01
1.085424749539315670e+01 8.673434190427088408e-01 1.543812692052630720e-01
1.485688534154124341e+01 5.039134182507708504e-01 1.089862795084870772e-01
1.027059102328410489e+01 9.120416754194756725e-01 1.660364243736984491e-01
1.264276716066986950e+01 5.511545475654988646e-01 2.480786681801034621e-01
1.094956206148528821e+01 7.779840208913502142e-01 2.114475378571123165e-01
1.842446531171851731e+01 3.056709533062397233e-01 1.738894797801135705e-01
9.960614885311375843e+00 8.853707785035759281e-01 2.086610253101511825e-01
1.086110871901987274e+01 8.862884168134942398e-01 1.209967890919630695e-01
1.204997581988087241e+01 7.632305426530735515e-01 8.730708215855625953e-02
1.213484085069903351e+01 5.949919896132698227e-01 2.139158278693007731e-01
1.121268314127398646e+01 7.442750322219434667e-01 1.824118805723287107e-01
1.543260389856472692e+01 4.060917060728184147e-01 1.870873743090525065e-01
1.378611311418695351e+01 4.274230687444476318e-01 3.007715884942570583e-01
9.942509584567677194e+00 9.347185089818927928e-01 1.898819809399674430e-01
9.583446252054908854e+00 9.636375038147578787e-01 2.147662607173643212e-01
1.146923247402125945e+01 7.123955581856578068e-01 1.766255436006889390e-01
1.182709121405609487e+01 6.286231935797841341e-01 2.374678384661508823e-01
1.121948604341474365e+01 8.446977590183079032e-01 1.085667209369366587e-01
1.246754490322072328e+01 5.721559139891303492e-01 2.293218977690885396e-01
1.565719402763731694e+01 3.909077673773208583e-01 2.164728206521799314e-01
1.016919986151579991e+01 9.672168773233119632e-01 1.508133539874784712e-01
1.066685156317327277e+01 7.823824313471935410e-01 2.370341267773479199e-01
1.400358762929059253e+01 4.686771267624004200e-01 2.350723584450601089e-01
1.367166122319330235e+01 5.495318823837556099e-01 1.464523323211694428e-01
1.051664072881997036e+01 9.010655741045952016e-01 1.430843089520349165e-01
1.236593334803897726e+01 5.734261682251553527e-01 2.353997526941747631e-01
1.096862300907917742e+01 6.937366981213548556e-01 2.794433711855813796e-01
1.354064835772543951e+01 4.671333234525963385e-01 2.493667164706144523e-01
1.191303103429311427e+01 6.781585839258046366e-01 1.734576162656240317e-01
1.334152892272740409e+01 5.219885319633480458e-01 2.172065955901093526e-01
1.514059827487523791e+01 4.890092867012246769e-01 9.102262836556490599e-02
1.059724954420722298e+01 7.481782052409202688e-01 2.418332648582069422e-01
1.121067052342867321e+01 9.058300281232447571e-01 7.294955951673151584e-02
1.150736306717950796e+01 7.886282002860406370e-01 1.230493836471566044e-01
1.052707712327361556e+01 8.909295012024209814e-01 1.561803618855241993e-01
1.685625676816370344e+01 3.698865578657172248e-01 1.435349928883722093e-01
1.263036287437638450e+01 6.147983997080426199e-01 1.721445987562784108e-01
1.120236919232440087e+01 7.507676602191224458e-01 1.794309554672452456e-01
1.082709221322044968e+01 7.701279820017057354e-01 2.100835332317714244e-01
1.748277401017214316e+01 3.017150211170733787e-01 2.440383085124301077e-01
1.007682254811102673e+01 8.960415719667025325e-01 2.127583200948521269e-01
1.015261257406764983e+01 8.600978408315023138e-01 2.272212023394278302e-01
1.587306018196427715e+01 4.212140764717460240e-01 1.327038890981546981e-01
1.330498689063093032e+01 5.146455852342894932e-01 2.307258820215294659e-01
1.326680023519754137e+01 6.190991092499384951e-01 1.131718076841986831e-01
1.204569114519241957e+01 6.518473957876800284e-01 1.715617501642798248e-01
1.204325461236216022e+01 7.012693163699913468e-01 1.423183339511809864e-01
1.146196905855633297e+01 6.459278217344389672e-01 2.629924165772735689e-01
1.224365811809693660e+01 6.838864237779271882e-01 1.330791871104440027e-01
1.284905595654207389e+01 6.265478119912849531e-01 1.302864622210304357e-01
1.873547251287665460e+01 2.756859739987918001e-01 2.256874137772287847e-01
1.513978443848617950e+01 4.108765306831176911e-01 1.852157375438087394e-01
1.304442468200932659e+01 5.457243798476423269e-01 1.953719482302793131e-01
9.462899647425745187e+00 9.566791311754248017e-01 2.379780444133601791e-01
1.129571480063372668e+01 8.345296664782759777e-01 1.128340119122998725e-01
1.024626505711203350e+01 8.463408456409836633e-01 2.118303528934594449e-01
1.152597216322022433e+01 7.352613887194948683e-01 1.494231299877267771e-01
2.553020926342116326e+01 1.962545820287011078e-01 7.987336553094824543e-02
1.101315313594321843e+01 6.834848216001159216e-01 2.608962963276455493e-01
1.312298595205901286e+01 5.199920816895265974e-01 2.175701519739118017e-01
1.457135029777656143e+01 5.400415149108087620e-01 7.502192586067232827e-02
1.718300313720630257e+01 3.190716422301255184e-01 2.102420917268817691e-01
1.081233640589903722e+01 8.961538648647735528e-01 1.216666356573262719e-01
1.117193676095103072e+01 8.328323553770836662e-01 1.182690403034909882e-01
1.055062897322157944e+01 7.997576770011041170e-01 2.010200559759440786e-01
1.055262623065875260e+01 7.673341295982291088e-01 2.625328244160035074e-01
1.719464933681752328e+01 3.608474063398862675e-01 1.362410383968559180e-01
1.542909978803194093e+01 4.321501700641354193e-01 1.583931172616899752e-01
1.050163854224106963e+01 8.648606997059138379e-01 1.647185294752855356e-01
1.363329065647728378e+01 5.610579272918914118e-01 1.238831024790254809e-01
1.111222327017169498e+01 7.130454490084414676e-01 2.142368753339208287e-01
1.460693290166028468e+01 4.653617703946059669e-01 1.480211444413170041e-01
1.180149962864383539e+01 6.564418990021321232e-01 2.031498916914909747e-01
1.040585970885173417e+01 7.954563211692996516e-01 2.369530886446486184e-01
9.997245437255466882e+00 8.723589632598195420e-01 2.279669512015297383e-01
1.510385237552585735e+01 4.291756843930418230e-01 1.784544470814388994e-01
9.843859478193326851e+00 8.713459195606755303e-01 2.484343185946730481e-01
1.262670632116906866e+01 6.860422471364499009e-01 1.033096538744089077e-01
1.005799530022532728e+01 8.552511132490594470e-01 2.488968223520726664e-01
1.192899938547686922e+01 8.072171576309790098e-01 6.204339447147556169e-02
1.101468215997177147e+01 6.828287219549333820e-01 2.684349965067488464e-01
1.135851336249209531e+01 7.469617646348346574e-01 1.703976795411413503e-01
1.200102989887159488e+01 6.180443948774526630e-01 2.308509456666630599e-01
1.209734159649962315e+01 6.660292358954156278e-01 1.631020656696422211e-01
1.053536373932918124e+01 8.665308023076159216e-01 1.692209500100597397e-01
1.094138136184161958e+01 7.546778604743425989e-01 1.599359748971407036e-01
1.107423600908500561e+01 7.887643287081104182e-01 1.728246071729308275e-01
1.093159777974460667e+01 7.169038014139681447e-01 2.446472876484108716e-01
1.292311630168277148e+01 6.500568505395933894e-01 1.006914933762666498e-01
1.137846303388543845e+01 7.279193467628910508e-01 1.681122603944013028e-01
1.030433418262353840e+01 8.670237714897133241e-01 2.095642259951105701e-01
1.040066919786221078e+01 8.336771876307289553e-01 2.013313844139319742e-01
1.760115628425640821e+01 2.991780953164304147e-01 2.630408421899377847e-01
1.211305737756933354e+01 7.114096256729505185e-01 1.152799951164475145e-01
1.418447284771373518e+01 4.618508393599433659e-01 2.063054211142531236e-01
1.561620666154667525e+01 3.851139501797921083e-01 2.079047784910281194e-01
1.177406988273522792e+01 7.568667525816267228e-01 1.298540024768889689e-01
1.045673183176521981e+01 9.334980579048883786e-01 8.943088300880798480e-02
1.308494696633221466e+01 6.202577162836063751e-01 1.238703555954964869e-01
1.015691967870941781e+01 8.807547442596970200e-01 2.067138844950837107e-01
9.300903310409987412e+00 9.453965942299767944e-01 2.665571941614696683e-01
9.514387112982982231e+00 9.825034165828291366e-01 2.145403612218460820e-01
9.779632478533063278e+00 9.703722141212708374e-01 1.846156925728603682e-01
1.018982465502928569e+01 8.859009653167301268e-01 1.942036554646260349e-01
1.076773096777627359e+01 8.300419697367660277e-01 1.659408764994902696e-01
1.791381923809503718e+01 2.904667226173853756e-01 2.278447213549960604e-01
1.040858926804660101e+01 8.493160732412612379e-01 1.946612406104649695e-01
1.114726049066807256e+01 7.281491929242503991e-01 2.140792795186490238e-01
1.095777150245816856e+01 8.362094423817547639e-01 1.459799388517280250e-01
1.855584930064316396e+01 2.455981831926265235e-01 2.948822050307728926e-01
1.360970830019922317e+01 4.623488547586793174e-01 2.490504296665314310e-01
9.118969136303396894e+00 9.511651584865069564e-01 2.907629041684924864e-01
1.333874548287767325e+01 5.998895285599336047e-01 1.269543131881037124e-01
1.121144442543319286e+01 7.867930341231726965e-01 1.577359759466794298e-01
1.211690619079671194e+01 6.343654985851040484e-01 1.972297855221865071e-01
1.020870405842541651e+01 8.572904051963402550e-01 2.171942617676954346e-01
1.253814333162121386e+01 6.749210564442550409e-01 1.131628383769800877e-01
1.125656134172194278e+01 6.652425118821858607e-01 2.601063779517971963e-01
9.906704822910631592e+00 7.842913929250977523e-01 3.052698513453701024e-01
1.219985036566835213e+01 5.978911428528620453e-01 2.090606489329610018e-01
1.073747022290564601e+01 9.267400121896002263e-01 1.018793770212970545e-01
1.024200667339467863e+01 7.866249594445852145e-01 2.633350487469839352e-01
1.131844624795830256e+01 5.929537543903141694e-01 3.006124453638314153e-01
1.181644887451925641e+01 6.433358172445121648e-01 2.035929026586355828e-01
1.141754551913583704e+01 7.102126329089243351e-01 1.885634243591010339e-01
1.079359103914975648e+01 6.937432567525685378e-01 2.722601727443001995e-01
1.398323396102694716e+01 4.812390277460819044e-01 1.861050917281463768e-01
1.320985450213441936e+01 5.868861455958123141e-01 1.299706592217325374e-01
1.890198544548048076e+01 2.970034838406089839e-01 1.448197512200321280e-01
1.199864944646841103e+01 6.665444788146926980e-01 1.834886970699518283e-01
9.899900754199700614e+00 9.124529782044935589e-01 2.082421647267080622e-01
1.361886676044086997e+01 4.994437295610982264e-01 2.086423407719090461e-01
1.022914074225627701e+01 9.136982877297662453e-01 1.651063662431531687e-01
1.260838985318241789e+01 6.221239618479217359e-01 1.625318673264483094e-01
1.179732625145519442e+01 6.276067152414535055e-01 2.569438087787901948e-01
1.030682402134589104e+01 9.349607418877392551e-01 1.353681770218018998e-01
9.439059582241441149e+00 9.142274854826991648e-01 2.574284436481485971e-01
1.286217292650991517e+01 6.135605261453953574e-01 1.527072513106886575e-01
1.133637848439155782e+01 7.013667130813651118e-01 2.035308898665555699e-01
1.300308314952297017e+01 5.891210207681245592e-01 1.626722630587419116e-01
1.615345413190032886e+01 4.036354802488190119e-01 1.386344913349085162e-01
1.217286935022885430e+01 6.726535914456690524e-01 1.618239375693382998e-01
9.226478059839969603e+00 9.736073047689244309e-01 2.551827171272816330e-01
1.201214974567090543e+01 7.394996857861807493e-01 1.136918272952165132e-01
9.549119477115922905e+00 9.209882090027415869e-01 2.357980260148692109e-01
1.864248295920480913e+01 2.839881729155555590e-01 2.102689172966728248e-01
1.399334325656644751e+01 5.568035670918739521e-01 1.175998268077457359e-01
1.290003803658239079e+01 6.610496910704832807e-01 9.669993140237859164e-02
1.087617845319668319e+01 8.581203562701804621e-01 1.404701617739894659e-01
1.157362689916043763e+01 6.329153999996529611e-01 2.453161939275509129e-01
1.095837561324350773e+01 7.104349523189950055e-01 2.336027504751645167e-01
1.024611271707382620e+01 9.788182313720787953e-01 1.238866210022221137e-01
2.221054132726811048e+01 1.836778850415904940e-01 2.630883621462024036e-01
1.280763588026455757e+01 6.827068166729617360e-01 8.851609024245558899e-02
1.122303958979328620e+01 6.954538507801265590e-01 2.172684723816913910e-01
1.093948640346685686e+01 7.779922710376540040e-01 1.983677091470761045e-01
1.252927183705708813e+01 6.136434055948148947e-01 1.739203797103974214e-01
9.393095686716320003e+00 8.870011222348249680e-01 2.978184949834182804e-01
1.547809439653515184e+01 4.331974648237773007e-01 1.336580944956603789e-01
1.612679844859833267e+01 3.833079517993265850e-01 1.655210871728627908e-01
9.524683978264734563e+00 8.891235833019455193e-01 2.827506170274690089e-01
1.232381251432687108e+01 6.781953669178472088e-01 1.276316076575341463e-01
1.596475748995073296e+01 3.958841980403288163e-01 1.596937198484895959e-01
1.079237769228161881e+01 8.300619244351041814e-01 1.747060158084375037e-01
1.005309902102067277e+01 8.156273249101854139e-01 2.604964775635638108e-01
1.192210948735249865e+01 7.629264042364006793e-01 1.041674306015187845e-01
1.052497115895721436e+01 7.782066083086695008e-01 2.379353637384125086e-01
1.749239333409742514e+01 3.307010282552910740e-01 1.700958587583750181e-01
1.412983236967486889e+01 5.285371349806751162e-01 1.263940284790315838e-01
1.231493863043265868e+01 7.415593092360454053e-01 7.629638990668692611e-02
1.089440244775404842e+01 7.251001542665734823e-01 2.263764868310316480e-01
1.340458263216104129e+01 6.343654985851040484e-01 8.222101337154999467e-02
1.398445863144178780e+01 5.558678040876722237e-01 1.099206893360264309e-01
1.375661888161157975e+01 4.716385831256571515e-01 2.211138615696633114e-01
2.235583517908341022e+01 2.007339335626357746e-01 2.283722247366247460e-01
1.067726283625086126e+01 9.352696695415400052e-01 1.133343987412830794e-01
1.503560294921643781e+01 4.697452269246242262e-01 1.222078503260688176e-01
9.388934630946934590e+00 9.548509716401797354e-01 2.519555599326443462e-01
9.391893471773476776e+00 8.662844731964801648e-01 3.003037179566668269e-01
1.039628506320210377e+01 7.899891934230215407e-01 2.416359484992792461e-01
1.061657409600819335e+01 7.427450712609352523e-01 2.283400052548490988e-01
1.265724400236259228e+01 6.493435098721134224e-01 1.310985232905106934e-01
1.180300139258024572e+01 7.172195273140578031e-01 1.497455222305430489e-01
1.123157927227624064e+01 8.155728890542881526e-01 1.290311304871956943e-01
2.242374427012396154e+01 1.922116413910457122e-01 2.587967317129931666e-01
1.097137427411660937e+01 6.945587621636833964e-01 2.591849478963835218e-01
1.059718718372028512e+01 9.419982139160899548e-01 1.091817853380151609e-01
1.279656307330247067e+01 5.684768675085533074e-01 2.036225595709950653e-01
1.223422759494593492e+01 6.938518938752751275e-01 1.304297686975251502e-01
1.323521766948316625e+01 5.660476935709213286e-01 1.683212963652515326e-01
1.279326198889042487e+01 5.945989894183997260e-01 1.585712108109174068e-01
1.116334180686383526e+01 7.848100426971129639e-01 1.591125599917120603e-01
9.960911030320115600e+00 9.407225812725146241e-01 1.849840550476438694e-01
1.056942875674565308e+01 8.100936822991148256e-01 1.987557030377456180e-01
1.475535007769295071e+01 4.489322955244304247e-01 1.854044962322893564e-01
1.254591842659304035e+01 5.308435051679015748e-01 2.634762594608969222e-01
1.538013956161442408e+01 4.529326862501247830e-01 1.254696962049554054e-01
1.646895473040208202e+01 3.718914478472590268e-01 1.742218809006263192e-01
1.280585858153344425e+01 5.534791701919431484e-01 2.165958613174082670e-01
1.934429561364316541e+01 2.606312473767736781e-01 1.949602011294462867e-01
9.928809924517683072e+00 9.336349195670209378e-01 2.014038535990693435e-01
1.014741944421582076e+01 9.311860608755306856e-01 1.855816101841588350e-01
9.447027646405492973e+00 9.704884530238455653e-01 2.131684619723478169e-01
1.471042364789842161e+01 4.279198880103473046e-01 2.043863784637389991e-01
1.186286712763472728e+01 6.877612650288602580e-01 1.649651683113356748e-01
1.948996265051863830e+01 2.945795658697500374e-01 1.394408762406871838e-01
1.412449042771229379e+01 4.537829972263358047e-01 2.242258995817572043e-01
1.344570512676493301e+01 4.622676979050694412e-01 2.777599429261166653e-01
1.140061527649874584e+01 7.012301480297290501e-01 2.169808666930989893e-01
1.431386124882578592e+01 5.082665779260755468e-01 1.267335011594460381e-01
9.451801148404728181e+00 9.424024144620591903e-01 2.539816447772093588e-01
1.026358447021898535e+01 8.576035929483531994e-01 2.031762467037949715e-01
1.011550570728850573e+01 8.608165292106645383e-01 2.315823660346055801e-01
1.183610798270049180e+01 6.585952038178558565e-01 1.914845903571213703e-01
1.488795955255860548e+01 4.046100432372221056e-01 2.489397176528772571e-01
1.413774206732564487e+01 4.601887388030188042e-01 2.228124489521286500e-01
1.500186852158253181e+01 4.525157752014445922e-01 1.525602965248849807e-01
1.248267680130053137e+01 6.191707151423920807e-01 1.665819144242221828e-01
1.014080459738645423e+01 8.170456417317375486e-01 2.397981717585083161e-01
1.221097162982395368e+01 5.349323586150878107e-01 3.106757992058933882e-01
1.516288245886447861e+01 4.072890341548685011e-01 2.112273540221963897e-01
9.504332767969453144e+00 8.931214617037219750e-01 2.761966909712243456e-01
1.245898468575700413e+01 6.346219395422832976e-01 1.724336587955653533e-01
1.445358397044713250e+01 4.622720400166936972e-01 1.924521305746989264e-01
1.560702536446287603e+01 3.822594615933160855e-01 2.211802503338768100e-01
1.094900251161982574e+01 7.851250137385619166e-01 1.775084521459883991e-01
1.004462174467831659e+01 8.507528635030846553e-01 2.446493383756160045e-01
1.390185103743927009e+01 4.653099243213364988e-01 2.201713969109347357e-01
1.050555861361965349e+01 9.428119022177912090e-01 1.155588206198693846e-01
9.946854311261640547e+00 9.034000008992167929e-01 2.075898721694498794e-01
1.194839328741593043e+01 6.796709973330151699e-01 1.675700376127375324e-01
9.785901686775012820e+00 8.526843751262177529e-01 2.574331312391516247e-01
1.118789227491538085e+01 7.139985786657270239e-01 2.173514604298431852e-01
1.081223455415790191e+01 6.954865294570543588e-01 2.618672558102249082e-01
1.387035024205316525e+01 4.911606331189212193e-01 1.973105732867004580e-01
1.324445745844388433e+01 5.602174401641677459e-01 1.539713265634202466e-01
2.293699356750102680e+01 1.889274328986456086e-01 2.402546094928063314e-01
1.700357405346806772e+01 2.938306437547948402e-01 3.081093627762230835e-01
1.270432294883548607e+01 6.007960686621698354e-01 1.642652931331512467e-01
9.999774944523625919e+00 8.045649087345925210e-01 2.701482774003812759e-01
9.426027384186658864e+00 9.763727966042901052e-01 2.283812730027735549e-01
9.925854553407413405e+00 9.783716484090083654e-01 1.673288116056897423e-01
1.026938542117464515e+01 8.756311383101724743e-01 1.905234184365145467e-01
1.145120333412755720e+01 8.480290088625163092e-01 7.999610513790907096e-02
1.160073258418791653e+01 6.260069728750952134e-01 2.581706279389888170e-01
1.233276212631599655e+01 6.737182806357288056e-01 1.371430876433143708e-01
4.081781400966539053e+01 7.433650281774968616e-02 2.229697370196085104e-01
1.124893285108264074e+01 8.341901452743701872e-01 1.230194356726585225e-01
1.256869737146612209e+01 4.898941537173002181e-01 3.046931472975320521e-01
1.370555471286890992e+01 5.011026281959677364e-01 2.044429682587114716e-01
1.112141650940058568e+01 7.677254362422009093e-01 1.368678819105046962e-01
1.186719637415168549e+01 6.492048828904033453e-01 2.179742384027936464e-01
1.259377166029713635e+01 5.592881182329831891e-01 2.256975991046843988e-01
9.815752320297496780e+00 8.586734598904757210e-01 2.524699814607271886e-01
2.296497294288907298e+01 2.042226740729728984e-01 1.843368188431389054e-01
1.295215059325348150e+01 5.420864697894240969e-01 2.108248639187841333e-01
1.871130037691078130e+01 2.890304394254502030e-01 1.842541476895050712e-01
1.037252659671719535e+01 9.154813447203453691e-01 1.389761741345547086e-01
1.668457892160279243e+01 3.818061152815537262e-01 1.283876020163550180e-01
1.074306547346308705e+01 7.750799492202142815e-01 2.165622095911717837e-01
1.215640268687955050e+01 7.680567664190737220e-01 7.687934804340941508e-02
1.115887059609436172e+01 8.352092141442952755e-01 1.184966159898334787e-01
1.105785064441932697e+01 8.704964036433878727e-01 1.139257170063306956e-01
1.454163661484549053e+01 5.056992956698316277e-01 1.234363894170983911e-01
1.744474384675399392e+01 2.887716255339116689e-01 2.717711376616633312e-01
1.340221319835170100e+01 5.617099816859305594e-01 1.592221948767941486e-01
1.522616990466778297e+01 3.867647611692213716e-01 2.357759063184227122e-01
1.297625515057766776e+01 5.949769250404887133e-01 1.608021594218916051e-01
1.030767089969191019e+01 9.481854329005183768e-01 1.305038852519337933e-01
1.158368657331042506e+01 6.658805780906497107e-01 2.029470852661143798e-01
1.122886105748870911e+01 7.145206776115183844e-01 2.001648104211695700e-01
1.239164725432456571e+01 6.856846729480242653e-01 1.164054289338618264e-01
1.088515104129105993e+01 8.749674350012308643e-01 1.313216321378497253e-01
1.045356359527248280e+01 9.065503215849695096e-01 1.492990043511961962e-01
1.326671910418618694e+01 5.027191745431845993e-01 2.394147996102200804e-01
1.251756565507662700e+01 5.472175551609136379e-01 2.565563811219900847e-01
1.149658830232005613e+01 6.617305377550575241e-01 2.208590130761775017e-01
1.330374130614437966e+01 5.488018616031983266e-01 1.770592343664743051e-01
1.070737038915981110e+01 7.555836395825004104e-01 2.349083406497866067e-01
1.379534876911578678e+01 5.275494293780703670e-01 1.575586332418414670e-01
1.351076606315455386e+01 5.273273713374775351e-01 1.752204076200772620e-01
1.572704060517952662e+01 3.824066233711883034e-01 2.149218170715696263e-01
1.711663650870239550e+01 3.379568297238315089e-01 1.884049760394239381e-01
1.279793983356273301e+01 6.385498898139291279e-01 1.309042852384539324e-01
1.271236410200886269e+01 5.412795661837522809e-01 2.396491875278136396e-01
1.275433259545690667e+01 7.037895709358499285e-01 7.471330996045404127e-02
1.913374696773011152e+01 2.679577182072904185e-01 2.157391913546718998e-01
2.148087665050094941e+01 2.002995891986975030e-01 2.930578158922479970e-01
1.116670023945460954e+01 6.549792865204399073e-01 2.646280187682120699e-01
1.357102650396390686e+01 5.027364359741386401e-01 2.020205993615102613e-01
1.635019076059358056e+01 3.453442761867306920e-01 2.209566105880604314e-01
1.086814422883072773e+01 7.474816627261398061e-01 2.047138613846533617e-01
1.351575650073242585e+01 5.546052494654926113e-01 1.518115171101508398e-01
1.196047258397979896e+01 6.652393750797667149e-01 1.804973341029856848e-01
1.269592681151627467e+01 6.321380007271084622e-01 1.411311242101426500e-01
1.205253072684871718e+01 5.748055241316769592e-01 2.702297423640631080e-01
1.010991702749135612e+01 9.290193552539869337e-01 1.654420885376334804e-01
1.075135501550892059e+01 7.594617336548317166e-01 2.167557303553284687e-01
1.220620971693695189e+01 7.349542001365224619e-01 1.074089286395431692e-01
1.532962733825520552e+01 3.913313177399093123e-01 2.198065881501519991e-01
1.246743541974721836e+01 5.911810415601500557e-01 1.980715611214690086e-01
1.285980308357435220e+01 5.926612016802206284e-01 1.590338439192652276e-01
1.116518267125012720e+01 8.737271747266894817e-01 9.978216778182304181e-02
1.323834354741850028e+01 5.502654345666168068e-01 1.744738262992051314e-01
1.921137323431383948e+01 2.569258335121956116e-01 2.242244067171710320e-01
1.542497541378999237e+01 4.625230410625975064e-01 1.147405126252414864e-01
1.922910848285609831e+01 2.720235787990769039e-01 2.040579899704473843e-01
1.129108008699846444e+01 7.332629573328497408e-01 1.852190310304917542e-01
1.124645709299901419e+01 7.975569791348985360e-01 1.379197011152622776e-01
1.146775113609484009e+01 6.506235730128472339e-01 2.305725710756559577e-01
2.186254301677888634e+01 1.981620285869523101e-01 2.671438989846118828e-01
1.240531872802371538e+01 6.659831793942593281e-01 1.396162654058792085e-01
1.187781396400169420e+01 6.466417003407162190e-01 1.962285711328337900e-01
1.212956615783377678e+01 6.409027782726506306e-01 1.793580789724023850e-01
1.348500065302246220e+01 5.915333197477445903e-01 1.093507567288126564e-01
1.717690189917612997e+01 2.865456204089104064e-01 2.874601095009280405e-01
1.270872323568175943e+01 5.936657686884013740e-01 1.798820953075546125e-01
1.324186323540783405e+01 5.501762010641386702e-01 1.677427999425930016e-01
1.151665597567623855e+01 6.829937188340092780e-01 2.188202144410895666e-01
1.264331821625548358e+01 6.518201655078570411e-01 1.251509387132866136e-01
1.457709954723781109e+01 4.795142982311639268e-01 1.493726818360640030e-01
1.118399957391936717e+01 7.252442401039174147e-01 2.032225064976579954e-01
1.697951698536222764e+01 3.388289823947679968e-01 1.982872079070478466e-01
1.092867593838473361e+01 8.797435757814078272e-01 1.073884035204292209e-01
1.009558038418561665e+01 8.952753126422490215e-01 2.031394469432295791e-01
1.069272670780432577e+01 9.065817242790782382e-01 1.319282169662764348e-01
9.697461786581955678e+00 8.813876560530351512e-01 2.497940381331042459e-01
1.208271582997547711e+01 6.750172620067033114e-01 1.646727147860624352e-01
9.917186906044781480e+00 9.151657782884989878e-01 2.157106012736410561e-01
1.313644318280701206e+01 5.665519447983035084e-01 1.666377867075914676e-01
9.538036430446286573e+00 9.737866249700544152e-01 2.175225042054736435e-01
1.277042757528182193e+01 6.235071374940802658e-01 1.523293886011681531e-01
1.381228082279544900e+01 5.007279959914852085e-01 1.747845302461969730e-01
1.128577604068511242e+01 7.835137049508189566e-01 1.483729566560878788e-01
1.022089150217988163e+01 8.572301758504184965e-01 2.117185665613018630e-01
1.005639746652857625e+01 9.967216362447034461e-01 1.520592849229739085e-01
1.136630909145213408e+01 7.648762030518139188e-01 1.554114726410388558e-01
1.308259416067931191e+01 5.524401598073519493e-01 1.893654124628177948e-01
1.667615343966470220e+01 3.455975541198729184e-01 2.093006383614490484e-01
1.039927810852759649e+01 9.189660160366539543e-01 1.411819155523074687e-01
1.215179345342791706e+01 5.973233851955979112e-01 2.386772072909907061e-01
1.978619641034451604e+01 2.627220681983177264e-01 1.953146279107513816e-01
1.049114442198108677e+01 8.348007294787227472e-01 1.792396999205378982e-01
9.904287956650357216e+00 9.671633196821995959e-01 1.713098458744195529e-01
1.311009026332814997e+01 5.405425964461377797e-01 1.991823440789252664e-01
1.364323690911827036e+01 5.217773946617252356e-01 1.643942054090358762e-01
1.065375202016436873e+01 8.703965754180451597e-01 1.544530764429028202e-01
1.142385783205679317e+01 6.174045543126742697e-01 2.816066354498741875e-01
1.857185406498630798e+01 2.577634565322824423e-01 2.720908541091633381e-01
1.420317234468356382e+01 4.894236747537682453e-01 1.710163907875620615e-01
1.473844078970291882e+01 4.385410493394963916e-01 1.955943250850863957e-01
1.294550184648002578e+01 4.824007801460925005e-01 3.036836424065656459e-01
9.229102704407951663e+00 9.776757158853718321e-01 2.661813068161536511e-01
1.211765248319313848e+01 6.014966230200542441e-01 2.238859414883444809e-01
1.556343860968281057e+01 3.856301822403773172e-01 2.137418004943693328e-01
1.097991756690905163e+01 7.758968330693015725e-01 1.882647497573940454e-01
2.559894672961407736e+01 1.729295808691407865e-01 1.863483369999198169e-01
1.150355335571279625e+01 6.176803926462695049e-01 2.672945088720663498e-01
1.397541433635008445e+01 5.553099691787473091e-01 1.112045500939189135e-01
1.126931632722022414e+01 6.639740018111419673e-01 2.574022761055370645e-01
1.394045889829931006e+01 4.617480903954361837e-01 2.050454936530219097e-01
1.142802110272818084e+01 7.879979497716959047e-01 1.554053445514370357e-01
1.592254882883548639e+01 3.556234578744240649e-01 2.376150438166247381e-01
1.024977033430402429e+01 9.369786064320447805e-01 1.533608670659752093e-01
1.525770643506765900e+01 4.185348271136867804e-01 1.846320465609252170e-01
1.037499668963999433e+01 8.336132743644141252e-01 2.067949874627334206e-01
1.163609821909037656e+01 7.130050362106099548e-01 1.728129776019386721e-01
1.477978896571932665e+01 4.786444258512527195e-01 1.407749487564764201e-01
1.098876706003968984e+01 8.027701805234721544e-01 1.742371941728459717e-01
1.042119014030398993e+01 8.102968808165746939e-01 2.131689300437925316e-01
1.234146980118534032e+01 5.945112312372423657e-01 2.239887410858403261e-01
1.069090680353512823e+01 9.001249405336129161e-01 1.223471904269459315e-01
1.298387533479822764e+01 5.651585219177377439e-01 1.812067683882421787e-01
1.204295818531080897e+01 6.313679282900572787e-01 2.026032787911918043e-01
1.365771913949952321e+01 5.383412639695366320e-01 1.387990074431961485e-01
1.353208092656141304e+01 5.192905351866842212e-01 1.905472914531694817e-01
1.035343438682767392e+01 7.193081882691639839e-01 3.002869580062998978e-01
2.019127671049272621e+01 2.612652533505991359e-01 1.668196556061587732e-01
1.081430627007865297e+01 7.734039730575547056e-01 2.231748687946498999e-01
1.942266627153539460e+01 2.546697104278766166e-01 2.362402599270878867e-01
1.078373969917022102e+01 7.881359466221851129e-01 1.874656062947564483e-01
1.141134249456179006e+01 8.633262424371499488e-01 9.326496912571019537e-02
1.358663517937745802e+01 5.687383487670691906e-01 1.167883262448911330e-01
1.292674094258000572e+01 5.497220187854244822e-01 2.026800930766606279e-01
1.174069185999079146e+01 6.337345858394903830e-01 2.424373430418470254e-01
1.282691779495362105e+01 6.140428735893396217e-01 1.402047772613007059e-01
1.518929053182473510e+01 4.674345228361777016e-01 1.256570765160341385e-01
1.012017808878369785e+01 8.160281426747343358e-01 2.407478297162184699e-01
1.560134442578888248e+01 4.388019653326220015e-01 1.390056853450600538e-01
1.355056600078743578e+01 5.622039069930141464e-01 1.430531644468200081e-01
1.090961974217345265e+01 8.853566136512286411e-01 1.173713922288776024e-01
1.433089905873849901e+01 4.720775747343706752e-01 1.774485278863829896e-01
1.171141051740261929e+01 7.002648675073124274e-01 1.692992763829059555e-01
1.193139201639797875e+01 5.804349079258502853e-01 2.326582065040467273e-01
1.591399624129095436e+01 4.029112076464413938e-01 1.563820127745294553e-01
1.247920773463976118e+01 6.620377418746692388e-01 1.361673995251664326e-01
1.064265956387567513e+01 8.424615186103151521e-01 1.709416171028785014e-01
1.314655312796482889e+01 5.313057580684054093e-01 2.103673750157586397e-01
1.237849656998714387e+01 5.668627423933738640e-01 2.416073238865034944e-01
1.155485286630235287e+01 6.899120555520515952e-01 1.924303285749397185e-01
1.055699354078463692e+01 8.516102739780705422e-01 1.769366541335105625e-01
1.032113009890405131e+01 8.339954549240230497e-01 2.191773458350413928e-01
1.937710755137959140e+01 2.539346351226862142e-01 2.172695386624826919e-01
1.401776758159546965e+01 4.366955709119634266e-01 2.534563651254481131e-01
1.368219201556062004e+01 4.863010616830853450e-01 2.278200968851544495e-01
1.039517056617533797e+01 8.408095319892836539e-01 1.948227228870931804e-01
1.403157376068222817e+01 4.236526621183015484e-01 2.753209693431866723e-01
1.443475168273880627e+01 4.239508976855684841e-01 2.358704652568387183e-01
1.003289402751498471e+01 9.046478496514868128e-01 2.013969216602488899e-01
1.118792935755021922e+01 8.978167739364937283e-01 9.474502462195442953e-02
1.120749072085436282e+01 7.297426262648400996e-01 1.988092674091961887e-01
1.028449086153289116e+01 7.862303486925603657e-01 2.481982423320226172e-01
1.360875686936303808e+01 5.384327180471922825e-01 1.556602965996050913e-01
1.112056092115165562e+01 7.950700316737264739e-01 1.545407304119891245e-01
1.205996831383063395e+01 6.288906593802594536e-01 2.034222331542867857e-01
1.519127476712458780e+01 4.613894012548451773e-01 1.294202272695479383e-01
1.443738799379054250e+01 4.231545970400851231e-01 2.436964879755937619e-01
1.665904480808296739e+01 3.431620430657931764e-01 2.217912705769938264e-01
1.035664875693621312e+01 9.581901591169820209e-01 1.271429855320617419e-01
1.716800299274535746e+01 3.202272973901951758e-01 2.232656011988375100e-01
1.050346886536214441e+01 8.744079466427013836e-01 1.661762563407833959e-01
1.020025344662198208e+01 7.972989273015846923e-01 2.720804607231980810e-01
1.128161478847135868e+01 7.997174733780251232e-01 1.248553906392528279e-01
1.353674962107610646e+01 5.130213928334813600e-01 1.999954534660792205e-01
1.715795998624890828e+01 3.458536026358095539e-01 1.588903765750403763e-01
1.111443353066414019e+01 8.738892787296389519e-01 1.078135440758048735e-01
1.883489138121407791e+01 2.898016778885634248e-01 1.754512764700123795e-01
1.815099491170030532e+01 2.768766939789634729e-01 2.408846394777568733e-01
1.220455593475025680e+01 7.154009640346604693e-01 1.295117228107559859e-01
1.181412753324739029e+01 6.580849297872378711e-01 1.897130753367224643e-01
1.221719441310979093e+01 6.638899637288507849e-01 1.643071240411758116e-01
1.166298409224858901e+01 6.932697041680031536e-01 1.871979667024032401e-01
1.030240999999839602e+01 8.714199326093543529e-01 2.003121599705239841e-01
1.297810419951642480e+01 6.517415646701656406e-01 8.795566616933986337e-02
1.049903363521354649e+01 8.211026204079854285e-01 2.063354057196893354e-01
1.797024606563156723e+01 2.788404255439499990e-01 2.781666128648931369e-01
1.326178154318043667e+01 5.027623630948658828e-01 2.233549726055599760e-01
1.318054977953902096e+01 6.135605261453953574e-01 1.248635487888230117e-01
1.567615935064387322e+01 4.286346204724720277e-01 1.366667116027275586e-01
2.246166668130424071e+01 2.255231857661234574e-01 1.521550846428111059e-01
1.054294653407992577e+01 8.267654984352915681e-01 1.915051345267771987e-01
1.226022015300368828e+01 6.095890314643259700e-01 1.832655383798993676e-01
1.279376042859673035e+01 5.671295423854516571e-01 1.937351448064491555e-01
1.060318927909417042e+01 7.369432024135539328e-01 2.533600646177781579e-01
1.077137868222687977e+01 7.266956369615571454e-01 2.413454857256798758e-01
1.209514041170464793e+01 7.126798079576079914e-01 1.435595835848352819e-01
1.253579336061254068e+01 5.953974727958996072e-01 1.960414126726940376e-01
1.261016282448384196e+01 5.497693408536070692e-01 2.340435422281678668e-01
1.683287600388743499e+01 3.982288888102142321e-01 1.146715423487952579e-01
1.026179481478892974e+01 9.901264463982123454e-01 1.158209171317689939e-01
2.028644197059177401e+01 2.448419683795814983e-01 1.961167973750977678e-01
1.303421965253587622e+01 6.568204897354836813e-01 9.605469367630818656e-02
1.562123056957111622e+01 4.183830607994989959e-01 1.626932282389746964e-01
1.026221426179179552e+01 8.426573769226165522e-01 2.230488157639137214e-01
1.104704452591554009e+01 6.993263299380474418e-01 2.490243515742955605e-01
1.047662774476897951e+01 7.739751224910897953e-01 2.383955329975405157e-01
1.105902337791698109e+01 7.518542713810970612e-01 1.943076172288124015e-01
1.007229741495161690e+01 8.423359843599645957e-01 2.306296942576458731e-01
1.047397479832701706e+01 7.719996529229842253e-01 2.565758705188242450e-01
1.281881494994641635e+01 5.332789145329949188e-01 2.385722145507526148e-01
1.262947366985290465e+01 5.086716670524819017e-01 2.960110158090726307e-01
1.310792353950617439e+01 6.210242734278098586e-01 1.112478166424695075e-01
9.455579472211454117e+00 8.846108593716274227e-01 3.033604165898545757e-01
1.402206737710674034e+01 5.204632950743520725e-01 1.647400041159732265e-01
1.222404068077455541e+01 5.651809153027596011e-01 2.280535047310398578e-01
9.855498261770245350e+00 9.994675883065167188e-01 1.652634466102465560e-01
1.015283788886663530e+01 8.780858791614124526e-01 2.000313738250844853e-01
1.061844843924711412e+01 8.043917925952155379e-01 1.957878848918054859e-01
1.276783088523997201e+01 6.210791295866915362e-01 1.325200403231045765e-01
1.078475769138713858e+01 7.632306084700806181e-01 2.193116782310059465e-01
1.017216805386182088e+01 8.774570191709331057e-01 1.920957305270931392e-01
1.261023273137624479e+01 5.850185372014169438e-01 1.836906301266442720e-01
1.467759970668659975e+01 4.483905784771525793e-01 1.927829720021819737e-01
1.364652423326642960e+01 6.128229027401800311e-01 9.003829044316224994e-02
1.025816823453536486e+01 8.540358637064370262e-01 1.942934477278132344e-01
1.000973416158119100e+01 8.960235763391125596e-01 2.014062327449230305e-01
1.127955924268380627e+01 6.924335031967163712e-01 2.110679856762910644e-01
9.808601062751721500e+00 8.038875695081609818e-01 2.849493948593905812e-01
1.220945272352419764e+01 6.055471081521038856e-01 2.170646662462824561e-01
1.001296438215962503e+01 8.310361773663814677e-01 2.571296091323028166e-01
1.075588330348816690e+01 8.437949774601087860e-01 1.599916593829283362e-01
1.159234553096545639e+01 6.273160877022698756e-01 2.558191921654668355e-01
1.144369983115478284e+01 6.265825860234046640e-01 2.629010385086558710e-01
1.236106827791460816e+01 5.766185560342503846e-01 2.333800313899297985e-01
9.735380739546918960e+00 9.950924190164398553e-01 1.765350376625799689e-01
1.363212933052535192e+01 4.886859373319982769e-01 2.115247712317382678e-01
2.725129590024791426e+01 1.496503065217849593e-01 1.828625209841023835e-01
1.482762516045215406e+01 4.640885966936436069e-01 1.608836758235868691e-01
1.001226506700888841e+01 7.880908196843189328e-01 3.058066194312027419e-01
1.390136421210463702e+01 4.840303731079774185e-01 1.923994470676796686e-01
1.282586696615716271e+01 5.595784601108824141e-01 2.195678811529526153e-01
1.206144151904682182e+01 5.978911428528620453e-01 2.229350013186213453e-01
1.203169670080647791e+01 6.698713605222101908e-01 1.681831097685138332e-01
1.203642380484310159e+01 7.049996977665058395e-01 1.365651959069595633e-01
1.274064467456001815e+01 5.824929777456172575e-01 1.883851552843709420e-01
1.474090083600192891e+01 4.546673928545055809e-01 1.603666010848241452e-01
9.800716303008680796e+00 8.714875190249504744e-01 2.508439920081251828e-01
1.156315843335434934e+01 7.365140538377552559e-01 1.429575693186583563e-01
1.469397017654918614e+01 4.734416411743279096e-01 1.348733748965512957e-01
1.743147161125158462e+01 2.640216278924930604e-01 3.488129372003880291e-01
1.443225058939131245e+01 4.027255717051512196e-01 2.697867104296797214e-01
1.117713694586674933e+01 7.195759064177641440e-01 2.123197618161798972e-01
1.813843786466502905e+01 3.137285850023004974e-01 1.675256389035704174e-01
1.137982246160914812e+01 6.215187151729538728e-01 2.873884499889114985e-01
1.356097993163544579e+01 5.144081414066350444e-01 1.917527406923132116e-01
1.425165761268196718e+01 4.565063998384287780e-01 1.972264885746913277e-01
1.001620460744477015e+01 9.359438926242752421e-01 1.779434464229257273e-01
1.075233380211912859e+01 8.198846818651863710e-01 1.778038655324048201e-01
1.226106539163676068e+01 7.128069974802703213e-01 1.075408674732806352e-01
1.596560142904424850e+01 3.925876907506351543e-01 1.718972973487758182e-01
1.253483194117530175e+01 6.287751006295251299e-01 1.474463154462706260e-01
1.190168324175722958e+01 8.084414388444245425e-01 7.533152793562884753e-02
1.098299824452232620e+01 7.779423654102807228e-01 1.900606198619023968e-01
1.379176563789449972e+01 4.675718366081477173e-01 2.409655233344713821e-01
1.132551846131763540e+01 6.869011134830679266e-01 2.110466983964272014e-01
1.700923167374638112e+01 3.312436474985431811e-01 1.929160315875764198e-01
1.049435224306761150e+01 9.026966088416317202e-01 1.429816387866326699e-01
1.117982717864778408e+01 7.919602907942434600e-01 1.574303245683173202e-01
1.144245581874921136e+01 6.936517113960336545e-01 2.003095504633841673e-01
1.838029335347960114e+01 3.368992471141277756e-01 1.048640851075162694e-01
1.166410702034442437e+01 7.791543501976676556e-01 1.256854877187406072e-01
1.280739383626401029e+01 5.988115114425393015e-01 1.652510409841012329e-01
1.053610339063799373e+01 7.308330803401580367e-01 2.774549872784436988e-01
9.551233278870533638e+00 9.449269295981439498e-01 2.347502122838373007e-01
1.068287718922795371e+01 8.027701805234721544e-01 2.078599024812455009e-01
1.097443364709369185e+01 7.762459399521319803e-01 1.794893634336454102e-01
1.091178275623111382e+01 7.661056664677964312e-01 2.084323244494692140e-01
1.535532865723388873e+01 3.926013494650389957e-01 2.152200190158091719e-01
1.468805559655699255e+01 4.118862924753353139e-01 2.337366835844333912e-01
2.312922988802394642e+01 1.914439863300737010e-01 2.222729912264829744e-01
1.272300468752980507e+01 5.137902753290063407e-01 2.617939290139417730e-01
1.146455180385990857e+01 6.665239987005533440e-01 2.278214313639122246e-01
1.109685336326124805e+01 6.804584488347451554e-01 2.806536713416090678e-01
9.900197505946746190e+00 8.929107153970020638e-01 2.351685905917295927e-01
1.307128316305552218e+01 5.803129489074395631e-01 1.791053569676641366e-01
1.011347241721258072e+01 9.235998693700055995e-01 1.728561825121149309e-01
1.678825682512337281e+01 3.762399050026306035e-01 1.281148560918491386e-01
1.112542775199069034e+01 7.698131000500834098e-01 1.679849341230860993e-01
1.219340356665390068e+01 6.816239687245823076e-01 1.420995724347683953e-01
1.324748848076156449e+01 5.508283783711458437e-01 1.706514047943126222e-01
1.248232222863000729e+01 5.914523427564164493e-01 2.005779634199352512e-01
1.118030678709125780e+01 6.430809078430825831e-01 2.766035200822348772e-01
1.089249717814930030e+01 7.555836395825004104e-01 2.139200757862030899e-01
9.953255436387861366e+00 9.209461452161430417e-01 1.998311583907221856e-01
9.521418493877590095e+00 9.336994299545243736e-01 2.462134720398887755e-01
1.174906749803141892e+01 6.477995698610640174e-01 2.199861981022036839e-01
1.071034184251642607e+01 8.600408229942834160e-01 1.539511232907733451e-01
1.368058069053324566e+01 4.747980640100188388e-01 2.412152248602630611e-01
1.699425515618920457e+01 3.123010773983268540e-01 2.646155133997869502e-01
1.312537306275735993e+01 5.504229448013551185e-01 1.831355136154635410e-01
9.843889682308107680e+00 9.028943741264802147e-01 2.118373104223544856e-01
1.092061079743967333e+01 8.039906544612460682e-01 1.616418930499915196e-01
1.290519558099716591e+01 6.062289055883816058e-01 1.579239466935190572e-01
1.303235306071949218e+01 4.415548766994871199e-01 3.558253001338267385e-01
1.430600047842540512e+01 4.098356965665420071e-01 2.685876740241295857e-01
1.088796175780761821e+01 7.058792640266380314e-01 2.537085731598497929e-01
1.229079665275934019e+01 6.742487351884741686e-01 1.338381163890185466e-01
1.078836088828878204e+01 6.902186257139001357e-01 2.784165400855113104e-01
1.540371674366806687e+01 4.020166146355497738e-01 1.979959766875711846e-01
1.035743261684165617e+01 8.649859413899607663e-01 1.727807130069116404e-01
1.443024361960428159e+01 4.388019653326220015e-01 2.314428271923592018e-01
1.135306595963031917e+01 8.124401101876308484e-01 1.091208420834037518e-01
1.357923999586954800e+01 5.353701879035636102e-01 1.589669448363595361e-01
1.311376504805136634e+01 4.853570889118407061e-01 2.701984471252329989e-01
9.710444695843014173e+00 9.143520300509728749e-01 2.353824670829754717e-01
1.685805118357735921e+01 3.910448117539794266e-01 1.354353947297803895e-01
1.270337125399570333e+01 5.685669652544966812e-01 2.090030614009025511e-01
1.159159693464116359e+01 7.455798351262312718e-01 1.486799510952965808e-01
1.158935042162265816e+01 8.005190865016387214e-01 1.029151363092828536e-01
1.224437100862743222e+01 6.084408413776914992e-01 2.033049792070757977e-01
1.288310679217681631e+01 5.460995800628705155e-01 2.085924809266535562e-01
1.130236173707695535e+01 7.000260327792849901e-01 2.068006492988659073e-01
1.095248445782051583e+01 6.909802567581998511e-01 2.584863327660774091e-01
1.007896842084437239e+01 9.436245256668115422e-01 1.881690433917780070e-01
1.303070750736781314e+01 5.331876279691214471e-01 2.233603900366301909e-01
9.517707184515881380e+00 9.702401610832835921e-01 2.290378080995141286e-01
1.380482781704369266e+01 5.469352863415664068e-01 1.388093720974300782e-01
1.124893329189250402e+01 7.805881974424806469e-01 1.508005838500359463e-01
1.057182808093363668e+01 7.906727472017246461e-01 2.044377837348273219e-01
1.126077458406967224e+01 6.703839776726299160e-01 2.377523318615933356e-01
1.102705813748766062e+01 7.271317899405239649e-01 2.160781083045238138e-01
1.177080419145238288e+01 6.267680616512930625e-01 2.538076432454965392e-01
1.247838252447996688e+01 6.140205149389483807e-01 1.617770012445277350e-01
1.196763209765083680e+01 6.572797786421560318e-01 1.830468107924882737e-01
1.140183211788466267e+01 7.029417873245028536e-01 2.022663183281457611e-01
1.011298245334597645e+01 9.709665631878527936e-01 1.490439486128607716e-01
9.144719417934386030e+00 9.858630005103086180e-01 2.589705115535625435e-01
1.152723383645411737e+01 7.927413559899330053e-01 1.028409053173631460e-01
1.313979254675211905e+01 4.757589994218415219e-01 1.997028068678672608e-01
9.604611095753929462e+00 9.037464321371092568e-01 2.468451222278669477e-01
1.398434862835605053e+01 4.215092282532552082e-01 3.004527448663399380e-01
1.674575941247739053e+01 3.113354339821594596e-01 2.655625923128702159e-01
1.464063442973086282e+01 4.511962682635894950e-01 1.776922019845119105e-01
1.176436044833052108e+01 7.208278106657977080e-01 1.554339551075919479e-01
2.123701207999311080e+01 2.185007685544254341e-01 2.191223716471404903e-01
1.207382438956411974e+01 6.458422793554776664e-01 1.836571030760149048e-01
1.035976546674904419e+01 7.281924454632501265e-01 3.022667398505896053e-01
1.199107990292142922e+01 6.430329009160129505e-01 2.031151586676680776e-01
1.042320781843915611e+01 8.282544939119308447e-01 2.193650190410612322e-01
9.572782998646966135e+00 9.957295993403705303e-01 2.012015109210360808e-01
1.001608066228583205e+01 9.582649895693819975e-01 1.625868832951793685e-01
1.133188785034782775e+01 6.401186190262269093e-01 2.591982890610012302e-01
1.135617103713858889e+01 7.467117372394429520e-01 1.711199977973434372e-01
1.053988510755102403e+01 7.701279820017057354e-01 2.430577626139057423e-01
2.641584390721343212e+01 1.577251443043276857e-01 1.941189547586537056e-01
1.281651495334696378e+01 5.714597323333983070e-01 1.885022609849276720e-01
1.700243226615712189e+01 3.230597929090994191e-01 2.103608870692046939e-01
9.247170290098880585e+00 9.669592403795568281e-01 2.507163319944862301e-01
1.152939023575484789e+01 6.325330295722078056e-01 2.328394449443564607e-01
1.056345319594639598e+01 8.186517409637951159e-01 2.112281621042104152e-01
9.759244353755970991e+00 8.801088050522830608e-01 2.556892271360812208e-01
1.421971973337073436e+01 4.377376239287020243e-01 2.433242237896826032e-01
1.019946834376377787e+01 9.478509758658839601e-01 1.459394939403433900e-01
1.105753475376003792e+01 8.949751821813053398e-01 1.126217799873067554e-01
1.101802773590454443e+01 8.102308855485705896e-01 1.605892236803196094e-01
1.625909228280532304e+01 3.787401882088523575e-01 1.754376425538972939e-01
1.118950324696280241e+01 8.755011151332681152e-01 9.188657148721979251e-02
1.015193492178843648e+01 9.848108931046576364e-01 1.399697780924345769e-01
1.055064753059390092e+01 7.602906452877616905e-01 2.438402315211354310e-01
1.157969130895448728e+01 7.616576227409649347e-01 1.461669958107313094e-01
1.320721858529306125e+01 4.836879697907168207e-01 2.651442006575404631e-01
1.265360062159886745e+01 6.893138353892143133e-01 9.571800269511680781e-02
1.244696476387845152e+01 5.897777007215870837e-01 2.196420001167961045e-01
9.309205412076432040e+00 9.521274899909347722e-01 2.601361212614401452e-01
1.153718449659179157e+01 8.361141112974385114e-01 9.783110461149667481e-02
1.307334093502919536e+01 5.389032595051087560e-01 2.008107536248496805e-01
1.215903569014566799e+01 6.687703347822050448e-01 1.668541290242750719e-01
1.515612894310007874e+01 4.149752681347763095e-01 1.997139947979877928e-01
1.023421730466222357e+01 8.321547646006333121e-01 2.189167058833761392e-01
1.399411975103915218e+01 5.568006155262771317e-01 9.173996884950585962e-02
1.034319505712727505e+01 9.164924473503748281e-01 1.473462440237504889e-01
1.164271652203264118e+01 6.982582215145408666e-01 1.887154491659620847e-01
1.864709694552987429e+01 3.198672220666877175e-01 1.263558311305503778e-01
1.067652008735431046e+01 7.937109529138354214e-01 2.039233659312308378e-01
9.290695285933129099e+00 9.898547313294904226e-01 2.440103243885543560e-01
1.217796848638116813e+01 7.117654922496997605e-01 1.259347579470184997e-01
1.738587121219685372e+01 2.938198149464599229e-01 2.937159662005277005e-01
1.024792100983842502e+01 8.888382950293473028e-01 1.810120304772746824e-01
1.434829396383009126e+01 4.321501700641354193e-01 2.456507404333276301e-01
1.414581685204988304e+01 5.309634567966305951e-01 1.180269169660705109e-01
9.967793341304526322e+00 9.489999088341422029e-01 1.763768166631535794e-01
1.363895562383989990e+01 5.197489014750724667e-01 1.777128612949029351e-01
1.468777921847684098e+01 5.021695348170149842e-01 1.382602285779605811e-01
1.285356538806559712e+01 5.514201507739566743e-01 2.270077230589736539e-01
1.328871733542924183e+01 5.311726912322531913e-01 2.186126762424551173e-01
1.920235063864694425e+01 2.574504923336287110e-01 2.465400040073697507e-01
1.327230243327644388e+01 5.478063783288443789e-01 1.769000200626043018e-01
1.485125414311601766e+01 5.178640988528140365e-01 9.870636363944317038e-02
9.197421490554919643e+00 9.598942300497972369e-01 2.526221110126481983e-01
1.110079399593658245e+01 6.512962401806851043e-01 2.824742090711013232e-01
1.066015441841563494e+01 7.630564963497440401e-01 2.320685048364424519e-01
1.818939651257098689e+01 2.870387272992542260e-01 2.216439387993289212e-01
1.170853887097507240e+01 5.734210660557148564e-01 3.025876386512679206e-01
1.815701723226732156e+01 3.024890496201248502e-01 2.010539197790145727e-01
1.484558450832013321e+01 3.905877534060916978e-01 2.835038333687712742e-01
9.272521712256342141e+00 9.077756232011011672e-01 2.949011469155419229e-01
1.320173075148453279e+01 5.752355133671758214e-01 1.617678233799245135e-01
1.014178489107702141e+01 7.978869201696130453e-01 2.567771512936452560e-01
1.708088114947123159e+01 3.264647265986561631e-01 2.139297238224689424e-01
9.761329652600965190e+00 8.007800179806354723e-01 3.011800084521229492e-01
1.279604478459049943e+01 5.438774626434340620e-01 2.333900288602945294e-01
1.094755917281814916e+01 8.856854982624137174e-01 1.142282171785487244e-01
1.250254883470003975e+01 6.872286437148870109e-01 1.083497599737597294e-01
9.794800863439091287e+00 9.426334613584359534e-01 2.042453097773843929e-01
1.471499992405661850e+01 4.751925360936809506e-01 1.471873198147055639e-01
1.208673826206262625e+01 5.259447166535492491e-01 3.096110511206486282e-01
1.302868292403245931e+01 5.562741790250317342e-01 1.925004308256885177e-01
1.282046695470955200e+01 6.499503221536242492e-01 1.170632903303986949e-01
1.064551278821959279e+01 8.125957911664660749e-01 2.021374878401037689e-01
1.129898906587685303e+01 7.571755049944675076e-01 1.566043584790235421e-01
1.283163151097465438e+01 6.556343479661197460e-01 1.171718099712749372e-01
9.911761162577677808e+00 8.763573082021806071e-01 2.484283869469220973e-01
1.222026419142509468e+01 5.741403312769458589e-01 2.432750030609785452e-01
9.768814483536651494e+00 9.485060502294145879e-01 2.019101276136946455e-01
1.642576943812577994e+01 3.718914478472590268e-01 1.773090492256744755e-01
1.109411589057551062e+01 9.030882259773743703e-01 8.414966263490689102e-02
1.380499602016795890e+01 5.630257607468930336e-01 1.324287731218213582e-01
1.387300284590094002e+01 5.011591489252587017e-01 1.810937525561850392e-01
1.474809712627821234e+01 4.909415952149287499e-01 1.420237506448438214e-01
1.207470976191721945e+01 7.167351711515962398e-01 1.315703215115610336e-01
1.437452266534150525e+01 5.349088398051220494e-01 9.639974605901617533e-02
2.352882548075267266e+01 1.967786042271745250e-01 1.689682227610625753e-01
1.007185537363973538e+01 7.338703156494177371e-01 3.217012661679391483e-01
1.677054206998101904e+01 3.364947159247818620e-01 2.181614191524472723e-01
1.116318627743073222e+01 6.783838428215529515e-01 2.559725896250434340e-01
1.204118299774314949e+01 7.946155898792955918e-01 7.031645086815618839e-02
1.749641770073818137e+01 3.318883040880130086e-01 1.799853807647817383e-01
1.180079264426290031e+01 6.419202428152969153e-01 2.021580515746219386e-01
9.411636785156225926e+00 9.760778201345762239e-01 2.425089564063419023e-01
1.028060762956113727e+01 8.113071052996080335e-01 2.226395027330276832e-01
1.139711411841472533e+01 8.053143370610337248e-01 1.227328135045329394e-01
1.049108865857983552e+01 7.467117372394429520e-01 2.676891248196090478e-01
9.448281017839178730e+00 9.123394981681954841e-01 2.619372326920009209e-01
1.049786112538169291e+01 9.001626417331952679e-01 1.503732065998285017e-01
1.123049976800918870e+01 7.160727348288215000e-01 1.998553295361214510e-01
1.022816595739968903e+01 9.045134800415172149e-01 1.661633573171545919e-01
1.070915706580838034e+01 8.458886829180912725e-01 1.645699958793707118e-01
1.023135627836673578e+01 9.587415019251903647e-01 1.371604783815899009e-01
1.374861873373266796e+01 4.950718239895677275e-01 2.088282529039716673e-01
1.180724068317184816e+01 7.041870618638939039e-01 1.451819103238810027e-01
9.250658251623475437e+00 9.521274899909347722e-01 2.681114879518171068e-01
1.236996069689211275e+01 6.373398562837874204e-01 1.513227365045856088e-01
1.096756410696594308e+01 8.395000032667639944e-01 1.486370951821331943e-01
1.122533928610423004e+01 6.914372725950066467e-01 2.196898152511550517e-01
1.549691236341286782e+01 3.487475336980819240e-01 2.918959668642991945e-01
1.449960938417249601e+01 4.306473170365601733e-01 2.253823275140363902e-01
1.111181624682527058e+01 7.176680754801704198e-01 2.262606694281391884e-01
1.052218672861579485e+01 8.365392257108902330e-01 1.778921358897459781e-01
1.273587271684117539e+01 6.058001150494285447e-01 1.720827721731820747e-01
1.265857680527708773e+01 5.266740051549722024e-01 2.572108182105634078e-01
1.561823284734677131e+01 3.911711293730801287e-01 1.978534396303941179e-01
9.770890003992947825e+00 7.938297843232907658e-01 3.166657279677310144e-01
1.170732740439399677e+01 6.793327805765194682e-01 1.823478170436037549e-01
1.084632750447679861e+01 7.485145122641051474e-01 2.214432944728846053e-01
1.091500352105683724e+01 7.903023084018625521e-01 1.937545720868447119e-01
1.123939910711955292e+01 6.317839610136336548e-01 2.939521006627421884e-01
1.092200440245954063e+01 7.124199989443319447e-01 2.447867859043554861e-01
1.227256236364831565e+01 5.518909034683987525e-01 2.505456110338816211e-01
1.031953744321518585e+01 9.043588493067766798e-01 1.729619748691133274e-01
1.009522761927307322e+01 8.642157065125550819e-01 2.212485491671309090e-01
9.704113209074172630e+00 9.692334321549920251e-01 2.020106060894619471e-01
1.619898246191899460e+01 3.341562725829368974e-01 2.551405032875990186e-01
1.034102484080729489e+01 8.589714144954236907e-01 1.839134757092402706e-01
1.617343526836767964e+01 3.450245911790070230e-01 2.446953084464744410e-01
1.563970342092612142e+01 3.725666266448899311e-01 2.120685055046938883e-01
9.668282027973022608e+00 9.269902440832503698e-01 2.273093022718421230e-01
1.162960304593049798e+01 7.379521689752028824e-01 1.509883825900618370e-01
1.331478710705686730e+01 5.049768877424983815e-01 2.337571654670722587e-01
8.895713195342253243e+00 9.377466663757155763e-01 3.497065087807228467e-01
1.247981900918246723e+01 6.298726812347698045e-01 1.710128159108087187e-01
9.958108214058670526e+00 9.137890551212716206e-01 2.206005135433233566e-01
1.121212157847508273e+01 8.196303381078691164e-01 1.229217491948828567e-01
1.144646341479366392e+01 7.541188199907522538e-01 1.538696732241366938e-01
1.246135809261878791e+01 5.714283166740152797e-01 2.116029045818297316e-01
1.263218946787019270e+01 6.734092144588990081e-01 1.090561961276594743e-01
1.061284597338812929e+01 8.826696571158006988e-01 1.522002830177945354e-01
1.210205799222483591e+01 6.923938487608612968e-01 1.498573785671664660e-01
1.075722258846592894e+01 7.518835582005252149e-01 2.250581310950938718e-01
1.228621837313403553e+01 7.023909938932803021e-01 1.227734670713968718e-01
1.729777745339682227e+01 3.207965793295607937e-01 2.089107675796678942e-01
1.111943780711741248e+01 6.186598008711441388e-01 3.255959579105633939e-01
1.167252400195243389e+01 6.551575620631114871e-01 2.121154064890833912e-01
1.798495408961207076e+01 2.772331071420496840e-01 2.642780118706684056e-01
1.079826889595852890e+01 7.727206242445410211e-01 1.947376125101401845e-01
1.024558529123751072e+01 9.336994299545243736e-01 1.581300299308522617e-01
1.452738950386353167e+01 4.659257289957406956e-01 1.749810243237730212e-01
1.015207890465545759e+01 9.645872676040232463e-01 1.578528999227601648e-01
1.448538299774119587e+01 3.847041089959974403e-01 3.159108349015126715e-01
1.471612513645448850e+01 4.512069811681304055e-01 1.745551794189485195e-01
2.056562935185307950e+01 2.500062398751579096e-01 1.786299648454913735e-01
9.494991369715743090e+00 9.743538140857092023e-01 2.335038184631366698e-01
1.044347470439606695e+01 8.890165818992382674e-01 1.609666149708744443e-01
1.360716359916631824e+01 4.896667447142927232e-01 2.131121140493489330e-01
1.208899230856171236e+01 7.555224719736588490e-01 8.964392265108653279e-02
1.058406113485404276e+01 7.570816073481302366e-01 2.524950409670360107e-01
1.034997876114358739e+01 8.513333896539099221e-01 2.008575366995936085e-01
1.008598208408654884e+01 8.540462570724723923e-01 2.270383494854732731e-01
2.304451831480128021e+01 2.051513837061643142e-01 1.641963617966929745e-01
1.688464767400336797e+01 3.844002325489006000e-01 1.369158395045586563e-01
1.093086962617955038e+01 8.270205545350814980e-01 1.711661883570345100e-01
1.162978927086307124e+01 6.233224213257753110e-01 2.507486468396191159e-01
1.227766980922366535e+01 6.372157346556329705e-01 1.728908028770775596e-01
1.254098219687285543e+01 5.218369850935451471e-01 2.735208255045990522e-01
1.401428388160334571e+01 5.023902725349589371e-01 1.770385562494491138e-01
9.530668194561826567e+00 9.359787558983961864e-01 2.402208469818128411e-01
1.605545072448045829e+01 3.867367557031362035e-01 1.928857509545572613e-01
1.080730149563355980e+01 7.833947070156069836e-01 2.018029315333083884e-01
1.552907377356509144e+01 4.074880807349590128e-01 1.897805390393151603e-01
1.067211803862559982e+01 6.564062404370585302e-01 3.319783334996426194e-01
1.263803008133399963e+01 6.466484919154905642e-01 1.249426200985642860e-01
1.175174321444156078e+01 6.063486759699324713e-01 2.290754824944477852e-01
1.066182751309531973e+01 7.373772803581090107e-01 2.675635563791339822e-01
1.133143819074495084e+01 7.763006584449234637e-01 1.400018940712021709e-01
1.366362953453742612e+01 5.341985090114839130e-01 1.613468240310629576e-01
1.232024303955850009e+01 7.522839948962185552e-01 7.665692611818346325e-02
1.230701472984643630e+01 6.078732413613963104e-01 2.051262211740262353e-01
1.709002042693060019e+01 3.201819014527694796e-01 2.149707137462121276e-01
1.375385893849700913e+01 5.056878523220842414e-01 1.829623637102531231e-01
1.417209697193203155e+01 5.074153710798026129e-01 1.369184131262290438e-01
1.289193784607346949e+01 6.631805230049606648e-01 9.939192122003318031e-02
1.203055058247007203e+01 6.980651328698460611e-01 1.503320298806676836e-01
1.056502112298121965e+01 7.981474229763572126e-01 2.094217914301085282e-01
1.126792570001512850e+01 7.763490200845697409e-01 1.690610750469116741e-01
1.127651951599433922e+01 7.454322352770306193e-01 1.808892580675783290e-01
2.329503192816625656e+01 2.023973863271321116e-01 1.658061720518016480e-01
1.299632964877753594e+01 5.713213191990176298e-01 1.725446545428517831e-01
9.864879734204784256e+00 8.866951423936167975e-01 2.314706617506753494e-01
1.665679848833547183e+01 3.239989106735386981e-01 2.422366167478164911e-01
1.020694729227896325e+01 8.959253912358579042e-01 1.874131072635264184e-01
1.120085143652796056e+01 8.715002807575111810e-01 1.034357584365186572e-01
1.316378385337497114e+01 6.216512345815541352e-01 1.162572375595991997e-01
1.090743912182570341e+01 9.051832075438835945e-01 1.001738232018122010e-01
9.351033187194360607e+00 9.018588267884262155e-01 2.805046159184393373e-01
1.148760538016153454e+01 7.795424000001338616e-01 1.467462226507715295e-01
9.987808736245264996e+00 9.369902602016372262e-01 1.785024453513545661e-01
9.932304528518205444e+00 9.660801951062594206e-01 1.755679627497234441e-01
1.237224788020863997e+01 6.812118655919070509e-01 1.338886706544808458e-01
1.778463216466176888e+01 3.202988514210492466e-01 1.718220977286734064e-01
1.127880651070987739e+01 7.376824424307569794e-01 1.918031386774773916e-01
9.665423039035966113e+00 9.171875919366415664e-01 2.308597308107676049e-01
1.326519861892080598e+01 4.966079385763553233e-01 2.437576575325497708e-01
1.186838438940475804e+01 6.498343925468886839e-01 2.068532076314025803e-01
1.311222859613453373e+01 5.692508481035406520e-01 1.831273292911733408e-01
1.095387025330209418e+01 7.739118780929741259e-01 1.920736413747150262e-01
1.018189838152136062e+01 9.533088113918470885e-01 1.534579732768499849e-01
1.221780132636621907e+01 6.080473875838614539e-01 1.957053163463848555e-01
9.722051323131946532e+00 9.091703521461955706e-01 2.449616441749914719e-01
1.294470409183339399e+01 5.553099691787473091e-01 1.996831978412962338e-01
1.393232540897201233e+01 4.856024503430612094e-01 1.907796805633260040e-01
1.117359237050287035e+01 7.597142825751759254e-01 1.813635452161457273e-01
1.003132569406431251e+01 7.732496175892269452e-01 2.963079254514165983e-01
1.557070974027867116e+01 3.380733726650334003e-01 2.995712679464442307e-01
1.198300158550491901e+01 5.851458109182329226e-01 2.479049504665410408e-01
1.676988107086200586e+01 3.182899765229170175e-01 2.487176809133803679e-01
1.548121153543655559e+01 3.887374752536572053e-01 2.102804071316918266e-01
1.782400286651868271e+01 2.885462074091781903e-01 2.416020719456227484e-01
1.520782364229097006e+01 3.972688464475117032e-01 2.187774158859077944e-01
1.108678811807055631e+01 7.389957632207804217e-01 2.196130976798332524e-01
1.804997486862221834e+01 2.855236918429031601e-01 2.464296659542458412e-01
1.110575854915755833e+01 8.680621850162051345e-01 1.074297127532043844e-01
1.123551872926117134e+01 7.172195273140578031e-01 2.078167752644893285e-01
1.214175118900093153e+01 6.243285602464454520e-01 1.939257174971656117e-01
1.236441579435351201e+01 7.040142385830261418e-01 1.107975210336368393e-01
1.322533495597127562e+01 5.159356284145972804e-01 2.340371759454926426e-01
2.307186706553319411e+01 1.957404291347263070e-01 2.210477773636976562e-01
1.233881113572067001e+01 5.551531545764372133e-01 2.461682130297002113e-01
1.040477443955678716e+01 9.315195744554448654e-01 1.427031042172635933e-01
1.163867431389861551e+01 6.838684979531349795e-01 1.793327684759516705e-01
1.109790432404249394e+01 7.919174120841313558e-01 1.628790105931521848e-01
1.315884049562528979e+01 4.965626771511874038e-01 2.578534564274674867e-01
1.357282819105937755e+01 5.266662452867443278e-01 1.854561756405871675e-01
1.448676535234759477e+01 3.899795697058385802e-01 3.004745739839718710e-01
1.124962785636444451e+01 6.864593693105058847e-01 2.326507348433239641e-01
1.233387024679074528e+01 6.743616735418132002e-01 1.270376870928002500e-01
1.074333573981735412e+01 7.543227066493357613e-01 2.410275884064965735e-01
1.010586352665208842e+01 7.658230821166985836e-01 2.837114775779831510e-01
1.388817906561333260e+01 4.377700433977232963e-01 2.711489720833043515e-01
1.173230267151160433e+01 6.492469661081892163e-01 2.115094343212643169e-01
1.009650528719762264e+01 8.465178706660693164e-01 2.293877581324191006e-01
1.051538812095721376e+01 8.452041085753435601e-01 1.824384280423644311e-01
9.648890942651847880e+00 9.725403581873163228e-01 2.061975598819864863e-01
1.088867357371916356e+01 8.315385861327786454e-01 1.413719876768285699e-01
1.175189380088238522e+01 6.439777231529266732e-01 2.051560573953269961e-01
1.174065670769287451e+01 6.245834306883548681e-01 2.423312070501987270e-01
1.139638483000639013e+01 6.096122299096956576e-01 2.896382685588688721e-01
1.198907137895056252e+01 6.080473875838614539e-01 2.185172260838401659e-01
1.333479625412093128e+01 5.216571987978867453e-01 2.061185408085760284e-01
1.251158863290084255e+01 6.232152630687185502e-01 1.663660531431258305e-01
9.979503130228243535e+00 9.127799663676475772e-01 1.920631356369620069e-01
1.223689148393801496e+01 6.088251371233308618e-01 2.096062974349881536e-01
1.044521964454667895e+01 8.387599467549233800e-01 1.876843344051436768e-01
2.201105244126216220e+01 1.981620285869523101e-01 2.585944299540931524e-01
1.123105595440726034e+01 6.711230260427889505e-01 2.498802478578563691e-01
1.220924962450300910e+01 6.481465119821745446e-01 1.769467773974629232e-01
1.072022647843465393e+01 9.660886228932520359e-01 9.284969875684642715e-02
1.543739119861071352e+01 4.069932990801041206e-01 1.880381988324329456e-01
1.067977677352613952e+01 9.147778969636242152e-01 1.166710316507392486e-01
1.713787562747637949e+01 3.274034358692222146e-01 2.046226993794568461e-01
1.322032126114100059e+01 5.174008969163358396e-01 2.060529910771541351e-01
1.985456023358211652e+01 2.576237554900162596e-01 1.966974535757590459e-01
9.839365983393395965e+00 9.394575141107499583e-01 2.065794706729263408e-01
1.034666056041675475e+01 9.471930654777652725e-01 1.372193617536915100e-01
1.167641897542223184e+01 7.756854800174658449e-01 1.103358852820866820e-01
1.196043811823873604e+01 8.104049239061871246e-01 6.000042713287775942e-02
1.126837546873351137e+01 6.619047388365209006e-01 2.640201810386486603e-01
1.571655525876573201e+01 4.040479754266066981e-01 1.732919012081376997e-01
1.000551159958508762e+01 8.603907406993601681e-01 2.344712088997225330e-01
9.125358587511790631e+00 9.596576869764360529e-01 2.910210472301373308e-01
9.612998481046973964e+00 9.563794757881831643e-01 2.232762956525841946e-01
1.566175869362883510e+01 4.043770863732599752e-01 1.852737308429927288e-01
1.494034745029391331e+01 3.909449622167701643e-01 2.307947463087587081e-01
1.642323213995486242e+01 3.718206112129878171e-01 1.776526822718955123e-01
1.612412556676312292e+01 4.149139333129047147e-01 1.314916010548080605e-01
1.211415090585723320e+01 6.335581520087262275e-01 2.039588340399600130e-01
1.252861890873173145e+01 6.380274929016194196e-01 1.517671744283863866e-01
1.270590186428615276e+01 6.096014341374994538e-01 1.735697441448601219e-01
9.962229543208843907e+00 9.942803435069179629e-01 1.707332128228897516e-01
1.661704890861089012e+01 3.488611770284423264e-01 1.969113244901264659e-01
1.311742311081126289e+01 5.174199702785444721e-01 2.100605347254324573e-01
4.617605192896840549e+01 6.060576955889859785e-02 2.304363524961684506e-01
1.113491989683437211e+01 6.529108488884729500e-01 2.708815268642514873e-01
1.048060085793193785e+01 9.228000998312055891e-01 1.300871162397355119e-01
1.183441419562957719e+01 6.805972929364123569e-01 1.793441046196990463e-01
1.137437101310069387e+01 7.571625105102990361e-01 1.636535316770774684e-01
1.148102316912915910e+01 7.963744051783262501e-01 1.214192583032844830e-01
1.109944376058112780e+01 6.382652768374357244e-01 2.859420544284868027e-01
1.240564347170766979e+01 5.974787387074922407e-01 1.959830244869719684e-01
1.179599203731479662e+01 7.563889275883469709e-01 1.208507057461284256e-01
9.234702334647366229e+00 9.871988244791284339e-01 2.357141125367691881e-01
1.082204280409945696e+01 7.048282707043627138e-01 2.619856271165934003e-01
1.073472520836343769e+01 8.936037985641444026e-01 1.356136988492602224e-01
1.144452348863954327e+01 8.308938875325212470e-01 9.067669024320534898e-02
1.097255054566040755e+01 8.343450057483910998e-01 1.456795917195326251e-01
1.299779161527266602e+01 6.120374240364142571e-01 1.418214293081405397e-01
1.167714154839254448e+01 6.797511830094512542e-01 1.816671865127367225e-01
1.537240334710497613e+01 4.075210666926724068e-01 1.953532304017104038e-01
1.268163440650033635e+01 5.978223755664989758e-01 1.750721178621611474e-01
1.117642757586022739e+01 6.535783336584304326e-01 2.853848194265578009e-01
9.371790270658486577e+00 9.544013659456058729e-01 2.523218180333360317e-01
1.023908181817198226e+01 8.800957072766129041e-01 1.909499845613153723e-01
1.583860746114106277e+01 3.693170489817055868e-01 2.285452490803212000e-01
1.068335669499816376e+01 7.992714258047999287e-01 2.001579802613594194e-01
1.655924581966867137e+01 3.518762289827923606e-01 1.889601418866758697e-01
1.115213494224720137e+01 7.142189698036750523e-01 2.162012090276009546e-01
1.229301892665009355e+01 7.172839577361447283e-01 1.003745362072872432e-01
1.128584457519251494e+01 7.873847552222059676e-01 1.423187982490022596e-01
9.874869553485503104e+00 9.736959444689388121e-01 1.762157400753001923e-01
9.932788680912141288e+00 8.182156422808692930e-01 2.719562817825846857e-01
1.301554125638759096e+01 5.722883305275362487e-01 1.704656392732702141e-01
1.483145939284421111e+01 4.226414926523255899e-01 2.191459865684279862e-01
1.168599701796520307e+01 7.274949767266202239e-01 1.418269247166245861e-01
1.172077670503512437e+01 6.089508713647131533e-01 2.610898041978955142e-01
1.798927327796073072e+01 3.201318137393782126e-01 1.799850762179487085e-01
1.109357248973512711e+01 7.771956748885533450e-01 1.826029903477233152e-01
1.577510862757276655e+01 3.852942224090911139e-01 1.962333005233520833e-01
1.131109491760043717e+01 6.754078736961266483e-01 2.336138191438793810e-01
1.138506211143896252e+01 7.652381305524335042e-01 1.524101380894199997e-01
1.247184723242836668e+01 6.938604249477614561e-01 1.104469365550698606e-01
1.023047066505402469e+01 8.759717383015973580e-01 1.988591681421826018e-01
1.279733624405801429e+01 6.660292358954156278e-01 9.948216813738151865e-02
9.954824044942016670e+00 8.329157882150043379e-01 2.710929558204640544e-01
1.086080143730213798e+01 8.281560983345409577e-01 1.599767962169316438e-01
1.085510309566658727e+01 8.655445129338281696e-01 1.304118126681996503e-01
9.585421004291315938e+00 9.563020727630814344e-01 2.239442581340629901e-01
9.790196293691067808e+00 7.806922066853499986e-01 3.139989857292165842e-01
1.147677760044775752e+01 6.763511666320513038e-01 2.149514859864493921e-01
1.157475292499541730e+01 6.923247086875469192e-01 2.052148101942756764e-01
1.244327760625117207e+01 6.095287893998809770e-01 1.943573446062045185e-01
9.396802800946931100e+00 9.607397244253635948e-01 2.557537121893084797e-01
1.763874400042663382e+01 3.829116337275855209e-01 7.576134670025524986e-02
1.033648214831120526e+01 8.771039445487226471e-01 1.676676762960314371e-01
1.056414085151978988e+01 8.393837039880032158e-01 1.916713375046015244e-01
1.120716224226981694e+01 7.011927706549163641e-01 2.292058151921539944e-01
1.422119286765850710e+01 4.996968324199312361e-01 1.481938594444276447e-01
1.343661690529229347e+01 5.853466541795048217e-01 1.237382971045968560e-01
1.246949060607781767e+01 6.195484337029311117e-01 1.696157663220603240e-01
1.171066719530789513e+01 6.253869160959407703e-01 2.483325836582351565e-01
1.060501755263326906e+01 8.609203200606954098e-01 1.692835903813250387e-01
1.037069208610619064e+01 8.959014243449860970e-01 1.752986453785085053e-01
1.047842821208094399e+01 8.869727763103785190e-01 1.600859623614185046e-01
1.543183985194558083e+01 4.273811985267567670e-01 1.502283436912112136e-01
1.614154879770371309e+01 3.194635550052596917e-01 3.196600958569663642e-01
1.048834826391382080e+01 8.780858791614124526e-01 1.616437301113736458e-01
1.104739663796106974e+01 6.273651022699905377e-01 3.076955409463225655e-01
1.538544654989943616e+01 4.120545069106141822e-01 1.809592877964766866e-01
1.198891948734173241e+01 7.651803214966048650e-01 8.922876776241166208e-02
9.334768766075214330e+00 9.069826532677863762e-01 2.981284597041900519e-01
9.885908264389685840e+00 9.173567662672595935e-01 1.996877457098462649e-01
1.789758281386027150e+01 3.334651853203380867e-01 1.373475304143220443e-01
1.553215353613592953e+01 3.874145890089777389e-01 2.121709942060518161e-01
1.019848347938868649e+01 8.099558445587604627e-01 2.307066070525565504e-01
9.351185271598415838e+00 9.821677148379915900e-01 2.288414426886656583e-01
1.022907406233092686e+01 7.903731841562494642e-01 2.632709394085086529e-01
1.323509988822180361e+01 4.755431654431513944e-01 2.754797437660018167e-01
9.683604905535588614e+00 9.354527757004448274e-01 2.114362321538353628e-01
1.145605454852282890e+01 6.343464092791013531e-01 2.416636931808386624e-01
1.463179839810694460e+01 4.523482461618905104e-01 1.763591550186281720e-01
2.205345360589639370e+01 1.972984205384047118e-01 2.527552143857078049e-01
1.245097934295319853e+01 6.716879449301976779e-01 1.260666842703255519e-01
1.387682492710585791e+01 4.337047363773079978e-01 2.630124032021882718e-01
1.320802104102556207e+01 6.207763531215475528e-01 1.042502850879409859e-01
9.300307733927937193e+00 9.362351006910886175e-01 2.730468000330943945e-01
1.475130283282185317e+01 5.109026028646355133e-01 9.331671804034291640e-02
1.265381621755141595e+01 5.524882412286317157e-01 2.187038072048194393e-01
1.666850556798538818e+01 3.759089928450711771e-01 1.581440461083473414e-01
1.499922012346535283e+01 4.493043037927056949e-01 1.616926896087696741e-01
1.067592149607377827e+01 8.880925514859094871e-01 1.427120750406903338e-01
1.907522856535556954e+01 2.518468247638630531e-01 2.526183388598388646e-01
1.216722289087748266e+01 5.654647906294546500e-01 2.594436822135719467e-01
1.402109886093958124e+01 5.247718430295084113e-01 1.380078093915350912e-01
2.358198100711397771e+01 1.789632712237570200e-01 2.345763441994295484e-01
9.735915075967948695e+00 8.707242762350402288e-01 2.576005341524311154e-01
1.449250877881102362e+01 4.291145014997726492e-01 2.237797399262208831e-01
1.105095364955854720e+01 9.164911644362053744e-01 9.212807781183063316e-02
1.294802274160013589e+01 5.078294758915128382e-01 2.673775548792945989e-01
1.108419974307724942e+01 7.860798673827068539e-01 1.828376701880069233e-01
1.604666913494753899e+01 4.149533400632459124e-01 1.389742685915342502e-01
1.151190958496553485e+01 6.250383034320214914e-01 2.578925718344089457e-01
1.065952279339932751e+01 7.871226620922471273e-01 2.222113327713695352e-01
1.006836387366626617e+01 7.675381400660979958e-01 2.840149597061356057e-01
1.175666552646350027e+01 7.705240378521120981e-01 1.205923967425289317e-01
1.056094161308355694e+01 8.111833481629290299e-01 2.018896103236673678e-01
1.043261651101468068e+01 8.026868922598210387e-01 2.321932840556140687e-01
1.574873931573941555e+01 4.268946043838821036e-01 1.400796368542218118e-01
1.296875276798217769e+01 5.606373569449404348e-01 1.925128609871160912e-01
1.307675138944228799e+01 6.419955584102250423e-01 1.011755573808562764e-01
1.136171260803395811e+01 6.370481060252760619e-01 2.692043442291670585e-01
1.884764103813908065e+01 2.722358269048576473e-01 2.185296460269735563e-01
1.925801312546150612e+01 2.468687434301998218e-01 2.581304542345749797e-01
1.328059492147477449e+01 5.727525197079745833e-01 1.607612145852608809e-01
1.292366486400417180e+01 6.425500462456225081e-01 1.188985242898993600e-01
1.102964214597154147e+01 7.927396192956139842e-01 1.749669965393763904e-01
1.208094048587392066e+01 6.004025485575377186e-01 2.280890728125084255e-01
1.057134891397782361e+01 8.969550037601371484e-01 1.578697382521827286e-01
1.379919865063511963e+01 5.745522662226957289e-01 9.187526784598644414e-02
9.586974523071631893e+00 9.660961346411307549e-01 2.009129139204513248e-01
1.022763380705893255e+01 8.268652804310671067e-01 2.352573204406284701e-01
1.212518088228032376e+01 6.943422398169428744e-01 1.403854618125541520e-01
1.257975021666791449e+01 6.625607757554673460e-01 1.114797797395015583e-01
1.080475223876431734e+01 7.205643386446903831e-01 2.487824525574775791e-01
9.285522740316515922e+00 9.940973027979324028e-01 2.530280012650530930e-01
1.092230548414096525e+01 8.053516877547844954e-01 1.638764378507775732e-01
1.008179391192521024e+01 7.243776014065669289e-01 3.377037973418203221e-01
1.304735402194853577e+01 5.479221531891768082e-01 2.100484108456939503e-01
1.708935225472131592e+01 3.590032996724007996e-01 1.564435389609377947e-01
1.081517633767013287e+01 7.858888608155131239e-01 2.197324008534671247e-01
1.193858423467182561e+01 6.762828470069799369e-01 2.001565443906139219e-01
1.210088140331636986e+01 7.898631375727580561e-01 7.543009192978927802e-02
1.101873438992487486e+01 8.308744834138528379e-01 1.600236059494622720e-01
1.344713097030667903e+01 5.409850524798632820e-01 1.682050196999979597e-01
1.224742497658792750e+01 7.436997483420487720e-01 8.660743180217317372e-02
1.323444694714260983e+01 5.671297766441021349e-01 1.660131891213456057e-01
9.708606249103214125e+00 9.777109457281323301e-01 1.886127192334718927e-01
1.261584535341575908e+01 6.510048707843677507e-01 1.472520966312712010e-01
1.464933213723595351e+01 4.840967297167974026e-01 1.425426102200393619e-01
1.355776030485762362e+01 5.315312556169564662e-01 1.649278275647717840e-01
1.454559800171671746e+01 5.439847216342695857e-01 7.454345353687007181e-02
1.159914289761673345e+01 6.728993499454232197e-01 2.203723262094194058e-01
1.051653244491236272e+01 8.600580155434266461e-01 1.750430158163200911e-01
1.221142681719550716e+01 6.726000584819055161e-01 1.420609736088891129e-01
1.107703530173980511e+01 7.939534561057848272e-01 1.516804499121079119e-01
9.676004095604955779e+00 8.719343094289496721e-01 2.847127674993820134e-01
1.319510092840337023e+01 4.862966033173273250e-01 2.630085279701271372e-01
1.096022961413624053e+01 7.965768010802516397e-01 1.625987018535819950e-01
1.187610384954718867e+01 7.600520494469744648e-01 1.317739529965865075e-01
1.512314946196902099e+01 4.764664682412741992e-01 1.027886117200740856e-01
9.520178415190388321e+00 9.915769397479284875e-01 2.107391028421579937e-01
1.701942084559849988e+01 3.591414841818147963e-01 1.505969079473319649e-01
1.144960487843258434e+01 6.768308498454999045e-01 2.152589672513497698e-01
9.818210370278306343e+00 8.939007637012265084e-01 2.282848447112833246e-01
1.148732463438815543e+01 7.160953812116435113e-01 1.745855914621033678e-01
1.068318355079280302e+01 8.217570666899132181e-01 1.972521991397231389e-01
1.047499139657038114e+01 7.823917817455368073e-01 2.377740953796959045e-01
1.122807673216421165e+01 7.645898504123973538e-01 1.759599007883670962e-01
1.335236824720995052e+01 4.866904297254776579e-01 2.425365240182815740e-01
1.118482629535964357e+01 7.125990812552276399e-01 2.094579782519783440e-01
1.430805745220799707e+01 4.399735548521603312e-01 2.295029907072445030e-01
1.278015242127469620e+01 5.843678996836253470e-01 1.794281870150486458e-01
1.206246944897400297e+01 6.963737815651297458e-01 1.395859743436873301e-01
1.040654393204539652e+01 8.771082752841145025e-01 1.719936109089013065e-01
1.061945313444733330e+01 8.461921785561267173e-01 1.791493157518625201e-01
8.839661607232230267e+00 9.994308657936366025e-01 2.839381803342759247e-01
1.131144088521754298e+01 7.597585790214425039e-01 1.759527890482745494e-01
1.073386363787448516e+01 8.850558818914195935e-01 1.364794721115692999e-01
1.136481518847733341e+01 6.688777468255153735e-01 2.381622346116487876e-01
1.221244630711729684e+01 6.948581893156239309e-01 1.261506215986269164e-01
9.978192678179112818e+00 8.985477316976886453e-01 2.257304239756716124e-01
9.270307911664490419e+00 9.392320571698175025e-01 2.693180628002120325e-01
1.588187514927350996e+01 3.920009115028426083e-01 1.876514214061826558e-01
1.391880320230213819e+01 4.654938757360910784e-01 2.160083560345606168e-01
1.506076983967366267e+01 4.049320663876744275e-01 2.226080204409378593e-01
1.327834755918969201e+01 5.801395335700928468e-01 1.466042692535984848e-01
9.984776510027803198e+00 8.888382950293473028e-01 2.121370956921196926e-01
1.094647540827495824e+01 7.121354919236637659e-01 2.380163962819659140e-01
1.090295199762320166e+01 8.918608036330939459e-01 9.926996856454711748e-02
9.228518274393607612e+00 9.085599395672157019e-01 2.974039839561516407e-01
1.628002329880888155e+01 3.221778348427548622e-01 2.758070569533885852e-01
1.101042260460775779e+01 7.334292655623839696e-01 2.197583551115473433e-01
1.205576013946793523e+01 7.151734064052313045e-01 1.359113686384588182e-01
1.138018259096034690e+01 7.613041579491881539e-01 1.885293388756452693e-01
1.543764239743053679e+01 4.305800137625742652e-01 1.462154024865467972e-01
1.136959527942487114e+01 7.024429605485169592e-01 1.984062462326486032e-01
1.063693828103469308e+01 7.874290053417426494e-01 2.222150450172005742e-01
1.634222314168239620e+01 4.173000710840944483e-01 1.261513047541453492e-01
1.045114065463327968e+01 8.790153738632289215e-01 1.686428691001637947e-01
9.637150632921766658e+00 8.809426255929784233e-01 2.634914056862026621e-01
2.008144160649747434e+01 2.509208139215097222e-01 1.849453971431204991e-01
1.119579713610436755e+01 7.381168480098071472e-01 1.982495606979119418e-01
1.087838852727771766e+01 9.014054924168476424e-01 1.042158468489622070e-01
1.027038554799387171e+01 8.004998704123492681e-01 2.476377775810880699e-01
1.421675434478611777e+01 5.260212605250466078e-01 1.292094213126632196e-01
1.003870481814172955e+01 9.403467765548727542e-01 1.788218913075453054e-01
1.481604940757972422e+01 4.263626187747684981e-01 2.160816522071023760e-01
1.463911994385908066e+01 4.533570332294730165e-01 1.655450886084294249e-01
1.140973508367972933e+01 6.583454337699454761e-01 2.371649926597240166e-01
1.027763641210930956e+01 8.230841289352920365e-01 2.362252847386356047e-01
1.562487865315668323e+01 3.867606914421952702e-01 2.045206816273892336e-01
1.228452329922086506e+01 6.038768350139224195e-01 2.056165652896394247e-01
1.479818251246588723e+01 4.276851306768790217e-01 2.205652271679018617e-01
1.023287957415493921e+01 9.586686463307533268e-01 1.430112941763649614e-01
1.866937269107292963e+01 3.180268457904859569e-01 1.253958443644959675e-01
1.589067469078368511e+01 4.218993494084583018e-01 1.410537534014405514e-01
1.283269954000793156e+01 6.537817922513483593e-01 9.519964651111222087e-02
1.224528481079863695e+01 5.893983086113865344e-01 2.310144870380409776e-01
1.174868748580540512e+01 6.025801990334220815e-01 2.625877452913894516e-01
1.302220656735536686e+01 5.257809213712292262e-01 2.455646592225110281e-01
1.258845445643981797e+01 6.503684526055357740e-01 1.339840048988180099e-01
9.784231035381807828e+00 8.632560368875008550e-01 2.440130405736095909e-01
1.202910854582511746e+01 6.847502493600666762e-01 1.413066341741356091e-01
1.746116876584185462e+01 3.167555612315712255e-01 1.983738257864772481e-01
1.146805873353194727e+01 7.823806470463582352e-01 1.303007380892792499e-01
9.931172772783956049e+00 9.057927819433602146e-01 1.979950678740266257e-01
1.359182768825594323e+01 5.870226552149973021e-01 1.017687498304026272e-01
1.745970201306364444e+01 3.645330210245020242e-01 1.202034253142498510e-01
1.936386423678485968e+01 2.722661802045672763e-01 2.023060749129084734e-01
8.771316921403215616e+00 9.718970268052349315e-01 3.306530882675176586e-01
1.713684589029413630e+01 3.323061222569038131e-01 1.904246633596735905e-01
9.881765440329990824e+00 9.943930689208984042e-01 1.562928779271278990e-01
9.468062187955370135e+00 9.791097169929624533e-01 2.254582584766069708e-01
1.665212585148025681e+01 3.500854374984092576e-01 2.111194083205745475e-01
1.342057652688404978e+01 5.166656054432513523e-01 2.018248968432973245e-01
1.066675792656516464e+01 9.047122548500736716e-01 1.417430612016505331e-01
1.018449552027810689e+01 9.888256353535526122e-01 1.296735535501107872e-01
1.065133034290703407e+01 7.432530604381216710e-01 2.570640103346245042e-01
1.187111615881856252e+01 6.683662048182265059e-01 1.931138412354303779e-01
1.536672280584548034e+01 4.498262988150045771e-01 1.269780303066486982e-01
2.942587606558670998e+01 1.283471297163958913e-01 2.112452766383989267e-01
1.043094351509410345e+01 7.555798443148671328e-01 2.787519154617593142e-01
1.080189187434806364e+01 8.614786884822428492e-01 1.396530481141278757e-01
1.238542082865031446e+01 5.826946437419904257e-01 2.112949565337884361e-01
2.453638086614332181e+01 1.651898238703891353e-01 2.446467192573637262e-01
1.381756353349030064e+01 5.345086431161205631e-01 1.374570571034473832e-01
1.067736362299433317e+01 8.795450802743457475e-01 1.426477511378753948e-01
1.134626310114096803e+01 8.174660952580832252e-01 1.287987847480882297e-01
1.923624125850052025e+01 2.736037752820373314e-01 1.933003393287158478e-01
9.638600301554005156e+00 8.484919866608552352e-01 2.938920097989076163e-01
1.424694657390033470e+01 4.545024811820154165e-01 2.137423074202787765e-01
1.113482772036406310e+01 7.444304854190803011e-01 1.811017442687359869e-01
1.053929215099248751e+01 7.791543501976676556e-01 2.458252235434552901e-01
1.038705675591745603e+01 8.391101407692915792e-01 2.056485851328975767e-01
1.136022450230870184e+01 7.981161247862040842e-01 1.314822242427166887e-01
1.289684854904723288e+01 6.297975740725114679e-01 1.233819765262009205e-01
1.134238343889177791e+01 7.378897344874425501e-01 1.706355420200017514e-01
1.110689056367862193e+01 7.637484030804957413e-01 1.696015122793717300e-01
1.085271779841704642e+01 7.398351778984364469e-01 2.305007140191025761e-01
1.284003521978020146e+01 5.547033816198032596e-01 2.128613047787067947e-01
1.146510173746163908e+01 8.048901388036442395e-01 1.139954352317610886e-01
1.388740480856154846e+01 4.742003301909339941e-01 2.218402897326569312e-01
1.024595787090532006e+01 8.532364399160922153e-01 2.180784029416712455e-01
1.428428095355770999e+01 4.778381388902906979e-01 1.819991219750150824e-01
9.531003338669927771e+00 9.680707587647856549e-01 2.203640615448707318e-01
1.863142568550045297e+01 3.256147090205492312e-01 1.113021107050771730e-01
1.670692944992417139e+01 3.948308793758624202e-01 1.136330620037689504e-01
1.214585485431067724e+01 7.714950148088414172e-01 6.835065589431808808e-02
1.134153851909367283e+01 6.918005214402731529e-01 2.051536021315971681e-01
9.998503398215740745e+00 8.492838605660044671e-01 2.467694909873721365e-01
1.967794433997990566e+01 2.985094908589469020e-01 1.133933312071952054e-01
9.916108706859233735e+00 8.540503196403943509e-01 2.464576604535981263e-01
1.175390003193141197e+01 6.514438237373988416e-01 2.004190005469222990e-01
1.450043563504197941e+01 4.911606331189212193e-01 1.452840051140934230e-01
1.028705485380827511e+01 6.109351979074154615e-01 4.404550389380250119e-01
1.079711561272308096e+01 9.106724223307859356e-01 1.183337011533173028e-01
9.405126609295953344e+00 9.472583776756346996e-01 2.435448133025667761e-01
1.299504347061189691e+01 5.596793126954389130e-01 1.915451745993611010e-01
9.538951797745150785e+00 8.905314969820035120e-01 2.709578847925218081e-01
9.318232610126006676e+00 9.373418405778951579e-01 2.656656645310804254e-01
1.296580719010515992e+01 6.719219722281748464e-01 8.078631700571695107e-02
1.920908182392938812e+01 2.871749289682009043e-01 1.521071910840729735e-01
1.091985701960120814e+01 9.174366992416996824e-01 1.025804035710662504e-01
1.784688983624722169e+01 2.942167170503022233e-01 2.303464189823909158e-01
1.281920525033510749e+01 5.518069748979821387e-01 2.047065085876748902e-01
1.158395528731818125e+01 6.683748811141588808e-01 2.093108683420704386e-01
1.181063064203815038e+01 6.955282906859709957e-01 1.628363815829198813e-01
1.214495807582440356e+01 7.031030592758974462e-01 1.386987846033591598e-01
1.092004986294334756e+01 8.641814170751880297e-01 1.277969611987902487e-01
1.540707200806285648e+01 4.439372029169521561e-01 1.370023351703692771e-01
1.967498415483871810e+01 2.502640410298300200e-01 2.096676004613552413e-01
1.041995801314674885e+01 7.660391415996021802e-01 2.616880399490975617e-01
1.261078742920608953e+01 5.808639831016837451e-01 1.910053409991279705e-01
1.100932187651830496e+01 7.062173498543730110e-01 2.419152291832284696e-01
9.179433675309390139e+00 9.552210561115563880e-01 2.831576997698611597e-01
1.140406980289779071e+01 7.292640469916753521e-01 1.869160952137074450e-01
1.300711264321779304e+01 5.608117739291569315e-01 1.650148972840156936e-01
1.209410532552306350e+01 7.099997177913587310e-01 1.250897551953896458e-01
1.065805316371791456e+01 8.776928313524866576e-01 1.366459534317098212e-01
1.108293142621116800e+01 8.432860499008009159e-01 1.286209859910236175e-01
1.071841811522902432e+01 8.123422320544561037e-01 1.923996491460728819e-01
1.157278332949617727e+01 6.967141501999131181e-01 1.905143396990063298e-01
1.134636450556452125e+01 6.729565838913038611e-01 2.276483796346156219e-01
1.036292683313425478e+01 7.862258922685199103e-01 2.351609072256165833e-01
1.053286966043284245e+01 7.465510182678537499e-01 2.551248287147818705e-01
1.060635647560562411e+01 7.719996529229842253e-01 2.408921037371115903e-01
1.252491707741119420e+01 5.496443614767273500e-01 2.451892418615161107e-01
1.238202584807901196e+01 6.154797038304287149e-01 1.896545616061321715e-01
1.369240790989491607e+01 5.235271265390352147e-01 1.633019630162510505e-01
1.207651684515801804e+01 6.118609763537611324e-01 2.221387144362679533e-01
1.728280288151341182e+01 3.265465726056130391e-01 2.001834678477586726e-01
9.795830934076350971e+00 9.496124629018906083e-01 1.975903911520656420e-01
1.042721583731549195e+01 7.417228916349855039e-01 2.778529003222787730e-01
1.004804390667591107e+01 8.950028646873220417e-01 2.136946921218721707e-01
1.106598172590610041e+01 7.996826993495288471e-01 1.707534244043025229e-01
1.068344297746720883e+01 7.465625116260470318e-01 2.447224588652411603e-01
1.330187784491759118e+01 5.147362350269161224e-01 2.260937282799894699e-01
1.232051177697101174e+01 6.337790730079340129e-01 1.858321057515698593e-01
1.160874598021174542e+01 5.424635856520556576e-01 3.405703791372080569e-01
9.964962082080912609e+00 9.243704916604500443e-01 1.929878372326123415e-01
2.591444516961660582e+01 1.614476403187298514e-01 1.978685504288575647e-01
1.529097745519442242e+01 4.014642640781547200e-01 2.060295709703514333e-01
1.190429553914846217e+01 7.524322563246512718e-01 1.151470455638227003e-01
9.868083521654575918e+00 8.724498859551467200e-01 2.279451074136679967e-01
9.826484824040269572e+00 8.623533934687200864e-01 2.549884278139266658e-01
1.036242400713046408e+01 9.526276329484593131e-01 1.491024724689551384e-01
1.074014330114897575e+01 8.425931278505177646e-01 1.686993543155595465e-01
1.185620692087035088e+01 6.828574197510663968e-01 1.771564793634198554e-01
1.987333660969487070e+01 2.532278231401035029e-01 1.883019735361074753e-01
1.046307727566482093e+01 8.157377333756857807e-01 2.068469597724216513e-01
1.731738390751646151e+01 3.173556575203368424e-01 2.331610386114053024e-01
1.152444794959109586e+01 7.562851446198431971e-01 1.577005729054664629e-01
1.188379432105522326e+01 6.236930665483256808e-01 2.126055543109088841e-01
1.619953436258168011e+01 4.018546348472030183e-01 1.317750615319611407e-01
1.102955900553724078e+01 6.669968365724650017e-01 2.548584008980039894e-01
1.317213062496685794e+01 5.383240572211493991e-01 1.893736439498312218e-01
1.205629321307166002e+01 6.714892047111084006e-01 1.876046681723416154e-01
9.697613848229005740e+00 8.789989212150508546e-01 2.500827501986723767e-01
1.193196275512575255e+01 6.670216365090199107e-01 1.763467492002638026e-01
1.049231966070916933e+01 8.623522286285848493e-01 1.864552803392366120e-01
9.905729698124842386e+00 9.910013307273911609e-01 1.517372619363608066e-01
1.131739892342235443e+01 7.181061555194562240e-01 1.926725470518496630e-01
1.015327628309066554e+01 8.355757101490246530e-01 2.433429779772824098e-01
1.091073134405537637e+01 6.327053620914255827e-01 3.166510609599966219e-01
1.107873767577399704e+01 8.429214164141973775e-01 1.258927113398381203e-01
9.416859352552444662e+00 8.782169036389357863e-01 2.970078702694237127e-01
1.578398711117754516e+01 3.823223422992544362e-01 2.015320995908564394e-01
1.400394764422416216e+01 4.724987809392591775e-01 2.167039136662945176e-01
1.248690484487031505e+01 6.181756634970040354e-01 1.840792561235824465e-01
1.189844840161060979e+01 7.174784142296101175e-01 1.432669292456432431e-01
1.468586664080479487e+01 4.884805256712342336e-01 1.253043761747927032e-01
9.255930812089179227e+00 9.199966198951498031e-01 2.900331951924875473e-01
1.556428124558193460e+01 4.220635975110010873e-01 1.706032125028300594e-01
9.267858430587713414e+00 9.673481375242940494e-01 2.476536069904920478e-01
2.874342500529550648e+01 1.353984068129097107e-01 1.982533742466196236e-01
1.034903170188221999e+01 7.690425601500866515e-01 2.571302682968692466e-01
1.587472483435645998e+01 3.624128919389644210e-01 2.233094559202321305e-01
1.559170103855707268e+01 4.043904469526312107e-01 1.808771829621946270e-01
1.126570435692877581e+01 7.040923685920493780e-01 2.181158465746483033e-01
1.200568253642869365e+01 6.117420175964137785e-01 2.050916685577922616e-01
1.751111617192635350e+01 3.232258731251019257e-01 1.886163506452430139e-01
1.186876218903854863e+01 7.001500590560791881e-01 1.594191885675217690e-01
1.147633461502105234e+01 6.890988856258777329e-01 2.121889494047730085e-01
1.041865271991438568e+01 8.072171576309790098e-01 2.160031954788207142e-01
1.693661646790878095e+01 3.093790840033274758e-01 2.650139442311775784e-01
9.713071548349539341e+00 9.661852567063394792e-01 1.797520236980749420e-01
1.228488698772505749e+01 6.218152923844594282e-01 1.791219580997085170e-01
1.034436136062047851e+01 8.619270687832089051e-01 1.912897137970715478e-01
1.069033609092237036e+01 8.957105431410843366e-01 1.250937199451739590e-01
1.251116152580095608e+01 6.417758129329217409e-01 1.495713708400967512e-01
1.191251157233132396e+01 6.308993343837904222e-01 2.375258303411302563e-01
1.333495675981990303e+01 5.193125983723236860e-01 2.152098677278799221e-01
1.089402865211428484e+01 7.105659813174585171e-01 2.592459996272905576e-01
1.200205367964214176e+01 6.751588074796246453e-01 1.725899063317321291e-01
9.947890574395927388e+00 9.624787465662618668e-01 1.810566791767363737e-01
1.843087398699321966e+01 2.841276522361004253e-01 2.156928649076680360e-01
1.209647264361927377e+01 5.430948599429796797e-01 3.019922802295310071e-01
9.952482600676956892e+00 9.663235206259411791e-01 1.688586121425355857e-01
1.380071031091812195e+01 5.314161345139621906e-01 1.534442127878853368e-01
2.232324147979339557e+01 2.040074098463921515e-01 2.176456613037431875e-01
1.214424987844834725e+01 5.812068075047787108e-01 2.419328269582361191e-01
1.049760211052858239e+01 9.482887741952031879e-01 1.095770416035015127e-01
1.452129134752679818e+01 4.858673218619882217e-01 1.420304574237793993e-01
1.105695665256986793e+01 8.331283953220947058e-01 1.338990763390675298e-01
1.110292495229328935e+01 7.198350660626641195e-01 2.252947811909728204e-01
1.322845939419391215e+01 4.945392150948298982e-01 2.380365325979039159e-01
1.125708538282300708e+01 7.276862447262884004e-01 1.982970547445941645e-01
1.130047578013197729e+01 7.721740791034629181e-01 1.797740430929269662e-01
1.604081206563638773e+01 3.701331708657292774e-01 2.037738440299215747e-01
9.244656015526450332e+00 9.830268332068704540e-01 2.502839027698299801e-01
1.190497159289481210e+01 6.510225653760480791e-01 1.865304320837654350e-01
1.031850837538248378e+01 9.400114821485063832e-01 1.460293067370467823e-01
9.788818856853559680e+00 9.850523313790932045e-01 1.699082562940638641e-01
1.263894672993967738e+01 5.804455814377270650e-01 1.921369626694485466e-01
1.088945881338740307e+01 7.796364163678548564e-01 1.842204668744751583e-01
9.481131583955502151e+00 9.261437413508234462e-01 2.450615093219869756e-01
1.296012121593054012e+01 5.513008005549745461e-01 2.022612481892895886e-01
1.141628387719802618e+01 6.907025520076858216e-01 2.074303749325877577e-01
1.203491881829535437e+01 7.205788033360883693e-01 1.216662283985431164e-01
9.573556146191018357e+00 8.621607458473692365e-01 2.847660473335145714e-01
1.462018060411631737e+01 4.289520301906852295e-01 2.340035292382690868e-01
1.051187217314229549e+01 7.062364298274158569e-01 2.892981931301635834e-01
1.866571960165337529e+01 3.055216447702133742e-01 1.507054353317003603e-01
1.119975376931746425e+01 7.889466330522417747e-01 1.549426848530266743e-01
1.213137228570397141e+01 6.731734673225443499e-01 1.554708461563450717e-01
1.226259241071613459e+01 6.603977307443057443e-01 1.598393327964652555e-01
1.200081116517064039e+01 7.354486254711081195e-01 1.052979517331977949e-01
1.061971678867731939e+01 8.615377854418082570e-01 1.656383354025174059e-01
1.675729570791138556e+01 3.643755890718819446e-01 1.719875647159263277e-01
1.024032742691932185e+01 8.853819642206712803e-01 1.777095304234354578e-01
1.597725061555802561e+01 3.770090411690852350e-01 2.015936777846140393e-01
1.036146005283438321e+01 9.545418478202192247e-01 1.263005349142500289e-01
1.240266379597896496e+01 5.457227598007695635e-01 2.607435190712413253e-01
1.108287184899412914e+01 7.771956748885533450e-01 1.837448071900871227e-01
1.251950797350217925e+01 5.403927582638269334e-01 2.434000686286248161e-01
1.300786983091230908e+01 4.931042114995843884e-01 2.414981082783005106e-01
1.137994120320941782e+01 7.439105095523427247e-01 1.833667467633383896e-01
9.846274893725150079e+00 8.753168948247582737e-01 2.356141867395849798e-01
1.147370972658880817e+01 7.394971400165942788e-01 1.617301749661161081e-01
9.161326375582433457e+00 9.268951692329315817e-01 2.906136639246523212e-01
1.450903589607729316e+01 4.102986333315405965e-01 2.430757032502913473e-01
1.368814985278870111e+01 4.736341324762599059e-01 2.306268822377609273e-01
1.052457146340650773e+01 7.497391647998224995e-01 2.535795918981457731e-01
9.463147485524681102e+00 9.804519993492655239e-01 2.124771036651779410e-01
9.677355743669915356e+00 9.596814662967115828e-01 2.062685623224899678e-01
1.348536103932531383e+01 6.075227773928399966e-01 9.280507633611718987e-02
1.149682849516012517e+01 7.667743231448407304e-01 1.355666482713905885e-01
1.570999938798104978e+01 4.268453717021162275e-01 1.472213050363578024e-01
1.823584649922095480e+01 2.953842163093560180e-01 2.073079799690432934e-01
1.529096037768344019e+01 3.624128919389644210e-01 2.700118580087550457e-01
1.258101493711584062e+01 5.169246879248864390e-01 2.804165686698245064e-01
9.590221174419855998e+00 9.483286994769591915e-01 2.296060524082072507e-01
1.254772583117498819e+01 6.407140101411746835e-01 1.360924804880330186e-01
1.044013045034720655e+01 8.755944406340013808e-01 1.754480519534003802e-01
1.210987253379824935e+01 5.952231788506517907e-01 2.241936119089363022e-01
1.117253790008072301e+01 8.775920435190787128e-01 9.551746503918127906e-02
1.104574464955641844e+01 8.266121450403495219e-01 1.521806273614231819e-01
1.039786251840190090e+01 8.797435757814078272e-01 1.639208518656256885e-01
1.109086146717027077e+01 7.738393842084366758e-01 1.607138938761362157e-01
1.140334756485514944e+01 7.722232898066356821e-01 1.408614817718443768e-01
1.324065912448108762e+01 6.026077887873877437e-01 1.179927878079756604e-01
1.336605639582127303e+01 5.850253075733691244e-01 1.343410914187150862e-01
1.211469925941123371e+01 7.009256423812864067e-01 1.353519972288984297e-01
1.012682536629526098e+01 8.860438442558792316e-01 1.917443787197520289e-01
1.090732581898387288e+01 8.533566532087699663e-01 1.343357827669089954e-01
1.044631570000904830e+01 8.317512581022726836e-01 2.027503003104770829e-01
1.131179626364229129e+01 8.514086281062362982e-01 1.089414720382270579e-01
1.134938617508412584e+01 7.150516626118895713e-01 1.876918973461650930e-01
1.421083170242351379e+01 4.347693609995135211e-01 2.186792726996385772e-01
1.191778552282980463e+01 7.317493928265123015e-01 1.318497865362730781e-01
1.048752998108597190e+01 8.725692297739822134e-01 1.644181253377903773e-01
1.695301047743508605e+01 3.337091702409584748e-01 2.092453499239233516e-01
1.154043131735879690e+01 7.404947971799578088e-01 1.542102399556157799e-01
1.114451201304218841e+01 7.171844659737993677e-01 2.330292274138519582e-01
9.242483120517047013e+00 9.533287923851003764e-01 2.818692870934225159e-01
1.135744551138829372e+01 6.738845159735638024e-01 2.397359059201758236e-01
1.836703480678209388e+01 3.118668424008944617e-01 1.539346932430955550e-01
8.887559532646378102e+00 8.762241487870741086e-01 3.627238610906710070e-01
1.470710408524105972e+01 4.049944395673529818e-01 2.396386735506791099e-01
1.859741795975891421e+01 2.937145225531087034e-01 1.894443006928094309e-01
1.265052341647278311e+01 5.903031032746327567e-01 1.883168391613831427e-01
1.177355109672889455e+01 7.337655648252205953e-01 1.321509733652785346e-01
1.169513913563882035e+01 8.371111074363501992e-01 7.034391423819866263e-02
1.012392320888020514e+01 8.437005080055525186e-01 2.299271370473707776e-01
9.342761960341940508e+00 9.984747472578414662e-01 2.314945574879169743e-01
1.346640765894722236e+01 5.868727154606794283e-01 1.213194626532270864e-01
1.183178096915373700e+01 6.292542067321287291e-01 2.328890331920459023e-01
1.148213724135827540e+01 7.124199989443319447e-01 1.840623805470687768e-01
1.204217471619762847e+01 6.286841138037215782e-01 2.059616269324194837e-01
9.144406837407988320e+00 9.883128930579847538e-01 2.567075746344822940e-01
1.178866262734470105e+01 7.248783111680948688e-01 1.432731982400677617e-01
2.280246671898714439e+01 1.962545820287011078e-01 2.090530967442894295e-01
1.157084657441251174e+01 7.143617136925785038e-01 1.794415724027551007e-01
1.583921128973600467e+01 3.903312815649808698e-01 1.791402937633633230e-01
1.352150559654033124e+01 4.934154581299435849e-01 2.403037328399918737e-01
9.637994724693795590e+00 9.516248267159359564e-01 2.185936029344416331e-01
2.030904033488926075e+01 2.365912678857934048e-01 2.246337389597595768e-01
1.316290031226300883e+01 5.160638064925762158e-01 2.236134379044879550e-01
1.110591682526385604e+01 7.561550175808393615e-01 1.968011217348284991e-01
1.374225964788911014e+01 5.339116005856203717e-01 1.350751186247611813e-01
1.195127567251074119e+01 7.673889166128401440e-01 9.371830741596111347e-02
1.021403410300085390e+01 9.785716427709081344e-01 1.329289346764389590e-01
1.334238204915416226e+01 5.140984349960795452e-01 2.068943308728329322e-01
1.023692246810103335e+01 9.581026554322119582e-01 1.531316210300220915e-01
1.046941149377192914e+01 9.022296749938134575e-01 1.470680734636397868e-01
1.051462495856143953e+01 8.003635317087636203e-01 2.138752238874885303e-01
1.202490118215507486e+01 6.460767417703341398e-01 2.163804790086018559e-01
1.340527421660082297e+01 5.126229733319436210e-01 2.016083308540697339e-01
9.108523863778350105e+00 9.023428046842691952e-01 2.913370889197615665e-01
1.100852108042498578e+01 8.175090455843969650e-01 1.413607611963564881e-01
1.289220320625775429e+01 4.717894661193256511e-01 3.000999984516903862e-01
1.131072515885401231e+01 7.730843966233800213e-01 1.506332534413810376e-01
1.229115934270395805e+01 5.417378869645965711e-01 2.941331697438329118e-01
9.427195248747645806e+00 9.874155867013626464e-01 2.194282590335241978e-01
1.363599112548347136e+01 4.968723918626867797e-01 2.156597087409928559e-01
1.045274376528248617e+01 7.935568713464346002e-01 2.340342679060594122e-01
1.052914172047952412e+01 8.462745169214898056e-01 1.890321354170719226e-01
1.165771099094831520e+01 7.637101029163231303e-01 1.148697689161631286e-01
1.111244633399742021e+01 7.643127847416869569e-01 1.858153467379162482e-01
1.261365306877899251e+01 6.374174313281012472e-01 1.384622616222050684e-01
1.506392331499547943e+01 4.408782317096954229e-01 1.726584522914708097e-01
1.409221797951084909e+01 4.824007801460925005e-01 1.975999111380342399e-01
1.457838771623575091e+01 4.986225740209954127e-01 1.336940072298668514e-01
1.173410415749796698e+01 6.760440052307480352e-01 1.940757156494120061e-01
9.305884586557382931e+00 8.339379712475003537e-01 3.468192242711072293e-01
1.428362179622011574e+01 4.518940342740409011e-01 2.231117517695986319e-01
1.126910485283329422e+01 7.734697280468249003e-01 1.585564402672480222e-01
1.101384874718407580e+01 7.968390509773992658e-01 1.566310099598003380e-01
1.067511738869814941e+01 8.241915704068182302e-01 1.679472799265659955e-01
1.126937497092415796e+01 7.462488302585695843e-01 1.779854966459978038e-01
1.252634058792820149e+01 6.800080693626834316e-01 1.148919694783311907e-01
1.443998523084169072e+01 4.477063515214099176e-01 1.977370283634199699e-01
1.876748215730614078e+01 2.865456204089104064e-01 1.783453856323950759e-01
1.068513927330499413e+01 7.633411826919842547e-01 2.211255477393644364e-01
1.361828802359413615e+01 5.260513565294455685e-01 1.928116339487002395e-01
1.179943105862680675e+01 6.382245525046463808e-01 2.257133355108683348e-01
1.211810457243615424e+01 6.527102351279981951e-01 1.655230196734155668e-01
1.523096077352160194e+01 4.740725399430453235e-01 1.057398315461634819e-01
9.030771194896097143e+00 9.692773083835428682e-01 2.795247130522112711e-01
1.378408294272165868e+01 4.457265257591267460e-01 2.701534056562937547e-01
1.206107950760578440e+01 7.016003674859681016e-01 1.324370153325516164e-01
1.295228107287026020e+01 5.682404974507871964e-01 1.877841668633738748e-01
1.113638152473633269e+01 8.614064758221250395e-01 1.047540866548471034e-01
9.839342842317066129e+00 9.275392338203198861e-01 2.052965900773374708e-01
1.538946908759543852e+01 3.742877289386638551e-01 2.544304082200264938e-01
1.014408118757809696e+01 9.729154819131765608e-01 1.496535867614043891e-01
1.130404265133935837e+01 7.728980964556535493e-01 1.410581504194618196e-01
1.997876845497472686e+01 2.522258730259587800e-01 1.920037085239736374e-01
1.376600592593625194e+01 5.393471417562445414e-01 1.472897138772550074e-01
1.152010055288563528e+01 7.274631824950896775e-01 1.712722417705056510e-01
1.279792062743910819e+01 5.663225261881708050e-01 2.070758357006256545e-01
1.079271015838075698e+01 8.663058650719152043e-01 1.381876117984255914e-01
1.507615577753193747e+01 4.525006030547559233e-01 1.400448664516055208e-01
3.242813169981233301e+01 1.105858943517015053e-01 1.951703341646503775e-01
1.082653687154632038e+01 7.690425601500866515e-01 2.016844494560715850e-01
1.625949546044993710e+01 3.502050682041597529e-01 2.174235723843704893e-01
1.441386437993533498e+01 4.734317917614798144e-01 1.754993879342067464e-01
1.367972091932308309e+01 5.562246533830035311e-01 1.370366465611843609e-01
1.078863189036505510e+01 7.263645371791517258e-01 2.437814525250011077e-01
9.672043077458013727e+00 9.858141260354323920e-01 1.832175382543606845e-01
1.091794047094970566e+01 8.509687888136543421e-01 1.430269319754277901e-01
1.018264754624767754e+01 8.150208271105867652e-01 2.378868013206398291e-01
1.018450309894901373e+01 8.834159861878327913e-01 2.090519223456038245e-01
1.245719302668380912e+01 6.074677648958822784e-01 2.067104943494645353e-01
1.160404132008051015e+01 7.173508083682077485e-01 1.686892200678501708e-01
1.021545533290989738e+01 7.840607592291403138e-01 2.630896726321493850e-01
1.133186200600323446e+01 7.452893735503167694e-01 1.614682284183282246e-01
1.425753591877238335e+01 4.857511315429691168e-01 1.687059457490549808e-01
1.409705991928028368e+01 4.103548437503268254e-01 2.883553098302535367e-01
9.398016848692773095e+00 9.518462486001199041e-01 2.167309290402854860e-01
1.270389174659770681e+01 6.321380007271084622e-01 1.404156713784410759e-01
1.211540873503880000e+01 5.696070878099677159e-01 2.499024800207373387e-01
1.220026312767356202e+01 6.674453489170271148e-01 1.582545271459736003e-01
1.275401047878102467e+01 5.765372747702095513e-01 1.863900957845082140e-01
1.398023536751560592e+01 4.610217060967499725e-01 2.139856591757870186e-01
1.589245003845363513e+01 3.693170489817055868e-01 2.243830184364904445e-01
1.296103415172237661e+01 5.254461989064124205e-01 2.306961541697089280e-01
2.135330636017672035e+01 2.626254365148377179e-01 1.005617867136483212e-01
1.433515836652841280e+01 5.024299628492636671e-01 1.437672094295769643e-01
1.046014009641370102e+01 8.491420943627923101e-01 1.896691888245264634e-01
1.153366419314167679e+01 6.202068285528941072e-01 2.744820873253083771e-01
3.028405372223646097e+01 1.224433051262265454e-01 2.122795006408590701e-01
1.507479640437464141e+01 4.151484690849675530e-01 2.067355521557648623e-01
1.060895977573220961e+01 7.569681651738455752e-01 2.357594997479798282e-01
1.009833828995671112e+01 9.126889086911380566e-01 1.961711597181494127e-01
1.393752939816710779e+01 5.197169788163736870e-01 1.726262207181879504e-01
1.298466221168547463e+01 6.291769866337968420e-01 1.196409858792061714e-01
9.600099429608725643e+00 9.190853453610225987e-01 2.380521687528492636e-01
1.549178816254306845e+01 4.522265031653510126e-01 1.190949565084980233e-01
1.317764667740665097e+01 5.644845566585112717e-01 1.761935480159861067e-01
1.278998978928659724e+01 5.721773381688576299e-01 2.006372812779416426e-01
1.205123118009082006e+01 6.038847663110645803e-01 2.159252957531850869e-01
1.069192444268136732e+01 8.620952787360235403e-01 1.563170486053970243e-01
1.181139579895672576e+01 6.961959205885932533e-01 1.692913551521057491e-01
1.978290637709377009e+01 2.970202926501973040e-01 9.853662694230443109e-02
1.456089276946140920e+01 4.443221206775254117e-01 2.069526421387177240e-01
1.071962494974231284e+01 8.021227387954432686e-01 1.963543556911742649e-01
1.116529546665488226e+01 7.723556115281855483e-01 1.798875536403774789e-01
1.172430816218370175e+01 6.642090963056600517e-01 1.922458969478328394e-01
4.263445661200512404e+01 7.483578519193936907e-02 1.692615444028743588e-01
1.125484673912347944e+01 7.798265455905825094e-01 1.616313667384683961e-01
1.103325836471003640e+01 7.375602176539542976e-01 2.117898699298388920e-01
1.413774214285424335e+01 5.274116354215671043e-01 1.287250532633703037e-01
9.714802218464393846e+00 9.674055483454064852e-01 1.980731203042811195e-01
1.088800168272431002e+01 7.663595431386005519e-01 1.997247411089285440e-01
1.504843052848814544e+01 4.769649184465061809e-01 1.170810117491279390e-01
1.669189212151842838e+01 3.187347989273030535e-01 2.600654644977878349e-01
9.835041211452558940e+00 8.349847976645383696e-01 2.819602254193006585e-01
1.155088238231872744e+01 6.102855533674071964e-01 2.653675724699013916e-01
1.203082195446693348e+01 6.150866167024675590e-01 2.078507049934381345e-01
1.238502617105871373e+01 5.979473571846597446e-01 2.015442514586070488e-01
1.588933157577775290e+01 3.650157138562023507e-01 2.207400216687115113e-01
1.068189555863432183e+01 9.090462207223688473e-01 1.205652530767049868e-01
1.114424484898794354e+01 7.210312434074028776e-01 2.139374486458870406e-01
1.336289576524690581e+01 4.962335194783982217e-01 2.160039474572495455e-01
1.177158271179416182e+01 7.003947528201410755e-01 1.587308751306963361e-01
1.534600954323443212e+01 3.976902933082012148e-01 2.210542387067083725e-01
1.321426198811989750e+01 4.960807480472361197e-01 2.428339936626802975e-01
1.159483385180757331e+01 7.761692266909597793e-01 1.161224002064617511e-01
1.178642155184925500e+01 6.881027515838762376e-01 1.862665812938185950e-01
1.057263174843247988e+01 8.030210846893668375e-01 2.107267428375002027e-01
1.421477812530198293e+01 4.468356285354770918e-01 2.327300587482833416e-01
1.129937663525233660e+01 6.897099655836727017e-01 2.243012554197475472e-01
1.046730628746888669e+01 9.134297849432764238e-01 1.560071963334347112e-01
1.022308586154511190e+01 8.731094678901456518e-01 1.941733802629793670e-01
1.133428533289582774e+01 7.968336409956110478e-01 1.402397787261335516e-01
1.154930924306114015e+01 7.606308834318514789e-01 1.458765489731897735e-01
1.099775041977293988e+01 6.902105309855344206e-01 2.646330812340028094e-01
1.328598563496133522e+01 5.192295770479954387e-01 2.098188728469315978e-01
1.086274859311912344e+01 8.341901452743701872e-01 1.629441769778721683e-01
1.237705069509607192e+01 5.819149011637597679e-01 2.300405302558896081e-01
9.360220163737571042e+00 8.744307420207897419e-01 3.165400899829797776e-01
1.063293841554190777e+01 7.828440694713877379e-01 2.015297654057635335e-01
1.076288832767912318e+01 8.544375216038870846e-01 1.388251826542336309e-01
1.039117840749798560e+01 8.853735562020811356e-01 1.744537472171161785e-01
1.404869455055412431e+01 5.570676949252677534e-01 1.151837591473615086e-01
1.021778546603015947e+01 8.069652887325079460e-01 2.448534021669834526e-01
1.167754352532769957e+01 7.621659131083512451e-01 1.215990554803440538e-01
1.375501799928592739e+01 5.273167980747813788e-01 1.613880840308109521e-01
1.161420305465648184e+01 6.645803859243999412e-01 2.234607720790189045e-01
1.030802294701447863e+01 9.610102600249887939e-01 1.322839559045080327e-01
1.249711911587265156e+01 7.033014064397118403e-01 1.033744555164335110e-01
9.781026827107909938e+00 8.931679475844399585e-01 2.378920142048210062e-01
1.347714810165660104e+01 5.387993460866357109e-01 1.770218542888216673e-01
1.124318450137990411e+01 8.519646189326042229e-01 1.069094346421665398e-01
1.017633832473999789e+01 9.376269177498287588e-01 1.643399248228838705e-01
1.357571464072878875e+01 5.033630136612228245e-01 2.003772494679645078e-01
1.178738140459505246e+01 7.410555777458848192e-01 1.336938531066041991e-01
1.199381916445299368e+01 6.152117355751566263e-01 2.301486955654711841e-01
1.663124472715434621e+01 3.151271227270037167e-01 2.873300436162420923e-01
1.027238375390450109e+01 8.519736794323355955e-01 2.063246756420976102e-01
9.490381567498321402e+00 9.427835499820002019e-01 2.504062050192270017e-01
1.098772080949456686e+01 8.222868087233783374e-01 1.439619023754752092e-01
1.111354343407963796e+01 7.444558922748061303e-01 1.950913472302089335e-01
1.044797798409435963e+01 9.115729874748591532e-01 1.458295584298849867e-01
2.002222886559179216e+01 2.372294662922488084e-01 2.289890483814872590e-01
9.819671152966588323e+00 8.086977554708414395e-01 3.000946663091774158e-01
1.110049980341890929e+01 7.760468789193648576e-01 1.758189478981823095e-01
1.080242241947683901e+01 7.708390193359020426e-01 1.996215539467096345e-01
1.192857077319888504e+01 6.035197665351371699e-01 2.456882959847826176e-01
9.532023552623748230e+00 9.362869403517690703e-01 2.369092874997324460e-01
1.083567243903631194e+01 7.389322500931557736e-01 2.319119164133000843e-01
1.116056961156564675e+01 8.560466539386802909e-01 1.031456068450027491e-01
1.305733687201795767e+01 5.653404211896231324e-01 1.951927987278887500e-01
1.252343293739173724e+01 5.982812002833552967e-01 1.894084302723597069e-01
1.057133220794579742e+01 7.640534518121105956e-01 2.326082300123465119e-01
1.184678288846165017e+01 8.188317141673115973e-01 6.672563505052937771e-02
1.113705238371269068e+01 6.737180651050719282e-01 2.482956313962164929e-01
1.118599342351788195e+01 6.848867714621114100e-01 2.349222350656173797e-01
1.063699337405658341e+01 8.961345516043450754e-01 1.412940267133254435e-01
1.153016462952385446e+01 7.649348540037756994e-01 1.325645548811701380e-01
1.260724687115800613e+01 5.997170412412256013e-01 1.744354775722732342e-01
1.801299232046328669e+01 2.887021379322732839e-01 2.217848566550081335e-01
1.122018412383143193e+01 7.412592256381145273e-01 1.936744399365985247e-01
1.538352126677703779e+01 4.455100565994051243e-01 1.435535918549570300e-01
9.891804146456498970e+00 9.016884313759584435e-01 2.208986167934041400e-01
1.545571274023508579e+01 3.772964700396403970e-01 2.399341984010328332e-01
9.711308585847787000e+00 9.314352069884603846e-01 2.207153027014116531e-01
1.934593464559459264e+01 2.805921409942810918e-01 1.757485097349452408e-01
1.270591347384111458e+01 5.913582844697603536e-01 1.744531418951013879e-01
1.255184946342451013e+01 5.685669652544966812e-01 2.235977479611044871e-01
1.068342505730695713e+01 8.166515603433234238e-01 1.751746337065623049e-01
1.551443441096533427e+01 3.729118392634828139e-01 2.415707255051513513e-01
9.724660076451312918e+00 9.832269817784148325e-01 1.838328705150036047e-01
1.612812717464388612e+01 3.645330210245020242e-01 2.126899663061377899e-01
1.367812832780477805e+01 5.122364462015041031e-01 1.842833764815074715e-01
1.354021891093344898e+01 5.227846790626646811e-01 1.890487964710523272e-01
1.173802405309434960e+01 7.689454597999403340e-01 1.309193330926138599e-01
1.151783896452124267e+01 6.414889894118406266e-01 2.324180178835231481e-01
1.092118594562216138e+01 8.403919134602596541e-01 1.422844608740259087e-01
9.617806668305060924e+00 8.802123117993423396e-01 2.699235890353998135e-01
1.186182675122584307e+01 6.729743122505770225e-01 2.033112496131391222e-01
1.103475963582832442e+01 7.092435839623957294e-01 2.437151766437827827e-01
1.043069540786195937e+01 8.061794322468729401e-01 2.207666172555314554e-01
1.761528925960814362e+01 2.645520913448839995e-01 3.215060593214003060e-01
1.934763374765690713e+01 2.581627114892368624e-01 2.125063047687634765e-01
1.333546012014423710e+01 5.320642402978243979e-01 1.962514028643804753e-01
1.024746264950179686e+01 9.609957118690743982e-01 1.410375816854984588e-01
1.053444640439507474e+01 8.602672921187101140e-01 1.695822947905072375e-01
1.333712794228467757e+01 5.594424051728070779e-01 1.731062145153739185e-01
1.005984329859568227e+01 9.580981053096644384e-01 1.573697178389761309e-01
1.112208878720871752e+01 9.310072419778150365e-01 7.147064914730649754e-02
9.338211876148783119e+00 9.248779822441147713e-01 2.702868769017642281e-01
1.539515225002964449e+01 4.283447981084777534e-01 1.575353378232164925e-01
1.342908444006347857e+01 4.979773656166909812e-01 2.162559609255677584e-01
1.374629217661251346e+01 4.773678491271754476e-01 2.299757829325260183e-01
1.203771199213689869e+01 6.510126541678246115e-01 1.878720385260497505e-01
1.147480262259905359e+01 6.338361905181860712e-01 2.648579219493855663e-01
1.834423404610590680e+01 2.970429759319888063e-01 2.110174946253084161e-01
9.615887937754958870e+00 9.420575071090168118e-01 2.249590986124525016e-01
1.350472182867938464e+01 4.993625290775167702e-01 2.099388703769100306e-01
1.011138677009603271e+01 9.877115287536237798e-01 1.487001237459781855e-01
1.386748184689960794e+01 4.377102720349015375e-01 2.687932464309054081e-01
1.330458948562268517e+01 5.744012562470157679e-01 1.482078003059618398e-01
1.134975805262344117e+01 7.242723342678095699e-01 1.899778777115131712e-01
1.087528158373588738e+01 8.087335232114469807e-01 1.721168552612835356e-01
1.002019943687137804e+01 9.374434129064341814e-01 1.694610613738836702e-01
1.006399051714311632e+01 8.931679475844399585e-01 2.030868848073080213e-01
1.580729183879664212e+01 3.276340096018193759e-01 2.999315258776347193e-01
1.768265918718650198e+01 3.246890597667832501e-01 1.467684740739650662e-01
1.316535796006898273e+01 5.493703199564414774e-01 1.881499136855350474e-01
1.336646071398365621e+01 5.446756484554293731e-01 1.781293744817163682e-01
1.120181776758757053e+01 7.554965012141615643e-01 1.772454501230491808e-01
1.454524415177807839e+01 4.624464821434469131e-01 1.718936321819170832e-01
1.860817974992421853e+01 2.640730331239929951e-01 2.487499213938230425e-01
1.113763055682196956e+01 6.868120279059515276e-01 2.398466558528288550e-01
1.729459800465051345e+01 3.182899765229170175e-01 2.108316709280557422e-01
1.621815034871131900e+01 3.516374697218601075e-01 2.412804522804052887e-01
1.028786313659034590e+01 8.869641064845229517e-01 1.987459238388847305e-01
1.082064673488523177e+01 7.094011676175376868e-01 2.657703436948479214e-01
1.136172480495059034e+01 7.184584905927137166e-01 2.060520408064638043e-01
1.088077053311664777e+01 7.763006584449234637e-01 1.872193206063188509e-01
1.078517286656399854e+01 7.144820731615925125e-01 2.585972834096645911e-01
9.767998961169016781e+00 8.844997550836530831e-01 2.460799592763681654e-01
9.320544009130905749e+00 9.199248674866752351e-01 2.778963318376749259e-01
1.669273747829100074e+01 3.293438555868799522e-01 2.368764483746463589e-01
1.038988817712731993e+01 8.034297987844085664e-01 2.318429016565883849e-01
1.202237495412323121e+01 5.595580175975846116e-01 2.941407861945498081e-01
1.245602118331180108e+01 5.361346558849743316e-01 2.541259179078066976e-01
1.122172011830343052e+01 7.060768665837694469e-01 2.289233076115867738e-01
1.617295215602649705e+01 3.875432221085823303e-01 1.615800870002833123e-01
1.124096075272767870e+01 6.585518078704876155e-01 2.576295132575380786e-01
1.342115537172218254e+01 5.157436276588697188e-01 2.031961003089268192e-01
1.246948882232839217e+01 7.049539567590380473e-01 1.066025397361393678e-01
1.291653032765303699e+01 5.547810118973487414e-01 2.148343406495732133e-01
1.439944847984776288e+01 5.324073962861314291e-01 1.116285938281996737e-01
1.516121116132566726e+01 3.846803625126660187e-01 2.607923467724203026e-01
1.289142966375805521e+01 6.079015764656530152e-01 1.343180334740210480e-01
1.353492373744591326e+01 4.809769311727175589e-01 2.310332706753122634e-01
9.972351931973870265e+00 8.873666730225977517e-01 2.400687505171378300e-01
1.293310543950911828e+01 5.884934174319953470e-01 1.685180385085922883e-01
1.009174831170152409e+01 9.040065022708257958e-01 1.785560472419927547e-01
9.800602164570795694e+00 9.079118666934019588e-01 2.355106142123754576e-01
1.230323558292629826e+01 6.204819803543476509e-01 2.072646174972441746e-01
1.176482425064706483e+01 6.071667124905808510e-01 2.468073204912718532e-01
1.135438951457437717e+01 7.108707589375720115e-01 2.026893956588313728e-01
1.010691027015185917e+01 8.463519613711771861e-01 2.294394652181170335e-01
1.108396879027401560e+01 7.547401806785215550e-01 2.004183927038165058e-01
1.032316688886902867e+01 8.565774557966032710e-01 1.927979366978629649e-01
1.275483661200976648e+01 5.677756404219623798e-01 1.876006729999985800e-01
1.273692561354827291e+01 5.316855303189903514e-01 2.387853829651221949e-01
1.002583194123215726e+01 8.240920636322820458e-01 2.487864422013538468e-01
1.436259322885398682e+01 4.056772341631786349e-01 3.012147614897309200e-01
1.305225781595836843e+01 6.335880290905906431e-01 1.044462322045536101e-01
1.102940333630064096e+01 7.085354254996966139e-01 2.235511376743572753e-01
2.085264545640997369e+01 2.511979662087159837e-01 1.535249875386189289e-01
1.662712829262678937e+01 3.248185396210881981e-01 2.301199966725422097e-01
9.680779712024929040e+00 9.663456948799008517e-01 1.934963240252528804e-01
1.752971633608887814e+01 3.681956665023923825e-01 1.142449555665741023e-01
1.044663990795033293e+01 9.261063873477027864e-01 1.383903441478267493e-01
1.221162972127813973e+01 5.483128500654003146e-01 2.781678085770129538e-01
9.617550040591481775e+00 8.396242607156705340e-01 3.014443853132917073e-01
1.094727906858952160e+01 8.456142509035116106e-01 1.405831459824809504e-01
1.103097219522709160e+01 8.168791159163635296e-01 1.482007003408327694e-01
1.408872477856458794e+01 4.942295492575649041e-01 1.735411681664619510e-01
1.192902773679608508e+01 6.803618004885410020e-01 1.533315151092776163e-01
1.282191507982995837e+01 6.543385803471114537e-01 9.693145777615959358e-02
1.061043403619207126e+01 8.955314572269651441e-01 1.532025889104262073e-01
1.056394926576417070e+01 9.632011115373694254e-01 1.021205710104226005e-01
1.300578570013365720e+01 6.094324937580435364e-01 1.391443271164882756e-01
1.130028532441267863e+01 8.331283953220947058e-01 1.094828648604680016e-01
1.386018210788721383e+01 5.457165185034175137e-01 1.249781151438404542e-01
1.106017419483089625e+01 8.371111074363501992e-01 1.317923912853335988e-01
1.240618689839138788e+01 6.762828470069799369e-01 1.549213402433764764e-01
2.310293974395026595e+01 2.270534831583755075e-01 9.730391956714321000e-02
1.384735848341163944e+01 5.600742342090202497e-01 1.126246943383907573e-01
1.037406471685724973e+01 9.903813981333402516e-01 1.169905085432929454e-01
2.130389733967805910e+01 2.339426701634060857e-01 1.706121385368616905e-01
9.419396253195928992e+00 8.251996637742058383e-01 3.400508547155867145e-01
1.094758480749835883e+01 7.847350986388806904e-01 1.899132805615069697e-01
9.591400486427570371e+00 8.886452543984728614e-01 2.487256520748750699e-01
1.131370700378406191e+01 7.968336409956110478e-01 1.423137434686449487e-01
9.859824245536929155e+00 8.106774710904574022e-01 2.786430657207641381e-01
1.185889213796398600e+01 6.265120526151349845e-01 2.186353190491222842e-01
1.049196040094876992e+01 7.307066639699888455e-01 2.705309709588012979e-01
1.414837458201125209e+01 4.745285397636411773e-01 2.047635508372944169e-01
1.310211570337290965e+01 5.421529451518892762e-01 2.012959279927184209e-01
9.287361155367882759e+00 8.841371631896669525e-01 3.084707051557139534e-01
9.901172247643842184e+00 9.220775507243520464e-01 2.044518266852571875e-01
1.849098538609295517e+01 2.932857715033663770e-01 1.809223545448875869e-01
1.211072942257570517e+01 6.509507004002176300e-01 1.758582413255945498e-01
1.308431117782254027e+01 5.094599188253867705e-01 2.377259049259623502e-01
1.222043384397910337e+01 7.098344205680904295e-01 1.069397512973542935e-01
1.100311472003894941e+01 8.442828121989652823e-01 1.225726165438336818e-01
1.153918612926306153e+01 7.627522862400529791e-01 1.368211173475276377e-01
1.032466788868528340e+01 7.904612569097795305e-01 2.198117875427690049e-01
1.006479372507485692e+01 9.661603854509970279e-01 1.694955029902964205e-01
1.038267574798153881e+01 8.123989554464744467e-01 2.280018474504198478e-01
1.741402441639939624e+01 3.037073104242214994e-01 2.394717891674375543e-01
1.622274821122712041e+01 3.744561605992777764e-01 1.901159945327456913e-01
1.015375399260910427e+01 8.023915620024208994e-01 2.504214706444272687e-01
1.161113041428087023e+01 6.532686366468714034e-01 2.162522506779393505e-01
9.880503138474569624e+00 8.333008083371724606e-01 2.524229351668590970e-01
1.638460337840495029e+01 3.801489431658340301e-01 1.485465545166950729e-01
1.302652231437209451e+01 6.267881220995321634e-01 1.090211230236332457e-01
1.241916572386206497e+01 7.031649130742609888e-01 1.155487129088706710e-01
1.612872176630263610e+01 3.588703983916086693e-01 2.003560438708459346e-01
1.093866084834161434e+01 9.504553666367873133e-01 7.810828117935281201e-02
1.240471399743572789e+01 6.182167926681082504e-01 1.807012239885288085e-01
1.031931506768687434e+01 7.288217210962641968e-01 3.043392270539695965e-01
1.083662105037350187e+01 8.074120076377750976e-01 1.811977854349539063e-01
1.756330096089745396e+01 2.732353625485022808e-01 2.862065941988641282e-01
1.782657961783326428e+01 2.931735552885151308e-01 2.326886449668005841e-01
1.915998393735199556e+01 2.491792851137170917e-01 2.510790366412780639e-01
1.401374888823253606e+01 4.881057061059688729e-01 1.932362843307999511e-01
1.039816307953149455e+01 9.898442468752612911e-01 9.973220584862077520e-02
1.175883928602451078e+01 7.592503601932695245e-01 1.281209633192862685e-01
1.692324276219178714e+01 3.996703109054531300e-01 9.867604123952139483e-02
1.178551383187178025e+01 7.077346847504347727e-01 1.624248748940611831e-01
1.022514654412968760e+01 9.002193932528820275e-01 1.731187933043425442e-01
1.717154280162307600e+01 2.968896178884331549e-01 2.618649762512725854e-01
9.694574784520733957e+00 7.990260495025932608e-01 3.240576595989996256e-01
1.079359794761029256e+01 7.683890221246334473e-01 2.188594631610042973e-01
1.035653817439755287e+01 8.593396734050178232e-01 1.802966209916700979e-01
1.059846782153299749e+01 8.825588109705277962e-01 1.527028363652565279e-01
1.239387068768488476e+01 5.802434402754071963e-01 2.271775608497217935e-01
1.587296890605567512e+01 4.448861457740814762e-01 9.294764594300107541e-02
1.339601606211380869e+01 4.840949175063483101e-01 2.413555584656421615e-01
1.029677767426488977e+01 9.416643535047219959e-01 1.552831746315490313e-01
1.076252695821668759e+01 8.400036289740149265e-01 1.675264599831547963e-01
1.112199615041379985e+01 8.859208387626095194e-01 9.106565367301615310e-02
1.347884701912328964e+01 5.282584798741279952e-01 1.710411860603389955e-01
1.052501955303406334e+01 7.713400579382676536e-01 2.083278264631687748e-01
1.285255085058371982e+01 6.872286437148870109e-01 7.816706279521558332e-02
1.168074078256305093e+01 7.539396879360481529e-01 1.478622288091383796e-01
1.758641892535761286e+01 2.552998195859639274e-01 3.467443315506250623e-01
1.509876936982525208e+01 4.043321283110920539e-01 2.096838703768735823e-01
1.041831231671791613e+01 7.870219024940645625e-01 2.412318432083466746e-01
1.063225127601194941e+01 7.083133781455045463e-01 2.869091074691249021e-01
9.419855050263292284e+00 9.838956658199300431e-01 2.344323705570163230e-01
1.530434567745462182e+01 4.229944472964562996e-01 1.932827300777299750e-01
1.047496983925910286e+01 9.229146127622571694e-01 1.376971182613846156e-01
1.114553398170290066e+01 7.631922994782136538e-01 1.775766887029582297e-01
1.648754027106992837e+01 3.506536625585139344e-01 1.878913837514480101e-01
1.141467499099146465e+01 7.698826406063071781e-01 1.417870425820997593e-01
1.291465258472386424e+01 6.160091271264187540e-01 1.347742344486267396e-01
1.045619307339403292e+01 6.996619379390806026e-01 3.080502686654061906e-01
1.245151288487675245e+01 6.443282799297148644e-01 1.532119135049290481e-01
1.027519665452598119e+01 8.770015518713920599e-01 1.975416915022023823e-01
1.525103435222476023e+01 4.225321281404379459e-01 1.881805080117534557e-01
1.270890192038330291e+01 6.697505365430811430e-01 1.061578008917397481e-01
2.047069552625598021e+01 2.287935837409635076e-01 2.571992957929054580e-01
1.226387509229964223e+01 6.556083196996830287e-01 1.611247581069278900e-01
1.073589879919363277e+01 7.938292550023454686e-01 2.269236721799254008e-01
1.282597076293460603e+01 5.554262287226148231e-01 1.940836665244625725e-01
1.543579418217852428e+01 4.093402532012458961e-01 1.924315306260777347e-01
1.259712224922838963e+01 6.321275684297990027e-01 1.561455340289692184e-01
1.104598489305701925e+01 7.059517820242382502e-01 2.466640261888792540e-01
1.565969711968686973e+01 4.357444231371643828e-01 1.277280736418837659e-01
1.068293758604071897e+01 8.544549575109832151e-01 1.555768158873286622e-01
1.097016963963483249e+01 8.466987880426793955e-01 1.373426674207127163e-01
1.174776081717945075e+01 6.974374643591957357e-01 1.819254145470710904e-01
1.164955861281548799e+01 7.071973743099300158e-01 1.776620903835368914e-01
1.310131925424962951e+01 5.676092955665729134e-01 1.696198453472194390e-01
1.053339109020434705e+01 8.188317141673115973e-01 1.997339595367514098e-01
1.211384461363757836e+01 5.634362037536766454e-01 2.686847189957677351e-01
1.313736366256848775e+01 5.604367855186859204e-01 1.725261653912212867e-01
1.176911364696135465e+01 6.175788013682518285e-01 2.371522135619166527e-01
1.207230436575335375e+01 6.834506399140826138e-01 1.420837491810725828e-01
1.197555827418015539e+01 5.995215473296688913e-01 2.473349440811515587e-01
1.019362152646877817e+01 8.885260707031458205e-01 1.857742565911001398e-01
1.023544680017008446e+01 8.101187209064583117e-01 2.481303698230068189e-01
1.925686302188750076e+01 2.754154816184652410e-01 1.772117043118097424e-01
9.958815461870607066e+00 9.846716655329591505e-01 1.592074073233036846e-01
1.123691066493145208e+01 7.881359466221851129e-01 1.395765599492836129e-01
1.351952390644150448e+01 5.218501135556911086e-01 1.873576021266839253e-01
1.355363767819516063e+01 5.670772610713930018e-01 1.280776574493133757e-01
1.027666805724584620e+01 8.595286564495530079e-01 1.998938923963362868e-01
1.203655859046004117e+01 6.135425669920232528e-01 2.253145298565061294e-01
1.307056815039911690e+01 5.253644470753071616e-01 2.087153346201804094e-01
1.344342170028369488e+01 5.235193195394718391e-01 2.004678772383611807e-01
1.599032376913394948e+01 4.262628671135108016e-01 1.162758065702441945e-01
1.241487344362276879e+01 6.554219384570185714e-01 1.531757504426326799e-01
1.358471260485723953e+01 4.448051055755096184e-01 2.792451710598866654e-01
1.223516164943017692e+01 5.970652230979270891e-01 2.249295098132183535e-01
1.211750095157533735e+01 7.426482896200142791e-01 8.622424367567184389e-02
1.000822713499972494e+01 8.933046341297160575e-01 2.107912656800763618e-01
1.140936216630923816e+01 8.724995316629782227e-01 5.830964290495212893e-02
1.367135394299631201e+01 4.631137307282541804e-01 2.390412149835283995e-01
1.233751833097392669e+01 6.041675837077805644e-01 2.108879273146890831e-01
1.656861032924604160e+01 3.809936333564084010e-01 1.461103926070432268e-01
1.168120439027393687e+01 7.339153751633872291e-01 1.496236647636533246e-01
1.631253608428006530e+01 3.673656753094048932e-01 1.798062030432729386e-01
1.184973725403609457e+01 8.092644837785277767e-01 4.687057351435084535e-02
1.083677839801894827e+01 6.363060697502911367e-01 3.314775632898260826e-01
9.462208709297488696e+00 9.419163404232604453e-01 2.553518279858252304e-01
1.394809043634173307e+01 5.152992506935224482e-01 1.599696083016993731e-01
1.301961209255597574e+01 5.734210660557148564e-01 1.714172351356043622e-01
9.621438633884975999e+00 9.478781952117161236e-01 2.171682937152867865e-01
1.385252548661835448e+01 4.652816937237126416e-01 2.299744517280243317e-01
1.491543675121324242e+01 4.281064318626580101e-01 1.925619165973684044e-01
1.006783983061832366e+01 9.934626640316259749e-01 1.414857798044836801e-01
9.824391221773932870e+00 9.427995606135042284e-01 2.183704348749310742e-01
1.561280997290192829e+01 3.954627052249355956e-01 1.835721271024562951e-01
9.987460524274487383e+00 8.772999225366731046e-01 2.148756083386474391e-01
1.222882036191622390e+01 6.039877242269588997e-01 1.952179823916961876e-01
1.326607545798422549e+01 5.511065859264928646e-01 1.725707462818577287e-01
1.771112457683984687e+01 3.537570103407520761e-01 1.264707056540743391e-01
1.055765045197144225e+01 9.566767592482002813e-01 1.037590522791182884e-01
1.044290901659259241e+01 8.467616048831043685e-01 2.015484131565281056e-01
1.467751760461082533e+01 4.171809243210592988e-01 2.250310565785285932e-01
9.828660934391383108e+00 8.886954345009213663e-01 2.469774958982174085e-01
1.282184023713605292e+01 5.649590656746525941e-01 1.942956249411134928e-01
1.421958486852921233e+01 4.617847386747866989e-01 2.007324516053910490e-01
1.337162135306143007e+01 5.613588843355084013e-01 1.597250699239356753e-01
1.021130763349511561e+01 8.698844881942323637e-01 2.059244948812842813e-01
1.207085013488556413e+01 6.473584110306144224e-01 1.761996123700874106e-01
1.187584058331890446e+01 5.688866332069021370e-01 2.947696537454515542e-01
1.003971662807158260e+01 8.588607317604037839e-01 2.479373137851745013e-01
1.184487814107285786e+01 6.568163868321374999e-01 1.973159603996583744e-01
1.576860639208826598e+01 3.740188748451918066e-01 2.216779036139545911e-01
1.358968652397301469e+01 5.430036859796395499e-01 1.595424936551899098e-01
1.248189194795185841e+01 6.258465231043867094e-01 1.477079609951925943e-01
1.316014912777139045e+01 5.107484105859204648e-01 2.316611156738445088e-01
1.313395097446003845e+01 5.168884981566855830e-01 2.201776168620768470e-01
1.416563299099494522e+01 4.215983375425896296e-01 2.653326513359554051e-01
1.633373215996280337e+01 3.473624730783770875e-01 2.260858898086457458e-01
1.326788921515696984e+01 6.435398771124315465e-01 8.601800308426912900e-02
1.090093279162140760e+01 8.713459195606755303e-01 1.273725134280063176e-01
1.065785604650869978e+01 8.180035577110774669e-01 1.944330027022764251e-01
1.957525413474603582e+01 2.768610177929743954e-01 1.676811319398946176e-01
1.800193698425987776e+01 3.259728923537104639e-01 1.488109876535691212e-01
1.094193060969762321e+01 7.529817144996214795e-01 2.177989496921914070e-01
1.162559369900715289e+01 6.985980609101322125e-01 1.737392426377123433e-01
1.010608730716269577e+01 8.463408456409836633e-01 2.286391976051534991e-01
1.471702461245630467e+01 4.484706885656570274e-01 1.771897735259494178e-01
1.179800420156256280e+01 6.851430988822539980e-01 1.716916491832710390e-01
1.154842347183488371e+01 7.249042400532667019e-01 1.699318121604447840e-01
1.916936172184068354e+01 2.780359027431624774e-01 1.737164401444430406e-01
1.168988779939244971e+01 6.467113383868081655e-01 2.179010060832608509e-01
1.221331658729030245e+01 6.042059957396095360e-01 2.284394572734728124e-01
1.053323321591454409e+01 9.189394051519748086e-01 1.417704092822368311e-01
1.209701517065646570e+01 6.748980313700977396e-01 1.605848055854026679e-01
1.274947431397858999e+01 5.104498992756428821e-01 2.740251027753586310e-01
9.450921957857900679e+00 9.837947546271637034e-01 2.213545748409780078e-01
1.118219549103990929e+01 7.062607946206083120e-01 2.267936435804779605e-01
1.930228489467740616e+01 2.966582006026078355e-01 2.096306498854454692e-01
1.085712579778190978e+01 7.219613759501234407e-01 2.528499045881310581e-01
9.897522131438821091e+00 8.284944421942316284e-01 2.749210188596584725e-01
1.131090062204082081e+01 7.658619024995263480e-01 1.620595948231109973e-01
1.222539592306592660e+01 6.119193317096734974e-01 2.071606590798194536e-01
1.890717496758520255e+01 3.169154400026226170e-01 1.083671165008784770e-01
1.913233812465406913e+01 2.712962086069279910e-01 2.051731455018447059e-01
3.482359554761131903e+01 9.480317274962156426e-02 2.202323075616346437e-01
1.055197094306535099e+01 7.333525125285589308e-01 2.873579801626895969e-01
1.438260233637566365e+01 5.269241034470645291e-01 1.107739129742707912e-01
1.226252187315572861e+01 6.732240168211331977e-01 1.366488185853931836e-01
1.303522431783559554e+01 6.306669972837862792e-01 1.125372794818141758e-01
9.708199742799047627e+00 9.479783843230340512e-01 1.973734892117594286e-01
1.285143897838064042e+01 5.797923106249497360e-01 1.760205209407358640e-01
1.499530316845040900e+01 4.149562648938681653e-01 2.328831277028703406e-01
1.025805004036230095e+01 9.011189614431186490e-01 1.941163234535527027e-01
1.089533835051632238e+01 6.764073597129449666e-01 2.849883637928997127e-01
1.301768412449035850e+01 6.809170152924023389e-01 8.617383161399128078e-02
1.696130644085496897e+01 3.773228604073077808e-01 1.424184797092427901e-01
1.079239179139822191e+01 6.914782255484441809e-01 2.840980707954000040e-01
1.225413814997115480e+01 6.806127753327121388e-01 1.488189399948242342e-01
1.242012116715421577e+01 6.124709065881607239e-01 1.783229074950622717e-01
1.013423345356174998e+01 9.115962337549247119e-01 1.736447470934129600e-01
1.561940865312835491e+01 4.112700451045088190e-01 1.579039515287711248e-01
1.225319363290631003e+01 6.041158349095585578e-01 2.056581690120555250e-01
1.274379907062144568e+01 6.614664678571140488e-01 1.005731432421314853e-01
1.123050092684398926e+01 7.568392691549752360e-01 1.782855534404628461e-01
1.665768014509374950e+01 3.667591074637042148e-01 1.628627654796993840e-01
1.023718441136813873e+01 8.988140068699835838e-01 1.774952717654697254e-01
1.092817268457467961e+01 6.176896187417609818e-01 3.494442690144902719e-01
1.055276817269582246e+01 8.801915334252700118e-01 1.580600274741063016e-01
1.054885934472126330e+01 8.583757328734592518e-01 1.643610189068265004e-01
1.108598921763606349e+01 8.876557912798660466e-01 1.011374592156619040e-01
1.401260658752432420e+01 4.879565036512031884e-01 1.932523335614784454e-01
1.075680824090204268e+01 9.992558250153590338e-01 7.487840919135040074e-02
1.327571335978775835e+01 5.869663913628221374e-01 1.375549317346046740e-01
1.117319241701682309e+01 9.126256034393249728e-01 7.159842544378795803e-02
1.061861916615057133e+01 7.812539639901804334e-01 2.116287248546345756e-01
1.035492727502251675e+01 7.901069023616176246e-01 2.412664675109513213e-01
9.548401429136719187e+00 9.947217987420023944e-01 1.926374361733952656e-01
9.877498288918612701e+00 8.797718283802313799e-01 2.324799907743429761e-01
1.541566831580195540e+01 4.000959367989802562e-01 2.133777279970479890e-01
1.178550962379160971e+01 6.680437706613338023e-01 1.997219001422464446e-01
1.389038632200358414e+01 5.864811810067750431e-01 8.789599661406756470e-02
1.433151724735779986e+01 4.642283390830190815e-01 1.962735489964114732e-01
1.216816665418448196e+01 6.319038144825788184e-01 1.851899640970643413e-01
1.244207333673563731e+01 5.677425680603116476e-01 2.344244140309239277e-01
1.309667096376161588e+01 6.318128207666038332e-01 1.038105914374208988e-01
1.145683403364684949e+01 6.926996202927018231e-01 2.234257700544127201e-01
9.567777038212327056e+00 9.445512981390755680e-01 2.347884940060639691e-01
9.372851878924334912e+00 9.635276158096516275e-01 2.381678650118445872e-01
1.066962749020123091e+01 9.476116850006932602e-01 9.599727318802683818e-02
1.325494697630533558e+01 5.149059671867078913e-01 2.096264128269307858e-01
1.115804067525610321e+01 7.482991740415462223e-01 1.809070609455368239e-01
1.531043126215965522e+01 5.201759664146329287e-01 5.611893445896586063e-02
1.040059459094129402e+01 8.390827349977473260e-01 1.997608301037211709e-01
1.008712407998063298e+01 8.335518535715450428e-01 2.460043499945404333e-01
1.095179444733730456e+01 8.232267705380094114e-01 1.553117696965550798e-01
1.310961894540671402e+01 5.778349606944478412e-01 1.594357595973924790e-01
1.499499055507921774e+01 4.038215255983824692e-01 2.242543179309330614e-01
1.187099326645134312e+01 6.887949710127291292e-01 1.747335946777375248e-01
1.186028922925737739e+01 6.195231227843791544e-01 2.331093003254891272e-01
2.017969019206086045e+01 2.561522819474014168e-01 2.046125524792556105e-01
1.126578760575709737e+01 6.863555692624474514e-01 2.387657648426023405e-01
1.357843399812694685e+01 5.243165832406448956e-01 1.811639968346361318e-01
1.049249060939252054e+01 9.220775507243520464e-01 1.365733307709336430e-01
1.140311581221269144e+01 7.436698293875591004e-01 1.680155862080596751e-01
1.290755967991606035e+01 5.299744381927843362e-01 2.303731606765871409e-01
1.605162640168146027e+01 3.878035832192763821e-01 1.819530635233695681e-01
1.220062274496211963e+01 6.253909336999221580e-01 1.810092649572740409e-01
2.136084773178600571e+01 2.059743507825639031e-01 2.617802037163718398e-01
1.337618792331122286e+01 5.406048589500961343e-01 1.756920648963954945e-01
9.469481423579230395e+00 9.024294748540071520e-01 3.048888790500948742e-01
1.022976923965234164e+01 8.850053246039066845e-01 1.995924106490440941e-01
1.224068882845737072e+01 6.109423566801602812e-01 2.138270327939121307e-01
1.002209031636681580e+01 9.180624967433053119e-01 2.263720493023355929e-01
1.009631969430347631e+01 8.575436401371654416e-01 2.177920640663926211e-01
1.098398436293656566e+01 9.211259798849219527e-01 9.292999728839197726e-02
9.459835145841227089e+00 9.726853694723276433e-01 2.124609712397903249e-01
1.196607228239869869e+01 7.754757109055360198e-01 8.549542225690574815e-02
1.599802770406767749e+01 3.812676972735221104e-01 1.901252049437915370e-01
1.157272906297684401e+01 7.273222268956335279e-01 1.605377544840973780e-01
1.146346347411219568e+01 7.140089816016907953e-01 1.866908313286659293e-01
1.621673091223854613e+01 3.500354456170245987e-01 2.226891036341168695e-01
1.057945254182486572e+01 8.077758460374295790e-01 2.099115667276365282e-01
1.526026952282354188e+01 3.956323426266294407e-01 2.086531297437627663e-01
1.244937220713304526e+01 6.332302762480649383e-01 1.784136385282402149e-01
1.999599456729584546e+01 2.798676846279017916e-01 1.327030226859833295e-01
9.738503140848353112e+00 9.445512981390755680e-01 2.131413656833125725e-01
9.863272099096811019e+00 8.840858551567822854e-01 2.358839195520476550e-01
1.896820872072308717e+01 2.942261040284632756e-01 1.554852784429950896e-01
1.459865237178671649e+01 4.782686788697511071e-01 1.489547509478194864e-01
1.540000507402390539e+01 4.355381071914330993e-01 1.484304657685950879e-01
1.342877841512908965e+01 4.900119276986759087e-01 2.277241079073618613e-01
1.347860526843810902e+01 5.872481034951501089e-01 1.144954318957305678e-01
1.187619911829552422e+01 7.079118285102773411e-01 1.586335471471982395e-01
1.093066566328770151e+01 7.744033970595914917e-01 1.972410509157892511e-01
1.022589878470189895e+01 9.234321695337313063e-01 1.668275327450771117e-01
1.796071059789249702e+01 2.796227980091224308e-01 2.614454232722898674e-01
1.208951054435072159e+01 6.721950945632855223e-01 1.579945164257152701e-01
1.314987091508773354e+01 5.588605207437451483e-01 1.752945789199700510e-01
1.204987122889720119e+01 6.178102497440807195e-01 2.065492422138175965e-01
1.776855299332169125e+01 3.283257836139958918e-01 1.567912176926855583e-01
9.576174289326841560e+00 9.779560779778180279e-01 1.965194715357930499e-01
1.023261106590609515e+01 8.459251241827432377e-01 2.033985187835934683e-01
1.205399324955875962e+01 5.744201333209818516e-01 2.528668871249629135e-01
1.211231833635407895e+01 7.242017401500194795e-01 1.209716111281611550e-01
1.071831645418580692e+01 7.629327430694071710e-01 2.149621717116096398e-01
1.065261876360643711e+01 9.507092247694935994e-01 1.047966008327910620e-01
1.060348808067341331e+01 9.073388681138369050e-01 1.459510835381098992e-01
1.953759671639817697e+01 2.453527441975877077e-01 2.425639832981205946e-01
9.882759894872647166e+00 9.746508442571089059e-01 1.745702444263571296e-01
1.171031034150890093e+01 6.194244729153638440e-01 2.499909543912126886e-01
1.136379061291393633e+01 8.028842745913914447e-01 1.346676860929639230e-01
1.589863441803781896e+01 3.485457003286701050e-01 2.492615703815445338e-01
1.100097358126295788e+01 8.856854982624137174e-01 1.088181649996693978e-01
1.802082901483345978e+01 2.892019030262857893e-01 2.149622962664704262e-01
1.631540906057386664e+01 3.609628526997420983e-01 2.015862820915609310e-01
1.119473111557483591e+01 6.768308498454999045e-01 2.429271285168799754e-01
1.016846622261207678e+01 9.611371870819107599e-01 1.453780486678140915e-01
1.113566643787349264e+01 6.747075860056857000e-01 2.619675776390785749e-01
1.691022509428488974e+01 3.845912614387149708e-01 1.226522660019089966e-01
1.086208697267655410e+01 7.143711558677181550e-01 2.526324949023445177e-01
1.252841762897847744e+01 5.727518577587035198e-01 2.286735779151830572e-01
1.215617762595702622e+01 6.553456743748196089e-01 1.727111464347071690e-01
1.090850989629418066e+01 8.258716567457102808e-01 1.644936632882599281e-01
1.497837958988987772e+01 4.214641147294542756e-01 1.898933485811021282e-01
1.113992682488309072e+01 7.171835835188188346e-01 2.464741661483692003e-01
1.042950490613599435e+01 7.967995518388775178e-01 2.241076748033248300e-01
9.958394111361540624e+00 9.019882487174103458e-01 2.021304706490724135e-01
1.383081264983957581e+01 4.887846631941549225e-01 1.968103696489589272e-01
1.127362885684766169e+01 6.386472296539974502e-01 2.924618639157129385e-01
9.907979624918421990e+00 8.935754875137135178e-01 2.208200899044194254e-01
1.046960236972154945e+01 7.919174120841313558e-01 2.326657254265173669e-01
1.158340153690692453e+01 6.609687246153560514e-01 2.258257173206152935e-01
1.386925541401307171e+01 4.594984503413569454e-01 2.413949745647981648e-01
9.454200724949906487e+00 9.036243650561225360e-01 2.756029901554640227e-01
1.044430982387698847e+01 8.138183960974375575e-01 2.238205506675848278e-01
1.126101030277009940e+01 6.462771370379120084e-01 2.701189871464412806e-01
1.591976850762402051e+01 3.718555447282084203e-01 2.060054133830771239e-01
1.135494093795933068e+01 6.732913210211260990e-01 2.242391286711761800e-01
1.376092821467484129e+01 4.888121694888392654e-01 1.919012539454758026e-01
9.458846089348522668e+00 9.429726381860328299e-01 2.380531292487247375e-01
1.850378753401384913e+01 3.290284769444595803e-01 1.191211898559141474e-01
1.010503207952771021e+01 8.406558488667500439e-01 2.340755478910702958e-01
1.027413150192206714e+01 9.531538923779953043e-01 1.413424119411521573e-01
1.079173452942050915e+01 7.854144369100966028e-01 2.088090162370305480e-01
1.445396726887955907e+01 4.586594134112120802e-01 1.905570754301247893e-01
1.748015930479204272e+01 3.350012683063794405e-01 1.626370115701231134e-01
1.128490050131464351e+01 7.858209035276030319e-01 1.725611640565072047e-01
1.328038772978215398e+01 5.419976231221576013e-01 1.791764342130521825e-01
1.029724492570082361e+01 8.736840146552578013e-01 1.711619626177994791e-01
1.863833004221034884e+01 2.554764731548712642e-01 2.715512436048985179e-01
4.983710191069948792e+01 5.898141192505591129e-02 1.509781026890767430e-01
1.231725573438465204e+01 5.999832881320052991e-01 2.055275810786913182e-01
1.039341061059776194e+01 8.139466636374927955e-01 2.279970489133361367e-01
1.464569289132062657e+01 4.794368782638850357e-01 1.466963155796865981e-01
1.360215304619754662e+01 4.993489095333781824e-01 2.140377294619782156e-01
1.056833126198596595e+01 9.258656986941228295e-01 1.235611096627043382e-01
1.076444133744034737e+01 6.553456743748196089e-01 3.243311522741622599e-01
1.282897315311955744e+01 5.814790137051335517e-01 1.821561881055301646e-01
1.320260904449246375e+01 5.107739572282148366e-01 2.182628407609800980e-01
9.184271972515309912e+00 9.821677148379915900e-01 2.511741849967133455e-01
9.834051588977223091e+00 9.131588648792855478e-01 2.178088442635011390e-01
1.551980788833093072e+01 4.542675217434172796e-01 1.141900160376057710e-01
1.103152738666075550e+01 7.154045483292708063e-01 2.283778111606238059e-01
1.253340659743787988e+01 6.285843368382165730e-01 1.529895172254259472e-01
1.065939609123586251e+01 6.843183892053056327e-01 2.913892008683222623e-01
1.063045355357854049e+01 9.351083829802944170e-01 9.815888298295552539e-02
1.018780262137427073e+01 9.487515332073815921e-01 1.641410976485425666e-01
1.044442280933714606e+01 9.861978537648676824e-01 1.105183879616375153e-01
1.410818134621384701e+01 5.485178685043349267e-01 9.210681532208152278e-02
1.105448089958702163e+01 6.706212968509678296e-01 2.625838451194410506e-01
1.132467420252502066e+01 8.015093421088935743e-01 1.185494133679864670e-01
1.236182189810057785e+01 5.755393226656645433e-01 2.291073389004821548e-01
1.037584253054823868e+01 8.984403970097348813e-01 1.633403229146936086e-01
1.220291524366643365e+01 5.876783465849630961e-01 2.558263662999984422e-01
9.386763526924553958e+00 9.821632503145797388e-01 2.333415121250501656e-01
1.216144255080164882e+01 6.967385267410155514e-01 1.325477516297657588e-01
1.112189421689697966e+01 7.175589593803073374e-01 2.163022361925141801e-01
1.103806964559997539e+01 8.542675284222988052e-01 1.228062875052046421e-01
9.020321191042087960e+00 9.436859961065119373e-01 3.097806618692828251e-01
1.057817648657553278e+01 9.595177832799963724e-01 1.029894438618080416e-01
9.992490463550607771e+00 9.514523646822004022e-01 1.658756185452922860e-01
1.185044385473732476e+01 7.545563754792690148e-01 1.257842367714167575e-01
1.246832672440813816e+01 6.034390064284457234e-01 1.821919112165145127e-01
1.061947852518497726e+01 8.312901428686524374e-01 1.789405975895174972e-01
1.526799021683290469e+01 3.711057720838494833e-01 2.281102080469210591e-01
1.031594364677028786e+01 8.356945573841709773e-01 2.201891618574921272e-01
1.214419579011337902e+01 5.863765796572342204e-01 2.381691846767911291e-01
1.345107312568818259e+01 5.282430245387469414e-01 1.913991198060876475e-01
1.165131141318856223e+01 6.708471322975620987e-01 2.090836387785434958e-01
1.312963584230130287e+01 4.867879821638631532e-01 2.260639812938844140e-01
1.218953680257209093e+01 7.039360390038384985e-01 1.320239007841817747e-01
1.198752055539776329e+01 8.128421383578949833e-01 7.035142569554410363e-02
1.029221485117999357e+01 8.820381276395208303e-01 2.056892689698655852e-01
1.461225935322223712e+01 4.411209513240542668e-01 2.083749529747826734e-01
1.140744908366377786e+01 6.285892926218971111e-01 2.622655507286592580e-01
1.187920715545560135e+01 6.374786914598772336e-01 2.178451031348590805e-01
1.325296549765728393e+01 6.088251371233308618e-01 1.168685983990908200e-01
1.262994892578026196e+01 5.551888457147795553e-01 2.312379164303953460e-01
9.651357451138654397e+00 9.652971768074396497e-01 2.057557767303563323e-01
1.330715704490493856e+01 6.100417952925613063e-01 1.065155082359567490e-01
1.005442109583073318e+01 9.554390435793427283e-01 1.732956841041830010e-01
9.578642118218830603e+00 8.560440656587497976e-01 2.915185521411267633e-01
1.718050651001519213e+01 3.806887723967837256e-01 1.169329605511748443e-01
1.281788036073077386e+01 6.115434618606998551e-01 1.597834104883515405e-01
1.055535077512597297e+01 8.991754555690980588e-01 1.471207596940797280e-01
9.508542432118789023e+00 9.495174930267563651e-01 2.448838593826784815e-01
1.398877675247983987e+01 4.545321626590625996e-01 2.152194792147535118e-01
1.637732413084700411e+01 4.047697213105774239e-01 1.270331375584368150e-01
1.516073321717650302e+01 4.398912838476485843e-01 1.549984513678267783e-01
1.058098587245395450e+01 8.023872988230753567e-01 2.116756433886718136e-01
1.035506788771678366e+01 9.782534556075808130e-01 1.154274086216200146e-01
1.222163766933513429e+01 5.863603304901331414e-01 2.182022304736937202e-01
9.816979089285762683e+00 7.316411982867015995e-01 3.712962895777576211e-01
1.482030573719832667e+01 5.491362191775724932e-01 5.742720007035791857e-02
1.442292702719423048e+01 4.968723918626867797e-01 1.493315447512709726e-01
1.847834237698238269e+01 2.922126078817555705e-01 1.990756166722437714e-01
1.292005465422897537e+01 5.585017810372125968e-01 1.928591954489471683e-01
1.042733076848430507e+01 9.082851540658783973e-01 1.493431316308051759e-01
9.646466767472650972e+00 9.833663281078152130e-01 1.942202546993495038e-01
1.606333050402988150e+01 4.000677481344941389e-01 1.432550855927068323e-01
1.051116186730079960e+01 7.453172680830718599e-01 2.648251608947979618e-01
1.449897559549318515e+01 4.553154952039614733e-01 1.891113193789430991e-01
1.080698987888239948e+01 8.639764409996821826e-01 1.376061359683749263e-01
1.075524677658238382e+01 7.930641909806307455e-01 2.016379398002919043e-01
1.853213818161617610e+01 3.073058286682547879e-01 1.680234701596330649e-01
1.191434409291779062e+01 5.807272623558455971e-01 2.702528767360581896e-01
1.589451613890752490e+01 4.105064413130346535e-01 1.591111951453291484e-01
1.184245525156030432e+01 6.608067115666659275e-01 2.129424764435938200e-01
1.638308847308951144e+01 3.276281454892282508e-01 2.622926736882012499e-01
1.072267265585244367e+01 6.905020699199414524e-01 2.846994813817586567e-01
1.025317172868141924e+01 9.258436991153415896e-01 1.620014094440795638e-01
9.677443527492362918e+00 8.909585450086338065e-01 2.552422512712603786e-01
1.230125976939457999e+01 6.588227018522835321e-01 1.527766477447466686e-01
1.464778049326347364e+01 5.295155067217353073e-01 8.254860815699482934e-02
1.113135497686986675e+01 7.128200319940787288e-01 2.312100394316820018e-01
9.898441612966337289e+00 8.607532397019959092e-01 2.531002785892562668e-01
1.716691538957914531e+01 3.404653416826021184e-01 1.779710880543785567e-01
9.800134592797293820e+00 8.237419101238057095e-01 2.839524011874991483e-01
1.302640708473749598e+01 5.323715771567890664e-01 2.230962557455350159e-01
1.435474809390387918e+01 4.259579646778605122e-01 2.408286020203612432e-01
1.663786053622123617e+01 3.920448987803883956e-01 1.240088413741227830e-01
1.716512487477604409e+01 3.638288897041903058e-01 1.364578552333144401e-01
1.048915814445286010e+01 8.240862861194778732e-01 2.033543273689686071e-01
1.415002273285186085e+01 4.382215337841888214e-01 2.518830771114812239e-01
1.043733982248956771e+01 8.940269465157091311e-01 1.606073621840773125e-01
1.035555932460606421e+01 9.273540350578252101e-01 1.420326716505476150e-01
1.386333569798415866e+01 4.662541899052203287e-01 2.371249966491624783e-01
1.119345777987365054e+01 6.661101794129905551e-01 2.703985023795313913e-01
1.002918177604467687e+01 8.807064448471898510e-01 2.139340249151914231e-01
1.347070427149044747e+01 5.122364462015041031e-01 2.025191611015677018e-01
1.194116227549407405e+01 6.832936635295568939e-01 1.636737141595412115e-01
1.173317495627309981e+01 7.109167519259066426e-01 1.542522989887042673e-01
1.304569100805348114e+01 4.949022380097481966e-01 2.480099788874549904e-01
1.876120073930096765e+01 2.936866884723495219e-01 1.750381898572370420e-01
1.230873979438542953e+01 6.622502095713500569e-01 1.562052848409058725e-01
1.005922201254656478e+01 9.851710491357918986e-01 1.377573073799187031e-01
1.470147317793413144e+01 4.447935635884391892e-01 1.880107591335272443e-01
1.126951577500359036e+01 7.826277719053440496e-01 1.329459273059079294e-01
1.199478242752838320e+01 5.377926803025158131e-01 3.123809233572181210e-01
9.840885415102725631e+00 9.368961240998829876e-01 2.029405712807916817e-01
9.754262860388937639e+00 9.073175652794167600e-01 2.245533230917795553e-01
1.440933639581250958e+01 4.744786562331833601e-01 1.704770093942637177e-01
1.184571925035373852e+01 6.662269795649283788e-01 1.894149900137981068e-01
1.287926870244637811e+01 5.118754516925222431e-01 2.516108924015664772e-01
1.136514819320495562e+01 6.177306416884088547e-01 2.950281641553756939e-01
1.278353032612372964e+01 5.743079261536411240e-01 2.068890679182382730e-01
1.207759891369279970e+01 6.576055969496590325e-01 1.652427561653156685e-01
1.181631776768029951e+01 7.958892334566484150e-01 6.275638029092799053e-02
1.275527292862646433e+01 5.848175615041175668e-01 1.832477505148321639e-01
1.007385051593045588e+01 9.152608619972458781e-01 1.755113412999885769e-01
1.272565856019420671e+01 5.183621506921235467e-01 2.557723377858820424e-01
9.521422946495491146e+00 9.773966923471435475e-01 2.059671190456174028e-01
1.151813860840496417e+01 7.360548727452776996e-01 1.563973531522291072e-01
1.008465374352028299e+01 9.663259870413579700e-01 1.487149975221855325e-01
9.711520749284119347e+00 8.790870784891542389e-01 2.613249836401736470e-01
9.774262023856644888e+00 9.365556284429795708e-01 2.232159288157175014e-01
1.468267072982819776e+01 4.564085991049595115e-01 1.659225342409796633e-01
1.207112434901411113e+01 6.850424536269821285e-01 1.513020540962119742e-01
1.916824314151824638e+01 3.043645396956908833e-01 1.167640060676146396e-01
1.610487053195466700e+01 3.444461571127448440e-01 2.565852931180235830e-01
1.067262192495133277e+01 8.149121286250632368e-01 1.924116257696364130e-01
1.038393285379788011e+01 7.967285778011765629e-01 2.290350081888551659e-01
1.328609135184483492e+01 5.113877497253761506e-01 2.158730570538383298e-01
1.102315962047148723e+01 6.468631518122065494e-01 2.766839531076352166e-01
1.948894232755606026e+01 2.371468599409239930e-01 2.728724668226456540e-01
1.118805380200770117e+01 9.023417635171255835e-01 8.426498608928033318e-02
9.669426172952976017e+00 9.710898219229847639e-01 2.134368462132587296e-01
1.667701619401004365e+01 3.327510778396208790e-01 2.340322119701235826e-01
1.858988507083427777e+01 2.943627611766266861e-01 1.836448713186890347e-01
1.725048901312386107e+01 3.160683475221568450e-01 2.233344679825867707e-01
1.157202548976097667e+01 7.922375702347201898e-01 1.014130745887806689e-01
1.139351618058599236e+01 7.420779783917613726e-01 1.873490839510286166e-01
1.273083235176631156e+01 5.658165755941320096e-01 1.997283113920595432e-01
2.028894713506227632e+01 2.386155703232318293e-01 2.174871642837414576e-01
1.289552185022957786e+01 5.801942330879953369e-01 1.786706405936881459e-01
1.172812766821223818e+01 7.329807419247770239e-01 1.385401299980424938e-01
9.949136972839292881e+00 8.393412240986893869e-01 2.607430332995935296e-01
1.380614068668613470e+01 5.735469224481895001e-01 1.008887698439647485e-01
1.662808036026974534e+01 3.684213688136362408e-01 1.667328999281219026e-01
1.186251631058945932e+01 6.968532787776230419e-01 1.639791093098581787e-01
1.012677760068107702e+01 9.856551478290288548e-01 1.512515095834541523e-01
1.264745727951954102e+01 5.543135795433087321e-01 2.550801159839868881e-01
1.509395489819708480e+01 3.798683344542995166e-01 2.520266225837427543e-01
1.053071002185961014e+01 7.430886524102863211e-01 2.299731175847720410e-01
1.010266353664241379e+01 8.365392257108902330e-01 2.268052830866725267e-01
1.052603447575025264e+01 9.605878311193022379e-01 1.194968748759734772e-01
1.070482523011606268e+01 9.419867196266780152e-01 1.014456328374977873e-01
1.613106442223957515e+01 3.394768508673224883e-01 2.371851384238874150e-01
1.099339062068937878e+01 7.574851921526958298e-01 2.007320199034597907e-01
1.257471619615472669e+01 5.638007382659008249e-01 2.145655426140222199e-01
1.364995992154337401e+01 5.666223059534944984e-01 1.219521586894453252e-01
1.687893215030812755e+01 3.431742329895103860e-01 1.802778174231173813e-01
1.166049255773713611e+01 6.925857282127223513e-01 1.796577144481626143e-01
1.047673776279618707e+01 6.876172522055025160e-01 3.350406287903587299e-01
2.550510825941200110e+01 1.704317377441090520e-01 1.852369901299457111e-01
9.561182229652841258e+00 7.597559733827158324e-01 3.506870478786915379e-01
1.221609529382261705e+01 6.374381930464844137e-01 1.750590491451764208e-01
1.178870794673263944e+01 7.100313569159797389e-01 1.493611565596022484e-01
1.243119929579691529e+01 6.195756147080834220e-01 1.727837526846410787e-01
1.022448939446781324e+01 8.874794197104795002e-01 1.868280894681221826e-01
1.295296873586567443e+01 5.415160342850033892e-01 2.236435150864970189e-01
1.249655151319110757e+01 6.926394793555161744e-01 1.058149110507066865e-01
1.365851607748453311e+01 5.464413841709737651e-01 1.428984606704744309e-01
1.077315804319195891e+01 7.599949459200886492e-01 2.070131445776034751e-01
1.251085973922522854e+01 5.798310601672107545e-01 2.139672505784600831e-01
1.140999133200258520e+01 8.034297987844085664e-01 1.217107557393453665e-01
1.013746694196582965e+01 9.956236875016586385e-01 1.335675259067503340e-01
1.991041083584019589e+01 2.532278231401035029e-01 1.860892931218735280e-01
1.035182363622629609e+01 8.213888529045849651e-01 2.251946561005673531e-01
1.447165530478615558e+01 4.877332744167131029e-01 1.332314029614720119e-01
1.530408944443913022e+01 3.757282022987671333e-01 2.539294850310084839e-01
1.352128773651037541e+01 4.582497198184133369e-01 2.904791723388501778e-01
1.256846688718987437e+01 5.608723551816905406e-01 2.300598007336919493e-01
1.193507656252088722e+01 7.251001542665734823e-01 1.194430911281904456e-01
1.767089351666765751e+01 3.372980836588708176e-01 1.513176728052961217e-01
9.223446753251884900e+00 8.872123459531908729e-01 3.308036928464275217e-01
1.015894828160511132e+01 9.252643947095340327e-01 1.559501706750072159e-01
1.347482413778209853e+01 4.862966033173273250e-01 2.367897962594912864e-01
1.460686541810255434e+01 4.225174195645093334e-01 2.338013742470566869e-01
1.309441185062747692e+01 6.335581520087262275e-01 1.138292552865669688e-01
9.644969485208667592e+00 9.188901185776036096e-01 2.409268913037996007e-01
1.228979146941359879e+01 5.941282001502611321e-01 2.215386343028220018e-01
9.483608252040607312e+00 8.773365837646370791e-01 2.821968503114828386e-01
1.104281547997923596e+01 8.371111074363501992e-01 1.335715083435893846e-01
1.368340345439810157e+01 5.367320283177686724e-01 1.644884295857299839e-01
1.213194648249522345e+01 6.860939289124419194e-01 1.452333820483146520e-01
1.294356396740107407e+01 5.859850164671103201e-01 1.733197315862124721e-01
1.335306159182734831e+01 6.003306711327971446e-01 1.123386122243872770e-01
1.156032425837516087e+01 5.431150408753459002e-01 3.621572613232286741e-01
1.144582734196944074e+01 7.686558148998811069e-01 1.455888341002906927e-01
9.849733773503434264e+00 8.450551801995686008e-01 2.796170221275887102e-01
1.547749771580399347e+01 3.849730325794650243e-01 2.312399168078372869e-01
1.010379883342478280e+01 8.518070646041384641e-01 2.213870449573288324e-01
1.219724902617485895e+01 5.094599188253867705e-01 3.277412683917370617e-01
1.034367987237317976e+01 7.652283851679951843e-01 2.804345057548710551e-01
1.386570859211718165e+01 5.168181021918138995e-01 1.601638598654350765e-01
1.325977423953520784e+01 4.659946954245637873e-01 2.839906519283773023e-01
1.179924574386731351e+01 7.123094756198361521e-01 1.500219839944196831e-01
1.674439703904242904e+01 3.226544037152224154e-01 2.473556824871956106e-01
1.315539127756020754e+01 5.545370390754270629e-01 1.878007784271687741e-01
1.216224965959123061e+01 5.697566817425780972e-01 2.535860633452770574e-01
1.064413712728390315e+01 7.485658675507429471e-01 2.498736948717589224e-01
1.076812445367649396e+01 7.356203543341173212e-01 2.399273482989337791e-01
1.199176632188049929e+01 7.145881403603236981e-01 1.342823596538347819e-01
1.215966618482747030e+01 7.980029801487151797e-01 5.812707392037323034e-02
1.191139327173993046e+01 6.827914912390610214e-01 1.585023418494086456e-01
1.355607503178078055e+01 5.145390309138279106e-01 1.958225421847087921e-01
1.017149902759340208e+01 9.445512981390755680e-01 1.614985134393960298e-01
1.052225811418641221e+01 8.406558488667500439e-01 1.851422826424571344e-01
2.918999879118630858e+01 1.231514776723556387e-01 2.510162137916889247e-01
1.309592108673266964e+01 5.668627423933738640e-01 1.735892342517547648e-01
1.798675018101772949e+01 3.573102472362553184e-01 1.043277857365612349e-01
1.054043484036326106e+01 8.936791479179472253e-01 1.545747575230575210e-01
9.773823324345379149e+00 9.718372528132745991e-01 1.816889477868231517e-01
1.188583352892147538e+01 7.415486679647814716e-01 1.237151325988623263e-01
1.349979487238158882e+01 5.418989803710545505e-01 1.586158535413975113e-01
1.303467119593402757e+01 5.153976876390987671e-01 2.235548377296189826e-01
1.328735480616634135e+01 5.088803713242818771e-01 2.110032623477518243e-01
1.679767608689507696e+01 3.405485693925650592e-01 2.052837235692144269e-01
1.323159257709232151e+01 5.450362096636727216e-01 1.806958919704799715e-01
1.143642539685560955e+01 6.378703251590212009e-01 2.608772846071893969e-01
9.142647356932908309e+00 9.948623450521912881e-01 2.510495923383447847e-01
1.473266112531751126e+01 4.729078405869771018e-01 1.498364205447887398e-01
1.435900084031840507e+01 4.494054367227254265e-01 2.039647599614355378e-01
1.118307199867997070e+01 7.863991618493814117e-01 1.595800239412299149e-01
1.778167459636330250e+01 2.686988484467043303e-01 2.943465161485354642e-01
1.522595418330742589e+01 3.931908226679530771e-01 2.350469319430969206e-01
1.006186626132075368e+01 9.683233106781139465e-01 1.500137946060432215e-01
1.312387309282050118e+01 5.115908176248117334e-01 2.386131658719423954e-01
1.088906418220312844e+01 7.349813052059779306e-01 2.170688839662339165e-01
1.083262304647381846e+01 6.803145281676590272e-01 2.664781134857113765e-01
1.350548435822816806e+01 6.080117351372273937e-01 1.007313181301648375e-01
1.417766664346685346e+01 5.218075870361739144e-01 1.315894304691858641e-01
1.134782940283742469e+01 6.624891100382690468e-01 2.469639877061110267e-01
1.176620501205010250e+01 6.616636089352492256e-01 1.971239652525632602e-01
1.200827235814966265e+01 6.302980068837513716e-01 2.245777378641904409e-01
1.212610162496013366e+01 5.956154271255742483e-01 2.455834090083880705e-01
1.560549444411875442e+01 3.917364129716597310e-01 2.101190682542228849e-01
1.073916915263095895e+01 7.601446251161365630e-01 2.264207338642936496e-01
8.971211794457918387e+00 9.954220192720166782e-01 2.807004114194162070e-01
1.234002328686165839e+01 7.131930024894834741e-01 1.215549023094274067e-01
1.305196210493502740e+01 4.854947983284887969e-01 2.686910877360710881e-01
1.021542151344880800e+01 9.318123155696164117e-01 1.593805487524633524e-01
9.176814463258194721e+00 9.672168773233119632e-01 2.752628972565003829e-01
1.571653810931471718e+01 4.936726101449028792e-01 5.647197140439353530e-02
1.435552778583832634e+01 4.731968688686973290e-01 1.815005393253530386e-01
1.118687656420116205e+01 8.654316223359732607e-01 1.046262212099272754e-01
1.084334331587160349e+01 9.213110183770476525e-01 9.824107317243674364e-02
1.187399758040343301e+01 7.147588679869684158e-01 1.512630289942906436e-01
1.230275322815896644e+01 6.562825586592626603e-01 1.527734269707281545e-01
1.244086351129197077e+01 5.310190810864068300e-01 2.775944359146325646e-01
1.115818010267126859e+01 6.797511830094512542e-01 2.366259437501498919e-01
9.953323554402334850e+00 8.519767252397755231e-01 2.439264808292238851e-01
1.158247923874145080e+01 6.966791531851160846e-01 1.860469465049749138e-01
1.228819116362319619e+01 7.170244881056350161e-01 1.138904901895183286e-01
1.215071543613606941e+01 7.554010939866480090e-01 9.758897236506713924e-02
1.434990414433481298e+01 5.557034744985397401e-01 7.588600207445245216e-02
1.227619287630984779e+01 6.155742711113344479e-01 1.941018009567817559e-01
1.292252116169254883e+01 6.254016887511021361e-01 1.325530946617970163e-01
9.831803709910557743e+00 8.433029710917170352e-01 2.833424338675276655e-01
1.199049467096620347e+01 6.325875574041669447e-01 2.308871656260627070e-01
1.264465267156642625e+01 5.826636953393938834e-01 2.067651671669866187e-01
1.113249155780074773e+01 7.379337290719212294e-01 1.965879011078376926e-01
1.359347484704056264e+01 5.716386354651034063e-01 1.312973101063759362e-01
1.038366413557939261e+01 8.762778226573938456e-01 1.622185427443642303e-01
9.530934977235009598e+00 9.551345824129051643e-01 2.357212621984287604e-01
9.823588225538573582e+00 9.758368986536121170e-01 1.851805068103002105e-01
1.316164223438858549e+01 5.466201983061620417e-01 1.844636035794754159e-01
1.208338418253204161e+01 7.065348336486144687e-01 1.301521820138311636e-01
1.457993442476406010e+01 4.169289041626840220e-01 2.461316677214075987e-01
1.085897875708149840e+01 8.373063989819865549e-01 1.547063752954623006e-01
1.404630307548756818e+01 5.071450774245040982e-01 1.721859035416417605e-01
1.120660355152240228e+01 7.668349541493139077e-01 1.772930348761544428e-01
1.056174392310368937e+01 7.947692517929716427e-01 2.291209760920988325e-01
1.079813159732297656e+01 7.138263372516051586e-01 2.395567584412771067e-01
1.063861918382287364e+01 8.617295330016169208e-01 1.607240363276824791e-01
1.146159098475735050e+01 6.890243454304242343e-01 2.013874878550743486e-01
1.079851739018781664e+01 9.392171531987164590e-01 9.609376615611429917e-02
1.405449857217825205e+01 5.168029453381811633e-01 1.507600158725090900e-01
1.164761915481423493e+01 7.554811056581852702e-01 1.286471359742585863e-01
1.143240751021639134e+01 7.366853670087134542e-01 1.710055379198527070e-01
1.615439153632736335e+01 3.758783079214659262e-01 2.037857294884574400e-01
1.018902672882935256e+01 8.173508081489149202e-01 2.513767349263710815e-01
1.208151222917994083e+01 6.822761387401995448e-01 1.499593541315344114e-01
1.450729505138358277e+01 4.252275222717808445e-01 2.355853340964388642e-01
1.178592293952737080e+01 7.178369826832480260e-01 1.432629475974105393e-01
1.390944879659700639e+01 5.614571871969551431e-01 1.366635897080306916e-01
1.043769468421087865e+01 9.183686363784276940e-01 1.499548302303868041e-01
9.416424891460483337e+00 9.879438581206683168e-01 2.205806758164607084e-01
1.212162980264156609e+01 6.509295568409235733e-01 1.941654080910418800e-01
1.187449832979634756e+01 6.685256581923320063e-01 1.955993091830671160e-01
1.119724774722246607e+01 7.647233506587077789e-01 1.748627392075374487e-01
1.046451501439220522e+01 9.154530940750742474e-01 1.631804229110732085e-01
1.385263492298016175e+01 4.640595086195887786e-01 2.431449392658380781e-01
1.866408099111068353e+01 2.906556044038764997e-01 1.881032518416717869e-01
1.159441030351681512e+01 7.254074407848200012e-01 1.672982217820796202e-01
1.471191962095012329e+01 4.737091051814947829e-01 1.435156956705502529e-01
1.400817486029282222e+01 4.353793148557423831e-01 2.638465879080208465e-01
1.028544238952446577e+01 7.206603442475892907e-01 3.206510767121770744e-01
1.149163550075120099e+01 7.341797810943797575e-01 1.747222070062106059e-01
1.099073293391241712e+01 6.925968014618724133e-01 2.745589474544163355e-01
1.422238856359760995e+01 3.941072811647814977e-01 3.064701554379200554e-01
1.021531236968802503e+01 8.961538648647735528e-01 1.872213556569277959e-01
1.111839125428925534e+01 7.562219795126998712e-01 1.703450348520602342e-01
1.173161853918256980e+01 6.784309878651847425e-01 1.743944754071406478e-01
1.169152316990681584e+01 6.071667124905808510e-01 2.546242937580315280e-01
1.384389318822514348e+01 5.825447231221351219e-01 9.109564568383986261e-02
1.100350380056909394e+01 7.186272905551107648e-01 2.329024721621185678e-01
1.494772776174322892e+01 4.376093979545959689e-01 1.788729153797953553e-01
2.306960936852070887e+01 1.980587753321212396e-01 1.795700835010312080e-01
1.129318764009569342e+01 7.076032425804773540e-01 2.098093607566262619e-01
1.710472099349359709e+01 3.404644395270908230e-01 1.814692568026753661e-01
1.238582371300066143e+01 5.873599250451595477e-01 2.382894634534008793e-01
1.821213049843944631e+01 3.372648150189608285e-01 1.128206761299952454e-01
9.200725690043526583e+00 9.942553246472460859e-01 2.221159137119017579e-01
1.731912206955801281e+01 3.751234240124368680e-01 1.105745290076611820e-01
1.017074093103563825e+01 9.192172438431970294e-01 1.791222568067964149e-01
1.267236060809231901e+01 6.421783420109066221e-01 1.255061658277026593e-01
1.351475302766319153e+01 5.483709731237927931e-01 1.661842049455961312e-01
1.345215613414047873e+01 5.150404689341516740e-01 1.944372961313867443e-01
1.114774236053430556e+01 8.720327405420100764e-01 1.077481738589897153e-01
1.182550833393874790e+01 6.742062507266562976e-01 1.950022443807442607e-01
1.415431889370320917e+01 5.065642381916506398e-01 1.488347211983452878e-01
1.068013727638830446e+01 7.620081601760294587e-01 2.395613143726293970e-01
1.023955278005692371e+01 9.823701044039123698e-01 1.380204048262370919e-01
1.020497716106642372e+01 8.526853184700695643e-01 2.109059927292048220e-01
9.918450308544544569e+00 9.680871968346947964e-01 1.795793330658751463e-01
1.020812635552791470e+01 8.990826323357344885e-01 1.784985127305954433e-01
1.293937278600472141e+01 5.619071310430253652e-01 1.830524750440106485e-01
1.312099370980942936e+01 5.028754855441507354e-01 2.523302627951398147e-01
1.443010725866087185e+01 4.902931193696900558e-01 1.430248717856745233e-01
1.104185627393961155e+01 8.471460724999301251e-01 1.360244771166999322e-01
1.131436618531582639e+01 7.534489762929564849e-01 1.604420747663575786e-01
1.206896238667131271e+01 6.663717573353012957e-01 1.697597252673453960e-01
1.274921388494896135e+01 5.873592693305498269e-01 1.707618755437075309e-01
1.371874848938153946e+01 5.836145008055265704e-01 9.946618029149223439e-02
2.502707659796369555e+01 1.719332385877717917e-01 1.872086578789537714e-01
1.076854129674238258e+01 6.777952764737225078e-01 2.984486521488573518e-01
1.324937977745138795e+01 4.750276750324419761e-01 2.824638047524140605e-01
1.145974419874001526e+01 6.796709973330151699e-01 2.173557941663173954e-01
1.640317922799931694e+01 3.677186812793654669e-01 1.849353595508923531e-01
1.042278018730265998e+01 7.674747720019153840e-01 2.518373329758027968e-01
9.495473143726933074e+00 9.875643078854637880e-01 2.032328488459235472e-01
1.027481170407281397e+01 7.820015486045128750e-01 2.596856985481760804e-01
1.122845761499703165e+01 7.001731982882205552e-01 2.150018021434606519e-01
1.906641199574360712e+01 2.702033193836453351e-01 2.136933238763622234e-01
1.046288538412396463e+01 8.272696892916334699e-01 1.900590078998111165e-01
1.126023036864219584e+01 7.854144369100966028e-01 1.585150190469004072e-01
1.283494649754664607e+01 6.233253038375515809e-01 1.299296421873354368e-01
1.121512584390209888e+01 6.948824191047857646e-01 2.256166859085080301e-01
1.948122203233789307e+01 2.971532407370642836e-01 1.199422852594927563e-01
1.061677434789961083e+01 7.820366620981810124e-01 2.095575905821661089e-01
1.964984253966809646e+01 2.861470015807464073e-01 1.362192587880666772e-01
1.356257350433956077e+01 4.716385831256571515e-01 2.385848452207054993e-01
1.124896280508682089e+01 7.589402398916632597e-01 1.755056203066486242e-01
1.912601097927878868e+01 2.795457066888391573e-01 1.716221113576235358e-01
1.126654927237302495e+01 8.017029302778755362e-01 1.389884062786468366e-01
1.207914817281499964e+01 6.652462528775654471e-01 1.735604859871859584e-01
2.462556306593902633e+01 1.641611852032965613e-01 2.446632423563442627e-01
1.602623065269739655e+01 4.093347456916228699e-01 1.330001089677004533e-01
1.388944033626842156e+01 4.516703283353209475e-01 2.556849302350444053e-01
1.809645151970427790e+01 3.516374697218601075e-01 1.124431205797507966e-01
1.854282405258723898e+01 2.835165625683116475e-01 2.090983275165175237e-01
1.038672796292768474e+01 8.595026932069951275e-01 1.922657600960063495e-01
1.124676492460615940e+01 7.710249891415238421e-01 1.623191457340259769e-01
1.907710030395150724e+01 2.734038414838688147e-01 1.999584127184337590e-01
1.144053293325148069e+01 7.767753241508189577e-01 1.379254652994693908e-01
1.109855412562729526e+01 8.289876698201926741e-01 1.329597110493090095e-01
1.068249030821520762e+01 9.150161841569359744e-01 1.207720307065195259e-01
1.288224349706301730e+01 5.698222387970691694e-01 1.933627276409292661e-01
1.639272469589124626e+01 3.013254010649502046e-01 3.245816911353595069e-01
1.410342961404844608e+01 4.580634886206009226e-01 2.154044419752666473e-01
1.335961989002520944e+01 5.529564480426985007e-01 1.542902486377792648e-01
1.229407602054017445e+01 6.531684928145673474e-01 1.421693179185933853e-01
1.272473497629415817e+01 5.832937069163143251e-01 1.899500723228167431e-01
1.053491285226900942e+01 8.986742308385252676e-01 1.327526071969143406e-01
1.241759977388034386e+01 6.065714341743104754e-01 1.991283558132402598e-01
1.180982569261369974e+01 5.917828022170350533e-01 2.760285708048281772e-01
1.127807225812090586e+01 7.705255647006781228e-01 1.613844724721022750e-01
1.214665621433505649e+01 5.400456048000910059e-01 2.966971915622154121e-01
1.715269293755254409e+01 3.458536026358095539e-01 1.592462351022927713e-01
1.322739742173260957e+01 4.816979165832245835e-01 2.565262609084560941e-01
9.779110045785031957e+00 9.596568731922059392e-01 2.080616214243628526e-01
1.217650268592083052e+01 6.410301032029036561e-01 1.735642301071234628e-01
1.059896359940091770e+01 7.315289767573568414e-01 2.624542838090614949e-01
1.143475882209477845e+01 7.857805452911627020e-01 1.447806817496074816e-01
1.111406805677027521e+01 8.654316223359732607e-01 1.118626521931192774e-01
1.844560223714591984e+01 2.760780578286778919e-01 2.356894603315036196e-01
1.050048516424599221e+01 6.704502638267446635e-01 3.106842002750703768e-01
1.629338244953400405e+01 4.047697213105774239e-01 1.328394860410275768e-01
1.094654676377622771e+01 7.029839989754144147e-01 2.532540551813987628e-01
1.099029426448340985e+01 7.781638352561879302e-01 1.867448392304771332e-01
1.770592278783016127e+01 2.642824171646920850e-01 3.225296266010058699e-01
1.338759034080213439e+01 4.948187826248101051e-01 2.382443425593167852e-01
1.519322126295228337e+01 4.261767406584359152e-01 1.722899885810714182e-01
9.721305555705336943e+00 8.689271510707780033e-01 2.556305423163459101e-01
1.761034625249961039e+01 3.539202676978487894e-01 1.319464227162857051e-01
9.433524046495396220e+00 9.216344357674843835e-01 2.634778839015085583e-01
1.584881868997069887e+01 3.808118301518295667e-01 1.969527478115374042e-01
1.120690993478324948e+01 9.030518284442735633e-01 7.098603181842548515e-02
1.147075802497429819e+01 7.192821829463338368e-01 1.845548900953496996e-01
1.018711748637767478e+01 9.884438076034247622e-01 1.224191745398006126e-01
1.644993914192137652e+01 3.958841980403288163e-01 1.254892094292278104e-01
1.121335032606114979e+01 7.113041372689419273e-01 2.024858412442387678e-01
1.190338541927058102e+01 6.676336872842109083e-01 1.946184891161228947e-01
1.073285359460887278e+01 7.862214766115357412e-01 2.025969419733068544e-01
1.385538559893388211e+01 5.179186203576312542e-01 1.603337817431479684e-01
1.026126523248120215e+01 8.833344325704953759e-01 1.879891732466561216e-01
1.189739951015156727e+01 8.358174360659673674e-01 6.396023678948795088e-02
1.068991187672320109e+01 7.865293151036739649e-01 2.193351015649556979e-01
1.234979844230585222e+01 6.030293180991586066e-01 1.933853547163708053e-01
1.138205092693643650e+01 6.311378994575113088e-01 2.750196400530540708e-01
1.055697714235858875e+01 9.635901874843312287e-01 9.498067904477713874e-02
1.302621779436440796e+01 6.515380955166960586e-01 9.625980151306526289e-02
1.513907365610872091e+01 4.460338560198234270e-01 1.639747738657919285e-01
1.367728155842280735e+01 5.155983641761534564e-01 1.743985250443427226e-01
1.038706835185569410e+01 9.250105299731934405e-01 1.449085148145193847e-01
1.244923191204362034e+01 7.172195273140578031e-01 9.006307343922921593e-02
1.018971331175335671e+01 8.302890185587816774e-01 2.484515128925663674e-01
9.951035306914102208e+00 9.187438767090463365e-01 2.047867349301524809e-01
1.174579115168238452e+01 6.778820718743597817e-01 1.807639707618589331e-01
1.582824843303594342e+01 3.644875071623810969e-01 2.354117363604515678e-01
1.028765533997388104e+01 9.346806106103263678e-01 1.511842221180934587e-01
1.114656609784439567e+01 7.248899752769334404e-01 2.043807825798626410e-01
1.051808434393617731e+01 6.866187368345051389e-01 3.124796275400575363e-01
1.431392076738461405e+01 5.062295949827211317e-01 1.486316200284594491e-01
1.186452626192892978e+01 6.280831878408649205e-01 2.320194133489529853e-01
1.465881762465188132e+01 4.586990308866958355e-01 1.673724651034833033e-01
9.492543207355547352e+00 9.268951692329315817e-01 2.455811621524216504e-01
1.005095210747856349e+01 8.581894508325622617e-01 2.172498554536660409e-01
1.007456175648982644e+01 9.918099980963758222e-01 1.498600804589108604e-01
1.260630326050314665e+01 5.816658094871234308e-01 2.061076199605371972e-01
2.402536391785518433e+01 1.794270977620726348e-01 2.039969478024330762e-01
9.693318574316565517e+00 9.259006625305390425e-01 2.204910568294209672e-01
1.347984624088362438e+01 5.102057665720719504e-01 2.109750420502568002e-01
9.669016879779666951e+00 8.856653253586704855e-01 2.240845042073952853e-01
9.873753589495445127e+00 8.882109549225362111e-01 2.172045707912129420e-01
9.356137713493085428e+00 9.719168943389031590e-01 2.414718931775357569e-01
9.927899154737641396e+00 8.389679696064693548e-01 2.577512953407930518e-01
1.038344232289096247e+01 8.842038806773684367e-01 1.682894125948608821e-01
1.022026541623686136e+01 9.517925858883852230e-01 1.677499127777629107e-01
1.013031380477376331e+01 8.865347849684671599e-01 1.974823518579952031e-01
1.276223981797460638e+01 5.930612572607606436e-01 1.720895558577540674e-01
1.419312428222928801e+01 4.898264708437968795e-01 1.871026889474686483e-01
9.309585181522196606e+00 9.451642590399730315e-01 2.620754599593098089e-01
1.077757679662042634e+01 7.975836612407958270e-01 1.866916269033583875e-01
1.389034065545954633e+01 4.503423499030492216e-01 2.630703188049035024e-01
1.094595544246092622e+01 7.398351778984364469e-01 2.200193094334049471e-01
2.050041107146628505e+01 2.437895594631233065e-01 2.089230266457954843e-01
1.185350777440901560e+01 6.343654985851040484e-01 2.238335922231482478e-01
1.268860387361024067e+01 6.618007306900692832e-01 1.171084022474861985e-01
9.368321959548191913e+00 9.804071665735140106e-01 2.215177968277140252e-01
1.159165111484937150e+01 6.156026989369991487e-01 2.743048297129452306e-01
9.620818735493603668e+00 8.910050684918000563e-01 2.737648804529162483e-01
1.341761452266212196e+01 5.221417434722804840e-01 1.954000433099195300e-01
2.390497983409186133e+01 2.091236727394175099e-01 1.148071256918000577e-01
1.148323740476315891e+01 7.309137353723454966e-01 1.785537059772325519e-01
2.303417430754630502e+01 2.128823439861307065e-01 1.555268986255799180e-01
1.420440768425139666e+01 5.735041146953044899e-01 7.215438631588884377e-02
1.213677319398018462e+01 6.785580295768981474e-01 1.615420865022438868e-01
9.247574408479097841e+00 9.205004943360791669e-01 2.831019505690172688e-01
1.091532247277445400e+01 8.645239325634065386e-01 1.372760659122039262e-01
1.170048196606413882e+01 6.673930353306226637e-01 1.995878495184254808e-01
1.453193631813118714e+01 4.513313051810787235e-01 1.954678729444161156e-01
1.483432937954410846e+01 3.920133197809284042e-01 2.538082797088060394e-01
1.408450318810509216e+01 4.481581191264111252e-01 2.365961913877940581e-01
1.028974150117673858e+01 8.580666436077105663e-01 2.053743039688206706e-01
9.549465512298308312e+00 9.597297836849819630e-01 2.111820274238919992e-01
1.380382714214167272e+01 5.398492418517667479e-01 1.471904765549361671e-01
1.023561812225745093e+01 9.429821272042031577e-01 1.437575982385344564e-01
9.109110446901098612e+00 8.838987901152273174e-01 3.386332702188858401e-01
1.592391649639633222e+01 3.723019244381847170e-01 1.974295977362021393e-01
1.229967476415039229e+01 5.471128598799662734e-01 2.751907103848865166e-01
1.135823067989067781e+01 7.583545272860064967e-01 1.582117530571658381e-01
1.014103903565504261e+01 9.885029460509331400e-01 1.350879354441225089e-01
1.231582185683591746e+01 6.187380630045266061e-01 1.927149835138197154e-01
1.112196803137198842e+01 8.240920636322820458e-01 1.257111119798405841e-01
1.300272236028772355e+01 5.659739608659747345e-01 1.741639617430211229e-01
1.201014855174195617e+01 5.698611758703772123e-01 2.609080507837311935e-01
9.782625694438500830e+00 9.198251431996824490e-01 2.291657041356497393e-01
1.219677128948822009e+01 7.071640750354869498e-01 1.137832035686235643e-01
1.723625191833562553e+01 3.566467184496087128e-01 1.731918459299762736e-01
9.890864332287966576e+00 8.587713139064037104e-01 2.265672428299732588e-01
1.210318052625252250e+01 5.876873320700304326e-01 2.569885219014026445e-01
1.496902867964424644e+01 4.603955752856317418e-01 1.426221471472773061e-01
1.159351753754163283e+01 6.810716575399107242e-01 2.065847519519613817e-01
1.037128401741571437e+01 7.325140733246816582e-01 2.804979076289083606e-01
1.304200571014867549e+01 5.673956883001981533e-01 1.758602427283540992e-01
1.344743553935489011e+01 5.080602807334341220e-01 2.076624817793843170e-01
1.068726044743345760e+01 8.809426255929784233e-01 1.393431515860709957e-01
1.030168887582592951e+01 7.735929830158805309e-01 2.595939516722847173e-01
9.908423991318668911e+00 7.999894496128966415e-01 2.866985890515107438e-01
1.387415802235896756e+01 4.872961667605777980e-01 1.990018065968642835e-01
1.208060545833335375e+01 6.901577354694427013e-01 1.375148412384155638e-01
1.290808652058513317e+01 6.791773600218095064e-01 8.212599735245748600e-02
9.804874585484455451e+00 9.354250064334279635e-01 1.965163753719081086e-01
1.138528391801821193e+01 7.930018288191090781e-01 1.384072030740446935e-01
1.044302932994898114e+01 9.525161541747648730e-01 1.230849482607861978e-01
1.076673026294673718e+01 9.075265066342311782e-01 1.145546240066852711e-01
1.186685765473056264e+01 7.001155836866617133e-01 1.580574462485133114e-01
1.752344828467978388e+01 3.171578746236796142e-01 2.113632919245893027e-01
1.324323989158627590e+01 5.553099691787473091e-01 1.726393335113004801e-01
1.040335948014437228e+01 8.626794584778735286e-01 1.910558688284828555e-01
1.187677277410375609e+01 6.421752202399927389e-01 2.073159327645762440e-01
1.434175537280873236e+01 4.998655209053001203e-01 1.330819018922355101e-01
1.157695229982217988e+01 6.622241948488226670e-01 2.149274941785232484e-01
1.177993157142693192e+01 6.332302762480649383e-01 2.453815975964048768e-01
1.505627626487809323e+01 4.060394957331914800e-01 2.186217679068706565e-01
1.280909080341672812e+01 5.878880636374084201e-01 1.832301587085380379e-01
9.936934031627378872e+00 9.748066775852980426e-01 1.438642909193693364e-01
1.546821983091659369e+01 4.038876290919860002e-01 1.922262567529216537e-01
1.394357237880397449e+01 5.169894763135306492e-01 1.575635920731786044e-01
1.139928356492398365e+01 6.932327903417242476e-01 2.099102475561560877e-01
1.503222041943049980e+01 4.518940342740409011e-01 1.622012709584178258e-01
1.465368207419365021e+01 5.035070316609132623e-01 1.149049718208113580e-01
9.145559636812556903e+00 9.673868860418847193e-01 2.859027574981599096e-01
1.103535997914822886e+01 6.360904896760520844e-01 3.103621917345553149e-01
1.269380701408952206e+01 5.536660805476372182e-01 2.238216622292222013e-01
1.104517030132530131e+01 8.840404153748588900e-01 9.810255363765922609e-02
1.001950584633967267e+01 9.210635969069772555e-01 1.803719411936198780e-01
9.923834953641884837e+00 8.754570237919439002e-01 2.507913581779956380e-01
1.148914526525028634e+01 6.554219384570185714e-01 2.460919127988865640e-01
1.108093713995201313e+01 8.915922509438121146e-01 1.020650009799518587e-01
1.006270976898153613e+01 8.836608762311852772e-01 2.253148787026916233e-01
1.221310094066219598e+01 6.520624118758259202e-01 1.598512997495908916e-01
1.319677663431017045e+01 4.763938138146881496e-01 2.629515855432091320e-01
1.259983037457064547e+01 5.894276254814534433e-01 1.912858110493417807e-01
1.319271558957933088e+01 5.330061646970829514e-01 1.926113235115753386e-01
1.138537874695697383e+01 7.393558018242306629e-01 1.777602366687470181e-01
1.372221033276709612e+01 5.617210842878013199e-01 1.163784571512885835e-01
1.065414876649226628e+01 7.938975053521862835e-01 2.127126514917130340e-01
1.058026158443563070e+01 7.160032557228668271e-01 2.731664422943978487e-01
9.406377300359396898e+00 9.692334321549920251e-01 2.400573172367141683e-01
1.153436756876734570e+01 8.014590487772343952e-01 1.055899618224852010e-01
9.840417734361782465e+00 9.234759399947047864e-01 2.170970098330663178e-01
1.132100047074980864e+01 7.398861939216480055e-01 2.001564733704239429e-01
1.077148515861638423e+01 8.979289205673343099e-01 1.152136823960871609e-01
1.105631064147865139e+01 7.049876807459221073e-01 2.374316753251309864e-01
1.716041454823598045e+01 3.631302094285389082e-01 1.395370400308985903e-01
1.173323231332318173e+01 6.891333803105427203e-01 1.656053044451202549e-01
1.146492505247650229e+01 6.955282906859709957e-01 1.978997627231237066e-01
1.569146115001260178e+01 3.997639051767061247e-01 1.880401590252815669e-01
1.296412368882479171e+01 5.144081414066350444e-01 2.466199326631879907e-01
1.365930790989608745e+01 5.600118372156377422e-01 1.371539243440806910e-01
1.183910205160864315e+01 7.983671458171615054e-01 8.068654382374323975e-02
1.057774582418304909e+01 8.322902150291141554e-01 1.881631962962522497e-01
1.555814337675004921e+01 4.389078752818165730e-01 1.281956063106149124e-01
1.134780623156919965e+01 8.634258317553837880e-01 8.262976311942367424e-02
1.161842132471202049e+01 6.576858307895061539e-01 2.225688501920526918e-01
1.167167078765063870e+01 7.498535915337015689e-01 1.286367855695468854e-01
1.022835771709956099e+01 7.820366620981810124e-01 2.554899188294589840e-01
1.956017314416126851e+01 2.347294913046426013e-01 2.656578659882586901e-01
1.385232770513636424e+01 4.546673928545055809e-01 2.347996209804956991e-01
1.090518199169386371e+01 8.394708748136122667e-01 1.423566366911789838e-01
1.199662164866984781e+01 7.024159332684197787e-01 1.434688366220989719e-01
1.128387097815829421e+01 6.824044758085952012e-01 2.331614317568539985e-01
9.760077369416118032e+00 8.853296031635730090e-01 2.551250688781314668e-01
1.379556941910992407e+01 5.363661279781535285e-01 1.337927912491742588e-01
1.174024497018600854e+01 6.270747916025992685e-01 2.190820545499034266e-01
1.064074672673978483e+01 9.198663115762901743e-01 1.223927406923299849e-01
1.000959429566574244e+01 8.491097508246525649e-01 2.483281278693222904e-01
1.296867471498341651e+01 5.286476368265381476e-01 2.273545367517373073e-01
1.293162266050639531e+01 5.645560711418844413e-01 1.819256872286033333e-01
1.213888769004995716e+01 6.379418028757255499e-01 1.904168132179604178e-01
1.271429330123710599e+01 6.087044405004077285e-01 1.625637153063898832e-01
1.852745133740837957e+01 2.783442341673100229e-01 2.205682577797692667e-01
1.370909490407178843e+01 5.471077390350441716e-01 1.383261337964024063e-01
1.116898922566357477e+01 8.038875695081609818e-01 1.284419516709841558e-01
9.916251910820646387e+00 9.577026246637260209e-01 1.666769969181400857e-01
1.450402039054262104e+01 4.712586129787604827e-01 1.628479928915083919e-01
1.196861733200542410e+01 7.365315907875942258e-01 1.159089960499563726e-01
1.179315184102936698e+01 6.744985107423484560e-01 1.890235744466110535e-01
1.796436139503895646e+01 3.448252253829786618e-01 1.249161379988644738e-01
1.030685528202508827e+01 9.359174949958644074e-01 1.536359771877406355e-01
1.214180531175765587e+01 6.639740018111419673e-01 1.670475383325623064e-01
1.269028517111319232e+01 5.223520408134497695e-01 2.578274471195193263e-01
1.210561066969266975e+01 7.415593092360454053e-01 9.490750623930056806e-02
1.420700587906197576e+01 5.620660805448051134e-01 9.004438457238948812e-02
1.052988747306974560e+01 9.402054481736561442e-01 1.164172337327779444e-01
2.118385726674810599e+01 2.772331071420496840e-01 7.336363315152105713e-02
1.163219529178344480e+01 6.280900619627175496e-01 2.387669767887696248e-01
1.122835426149370974e+01 6.976931973113168484e-01 1.845292925760907699e-01
1.103966374601895417e+01 7.073040133281569553e-01 2.234362164713598053e-01
1.552678863967063094e+01 3.527606281095885254e-01 2.739757369698829215e-01
1.552233580812509217e+01 3.759051304677694660e-01 2.381339113367260396e-01
9.819876436547724907e+00 8.602606318013774622e-01 2.624424635182373566e-01
1.176873226020742713e+01 6.554440025609491460e-01 2.131739157900048864e-01
1.079996973043288300e+01 7.102011455472893031e-01 2.548914772192754641e-01
1.026631842983911014e+01 9.612864168794114095e-01 1.415815786442218005e-01
1.134954381384504885e+01 6.681687492939101247e-01 2.384888970473914571e-01
1.363566463344385937e+01 4.853570889118407061e-01 2.215821118939504120e-01
1.251825271966790432e+01 5.573540487195571824e-01 2.272676014958373014e-01
1.167074253723897392e+01 7.640145840318905979e-01 1.292025746065889602e-01
1.265822186668503768e+01 5.716711642938551163e-01 1.978705378089593847e-01
1.216852152591715175e+01 6.421752202399927389e-01 1.783696950742959808e-01
9.531632312610588187e+00 9.995653563848539980e-01 2.074786928404458997e-01
9.579405157739071086e+00 9.337538377344114515e-01 2.384070788558625698e-01
1.463198815034404277e+01 4.321501700641354193e-01 2.214992806414861348e-01
1.626753376473786616e+01 4.087957393586799104e-01 1.283315138885635642e-01
1.359774809786054028e+01 4.891338230603501924e-01 2.266031201787709060e-01
1.185888437809388307e+01 6.262486414629738762e-01 2.430377538067686471e-01
9.640493746883668891e+00 8.477873255235122141e-01 3.110512719199672871e-01
1.613020776458092342e+01 4.049796633925121236e-01 1.443970445871952668e-01
1.188050873115968109e+01 7.076856215086656521e-01 1.616619550813495065e-01
9.527225774012935133e+00 9.678305671387615883e-01 2.186196521189557040e-01
1.240908453133456568e+01 6.076080047026793940e-01 1.834104529531916383e-01
1.468830859027333169e+01 5.288249006807148600e-01 8.814768574402453982e-02
9.549494305157491425e+00 8.233322169534980084e-01 3.204059395260353549e-01
1.454325848822240275e+01 4.448851797314487544e-01 2.184278093436591017e-01
1.198916875220601241e+01 5.854390078914599727e-01 2.255435162957540041e-01
1.139750343225796847e+01 6.925857282127223513e-01 2.068774606435815067e-01
9.728564291686902621e+00 8.304366495888905186e-01 3.017359622962515475e-01
1.007650657526740012e+01 8.791565645126010464e-01 2.028730789033779403e-01
1.562301073095976456e+01 3.817545919381418185e-01 2.118180538202197871e-01
1.056811215004054816e+01 7.983685702817506780e-01 2.106282002892320149e-01
1.136641813323755379e+01 7.117204474141798354e-01 2.057646182474563989e-01
1.152616511101303765e+01 6.481715430376042697e-01 2.514563464766732537e-01
1.223830662909574407e+01 5.817595888655010539e-01 2.318802731391547134e-01
9.322119986346590892e+00 9.950302350541060381e-01 2.285064234985373366e-01
1.040927401696345633e+01 8.166812260221480990e-01 2.225700831067552454e-01
9.584407905482560608e+00 9.670554419659072032e-01 2.072642370329554340e-01
1.514985597811558549e+01 3.976446114515779784e-01 2.438866763632427104e-01
1.049378872342485813e+01 7.866765269964404172e-01 2.327946884543194983e-01
9.435540106883440359e+00 8.887349674964704072e-01 2.722978001359118716e-01
1.426617591179892131e+01 4.059862734461109346e-01 2.850184995954317957e-01
9.539292277740790027e+00 9.716101917908227525e-01 2.210716121132056955e-01
1.434513240987055838e+01 4.626966315546485187e-01 1.910317389781534536e-01
1.359977407550770145e+01 5.040019845094431128e-01 1.859699220332733660e-01
1.952338838496399021e+01 2.963681516076236977e-01 1.232729226503807146e-01
1.497869419806559499e+01 4.393218482717599072e-01 1.668575672800163834e-01
1.412664246556926884e+01 4.994731865959479156e-01 1.481807758831631128e-01
1.398963037826778866e+01 4.510787669057647054e-01 2.548180706239367987e-01
1.192334393048093233e+01 5.123030721880518223e-01 3.441328282940475658e-01
1.144515879271501291e+01 8.019390412018988501e-01 1.104281823661582562e-01
1.055219196359066203e+01 7.720844868967247088e-01 2.337370960178760393e-01
1.074623811065921508e+01 8.412447253108669143e-01 1.598886361978036352e-01
1.512314953196056599e+01 3.902731007394220630e-01 2.454159187578187629e-01
1.582490924714940483e+01 3.723704071601248167e-01 2.211776824869365332e-01
1.244563608646002173e+01 6.854901409788781708e-01 1.184537045762961149e-01
1.116100387117713844e+01 7.755031915214789517e-01 1.663340636962850339e-01
1.494780823267826619e+01 4.502971076799384131e-01 1.396140982568526145e-01
1.341595204308278255e+01 5.852532604448327236e-01 1.416666480927946392e-01
1.381271407142004293e+01 5.288214066857552798e-01 1.471554336150094344e-01
9.754410326516513408e+00 8.685752144669930397e-01 2.697663503379822414e-01
1.400154540764811628e+01 4.205849395423887360e-01 2.562541330761940461e-01
1.134310033742505652e+01 7.182562888608491347e-01 1.892477475092356753e-01
1.076489719401248912e+01 8.741298810079919379e-01 1.303290482669781369e-01
9.885646585970162548e+00 8.811503619494626127e-01 2.303721253055842633e-01
1.763644155732963625e+01 3.150076933557434122e-01 1.948033242138080268e-01
1.103099747091966876e+01 8.625901726691644900e-01 1.197061682687279027e-01
1.184772612664488989e+01 6.027072867466661821e-01 2.541998220723537538e-01
9.955501652136803159e+00 9.794945402789058120e-01 1.702359286202890232e-01
1.193856953375080288e+01 7.315289767573568414e-01 1.207965043192332777e-01
1.082668859532431505e+01 8.452455795480984246e-01 1.477394317136043467e-01
1.278792776433954081e+01 5.751897666127069320e-01 1.833247949834301282e-01
1.175870400280066619e+01 6.504693978119655551e-01 1.793032037942636214e-01
1.021039810085750155e+01 9.848393256612644198e-01 1.239012315333967856e-01
1.695030716541720750e+01 3.254401478167084361e-01 2.220803658384215284e-01
1.144975010786687797e+01 8.047833759402417408e-01 1.195116947236935373e-01
1.015074273653399750e+01 8.392755330196627339e-01 2.335408200554334457e-01
1.055718689768724339e+01 7.529144744173158488e-01 2.580661997098487315e-01
1.284598362680999095e+01 5.330631520571872395e-01 2.231958607829868102e-01
1.191400820874641653e+01 6.894540103518429497e-01 1.625698721469470143e-01
1.241469896894144753e+01 6.471821792997534128e-01 1.454961602836649381e-01
1.325881300939987106e+01 5.761599376709871656e-01 1.475580643709559769e-01
1.594669675760004424e+01 4.208007791648721296e-01 1.355621822802753063e-01
1.168157828375859886e+01 7.691787202522057942e-01 1.195009625493338029e-01
1.304585972187903664e+01 4.753462479249114803e-01 2.892542883327995362e-01
1.111507307811438672e+01 7.718547878612919133e-01 1.795636630824783975e-01
1.402896963425600063e+01 4.890987982443804061e-01 1.800366761454966491e-01
1.144907042282165222e+01 7.678673138991414238e-01 1.412989647263672155e-01
1.546411455615057129e+01 4.218751002911563242e-01 1.606059910401795021e-01
9.509460355600273473e+00 9.300435892952273464e-01 2.424835973290545288e-01
1.148659991631413391e+01 6.978415848944428124e-01 1.985213191475544703e-01
1.415838948890608684e+01 5.309800129940472901e-01 1.280118320922789821e-01
1.164456008925488639e+01 8.006883845189434190e-01 9.841283477903979560e-02
1.081102474476825748e+01 7.990260495025932608e-01 1.873227841987658016e-01
9.838394209752017616e+00 8.819173794111218045e-01 2.386875073495525745e-01
1.008293434943489331e+01 9.925666286058296706e-01 1.272388935398688081e-01
1.096604123729967384e+01 8.027628382897358250e-01 1.635916484244480107e-01
1.088850407887188965e+01 8.259841127649603099e-01 1.610616948319868735e-01
1.202458564480110859e+01 5.986982549505629470e-01 2.128706218077700829e-01
1.264632646566158591e+01 5.913210010567451214e-01 1.900808755584690868e-01
1.109341861635643411e+01 7.232678794743067074e-01 2.174008271974577633e-01
1.046571956665538217e+01 6.956470309671759500e-01 3.147367376285710727e-01
1.184682535404409798e+01 6.872138104208106446e-01 1.526313245884601821e-01
1.094435711721220983e+01 8.693989154167069966e-01 1.231781701154124609e-01
1.378679385219989406e+01 4.319083360755371914e-01 2.820755851661112534e-01
1.056282436828597504e+01 8.259841127649603099e-01 1.968602865306799399e-01
1.018557696942103519e+01 8.462745169214898056e-01 2.291388010317474688e-01
1.098043878670562989e+01 7.135644781619943089e-01 2.392091949632139392e-01
1.019349325273244311e+01 8.772584249111174959e-01 2.065915776732549225e-01
1.588851802807570834e+01 4.003017955369326253e-01 1.539769641709686498e-01
1.460259741100506936e+01 4.549276502490147700e-01 2.020624200403086379e-01
1.105334826097152678e+01 7.583354167500662157e-01 1.977791423389319292e-01
9.636610202349030985e+00 9.284671976498295454e-01 2.292652448588632097e-01
1.176316764371196300e+01 6.734305171381338440e-01 1.920684482887372035e-01
1.142296848833773204e+01 6.245362874156795696e-01 2.691979717401035144e-01
9.667977486036948065e+00 9.325235887058328510e-01 2.222904483783963159e-01
1.293138708795611969e+01 6.358954018499498595e-01 1.227125057235209094e-01
1.151155964969263223e+01 6.697669387236611094e-01 2.254506278284077181e-01
1.052807814380118856e+01 9.643493523483201990e-01 1.182961316831316889e-01
1.261176491660483734e+01 5.468641143817476458e-01 2.455671433676628879e-01
1.133811554143642653e+01 8.230689265988916370e-01 1.107671247460636915e-01
1.129594241533330035e+01 7.883316146781536027e-01 1.439439512775457508e-01
1.191708448527613484e+01 6.288625095771727125e-01 2.213283425546920258e-01
9.591746106319453347e+00 9.127833989286098237e-01 2.410338312781132308e-01
1.085246886222832607e+01 6.951782909087221851e-01 2.564480486468725395e-01
1.953198440290437787e+01 3.034861524602729399e-01 9.866296466332788451e-02
1.127860645678873652e+01 6.893138353892143133e-01 2.292988547051052484e-01
1.101388959160579795e+01 7.645786588868695999e-01 1.757637520269158538e-01
1.008326383557449901e+01 8.865000647836758230e-01 2.109041476156451322e-01
1.426241233262593866e+01 5.400456048000910059e-01 1.043387775271306106e-01
1.099716742574101147e+01 8.171379543067924800e-01 1.496970547529934692e-01
1.405235695059317891e+01 5.549913810856047514e-01 1.092665845882889175e-01
1.232028935118929880e+01 6.665357198741365119e-01 1.505179461253230710e-01
1.133015759418586832e+01 7.578963284842885617e-01 1.624527629482094837e-01
1.169278405106275720e+01 8.016935597662119273e-01 1.103356321947449453e-01
1.726855641808923636e+01 3.077493330722819720e-01 2.405009730357083042e-01
1.527523397635593305e+01 4.211801942493743622e-01 1.878532528910220045e-01
9.997429740568751555e+00 8.317798356427327233e-01 2.710828012557823796e-01
2.026103772491972776e+01 2.722130855392514981e-01 1.319373082554711474e-01
1.956495461547784132e+01 2.633051086694043752e-01 2.093833773100775841e-01
1.231854115245226389e+01 6.445457504065619236e-01 1.494037991001359589e-01
1.236776392731551155e+01 6.475021486411964844e-01 1.640243920488491103e-01
1.062672276613227318e+01 8.193949290995514723e-01 1.856021252026990032e-01
1.034347910041315011e+01 7.520681692893452785e-01 2.657616198712449695e-01
1.391414186556401411e+01 4.016561379825644984e-01 3.156415377153378721e-01
1.228626239459470426e+01 7.317493928265123015e-01 9.790451862191210108e-02
1.010971453148878929e+01 9.823112505022781882e-01 1.505801936626830484e-01
1.367509986166115077e+01 4.803837328885026126e-01 2.195391526489428591e-01
1.099205553781094125e+01 7.536831984009056962e-01 1.997269259272931308e-01
1.014161935838914630e+01 8.601794983805803874e-01 2.271493779041574845e-01
1.616585906912743198e+01 3.795077041760254732e-01 1.748841134135387387e-01
1.055119622149670455e+01 7.522415507103161758e-01 2.588384244008833379e-01
1.159045150706217697e+01 7.690558001402815202e-01 1.207148394594735608e-01
1.074425432367332434e+01 8.841500735633958108e-01 1.426094012825662449e-01
1.444922692684840904e+01 4.238298480797957346e-01 2.270681983766493495e-01
1.223933373248319079e+01 7.803207145306648718e-01 6.022687350873023177e-02
1.210155071893414203e+01 6.202488742087121087e-01 2.061481609169424634e-01
9.402906659506147236e+00 9.033698496480326856e-01 2.791405780949829940e-01
1.400292008124515242e+01 5.117087146227090599e-01 1.610961081713006560e-01
9.389362167214217791e+00 9.743578420180758481e-01 2.442552741694869467e-01
1.186459400934942821e+01 7.089240921237556226e-01 1.419537819265778711e-01
1.263952540715788508e+01 5.361221624122606277e-01 2.616719737280074343e-01
1.049259250768268892e+01 8.616245209381565573e-01 1.716168326368181229e-01
9.954761157507176605e+00 8.938942216679445218e-01 2.047318304487082130e-01
1.068275014947281143e+01 7.374882156365396568e-01 2.409701448137141211e-01
1.083095847645786947e+01 8.988857225341079227e-01 1.181081164957337587e-01
2.022457692535821749e+01 2.440543545197276509e-01 2.139300338983638472e-01
1.157221619245233057e+01 6.787418588547990961e-01 2.055374500434064555e-01
1.288207511800056260e+01 4.787721759368407937e-01 3.079758930573578413e-01
1.107887727162807145e+01 6.903568318565923567e-01 2.660270220629329940e-01
1.246886565134470892e+01 5.476502504271707483e-01 2.626408400111452379e-01
1.073548626679367324e+01 9.454025093570923577e-01 1.011624165144301701e-01
1.106756597524000085e+01 7.352511855116292683e-01 2.135378302733587641e-01
1.105507248795716713e+01 6.396401998636666031e-01 3.110615073568169797e-01
1.168294882109685950e+01 7.394996857861807493e-01 1.450733205166961359e-01
9.493716577301388071e+00 8.023915620024208994e-01 3.373552808976946760e-01
1.439653957614167723e+01 4.477064806766731242e-01 2.026336543187658712e-01
1.110660172311259331e+01 6.925459546576664405e-01 2.460225319146169265e-01
1.020358416663061085e+01 9.147651546591430982e-01 1.671020152179386875e-01
1.068799268279092196e+01 8.830846776853109592e-01 1.460103622607052676e-01
1.146236401504690861e+01 8.028078251023386125e-01 1.152700074004725517e-01
1.064136131857319967e+01 7.622500644882754806e-01 2.302492705656309924e-01
1.304091064176260772e+01 4.990565020231421123e-01 2.598348728336508651e-01
1.427657654183791003e+01 4.690117144502556901e-01 2.079903505485254933e-01
1.393567675471866529e+01 5.068138642358952506e-01 1.684245614039945604e-01
1.401464680900804360e+01 4.989434894249745178e-01 1.760953539981957305e-01
9.724903458121527677e+00 8.858577552813913236e-01 2.443637404898851839e-01
1.109709309347265638e+01 6.769060935994731798e-01 2.695241791101690154e-01
1.272718115485928259e+01 5.069877460984008044e-01 2.743332050571625214e-01
1.073665761017052311e+01 9.270051141258002225e-01 1.107953458053165668e-01
1.102754504253264578e+01 8.031912741794405841e-01 1.568630035972312931e-01
1.172241822526941135e+01 6.412959827934565649e-01 2.239820934788603057e-01
1.299560841439742376e+01 6.288906593802594536e-01 1.167798795723367505e-01
1.445338908549072343e+01 4.796418103810797806e-01 1.601809261588788835e-01
1.211880040949802861e+01 6.545907021909243007e-01 1.714874014158346838e-01
1.128427193575074305e+01 7.840474908290538947e-01 1.400677332654881313e-01
1.307548446899338934e+01 5.443052362584410719e-01 2.039992559157634278e-01
1.286390946398293877e+01 6.007078379688656211e-01 1.456492645639763384e-01
9.884755743523834681e+00 9.756220113638008895e-01 1.685477417459661786e-01
9.562046153710165086e+00 9.286108510171479091e-01 2.423016961232859479e-01
1.040283628356947077e+01 9.666331395152638617e-01 1.243088754198211632e-01
1.594981755716166916e+01 3.640962377580856391e-01 2.206829202219527941e-01
1.038958304580027203e+01 7.661442704827905459e-01 2.614317860450316999e-01
1.174844231641200309e+01 6.318288506796726489e-01 2.197850246054221801e-01
1.137433603332506671e+01 7.482136604590068352e-01 1.595855082913126277e-01
1.050900467724065734e+01 8.621480874390916593e-01 1.719031655749810872e-01
1.211017236928532625e+01 5.339616618500738765e-01 3.081371195160694243e-01
1.169258167048448449e+01 6.321235850078630314e-01 2.353654462345165510e-01
1.388988665614629703e+01 5.498790586795097024e-01 1.174137258443388732e-01
1.129806219774138221e+01 8.558375548720971171e-01 9.256105376652133676e-02
1.324223672296450971e+01 5.642447282632053751e-01 1.701329861539530308e-01
1.045255724237417283e+01 7.333159620138057777e-01 2.796878431796042119e-01
1.050814252869896492e+01 8.447168055462751513e-01 1.789423826713632260e-01
1.003555769270372444e+01 7.495016105681499008e-01 3.075274341295533009e-01
1.483881835531210136e+01 4.843833114812444163e-01 1.326844629770040085e-01
1.031473169384173438e+01 8.173130536534565227e-01 2.209033023126349693e-01
1.346085738591046699e+01 5.696131647147999466e-01 1.281770963486685289e-01
1.017691260786455487e+01 9.845446483609665567e-01 1.345459236545604731e-01
9.717387266446808169e+00 9.600375658030967374e-01 1.921748513192329533e-01
1.304508072689769449e+01 5.617210842878013199e-01 1.743261939662306970e-01
2.005142269156739943e+01 2.302670981112281412e-01 2.570110819929127821e-01
1.421748629059030122e+01 5.009467879265516732e-01 1.594625805897666448e-01
1.905241332513146091e+01 2.826725946805839773e-01 1.584335639537456375e-01
1.038777037245116475e+01 9.346010740937271688e-01 1.360107551687021743e-01
1.150464973514747058e+01 6.841164533830207395e-01 2.045422780376690841e-01
1.459397319644023128e+01 4.714753450325057660e-01 1.569192953740602137e-01
1.245476569730148597e+01 6.213220990512172692e-01 1.697676938754936748e-01
1.387068111684097360e+01 4.734569120617145854e-01 2.059663942446922635e-01
1.333334043375197098e+01 4.898714583759401497e-01 2.342306309786046647e-01
1.880242137299588379e+01 3.364967575829976854e-01 8.477072289559069163e-02
1.250876333316990241e+01 6.244332533045702238e-01 1.758551293032023510e-01
1.473062546118804761e+01 4.581336957849986291e-01 1.711694933575764743e-01
1.313420339827165151e+01 5.949769250404887133e-01 1.468426781012194537e-01
1.033965085879827051e+01 7.983297588598574634e-01 2.390361067149983365e-01
9.383824906368550600e+00 9.325804845302424484e-01 2.576748942373277007e-01
9.494178881329437658e+00 9.093799206343332608e-01 2.558475723100072652e-01
1.147191757750793428e+01 7.854308115529307077e-01 1.287586327666886687e-01
1.078361710263686746e+01 7.776898155882708830e-01 2.039421352252358266e-01
8.934158988929643996e+00 9.963464933967094428e-01 2.809127125101861799e-01
1.583088175198736103e+01 3.700107575543156724e-01 2.270585621398753251e-01
1.045846644948288784e+01 8.495070186872007989e-01 1.966262989368569303e-01
1.376288835072123184e+01 4.708652815010171966e-01 2.416102356095526649e-01
1.980501217301966932e+01 2.587190467784105108e-01 2.017835581710202275e-01
1.054362443899100121e+01 7.222547459547328241e-01 2.839074187168686425e-01
9.388915721425240335e+00 9.723083808910432113e-01 2.385242718634453252e-01
1.159964917950241592e+01 6.585961949980877472e-01 2.191542275788778416e-01
1.342109179229140992e+01 4.727511859653407145e-01 2.544331907237166734e-01
9.771254935231208805e+00 8.845008916499658147e-01 2.796162293227417162e-01
1.381533439164486943e+01 5.078977248925857779e-01 1.801681043536998705e-01
1.173517977093947273e+01 7.779840208913502142e-01 1.303465527514512667e-01
1.103958936428138138e+01 7.812316231776190723e-01 1.714208263863067905e-01
1.071172283328680308e+01 7.744945083176363321e-01 2.017177068845227572e-01
9.110837533803637811e+00 9.942803435069179629e-01 2.801362066579212717e-01
9.270366133270181663e+00 9.753133583988143895e-01 2.395664674731022570e-01
1.485256460419304325e+01 4.679292167271937863e-01 1.376187029754245006e-01
1.240480286893970785e+01 6.616934180750057015e-01 1.391665733587725551e-01
1.401173919553753500e+01 5.472175551609136379e-01 1.225606457911654762e-01
1.077504451813644160e+01 8.309464722814282611e-01 1.559173587668963856e-01
1.111749650194596128e+01 7.742315787185090059e-01 1.584006343285827290e-01
1.295862965122905130e+01 5.693968961781306071e-01 1.780014324636700063e-01
1.384626531690969564e+01 4.959190900137859792e-01 2.078283898301499233e-01
1.153219520868752923e+01 7.319736168821892042e-01 1.641370380544665830e-01
1.846011008411418786e+01 2.790345986852644233e-01 2.291224102463833290e-01
1.222595336632547180e+01 6.725680561708813343e-01 1.405041317786629995e-01
1.380251614308856212e+01 5.664900881362823215e-01 1.176631738789641890e-01
1.087236698314969097e+01 9.246964841511547961e-01 1.100519342940426276e-01
1.214597358277938355e+01 7.188379282791291791e-01 1.144460267220939603e-01
1.084430306065970306e+01 9.104630053564886083e-01 1.279168225316719976e-01
1.131419394221758168e+01 7.181096816817793549e-01 1.925658896293612199e-01
1.082548327104629138e+01 7.503400023539149588e-01 2.149624797977998381e-01
1.174430688394313194e+01 6.519254019419804536e-01 2.166527000272739090e-01
1.281850435042636072e+01 6.500568505395933894e-01 1.096742484392310701e-01
1.622399371145985469e+01 3.906142423094730032e-01 1.484774545270328705e-01
1.298535534340435937e+01 6.020971026215085065e-01 1.373798875285880960e-01
9.901612679249494064e+00 9.885674236628209099e-01 1.683333320978717684e-01
1.459297193436144191e+01 5.212123010043484550e-01 1.064630338923860803e-01
9.610314448543567423e+00 9.957135610086887967e-01 2.030142262152627441e-01
1.842992873416724464e+01 2.906177704551461405e-01 1.895702599749174710e-01
1.643010162830913146e+01 3.647445247466549190e-01 1.816803960936953510e-01
1.197288043173279526e+01 6.505181452949261312e-01 1.882521571244827330e-01
1.000168693420291177e+01 9.729154819131765608e-01 1.660212320600362168e-01
1.114059284074681422e+01 7.949218164090069427e-01 1.495903505438008485e-01
1.167117518517205355e+01 5.933395060395375564e-01 2.703587228975616874e-01
1.169432849096136096e+01 7.514018058179591231e-01 1.348375540870610789e-01
1.194696203332681250e+01 5.844723602528155704e-01 2.548986839150614303e-01
1.126999385410908339e+01 7.436698293875591004e-01 1.818122682599187523e-01
1.178952592174161929e+01 7.027192837536734293e-01 1.721364448180105755e-01
1.127354179859916350e+01 7.185627165400361172e-01 1.979639798451053312e-01
1.057680959773971985e+01 8.142937373909332477e-01 2.240493582078563750e-01
1.039755369308894828e+01 8.278590065283446542e-01 2.103380863688760483e-01
9.882135484611676901e+00 9.046257670543910168e-01 2.180282008875143451e-01
1.483120261948899454e+01 5.235271265390352147e-01 7.397932646872633355e-02
1.121145238978295744e+01 6.627160984777991093e-01 2.748796055206460531e-01
1.058766535498411798e+01 8.947367309665771318e-01 1.405575917066431146e-01
1.253224368777119579e+01 5.354473640204423512e-01 2.540072146326844971e-01
1.689613540614053377e+01 3.132278763418148149e-01 2.389526388770903120e-01
1.400564686881049248e+01 4.727362989608165367e-01 2.086870632564477301e-01
1.044549187722734374e+01 8.991754555690980588e-01 1.591854306447484102e-01
1.088281907815822436e+01 7.900545442977382482e-01 1.813764345125759014e-01
1.377333003983316040e+01 5.228161788268397281e-01 1.611661779502182312e-01
1.080456379192030525e+01 7.722232898066356821e-01 2.040874810446912935e-01
9.844135334102897872e+00 9.315890603923586699e-01 2.107987743017426807e-01
1.328817297926639007e+01 5.065642381916506398e-01 2.237177394794668817e-01
1.177433912603284405e+01 7.772081119314850906e-01 1.148621010227442174e-01
1.320068995243476806e+01 5.939800572917141031e-01 1.327826419907997546e-01
1.503488318590208372e+01 4.937101320923777403e-01 1.092677189419718475e-01
1.883338640353835203e+01 2.504384030174314768e-01 2.933452961814705939e-01
1.055567652135108858e+01 7.749419494701528244e-01 2.420631077085229066e-01
1.036829529004392825e+01 9.476035343827100554e-01 1.312301613261848410e-01
1.291645572701507128e+01 5.808809342203532511e-01 1.682949501726258568e-01
1.015770269171529350e+01 9.482815495381947679e-01 1.460107027442693328e-01
1.832723056699915531e+01 3.093389651656133221e-01 1.617203658875637773e-01
1.213958117003985748e+01 6.215664513790085666e-01 2.181733765532154201e-01
1.130607440837789568e+01 8.382540404785123744e-01 1.186858093404874748e-01
1.272658942635031920e+01 6.109725452162921844e-01 1.530311845739807664e-01
1.145208105613649252e+01 6.354989354905563603e-01 2.745216287286849077e-01
1.677958883772399190e+01 3.795077041760254732e-01 1.319115851813828788e-01
1.035228578984199643e+01 9.153734374592287226e-01 1.558749156706343009e-01
1.296294841735173087e+01 5.901773553088165425e-01 1.506981683297757002e-01
1.274337320469121515e+01 5.853466541795048217e-01 1.848700306792803727e-01
1.268379920023750707e+01 5.730887908719635160e-01 2.117032726055937952e-01
9.446888818986538539e+00 9.837232153331595397e-01 2.270615727261925398e-01
9.994051530243741155e+00 9.382757789300590900e-01 1.812372154008362601e-01
1.037170895270162418e+01 9.065503215849695096e-01 1.583693957049477075e-01
1.705972946252730438e+01 3.101036298116530143e-01 2.371976841639217293e-01
1.578093288246399339e+01 3.554570637369450781e-01 2.621317223985374367e-01
9.706219067921994181e+00 9.247166495415336529e-01 2.325009271154996615e-01
1.962913785605417516e+01 2.782683060307939438e-01 1.577671923162071166e-01
1.429594348014217786e+01 5.016350309920543094e-01 1.494927230809510732e-01
1.264665838298202338e+01 6.709441046499500239e-01 1.212687629074986340e-01
9.488875765088508274e+00 9.101118712349421935e-01 2.611187885238702155e-01
1.397361410529687120e+01 4.413835733586876642e-01 2.551918835309024969e-01
1.020801199790646407e+01 9.581800559320298172e-01 1.424566979603618666e-01
1.272473974693899201e+01 5.752014806590921570e-01 1.879866747484572609e-01
1.007549982676733258e+01 9.972405447303238635e-01 1.304481426626419582e-01
1.251524426786653166e+01 5.954431830119211178e-01 1.888511867244902775e-01
1.355411294169228498e+01 5.633498307381450410e-01 1.466726697002896374e-01
1.073048080220112332e+01 7.655557814849225373e-01 2.282096469857421983e-01
1.446657653824056133e+01 4.793948199371130259e-01 1.570319318986387602e-01
1.010744135527770915e+01 9.699702255748108293e-01 1.519115066564840355e-01
1.134695574881484781e+01 7.660929953367883183e-01 1.582541864916243435e-01
1.135803753142665329e+01 7.682656967430806505e-01 1.347416280619666284e-01
9.665245845938574831e+00 8.372597105528245542e-01 3.060569394422055778e-01
9.868393985801702684e+00 9.285967241638344305e-01 1.983920396254793828e-01
1.124430033245812055e+01 6.886736703822349259e-01 2.278214017756113041e-01
1.310753534631766293e+01 5.682925959045806996e-01 1.732775813018306021e-01
1.633891684444894565e+01 3.599927101610537195e-01 1.843825485904885264e-01
1.060745627907626343e+01 8.689575774060622759e-01 1.472217919016237386e-01
1.372523165117255495e+01 4.448861457740814762e-01 2.639731292635723037e-01
1.019888316796866867e+01 8.725692297739822134e-01 1.973732612560421540e-01
1.260309551760142099e+01 6.410086006719497576e-01 1.316564236207872773e-01
1.146214920435147988e+01 7.628851648170066335e-01 1.457286475805624204e-01
1.001418840876022109e+01 7.944106536587333123e-01 2.872331210309117533e-01
1.210301318761885803e+01 6.317139486225028522e-01 2.100655244251070919e-01
1.132402879385911909e+01 7.951410541559941203e-01 1.405299505246629388e-01
1.195178171853516247e+01 6.508289186391066350e-01 1.910704475068613906e-01
1.105120461821580946e+01 7.467865863230004342e-01 2.047980704342065028e-01
1.169104458128452961e+01 6.837659248055967254e-01 1.908118135385954706e-01
1.616561959416480221e+01 3.583119094911731972e-01 2.178801450968144426e-01
1.162025623069757074e+01 6.726535914456690524e-01 2.170756581630906568e-01
1.065809039658878099e+01 7.804235352244390800e-01 2.283850998731783433e-01
1.398268573797412451e+01 5.640468459250447264e-01 9.623982740105870015e-02
1.248619391896326292e+01 6.864213899630398075e-01 1.246101166724410542e-01
1.113838318803316341e+01 7.894000180099304265e-01 1.546787197250946710e-01
1.796712769376413377e+01 3.011042240346045729e-01 2.093878980348864993e-01
9.634352191262919973e+00 9.147174504052006938e-01 2.210453185512911423e-01
1.029622005353322045e+01 7.690979469643237643e-01 2.754259263809770153e-01
1.055510195348493419e+01 8.058455677296724184e-01 2.142660644152765415e-01
1.591218841773622117e+01 3.534105249415212535e-01 2.422978759063465215e-01
1.180261675011827194e+01 6.740606214722489886e-01 2.015642528557620439e-01
1.210746503479468394e+01 6.494931212651560148e-01 1.398740631251140509e-01
1.551605539661053079e+01 4.128390330180101153e-01 1.670183982354909447e-01
1.038283857031934510e+01 7.891995983609121357e-01 2.351582771074093858e-01
1.548507772855531606e+01 3.999856753439691714e-01 1.986469927225713861e-01
1.016365696899616111e+01 9.581901591169820209e-01 1.485456500164582250e-01
1.124919502684178418e+01 7.375112705690658466e-01 2.024309266329376855e-01
1.051004598186151462e+01 8.240024571997451863e-01 2.010983587808359563e-01
1.482917855839121835e+01 4.811872843232912755e-01 1.290929523891621300e-01
1.054196496668442862e+01 8.021064467342494675e-01 2.187721041855930082e-01
1.879247997054575592e+01 2.979404497146642128e-01 1.673744275175806373e-01
1.199810417605919355e+01 6.065596442255856147e-01 2.472044566723365089e-01
1.099208425920658172e+01 7.825421715239142539e-01 1.729350590813817368e-01
1.090875719074462147e+01 8.142735135103212896e-01 1.562843538694392853e-01
1.645064665079442534e+01 3.591228582193736751e-01 1.721600059966538754e-01
1.169356815950311912e+01 7.019539163500713164e-01 1.689014687781298929e-01
1.160409281888255073e+01 6.620779606345166268e-01 2.289954262338741442e-01
1.023080457419050227e+01 9.181234937455290401e-01 1.731681426384470701e-01
1.586937118830471860e+01 3.360863676753926832e-01 2.893529400747262281e-01
1.954987935373874564e+01 2.679310491590295995e-01 1.898093885449785023e-01
1.022704573357535018e+01 8.755075760531987328e-01 1.927366238280766864e-01
1.033768629481615520e+01 7.588821663423677144e-01 2.781521455412843680e-01
1.068769191747014879e+01 6.999718151439936475e-01 2.867199116696853012e-01
1.142796614357265383e+01 7.470582449348508458e-01 1.760864384043624720e-01
9.956554572506732370e+00 8.473079429941754448e-01 2.341414804204037803e-01
1.183480602508683788e+01 6.737933094282728685e-01 1.879322711499061271e-01
1.438774796622570840e+01 4.523457470837898842e-01 2.023504835090026155e-01
9.334180325806189060e+00 9.331170284557892547e-01 2.684316765626019174e-01
1.073973743560317118e+01 7.924404835634130118e-01 1.929808411820291003e-01
1.566642512647778851e+01 3.977731351550126138e-01 1.865877409761961536e-01
1.067807990121085204e+01 8.980767420685337177e-01 1.167329881267142322e-01
1.348515116799587510e+01 5.478063783288443789e-01 1.583239079344652411e-01
1.225566218828398668e+01 6.882230457330352769e-01 1.354457724274747976e-01
1.974647873636642714e+01 2.469994037547565136e-01 2.333272676859539096e-01
1.051278984384109982e+01 7.763818384481726564e-01 2.580399508775258477e-01
1.340919631461511408e+01 4.466302487662540122e-01 3.039812056658405814e-01
1.512326795794368728e+01 4.846240990777945790e-01 1.023852150449397203e-01
2.036872260456948780e+01 2.602817810359582262e-01 1.537411283085565461e-01
1.051904903011148740e+01 9.463536969891049866e-01 1.296820071196163882e-01
1.418408894443375523e+01 5.334201431709605368e-01 1.200453589743482180e-01
9.346432391681792851e+00 8.572879888000918269e-01 3.173965727241956358e-01
1.448597958150499565e+01 5.114652578212781631e-01 1.164364763186948315e-01
2.021464906593902811e+01 2.812213279276408739e-01 1.198271702914596171e-01
1.842289118806018422e+01 3.055382676396669051e-01 1.654175113358358762e-01
1.237517258899741002e+01 6.776137724768882542e-01 1.277740414403459590e-01
1.196811216112674359e+01 6.533997544184688699e-01 1.915020354101930888e-01
1.254975376583790414e+01 5.299744381927843362e-01 2.654523185331735258e-01
1.083812093725234860e+01 7.386349486532224340e-01 2.335461914672657124e-01
9.001933558331009166e+00 9.525372176664763657e-01 3.016035859491906224e-01
1.286280906210038566e+01 5.388514017024731428e-01 1.852952001262242465e-01
9.197700517380063445e+00 9.637847032607708142e-01 2.680253045814701141e-01
1.422196569917706377e+01 5.344683467183705128e-01 1.142124959783919758e-01
1.102336310972049915e+01 8.222109323237019041e-01 1.436270080279371530e-01
1.186245226603458747e+01 6.491878859313936490e-01 2.180631349703626709e-01
1.219555421249983951e+01 6.805611657242934820e-01 1.519278874264759216e-01
1.282541088920230976e+01 6.526343240807594981e-01 1.105599752746700415e-01
1.182744108151998752e+01 7.322327036328822869e-01 1.338262195921509079e-01
1.239051882267297700e+01 6.677709959682602836e-01 1.408020052811712053e-01
1.274836404685572511e+01 5.819307206236093988e-01 1.827684878182128103e-01
1.315311472309586627e+01 5.142234253890749507e-01 2.297536621951432323e-01
1.400829047006149786e+01 5.027136799491387364e-01 1.679770657931089484e-01
9.718162379692046215e+00 8.865116586058072734e-01 2.628174463976070130e-01
1.489072129504227959e+01 4.096657859997924200e-01 2.389526091084910320e-01
1.080761449693050480e+01 8.724445646557135170e-01 1.466911596004616958e-01
1.388199403968377865e+01 4.872856966584231397e-01 1.835513566079245151e-01
9.883103486417345707e+00 8.650310428711830424e-01 2.386197128695579650e-01
1.377908791295781121e+01 4.429950214238118633e-01 2.474935297865072104e-01
1.081516707045346948e+01 8.280059155871006826e-01 1.539580404722047935e-01
1.265498377813795727e+01 5.114652578212781631e-01 2.779689238273864715e-01
1.518415343667972550e+01 4.423990490973158662e-01 1.628197646285630129e-01
1.332379239571502971e+01 5.341715708599994450e-01 1.977892150992290043e-01
1.129783385411886165e+01 7.669052952725062822e-01 1.648921527733361869e-01
1.523279836839233248e+01 4.842817864119579041e-01 9.980822924580777522e-02
1.065250467462381856e+01 7.652753149003660438e-01 2.283358139396525210e-01
1.131465245281157017e+01 6.685256581923320063e-01 2.547572326423655498e-01
1.124926829680937956e+01 7.574851921526958298e-01 1.734199751740338191e-01
1.041191628391861101e+01 7.892768746515144151e-01 2.429711925352978641e-01
9.850224787039810082e+00 9.954802961546393991e-01 1.673407837276739418e-01
1.369632533553268061e+01 4.699851324047204515e-01 2.388085499190047145e-01
1.161610079127117601e+01 7.571802954623167992e-01 1.364520881154792920e-01
1.257408343977876797e+01 5.905566518820662969e-01 1.948717432929921445e-01
1.029673001052856662e+01 9.053447274603004802e-01 1.876243696658122795e-01
2.140672098505054066e+01 2.040058635683295041e-01 2.414299237402450227e-01
1.616369117330037142e+01 4.265553800042831134e-01 1.110498095672984575e-01
9.392059050294541578e+00 9.608752628152037456e-01 2.442254852594213377e-01
9.788700675673949192e+00 9.828673855566312234e-01 1.768493559660232750e-01
1.001982161381369352e+01 9.267580464692686260e-01 1.822072743959185503e-01
9.691756672143698736e+00 9.916396112603270696e-01 1.762441340645324594e-01
9.349946852581554779e+00 9.359056292682362832e-01 2.601315769846470061e-01
1.097240957386747340e+01 7.783034476510852784e-01 1.454062570521236220e-01
1.862242841511756097e+01 2.685977199175537677e-01 2.298287695959104759e-01
1.039061647583515757e+01 8.447985038395415813e-01 2.050006434615861406e-01
9.700169854391255342e+00 7.947672332752396818e-01 3.300707263121463453e-01
1.253908423385045801e+01 7.307619315742596156e-01 6.965052230782856069e-02
9.918582400114091868e+00 9.577220273370358194e-01 1.748791491183401825e-01
1.311946342963683954e+01 6.071667124905808510e-01 1.180692776553620704e-01
1.215306720044795163e+01 6.684986096308268566e-01 1.532645848846611869e-01
1.411264801936132507e+01 5.103586409563828363e-01 1.442163164390032615e-01
1.559082259878785592e+01 4.080568614251602888e-01 1.717658470806077142e-01
1.244487771097597140e+01 5.761448600533627395e-01 2.231873461605195508e-01
1.270903747896088731e+01 5.164997277681983023e-01 2.619860918187131849e-01
1.186657461813826764e+01 6.686317928278374678e-01 1.882409586374965971e-01
1.486819627051969306e+01 4.157871384602533360e-01 2.177554531199174526e-01
1.312908101851431297e+01 5.611185860172207551e-01 1.746420010854003446e-01
1.705649484442222175e+01 3.150470145845103986e-01 2.129434721307024714e-01
9.839235836005867597e+00 9.057055452158966347e-01 2.148197481210238347e-01
1.039438386355914723e+01 8.913456691365380102e-01 1.615493718849025095e-01
1.076672671316737961e+01 8.328304529170456050e-01 1.500210569690149098e-01
1.069715708455154157e+01 8.485319585942119325e-01 1.591103704871612290e-01
1.455397321190205773e+01 4.892385070038738348e-01 1.416157120673545711e-01
1.144425245657104639e+01 6.220545701365043367e-01 2.803261533650791004e-01
1.443210963966365412e+01 4.903474188056788363e-01 1.599063561257093313e-01
1.679096685943622802e+01 3.629597235863887827e-01 1.524953361179758882e-01
1.047617567978692676e+01 7.692141410502185694e-01 2.329617987924821609e-01
1.226407955536065941e+01 6.747075860056857000e-01 1.458544391011769581e-01
1.715653973703221880e+01 3.267735837315253744e-01 2.038224205866057126e-01
1.164752897154205868e+01 7.074118821281241143e-01 1.745102358984590707e-01
1.189611138230897147e+01 6.228080438173561051e-01 2.294858692397492572e-01
1.390289927206024245e+01 4.327436785746247017e-01 2.851770447555163068e-01
9.343654854587272851e+00 9.505601471054363483e-01 2.699879666360758823e-01
1.340179007318159066e+01 5.373075968948856085e-01 1.730641887504053289e-01
9.338362379987961148e+00 9.387903803243922152e-01 2.734657872652968003e-01
1.183686972943748117e+01 6.729361104603658328e-01 1.828329887909787010e-01
1.108143716279390212e+01 6.918189738395725819e-01 2.553850006665178696e-01
2.014199351098550395e+01 2.411486143896572343e-01 2.154884079473926295e-01
1.105821172150094789e+01 7.702438060400389475e-01 1.819883114180324835e-01
1.217084710009611470e+01 6.433701663544644234e-01 1.975321391496978329e-01
1.544120698334821640e+01 3.856099057790128293e-01 2.296679135163006980e-01
1.773814903305547475e+01 3.578170437646912005e-01 1.000797265544346032e-01
1.047467044012877757e+01 9.924132510420365927e-01 9.780937593988203727e-02
9.832764086000862491e+00 8.603907406993601681e-01 2.561590913774840494e-01
1.474963340446948123e+01 4.364899194823099182e-01 2.085064429193610736e-01
1.008808792331035420e+01 8.395631681751166697e-01 2.429977905947153516e-01
9.160540272700703923e+00 8.257457980068524384e-01 3.798734313686245034e-01
1.094749281935584051e+01 6.881027515838762376e-01 2.771726120961001683e-01
1.663430783049952311e+01 3.512456751402964761e-01 1.893126347417235789e-01
1.774550485518032872e+01 3.346277184907353042e-01 1.584106041366894202e-01
1.936276140610141638e+01 2.614536421853232984e-01 2.114226062774210158e-01
9.599455172762707988e+00 9.189331217855724043e-01 2.517425399404304986e-01
1.513719743790840511e+01 4.107481374287546561e-01 1.855081726008944720e-01
1.330883065781351604e+01 4.603226651548490977e-01 2.851885668827079390e-01
1.152325883375107907e+01 6.734092144588990081e-01 2.157852394121302364e-01
9.847367796731500533e+00 9.355466802385138392e-01 1.977023232351222404e-01
1.036166622709610330e+01 8.268815241251300518e-01 2.185043141983555037e-01
1.149353739664427465e+01 6.749512355862077317e-01 2.397952439046669715e-01
1.293561400072993273e+01 5.176281645460876213e-01 2.485817062173175940e-01
1.051362034516318822e+01 9.977272309983687970e-01 8.606188953320065282e-02
1.174125444153153808e+01 7.065348336486144687e-01 1.630838142554291714e-01
9.434241660921768968e+00 9.245081172958992122e-01 2.493318937145397873e-01
1.069510914617612585e+01 6.790089189543434545e-01 3.004513380747276252e-01
1.095433140602188438e+01 6.775129215080133438e-01 2.895075721882192088e-01
1.361251565143292730e+01 4.905321499780460059e-01 2.246994183066447215e-01
1.344098168207271726e+01 5.389092620583525450e-01 1.791005542523484706e-01
1.109831477487085749e+01 8.419942988915455340e-01 1.383309688401680171e-01
1.444787547466928856e+01 4.450245464833481046e-01 2.103668827060044266e-01
1.391184302208651857e+01 5.212123010043484550e-01 1.606358678979914190e-01
1.009877821530897180e+01 8.434118013566674898e-01 2.327315645788044229e-01
1.098685244326807009e+01 8.402950989932228554e-01 1.355971568945764927e-01
1.146774907798388377e+01 7.199694901435307326e-01 1.817739692489679648e-01
1.225906072168773875e+01 6.081093773279263592e-01 2.018414783016459491e-01
1.283293942510537278e+01 5.375324604453044497e-01 2.285142180147987645e-01
1.327526151316692093e+01 5.850253075733691244e-01 1.420993089260100539e-01
1.048628034606297454e+01 8.248197632912628308e-01 2.058543294928739387e-01
1.158844906003993103e+01 7.549580333165164525e-01 1.531356142109868423e-01
1.012371579902598917e+01 8.882341365982485692e-01 2.054587244474530561e-01
2.545694525894040794e+01 1.716951156394062039e-01 1.728393448744339755e-01
1.112648698121533997e+01 7.623595686341319011e-01 1.698258894008747300e-01
1.102349954532327736e+01 7.388331435365449451e-01 2.112560815286976534e-01
1.221505928099562333e+01 6.777476826334730697e-01 1.478526364431339835e-01
1.470776364208715847e+01 4.362805428991457513e-01 1.960635156652789368e-01
1.136169114581584338e+01 7.579714418697629519e-01 1.693949280510878286e-01
1.094942324146239976e+01 7.519469062354617872e-01 2.066140385288782744e-01
1.115747951319733566e+01 8.062181047058699646e-01 1.564076231603577227e-01
1.298602434084911827e+01 5.604896785971922313e-01 2.063930723272602574e-01
9.602087621379496341e+00 8.654482576798567806e-01 2.879160760776112160e-01
1.051292341412781006e+01 8.557919991665203785e-01 1.927039958203511927e-01
1.653964118823050455e+01 3.894641221440077183e-01 1.575180541275064683e-01
1.812277376270376905e+01 3.077591611282804451e-01 1.781696923816553924e-01
9.967588948121221648e+00 8.810830583393123305e-01 2.229599418119733445e-01
1.171741882703128645e+01 7.104014071580997403e-01 1.589546550885045650e-01
1.306542884268828075e+01 5.301737473395680134e-01 2.218537326414549427e-01
1.752717109999103329e+01 2.973306453177586017e-01 2.477505825373284842e-01
1.359988456553441694e+01 5.177710792890318769e-01 1.801367079742794974e-01
2.024004843223482197e+01 2.692128908513586327e-01 1.452991607658561390e-01
1.085572875190710107e+01 8.330307522867531622e-01 1.570685199548076116e-01
2.129601831783115173e+01 2.251305316135031320e-01 2.266367098310989037e-01
1.010708497672185402e+01 8.244065294471185634e-01 2.512454669740411539e-01
1.119527554655593349e+01 6.268547012616275671e-01 2.989412660494806806e-01
1.462521378952502182e+01 4.252446922457778777e-01 2.179293415018511704e-01
1.112261842511792409e+01 7.519140564410160543e-01 1.818719745265943988e-01
1.088341049377611647e+01 7.804570836913735654e-01 1.948146224417784123e-01
1.102873175932842997e+01 8.229954946318749354e-01 1.488053329626973231e-01
1.044887850123072681e+01 7.300878923812591514e-01 2.750539685604301843e-01
1.117133576602442524e+01 7.969576496262720244e-01 1.479290631476272433e-01
1.001235459603600297e+01 9.445512981390755680e-01 1.799603067072112483e-01
1.543888074702004509e+01 4.383630193563634592e-01 1.536025148340738056e-01
1.080126772169890792e+01 6.905020699199414524e-01 2.753514082727776535e-01
1.175742772026345762e+01 7.041250152682509977e-01 1.614800239007393168e-01
1.081543329152844812e+01 7.920981439411819425e-01 1.968618039685268717e-01
1.154764976744844063e+01 6.398405969823528494e-01 2.438131692287699992e-01
1.093937039383223464e+01 7.562534877796638355e-01 1.917129168009709117e-01
1.782054925471647167e+01 3.071808165748207697e-01 2.018360893010689161e-01
1.122211551395129625e+01 8.327726659719216773e-01 1.286250782443131013e-01
9.520805946247650198e+00 9.272576007490141992e-01 2.546525018407599372e-01
1.121753668979664020e+01 7.160727348288215000e-01 2.012418922825278678e-01
1.130553444776035299e+01 6.088863419713642644e-01 3.021111976635714735e-01
1.135421790915201967e+01 6.758173715402762127e-01 2.380761116651181342e-01
1.337446783972718656e+01 5.205068245261049720e-01 1.945652043127189812e-01
9.124956361096488777e+00 9.680871968346947964e-01 2.821539673198099618e-01
1.465288658606981720e+01 4.248897580009137753e-01 2.296255679831888386e-01
1.398133815914935596e+01 4.748763952685951528e-01 2.036832337247244662e-01
9.753003408720960721e+00 8.584599820679490456e-01 2.610114530466345339e-01
1.218632149234339579e+01 6.703847211919036209e-01 1.463277912680193693e-01
1.658169025192880852e+01 2.985081910669648009e-01 3.321615989920277956e-01
1.119218541248077692e+01 8.026423925119384739e-01 1.377369593788322633e-01
9.854676070674786459e+00 7.857606405837777030e-01 3.201735812214437926e-01
1.515203467794347070e+01 3.931227083076691553e-01 2.328654318495749775e-01
1.225050208827693154e+01 5.888799550659130633e-01 2.370629294045158153e-01
1.066732060656575420e+01 7.788817389077823394e-01 2.147743072448849710e-01
1.083971308084833041e+01 8.113981439763597869e-01 1.935983250821016743e-01
1.796287212395762722e+01 3.202717509306905463e-01 1.645985497178677204e-01
2.190717953980213295e+01 2.064798509628302248e-01 2.076902581960163585e-01
1.242202768854599171e+01 6.518988663865553645e-01 1.407224613631993249e-01
1.051894603194016753e+01 7.996570892792167484e-01 2.229906837564782363e-01
9.438613029926397502e+00 9.426334613584359534e-01 2.496902842188014338e-01
1.075727846919647490e+01 8.752326979044823263e-01 1.402369718261168574e-01
1.193616673024924424e+01 7.374359358770385953e-01 1.156616874059728378e-01
1.378697719984295311e+01 4.915494154960977080e-01 2.133894730884561830e-01
1.029962350698958318e+01 8.077758460374295790e-01 2.427834853685148508e-01
1.501008568642238927e+01 4.425122862456514206e-01 1.539842184690757010e-01
1.224543745746233725e+01 6.192238511838876747e-01 1.780290455208808353e-01
1.254358010112224875e+01 5.825293418659303057e-01 2.009171128625608926e-01
1.431199157477750461e+01 4.998485183704060586e-01 1.508626266646544423e-01
9.664496128989677359e+00 8.925926638531044288e-01 2.524567959649178794e-01
1.193274930558433944e+01 6.700325648899898567e-01 1.699003006345635169e-01
1.355341034041785164e+01 5.676092955665729134e-01 1.306057010834643095e-01
1.225994460311323309e+01 6.044743010892653645e-01 1.987002846185579596e-01
1.032968459554735929e+01 8.117585049033798628e-01 2.391908890574754587e-01
1.182274291723760840e+01 6.279277374391848410e-01 2.344460496672997329e-01
1.327879086829572763e+01 5.125443383533614394e-01 2.047477412333128244e-01
1.111827223190350189e+01 7.360134243185767478e-01 2.071863058947900904e-01
1.060098506894342485e+01 7.755316245643562034e-01 2.246844728251620182e-01
1.394453998443148457e+01 5.534844194228047964e-01 1.219024806459271110e-01
1.535448918505884386e+01 3.724853277949913277e-01 2.519519059419842444e-01
1.137825548939368048e+01 6.318675649618967771e-01 2.787271572773551420e-01
9.513112009201021735e+00 9.451642590399730315e-01 2.350741785270747675e-01
1.129124647658588465e+01 7.883316146781536027e-01 1.444197083816720351e-01
1.143102076228565700e+01 6.346183990581365508e-01 2.634051936681364725e-01
1.326778567719734170e+01 6.076371133933606838e-01 1.062668914402103704e-01
1.002857563095438209e+01 9.719483962340940142e-01 1.824110064879031767e-01
1.182611230545675873e+01 6.723811399909945807e-01 1.838778153273468163e-01
1.181639405213682181e+01 6.155151993576687408e-01 2.525890669094131291e-01
1.199363881496603668e+01 7.920084893797842973e-01 7.905039545973327475e-02
1.175573584128455984e+01 6.565714497405310546e-01 2.123935236743640098e-01
1.106448265256033814e+01 6.249954300021648423e-01 3.309690531795690394e-01
1.212282876411691035e+01 6.112168094105735472e-01 2.109593631688476134e-01
1.110470029230829780e+01 7.346313744135447577e-01 1.983468846266231433e-01
9.460988817488908964e+00 9.449872127890309725e-01 2.410110145439886831e-01
9.727399096234726983e+00 8.734641133142709846e-01 2.555189194499327132e-01
1.263994965169128015e+01 6.006593478457964430e-01 1.722164428742496423e-01
9.010404200634560823e+00 9.843964026324102390e-01 2.923585633222864355e-01
1.406227832683040724e+01 4.802101455004352260e-01 1.891004865190264450e-01
1.220885848899820303e+01 5.851144552392029130e-01 2.369184239139412451e-01
1.608185078909312082e+01 3.278112676059061759e-01 2.852765686657380284e-01
1.336532510700453358e+01 5.731800796037969103e-01 1.396926732537547566e-01
1.089603518312071984e+01 7.368258186560590062e-01 2.266419922147388244e-01
1.033549090143343108e+01 8.702695968610634214e-01 1.815481706073372170e-01
1.197641326731258182e+01 7.332835236182686511e-01 1.157643529612871758e-01
1.036063817880367743e+01 9.025003825489552600e-01 1.638565161412471605e-01
1.111823802645097281e+01 7.857805452911627020e-01 1.773709978916974406e-01
1.069893474631744645e+01 7.950683783776891778e-01 2.097242675916755061e-01
1.253180615684772903e+01 6.556538504690957447e-01 1.372489186016037088e-01
9.041973372565346168e+00 9.490386458653864432e-01 3.194131975877793073e-01
1.002504307586655052e+01 8.239604840639006555e-01 2.633631500785577617e-01
1.588476013729931324e+01 3.567823467962816242e-01 2.368526707473690984e-01
1.072579178693113100e+01 8.464621114195107765e-01 1.594856708915339261e-01
1.204698987953858236e+01 6.824001802526129534e-01 1.597262215609315805e-01
1.746045045396598638e+01 3.166163111082953008e-01 2.124400142431240313e-01
1.147174312395951290e+01 6.527269296384577979e-01 2.440007471485441393e-01
1.105300599393460814e+01 7.562219795126998712e-01 1.772683383272019575e-01
1.340837115020781134e+01 4.846543637105811264e-01 2.228370886519348837e-01
9.258465064402205513e+00 9.265805462166083473e-01 2.752852570991861647e-01
1.897510163705117492e+01 2.611471056188549578e-01 2.502626607090557287e-01
1.511931230642537471e+01 4.107081160377985540e-01 2.179924000630005798e-01
1.127850895321387803e+01 7.876853346670673606e-01 1.398789550401135506e-01
1.468514282103254942e+01 3.757833249910467743e-01 3.005988591847462144e-01
9.801893139666644217e+00 8.814512104419917060e-01 2.520587084197692396e-01
1.103269039543367391e+01 7.603498127393080175e-01 1.894421624364984180e-01
1.128183729553213688e+01 7.542498887564674792e-01 1.716838005840521098e-01
9.960765134479347083e+00 8.174660952580832252e-01 2.858096568973523821e-01
1.371554210910167804e+01 4.847469497028553120e-01 2.302541063107251540e-01
1.103891671898163906e+01 6.774150865534429578e-01 2.790628762941744223e-01
1.094995563487754531e+01 7.287613206400802568e-01 2.347985189029678788e-01
1.452618602503814138e+01 4.424311508872075804e-01 2.015026456698228718e-01
1.084610400823808973e+01 7.201568872284005440e-01 2.541873448092985543e-01
9.052403206011259584e+00 9.925412158017790087e-01 2.677295452747121551e-01
1.249254138249822077e+01 6.708811693761588257e-01 1.357829443532107550e-01
1.138618908146795050e+01 8.234526097891381458e-01 1.141387965045542741e-01
1.172045559143782611e+01 6.096642442082651492e-01 2.446677423236909288e-01
1.296382216109041252e+01 6.248037852122056979e-01 1.363495130483116935e-01
1.148831575147664985e+01 6.625607757554673460e-01 2.170746611140807469e-01
1.126550245570697228e+01 8.134273475028550582e-01 1.186426925517146541e-01
1.480984221585730509e+01 4.175045249176950746e-01 2.144974090771436248e-01
9.765693474682089814e+00 9.503504857395543848e-01 1.930220859588544224e-01
1.521908041703914982e+01 4.495477608211507214e-01 1.298821958222765027e-01
1.035399344038051161e+01 8.068843696174893276e-01 2.495231418553757463e-01
1.663951367484949628e+01 3.926014008468233230e-01 1.282310509095937190e-01
9.206400165853878548e+00 9.612803182742970520e-01 2.776629353530166155e-01
9.451806954481444478e+00 9.783716484090083654e-01 2.258752274353539868e-01
1.501166806057791270e+01 3.806494075908393726e-01 2.596747359248506859e-01
9.163611944857809277e+00 9.493007622370722709e-01 2.682369934682403145e-01
1.020673099065075284e+01 9.533346225140140184e-01 1.557420133262482631e-01
1.349377217381009686e+01 5.251199976803491154e-01 1.807990230430162881e-01
9.959638627945359701e+00 9.063805023568195507e-01 2.103230298112511443e-01
1.407432844744227296e+01 5.467587260646296077e-01 9.923142263336721947e-02
1.084930209166767767e+01 6.816023579682175537e-01 2.954577060578091330e-01
1.139003774180620354e+01 7.488657550225255033e-01 1.705697823162534155e-01
1.319885778130410792e+01 5.467768514965537507e-01 1.823032158210094456e-01
1.171683232148906484e+01 6.552718311111656035e-01 2.102309404900563061e-01
1.012649456544744275e+01 8.665308023076159216e-01 2.164296263023489653e-01
1.420501079847970338e+01 4.502611465037766325e-01 2.202588446427657110e-01
1.050864096829371519e+01 8.423795391260692211e-01 1.885216277057030487e-01
1.164892893891470749e+01 6.491400020502672286e-01 2.326544419059518032e-01
1.042922749892727374e+01 8.286842903389048942e-01 2.107023835051643479e-01
1.221407812835302131e+01 6.003338352482410212e-01 2.166690049729471657e-01
1.905977133795666489e+01 3.206232246507667583e-01 1.110906882317044958e-01
1.190050133477448746e+01 6.796709973330151699e-01 1.722687647817789380e-01
1.016588324108401586e+01 9.750091107084314368e-01 1.552536784872287079e-01
1.707380842157712664e+01 3.394835705895616895e-01 1.871539491389866416e-01
1.224291736444090262e+01 6.299028473405459128e-01 1.887691117046626788e-01
1.108383939846446076e+01 7.026865403919828612e-01 2.272719326738463497e-01
1.151507490575762205e+01 6.877339818254583070e-01 2.054116116135462911e-01
1.335036048700989042e+01 4.903701387357564667e-01 2.543356766735497820e-01
1.217325830500347905e+01 6.228258197341307589e-01 2.044434017231169520e-01
1.428086528597720495e+01 4.651662835404537510e-01 1.947818806737169894e-01
1.132767809259475378e+01 7.126866266973761466e-01 1.907137446656017032e-01
1.013671259722219453e+01 9.440251771459660102e-01 1.590609763583160641e-01
1.257437522959419418e+01 6.126861881780374386e-01 1.726037859358401094e-01
1.014690665332266306e+01 8.698993959371216222e-01 2.004061350271638398e-01
1.231692226356588371e+01 7.256594111665060076e-01 9.325723430498143729e-02
1.224311197171135213e+01 6.179558594799715587e-01 2.036253555508545365e-01
1.120168074654243284e+01 6.718859515249665515e-01 2.368760825714998908e-01
1.450571331642268547e+01 4.427876451603283137e-01 2.112863129665897288e-01
1.093361720458661956e+01 8.424508355185650332e-01 1.273441054099679337e-01
1.036729679537566184e+01 7.240486898389384418e-01 2.818206387153467940e-01
1.472961082158789026e+01 4.349833262985628446e-01 2.098206560738145598e-01
2.030245690260668567e+01 2.434617663328847714e-01 1.963714101438508719e-01
1.455287930409546604e+01 4.157232007014248221e-01 2.412528560527875954e-01
1.097222547206062515e+01 7.950182421077889305e-01 1.757293127028577984e-01
1.544573926581311341e+01 3.557462138651331096e-01 2.654786322376147534e-01
1.504196957850320260e+01 4.492228207286667052e-01 1.587120894665680348e-01
1.234662274811337568e+01 5.604709192487696834e-01 2.581446473243231288e-01
1.410336989940752161e+01 4.072890341548685011e-01 3.022205423947320058e-01
1.072492060135158454e+01 8.651048579365339108e-01 1.464084351909951121e-01
1.005135712074872956e+01 7.908604089186267450e-01 2.862128859729161090e-01
1.095450890886417028e+01 7.091337417926278919e-01 2.433308637433017618e-01
1.674695183932648135e+01 3.742017518767347117e-01 1.585421744892471785e-01
1.141186153700682659e+01 6.884408814316091973e-01 2.188402140070152546e-01
1.073787262195460457e+01 8.257441006319049537e-01 1.847348583731207583e-01
1.044694397739317715e+01 8.927950287213910485e-01 1.664192922225902482e-01
9.413503369893049921e+00 9.175632616609249448e-01 2.986516484829957463e-01
1.060712460702293036e+01 8.063093812124898507e-01 2.026407224021804787e-01
1.204675201582078614e+01 6.112951074994057432e-01 2.159438478324125221e-01
1.311568093784340583e+01 5.338752795311517696e-01 2.211416300763950071e-01
1.229475056824050760e+01 5.863770767368996495e-01 2.266007281966512799e-01
1.174550455810775240e+01 8.164322508052844762e-01 8.274593544941290235e-02
1.694982513798323964e+01 3.185431949484853198e-01 2.345290190108563211e-01
1.027616373055892751e+01 8.975858657949672414e-01 1.769652875453125163e-01
1.139529084386636093e+01 6.612152969165466798e-01 2.376921478569857804e-01
1.238528264941725965e+01 6.918189738395725819e-01 1.232258797625864766e-01
1.046072179519534728e+01 8.400036289740149265e-01 2.012110871518831279e-01
1.269060763341608222e+01 6.870188941119387271e-01 1.075792793938262631e-01
1.051246775498025166e+01 8.700568974734728123e-01 1.647896490846360307e-01
1.468735111884660327e+01 4.892084947373510073e-01 1.109541038385259693e-01
9.591717368533382526e+00 9.140786908315418069e-01 2.550197976638024500e-01
1.038427782175973135e+01 7.895225745784313354e-01 2.290488032266079221e-01
1.125973826732280614e+01 7.060805373872247603e-01 2.135307833624144058e-01
1.296204636957097200e+01 5.165066563213747131e-01 2.410994793048610862e-01
1.498035048471565922e+01 4.869594352632247158e-01 1.063416050852547950e-01
1.298898073448857282e+01 5.211564864212220316e-01 2.370270099282467680e-01
1.244853686499638457e+01 5.449586193799389466e-01 2.643358147780663914e-01
1.265727498373197513e+01 6.395615799761712461e-01 1.363417627109397845e-01
1.061702983149179857e+01 7.266722336672395421e-01 2.509732704360092548e-01
2.383126346808232654e+01 2.097655967157011914e-01 1.150957326344986542e-01
1.440894225844012944e+01 4.780840602708261722e-01 1.714955869474262262e-01
1.224449540650354606e+01 6.546534687364945482e-01 1.687974493745714177e-01
1.386081653654419554e+01 5.583905005760726459e-01 1.244433514366288240e-01
1.006028593068078436e+01 9.426334613584359534e-01 1.724659797220897406e-01
1.257058232990167923e+01 6.434418905323182614e-01 1.366118638761863735e-01
1.070483141440609032e+01 9.340706274444348090e-01 1.076100632508484728e-01
1.095889546098267786e+01 6.784309878651847425e-01 2.572022471655709963e-01
1.064619041719789294e+01 8.582213721261142680e-01 1.506973812800473933e-01
1.229438795781377713e+01 6.472461095465249503e-01 1.682026018116603572e-01
1.037375091883909661e+01 9.760967351224384414e-01 1.192438579679463845e-01
1.105281042994134921e+01 6.656354651997391514e-01 2.802135251759405588e-01
1.250802112365693475e+01 6.550505069815100168e-01 1.291627876521146967e-01
1.240704724140685045e+01 6.255418830197768676e-01 1.851927145827977628e-01
1.417594662270690442e+01 4.777007049800836014e-01 1.847644788558316653e-01
1.456577889206577225e+01 4.825507742226215480e-01 1.438048075117335789e-01
1.001741043431209732e+01 8.726054312665865176e-01 2.222052875125863081e-01
1.173200623571724144e+01 7.300863563386322808e-01 1.398008773034450369e-01
1.023641360073821360e+01 7.746435597427079323e-01 2.652964219181386807e-01
9.389148436664289221e+00 9.959851179689981349e-01 2.234601885833308321e-01
1.037245622186403793e+01 7.869517370279258683e-01 2.344589098394789795e-01
1.049392621105388912e+01 9.256351103556995641e-01 1.363917336714690343e-01
1.634063295825322726e+01 3.623341166791432810e-01 1.892702875689188102e-01
1.536377692495615044e+01 3.614705199487394105e-01 2.698131642035709876e-01
9.715798891115314362e+00 8.853009233896609320e-01 2.458210833212995106e-01
1.091833848265831186e+01 7.921534866349496662e-01 1.861302810000965979e-01
1.060131925951533383e+01 7.681324089547855172e-01 2.178416368709800988e-01
1.110710715788890290e+01 7.864621723750880866e-01 1.685469795841190166e-01
2.122861609313454423e+01 2.369532799449403926e-01 1.806932333081701092e-01
1.113796815685228303e+01 8.059246637563318716e-01 1.636828500066156988e-01
1.307964460472203250e+01 5.426248099958174143e-01 2.076705442661146150e-01
1.234352876857171211e+01 7.140459971368375847e-01 1.023515173296975223e-01
9.805187120141367174e+00 9.608041329599809055e-01 2.239022206915033952e-01
9.796502190203575822e+00 8.282544939119308447e-01 2.973707097937049459e-01
1.684977072960860056e+01 3.789339401901318238e-01 1.290904967062470599e-01
1.889015715471861157e+01 2.747111463559406275e-01 2.252288750397518358e-01
1.615219362319629681e+01 3.257973848130732430e-01 2.807287942144091053e-01
1.161615639831550872e+01 8.134273475028550582e-01 8.487451166097079169e-02
1.763187624984067980e+01 3.155090800175069377e-01 2.002008043604385501e-01
1.357392509019699922e+01 4.922731368368665206e-01 2.132619629596754496e-01
1.465238664536286350e+01 4.865038479276357908e-01 1.087863039478613320e-01
9.880638699820735837e+00 8.123989554464744467e-01 2.903968445108029983e-01
1.021725602142107903e+01 9.204783353525077816e-01 1.642780962213787888e-01
1.139457076130476665e+01 7.214764573307708151e-01 1.950594967774571253e-01
1.138668024818022495e+01 6.272346641845887305e-01 2.875465854905348562e-01
1.240639653714600676e+01 5.475736676717353202e-01 2.693448587738600519e-01
1.449403318360183057e+01 4.480483171708879997e-01 2.121215587954740911e-01
1.078754866147197689e+01 7.138263372516051586e-01 2.407728039090589467e-01
1.874009063140020714e+01 2.996311179886878007e-01 1.595948182007785598e-01
9.961513488355551615e+00 8.280423484914792853e-01 2.702053571845134949e-01
1.268858696810746878e+01 6.187699521587303186e-01 1.486593453340119275e-01
9.821391065181620306e+00 9.977972685018428045e-01 1.595763264281208071e-01
1.111300910533296893e+01 7.328593695720256873e-01 2.153840784970634248e-01
1.270962055655710721e+01 5.423018350469889226e-01 2.297811238028102387e-01
9.924238375213651153e+00 8.157617476423482117e-01 2.619979936206962012e-01
1.175522054650722481e+01 5.995892348196573129e-01 2.765549920149749097e-01
1.171404571229760805e+01 6.719700354144512167e-01 1.858859214473066179e-01
1.236678881880525971e+01 6.809944810454421349e-01 1.055531083861938751e-01
1.414140241387540087e+01 4.204132139056481199e-01 2.727452861139589846e-01
1.296738952622467345e+01 5.624224801626723780e-01 1.989172507356849751e-01
1.247777752895357217e+01 6.580849297872378711e-01 1.264363359088303551e-01
1.122266298138921137e+01 7.399554661574454517e-01 1.877428754748164952e-01
1.004192465892289121e+01 9.320487250403920454e-01 1.682390674237675132e-01
1.266057657251164414e+01 5.967613881757333205e-01 1.881829325736393277e-01
1.121558805531261527e+01 7.104281434854248234e-01 2.179467245844833312e-01
1.508425846096536027e+01 4.547286960961740010e-01 1.469709992553893674e-01
1.074123155093630366e+01 7.795910726913382049e-01 2.038119973522431738e-01
1.379170086464774769e+01 4.696486147189599669e-01 2.419835926339253818e-01
9.655042697489010450e+00 9.940942027813165494e-01 1.813789424300337461e-01
1.259064301904888517e+01 5.844477960185436860e-01 2.029637712762414892e-01
1.010769473416115538e+01 9.441952856084835366e-01 1.655810094339162375e-01
1.276461855596287975e+01 6.368558486257287488e-01 1.208327093578999839e-01
1.118617411964712183e+01 7.449241697026248721e-01 2.216550407523154020e-01
1.034849563692016439e+01 8.790537282599790725e-01 1.868239047405368669e-01
1.441594624735913044e+01 4.723518847445435376e-01 1.667811990415617729e-01
1.134285224155755323e+01 7.372381780859078582e-01 1.637581728903297063e-01
1.282649171183351378e+01 4.823993370758383192e-01 2.978021094140996805e-01
9.981770173466911089e+00 9.592786024630889363e-01 1.615524092221767016e-01
1.139294340188519428e+01 7.062434824022647550e-01 1.898249224828896242e-01
1.488405455481311002e+01 4.060908978391000179e-01 2.501371136121611216e-01
2.038716552309542962e+01 2.723045889029264699e-01 9.994668046660037941e-02
1.490603453539614698e+01 4.705783662614108076e-01 1.200550638279473392e-01
1.338002798273755722e+01 5.872481034951501089e-01 1.227064711210362202e-01
1.521017185981769160e+01 3.733898439662417523e-01 2.597217244125835656e-01
1.090587528299796460e+01 8.201725350156323646e-01 1.506671010860698989e-01
1.527856552016735314e+01 4.032244957299950805e-01 1.979620060430593853e-01
1.348386165075377896e+01 5.393865777843005471e-01 1.521284037448981941e-01
1.277586947089576519e+01 5.677415432943314633e-01 1.949212204301518925e-01
1.148881667919370031e+01 7.920915467374921581e-01 1.240221079068200005e-01
1.332456310829799406e+01 5.357288727678535256e-01 1.745697573703238747e-01
1.330959383916521865e+01 6.418538791748913397e-01 7.995910120887143868e-02
1.180258989839994399e+01 6.062462130592958243e-01 2.361504472054094805e-01
1.002954089114961711e+01 8.255954002389064295e-01 2.704696195260685165e-01
1.159617669438799403e+01 6.547951647290436439e-01 2.251684649541130234e-01
1.624393486941497144e+01 3.597116220495626959e-01 1.929512134950077673e-01
1.164743540594459681e+01 6.524047897031931553e-01 2.206979051150987081e-01
1.228990652335566125e+01 6.517699220135605431e-01 1.495497665587174341e-01
1.737612990159576043e+01 2.827668996814555746e-01 2.978218549982313279e-01
1.319373712356542505e+01 5.134263026961963794e-01 2.150290210415315151e-01
9.941514741970713942e+00 9.138252955766046348e-01 2.009869028905346133e-01
1.228445038698349023e+01 6.769639726443348327e-01 1.378608844287968760e-01
1.253018701875570784e+01 6.693641280117992309e-01 1.179094916167503782e-01
1.481257956004553655e+01 4.107900137798262130e-01 2.322541640640085892e-01
1.046220186732774060e+01 9.401768916248516295e-01 1.327095122432330188e-01
1.148268840684734826e+01 6.219741148807067521e-01 2.713152602220627596e-01
1.285609973082892843e+01 4.892465617094539088e-01 2.919596415521162336e-01
9.407527746683724601e+00 8.497172585161976155e-01 3.167448127230590438e-01
1.531559918654919095e+01 4.263626187747684981e-01 1.764166470597745284e-01
1.363091656514886552e+01 5.168513961182255034e-01 1.869495496728995898e-01
1.264442501368925598e+01 5.674869122432374402e-01 2.114967941646593297e-01
9.856859174745173036e+00 9.727499877863792221e-01 1.753668987869571871e-01
1.194895323648184871e+01 6.659415923544147464e-01 1.819686394687361486e-01
1.038232964156851956e+01 8.310413970766004077e-01 2.162943612809638261e-01
1.305409534239420033e+01 5.693733948701544811e-01 1.869426868425353716e-01
1.327901929474719545e+01 5.249528335162697568e-01 2.180184877356125539e-01
9.961353012747357738e+00 9.783716484090083654e-01 1.631688973548744148e-01
1.140362779374911106e+01 8.178983886418087490e-01 1.009925286128840333e-01
1.396366099575237207e+01 5.351216488015602124e-01 1.337888615467440201e-01
1.124349334913734211e+01 8.317798356427327233e-01 1.302146588608947275e-01
1.052827244230963721e+01 8.076755650108580209e-01 2.301826411664100180e-01
1.231022244525031972e+01 5.959043010973531507e-01 2.261021331766099318e-01
1.059596355407097867e+01 9.013991690107483468e-01 1.459680790742988454e-01
9.475902060307181074e+00 9.671633196821995959e-01 2.242623368380327054e-01
2.192724251842707162e+01 1.948742311294454077e-01 2.658658733159812715e-01
1.028726565688659633e+01 9.332429343768823271e-01 1.527856085691616794e-01
1.422269019504919108e+01 4.518862953622074796e-01 2.253879852612553081e-01
1.136762163809099668e+01 7.111893191733444919e-01 1.946204935357160881e-01
2.330622448611268283e+01 1.884400102169089541e-01 2.056888629551082703e-01
1.482494342728853809e+01 4.125910621322880223e-01 2.206933597256812429e-01
1.120491231548833433e+01 8.109859131362584517e-01 1.414130374158674430e-01
1.772241396337526353e+01 2.862041018593693420e-01 2.609309999872351238e-01
1.096089427674604089e+01 7.211815378533159571e-01 2.276931662910686716e-01
1.592112476303985424e+01 4.092852664816781227e-01 1.448463803849046883e-01
1.204088774066494238e+01 6.430297740294872444e-01 1.967757951378601711e-01
1.266702388242368116e+01 6.576858307895061539e-01 1.213620604054765212e-01
1.311043970668819370e+01 5.830256826335182829e-01 1.481402101503136448e-01
1.100084395900359802e+01 6.585411784685344383e-01 2.889253818017329389e-01
1.050375207064177552e+01 7.881311942980079310e-01 2.335715426198073374e-01
9.274882067814553821e+00 9.835371702856303688e-01 2.429890661366099491e-01
1.438131505969478852e+01 4.884547305006349260e-01 1.379665859533237005e-01
1.035706281012555330e+01 8.388055501777870182e-01 2.044143430128316508e-01
1.084394440098252055e+01 8.642559371523993450e-01 1.392016173451342265e-01
1.000661186083748433e+01 8.723755867094866723e-01 2.167052506522317568e-01
1.153169548993401605e+01 8.014046551306791555e-01 1.156835662410829746e-01
1.098008248843505363e+01 7.728199324290131456e-01 1.968433765266725533e-01
1.025323726462283247e+01 8.949277558323690540e-01 1.843346336964624410e-01
1.069039118528865906e+01 8.638348486746045829e-01 1.545372723373543977e-01
1.000854517120073872e+01 8.342331347722882207e-01 2.403032689451273796e-01
1.174066309093904259e+01 6.315616410544780956e-01 2.317369886169987625e-01
1.195833971001386864e+01 6.486675364937769528e-01 1.901273375000561705e-01
1.065436708492562978e+01 9.107685414080624042e-01 1.231531544403821898e-01
9.206189926915946842e+00 9.407202620632707513e-01 2.762640238007849081e-01
1.445531341273154169e+01 5.376234722705589553e-01 8.133525394426480148e-02
1.022329469357345566e+01 9.122959933071258520e-01 1.748237957630843220e-01
9.951105061884890191e+00 8.654970686171506999e-01 2.264829045284066089e-01
1.218764878928093509e+01 6.012667961825489682e-01 2.327303032946906880e-01
1.648755077340987896e+01 4.187366459809795938e-01 9.499356256676361188e-02
1.389816105254682910e+01 4.690156950900257193e-01 2.191100632623000088e-01
1.303172059758046153e+01 5.721187333938866360e-01 1.723234483072082768e-01
1.584156919368756533e+01 4.181570909113946910e-01 1.415729450511843124e-01
1.523497869750883282e+01 3.851719682402841571e-01 2.559241332877100206e-01
1.149621079046006145e+01 7.017304560043703399e-01 1.930672320704838740e-01
1.074290776321310759e+01 8.539596545235991210e-01 1.433246940065996122e-01
1.117797568595242907e+01 7.816676802191021567e-01 1.655449399816709133e-01
1.344210058962218035e+01 5.554687788054457620e-01 1.569553616928427986e-01
1.372487886510600141e+01 5.143983427343403747e-01 1.823560819365139807e-01
9.872071599539703257e+00 8.194700300475713517e-01 2.874210718439883516e-01
1.168014350905403020e+01 6.958527041935786972e-01 1.685600655106182511e-01
1.392570377443526120e+01 4.813638729607299660e-01 1.977320127824544749e-01
1.075687159016206529e+01 8.552552903532685269e-01 1.569898399612424111e-01
1.077288458837911556e+01 8.509541757005117946e-01 1.532222173020677813e-01
1.509665613886595281e+01 4.163873114925747965e-01 1.975628797330538644e-01
1.617762340188488679e+01 3.633739328488668208e-01 1.995720581392038395e-01
9.675889838382023100e+00 9.222600447761554188e-01 2.417335460289919968e-01
1.981618584093358137e+01 2.627220681983177264e-01 1.935056619798921074e-01
1.031440310016809825e+01 9.258490885201443588e-01 1.409968718424399747e-01
1.517664896637914929e+01 4.213256356626169929e-01 1.788078519114641995e-01
1.076345484201470803e+01 8.603907406993601681e-01 1.475419538888535220e-01
1.013387299119607832e+01 9.919124946357099626e-01 1.423940011849385845e-01
2.038131733186263261e+01 2.342697453179100053e-01 2.300769666544814351e-01
9.923035818951433384e+00 9.418815303375878134e-01 1.790481216597790137e-01
1.030522442265654348e+01 9.489737292789534040e-01 1.476746662593450277e-01
1.003672529465374019e+01 9.900340321040651537e-01 1.497613949695718039e-01
1.068572538952252415e+01 8.042916544191088812e-01 1.884837516461269624e-01
9.430859619481395839e+00 8.983881512410896164e-01 2.485326495197063557e-01
1.373745910292403849e+01 5.687405667497641426e-01 1.093088031510193181e-01
1.684587892857389591e+01 3.658774055829194238e-01 1.642376205573456427e-01
1.099800746843637533e+01 8.996328292220544531e-01 8.817238343824217173e-02
1.021051781158377025e+01 9.450072517696419538e-01 1.603185282688735780e-01
2.308278914757145728e+01 1.895084832973585875e-01 2.460389220353582374e-01
1.104743172622528924e+01 6.932327903417242476e-01 2.484449184020907364e-01
1.490534191631267191e+01 4.097455710138844798e-01 2.218835808480394411e-01
1.093412547313707073e+01 9.096277958780700779e-01 1.036400553082584830e-01
1.155224652853517675e+01 7.323945199978827425e-01 1.556766323060765900e-01
1.061019479235899965e+01 7.770798283022183339e-01 2.221895312740868045e-01
1.308874277636849470e+01 5.002003286143752447e-01 2.475736042029984540e-01
1.101402523832299707e+01 8.015615873922884438e-01 1.666556418407584006e-01
1.082710936459242212e+01 7.843830702161433965e-01 2.028302963074211651e-01
1.036819812675867070e+01 8.246006801651675211e-01 2.048149650117978837e-01
1.276274092943916116e+01 5.712587273418939793e-01 1.972795721922940837e-01
1.045299403895309176e+01 8.528253111297108280e-01 1.981077335988737920e-01
1.147485731899116956e+01 6.843183892053056327e-01 1.996165718956590673e-01
9.359772713263124544e+00 9.594214734240267273e-01 2.444887572809340825e-01
1.180263131414523770e+01 7.556763345605160831e-01 1.131142412501469630e-01
1.117948017078231970e+01 7.477785959304963370e-01 1.982696686569256350e-01
1.037446053798224455e+01 9.370416084346337993e-01 1.364202497409418013e-01
1.026577857332480370e+01 9.597927514900143064e-01 1.386223093574177057e-01
1.080432766482751639e+01 7.638603481716442767e-01 2.145217552701355890e-01
9.743942265010455017e+00 9.509704760941876112e-01 2.066288551957106978e-01
1.583534286770427002e+01 3.884984119589314222e-01 1.801126856629420847e-01
1.149581065195997809e+01 7.249361278715724666e-01 1.667819801466491336e-01
1.088375549624388050e+01 8.478851249382785005e-01 1.626141366706482516e-01
1.200829532939287603e+01 5.765517593717298661e-01 2.227972577022312717e-01
1.208999423672138285e+01 6.728266817304764391e-01 1.553374562019871896e-01
9.980705641299456587e+00 7.735117570376901508e-01 3.181382632467994465e-01
1.453092672379082728e+01 4.043578633593546967e-01 2.564866354666452963e-01
1.180016962733750852e+01 6.410459507797241496e-01 2.132998343822032628e-01
1.128654594120414600e+01 7.679038357703893425e-01 1.598573023834511386e-01
1.239296887821180171e+01 6.030687551899274190e-01 1.834638773107505061e-01
1.012918735725249419e+01 8.659713413171238328e-01 2.147335779301339231e-01
9.538610177559247560e+00 8.749867940531862454e-01 2.971445653514923624e-01
1.387136702942531841e+01 4.518558799134237969e-01 2.606244188410360985e-01
1.979829072743450169e+01 2.392896598403462805e-01 2.456266659278053266e-01
1.578569655742642475e+01 3.787845002711069387e-01 2.107835427051992783e-01
1.423851549471269173e+01 5.259447166535492491e-01 1.116977753669537166e-01
1.353863639854368195e+01 5.538761931474971423e-01 1.463869626415305047e-01
1.082430363523687511e+01 7.276786543994577805e-01 2.426999882201321124e-01
1.031884399344818704e+01 7.790849046287696700e-01 2.685237988204797199e-01
1.162059304362221290e+01 8.111564687658112671e-01 1.073170704903543549e-01
1.128383511914534765e+01 7.492297335739034336e-01 1.638993180356510815e-01
1.065613196823400344e+01 9.632585194890054270e-01 1.032711527078030711e-01
1.118235519226783659e+01 6.916354128273110025e-01 2.437646877638369458e-01
9.903439782869378760e+00 8.740200462437387463e-01 2.373243306023969101e-01
1.330741658645184877e+01 6.363150076869272809e-01 8.446973965824446096e-02
1.969954355231002197e+01 2.318282418269104195e-01 2.737325276887026537e-01
1.539104472217814745e+01 3.351395322165329205e-01 3.347044577421522948e-01
1.024880336618114995e+01 9.682939382237759629e-01 1.373008714814656084e-01
1.210935818663998553e+01 6.046176426406140170e-01 2.212820830305238518e-01
1.246493661691134491e+01 5.781421340177756996e-01 2.172570520266060012e-01
1.005648239399208776e+01 8.602510088201497096e-01 2.361829600028035603e-01
1.030350291725541467e+01 9.096919531243681245e-01 1.696815215821600165e-01
1.297869439669936042e+01 5.002307984521722206e-01 2.639688207328311220e-01
1.297251303845356141e+01 4.828859626942602068e-01 2.880484259657285495e-01
1.414085598644179065e+01 5.065632635668320116e-01 1.523802389066271634e-01
1.682703466574226425e+01 3.440331429328303270e-01 1.862923204549930545e-01
1.194863809812517630e+01 5.980791127910215499e-01 2.421353432151044927e-01
1.083640410427455159e+01 8.084586762187314646e-01 1.713646776049022047e-01
1.557102038207473349e+01 4.321501700641354193e-01 1.478350526453133251e-01
1.300551995512237369e+01 4.882590661935128917e-01 2.929968882639419903e-01
9.520102084531270492e+00 9.309449718864042378e-01 2.518982309503829398e-01
1.033085903841849706e+01 9.113910852338361623e-01 1.662408216734565791e-01
1.015251461705030600e+01 7.565698476682745088e-01 3.028731700539381011e-01
2.106420751149929416e+01 2.786000633351943256e-01 7.862519810425196154e-02
1.152829674293917783e+01 6.791773600218095064e-01 2.116426486467042345e-01
9.336691474635959054e+00 9.481061244838163704e-01 2.486390957300594062e-01
1.260313243397078153e+01 6.007963920044957495e-01 1.827398528179710602e-01
1.219540073115429912e+01 5.809207882518236943e-01 2.452367060501459417e-01
1.165041853194282062e+01 6.795893400385608629e-01 1.980229053739613609e-01
1.027854457163268975e+01 9.273096119219245148e-01 1.639668563199168372e-01
1.104963186976466183e+01 8.786250626855411916e-01 9.802972029420063682e-02
1.262354852859261278e+01 5.967497768774936429e-01 1.744665904693067926e-01
1.094124057765818847e+01 7.149308993800655987e-01 2.514710451715974626e-01
1.204129281781973582e+01 6.434264622243476284e-01 1.973342041163564931e-01
1.409503369325180877e+01 5.005899209023969565e-01 1.527663114263492494e-01
9.382312901184668874e+00 9.667584341505666146e-01 2.336943056480754177e-01
1.018223203537523425e+01 8.706800432209751417e-01 2.082326663338190387e-01
1.284136878701859708e+01 5.796758337701471975e-01 1.445303256812942860e-01
9.858130558885070727e+00 9.225129626786218173e-01 2.023841568335419949e-01
1.090501934968070685e+01 7.568392691549752360e-01 2.134537845077229823e-01
1.021789367709705765e+01 7.448895838376207168e-01 3.104249505937497489e-01
1.287761297733623245e+01 4.797098337691381165e-01 2.927728909076428576e-01
1.256960974828373878e+01 6.781409819612992385e-01 1.050729428488684780e-01
1.504852223684541102e+01 4.180891849032851715e-01 1.796677146498584232e-01
1.122901224179995516e+01 6.955966945145301006e-01 2.241395506570935392e-01
1.149449532328819856e+01 7.663765509505591211e-01 1.356328949521739546e-01
1.251570075605109800e+01 5.384469184706636158e-01 2.740818361521152879e-01
1.030964067189177236e+01 7.849575574330894812e-01 2.488927024492873508e-01
1.107797543255440686e+01 7.471853275271901351e-01 2.008651899055427514e-01
1.309903231539614765e+01 5.653404211896231324e-01 1.913883884122652701e-01
1.255595879078781252e+01 6.121395852040700802e-01 1.506511763385741387e-01
1.054002458679784304e+01 8.366615933055242538e-01 1.895021588188696704e-01
1.259256091483914908e+01 5.489439050109803375e-01 2.312785385638970737e-01
2.109400198484311062e+01 2.184356356033594626e-01 2.279586440731432295e-01
1.023024289988785718e+01 9.102868050837139569e-01 1.673210613729326501e-01
1.929077312128693222e+01 2.720372396648783053e-01 2.263352896998984953e-01
1.002785869924231044e+01 9.158592009633895747e-01 1.969878626500275731e-01
1.456437380188784303e+01 4.565055832438045802e-01 1.842877108180715207e-01
1.310575878127648153e+01 5.350902743330964162e-01 2.170585846116014350e-01
1.343144354396467754e+01 5.688866332069021370e-01 1.448120188771005457e-01
1.276061049940226333e+01 6.826504533533460650e-01 8.430924998832391160e-02
1.155689429745306462e+01 6.866039849532441508e-01 2.107392037914263827e-01
1.084081345048345035e+01 7.401501847405576040e-01 2.288675892296209713e-01
1.053753614281450623e+01 7.720474220133130006e-01 2.330802783400454936e-01
1.021577573970321495e+01 9.950891479654291327e-01 1.309526485358697145e-01
1.048030913860095126e+01 9.537348468682983471e-01 1.143224732738172544e-01
1.053786886921370503e+01 7.326914828158874737e-01 2.749806594435740825e-01
1.034058401735021171e+01 9.282821009980454230e-01 1.415187943151380578e-01
1.050512031294045201e+01 8.447323368407191335e-01 1.796001579187738728e-01
1.030255723058093587e+01 7.452206557006570975e-01 3.338028379274787794e-01
1.141294203415436215e+01 8.038443235739449744e-01 1.242522918310650509e-01
9.664168217730269461e+00 9.418076421596379699e-01 2.297807459720801193e-01
1.297786706064059281e+01 5.182726213999001574e-01 2.145321032735476030e-01
1.328915225568259473e+01 6.249199571322755498e-01 1.035752106556555169e-01
1.440272690993642435e+01 4.673863034672757766e-01 1.888166808319760026e-01
1.480460709194115587e+01 4.599321154375409781e-01 1.635970406386029752e-01
1.002590757487245554e+01 9.710898219229847639e-01 1.702918576076404011e-01
1.771924575668830570e+01 3.147172703031579921e-01 2.090876384388212772e-01
1.186647293752338506e+01 6.950708819767793534e-01 1.631706466336681205e-01
9.100688188204699713e+00 9.787516064023775719e-01 2.676683186895242317e-01
1.218192925000295546e+01 6.606746463517595425e-01 1.805789381863584231e-01
1.604519052896339204e+01 3.939073853169358097e-01 1.689087123112958388e-01
1.072597916564807008e+01 9.073298823975121108e-01 1.103806484223631146e-01
1.267891554343018079e+01 5.666255736933549780e-01 2.015024429982620879e-01
1.326317772668715556e+01 5.159356284145972804e-01 2.305161957651386262e-01
1.209090294778288843e+01 6.955966945145301006e-01 1.368777054422211925e-01
1.216569213499524871e+01 6.686400516630510715e-01 1.581388972985634800e-01
1.135782647686358615e+01 7.786185775186821312e-01 1.593628935373370414e-01
1.170747212941502902e+01 7.750118211716856553e-01 1.024520799474158000e-01
1.136976886734887238e+01 7.448344544801825950e-01 1.817384466438092261e-01
1.087683689397674947e+01 7.245276290719744328e-01 2.292125887256244998e-01
9.154339611886127770e+00 9.886195221425824187e-01 2.504420291701964785e-01
2.102528276118422568e+01 2.383872110588018955e-01 1.738095183103562924e-01
1.379691435398055610e+01 5.186673903496289428e-01 1.600540953841854963e-01
1.050848671598561168e+01 8.009141263878323258e-01 2.253547858830420858e-01
1.167346489004179588e+01 6.486911874721541515e-01 2.145890816097905940e-01
1.648794829203029977e+01 3.725531167836875768e-01 1.671784234763511734e-01
1.280257077396564647e+01 5.792364882295398809e-01 1.929619659715526292e-01
9.467761463126498356e+00 9.265618888696499633e-01 2.559871777835389106e-01
1.003670317168814918e+01 8.321547646006333121e-01 2.429039925662473953e-01
1.507070829633978448e+01 4.337047363773079978e-01 1.629580810250754463e-01
1.029266371292043658e+01 7.530167975227709531e-01 2.786303300164696961e-01
1.457799274896999364e+01 4.500763695746590187e-01 1.767024045553576839e-01
1.023944708810737758e+01 8.991754555690980588e-01 1.825113109928719057e-01
1.393057449411887383e+01 4.624464821434469131e-01 2.236020134845234097e-01
1.012522105551188289e+01 9.162801294656139905e-01 1.864505410931669438e-01
1.044776489530164554e+01 9.017694759809263827e-01 1.527138216343150168e-01
1.294164705891152067e+01 5.676092955665729134e-01 1.840504481574708473e-01
1.231573479801510196e+01 6.141770565945896543e-01 1.984121322893965811e-01
1.043090970780485804e+01 8.405822354109053762e-01 1.900853662563633528e-01
1.505045698839464130e+01 4.743559509166658250e-01 1.091681144879717291e-01
1.265867450406470240e+01 5.209300058090983176e-01 2.663002444253532164e-01
1.029639717080571160e+01 9.411952090133232085e-01 1.542856984672803522e-01
1.055711571284165373e+01 8.868448270392012001e-01 1.642500277784952056e-01
1.600954321427393623e+01 3.599927101610537195e-01 2.087495385991330887e-01
1.224040056698576784e+01 6.505431625023547770e-01 1.756815409141285478e-01
1.261547716555858401e+01 5.750994921193495202e-01 2.108803178451650051e-01
1.202412558494874872e+01 6.750557294160379751e-01 1.587492912948803014e-01
1.288272123533630342e+01 5.891827814145433884e-01 1.870231905938104788e-01
1.148447291471227416e+01 6.607200313813076376e-01 2.319720813547209159e-01
1.039394540228609465e+01 7.926078223843335824e-01 2.252587931815516753e-01
1.086242769259250096e+01 6.981015660060116979e-01 2.609817053511860330e-01
1.498929309136468113e+01 4.026376469573389461e-01 2.427914796122739860e-01
1.500402644608536917e+01 4.525006030547559233e-01 1.455254402383640844e-01
1.076805030021076348e+01 7.748912916681129914e-01 2.124958918577954936e-01
1.102110231496121528e+01 8.962882927694981738e-01 1.017768144222814669e-01
1.195447239772006931e+01 6.381996544343913058e-01 2.095390379789786595e-01
1.356515781516530694e+01 5.293476854810321708e-01 1.719255924680026526e-01
1.027482228815518006e+01 7.554758053091186198e-01 2.530684851690691572e-01
1.013152060215973727e+01 7.471219749164699220e-01 3.097631904981542061e-01
1.117166885156073874e+01 7.300863563386322808e-01 1.969698688420973287e-01
1.129069723245222789e+01 7.030418481847992007e-01 2.134663358627945651e-01
1.564633439727582243e+01 3.476075300708441618e-01 2.816963776509190387e-01
1.546768616793269580e+01 4.370435386659776711e-01 1.571329476319675844e-01
1.690750489716702276e+01 3.672420629039901963e-01 1.534169067883932314e-01
1.276803747993512594e+01 5.586176938309760365e-01 2.088998034550275384e-01
1.529196836201585796e+01 3.686176488710730115e-01 2.577972618279964490e-01
1.471281057350930155e+01 4.268946043838821036e-01 2.203526246934758293e-01
9.785463104130226242e+00 9.541161143438395831e-01 1.943293716029802498e-01
9.469328440854425821e+00 9.363854491495523513e-01 2.499222509364263101e-01
1.306788271843034366e+01 6.239632734166636885e-01 1.424280383356230917e-01
1.182583991342823104e+01 7.744953343120217770e-01 9.632542761536019849e-02
1.279750452442655551e+01 5.615904554534860704e-01 2.016106949476738353e-01
1.475476988177250526e+01 4.225655827861605762e-01 2.175777829102841787e-01
1.089465697902235597e+01 8.233322169534980084e-01 1.573754937194453696e-01
1.097229146276254497e+01 7.116003803216713886e-01 2.390564022006155531e-01
1.670912114185550479e+01 3.577622886989439421e-01 1.697853948145794933e-01
1.001905431845113981e+01 8.715049694817823545e-01 2.170837299028729461e-01
1.467812038917191231e+01 4.130894443157442919e-01 2.338556750514747817e-01
9.490653740749246836e+00 9.617247098527615945e-01 2.271184175644136716e-01
9.694496849372503888e+00 9.115730234803975929e-01 2.386162156293060166e-01
1.326910269578431034e+01 5.587496934616040800e-01 1.628961206356525637e-01
1.524876731534519969e+01 4.423878189075488021e-01 1.489714963627783717e-01
1.258626908511917719e+01 7.264987127090856145e-01 7.593480708360156317e-02
1.238559894898525293e+01 6.849144592227465189e-01 1.429070211545772351e-01
2.171557962955518661e+01 2.143270697577746853e-01 2.100599484720499788e-01
1.654460808420103746e+01 3.008082771556328527e-01 3.061922175065295848e-01
1.345852938422338596e+01 4.899514369653418799e-01 2.323529673095795223e-01
1.461038348074401227e+01 4.411781853768794170e-01 1.887382347738983945e-01
1.093200915937727480e+01 8.972464777556525828e-01 1.055517630657069050e-01
1.335915230088974148e+01 4.956947472581471059e-01 2.317688000984948760e-01
1.156169685968066041e+01 6.773460008495710838e-01 2.049125336472457926e-01
1.008190447456800953e+01 8.649015925918708270e-01 2.378355142989189985e-01
1.047686085527704236e+01 7.538998133620856690e-01 2.587326664129183107e-01
1.145218415158470116e+01 7.594039695050097682e-01 1.629666493467485933e-01
1.337666805321479124e+01 4.540352444540802779e-01 2.750868850259660103e-01
9.665506239481294060e+00 8.685752144669930397e-01 2.814457611549472382e-01
1.470142654487734468e+01 4.142163349922422522e-01 2.335689936496689878e-01
1.202072756378019491e+01 7.594465176488729430e-01 8.759606526584270969e-02
1.353079185446317467e+01 4.712836231276216203e-01 2.417585707505281734e-01
1.225469036196919781e+01 6.697669387236611094e-01 1.511386728936640889e-01
1.140568394657694640e+01 6.600140347720536704e-01 2.435329671094981774e-01
1.114948173617076321e+01 7.396098321934314601e-01 1.994614921529995755e-01
1.755693954692892333e+01 3.108479077319022399e-01 2.202568480452997413e-01
1.229481970200139962e+01 6.678202799865833317e-01 1.525765332301005361e-01
2.012676336340446070e+01 2.848668914313827183e-01 1.115025598540118346e-01
1.572625636565012108e+01 4.284159459661717184e-01 1.404477816071369178e-01
1.301604996910291412e+01 5.091744459075563389e-01 2.714867813688300879e-01
1.206663111127074473e+01 5.992513279662233794e-01 2.259458229545132091e-01
1.270802345729159732e+01 5.576530561315468093e-01 2.139976017393970809e-01
1.305408691036427804e+01 5.747727458071940632e-01 1.675058310570456399e-01
1.061169394966671753e+01 9.330184733356102766e-01 1.069937092484283120e-01
1.059054587348965804e+01 9.047634669043779221e-01 1.427213085260772285e-01
1.128715443175894961e+01 7.142189698036750523e-01 2.016527355944357225e-01
1.199299115616855183e+01 5.907200736906985661e-01 2.522688297218761422e-01
1.413544687850591508e+01 4.775972659437739409e-01 1.836025008604334763e-01
1.255300941939076864e+01 5.651809153027596011e-01 1.958706871366756308e-01
1.075998019674848649e+01 7.414535874600476362e-01 2.359330367558345742e-01
1.582985873493709406e+01 3.882177238961235233e-01 1.978139740534676227e-01
1.108782132703472456e+01 7.896387048586135382e-01 1.672581046917348824e-01
3.085887632304527628e+01 1.100610784182142893e-01 2.788751758104886513e-01
1.416552841271494145e+01 5.189371618250524509e-01 1.323375580084242276e-01
2.183934895772677010e+01 2.365912678857934048e-01 1.388222262550818653e-01
1.130677247557604126e+01 6.968534607871580411e-01 2.221477906139607272e-01
1.136977586260574569e+01 6.765123348480986953e-01 2.167348974115335392e-01
1.256825334348985912e+01 5.185111669835327231e-01 2.833632771396890071e-01
9.997510184650836962e+00 8.865939144976018316e-01 2.195344290909688745e-01
9.225122103309560728e+00 9.226925983834991518e-01 2.936869416306656100e-01
9.790936405159442302e+00 8.115569491750538322e-01 3.088220033016665922e-01
1.402572428170785201e+01 4.381191743405055128e-01 2.528746214495151690e-01
1.288617174367342599e+01 6.174215050620700529e-01 1.374551179015748859e-01
1.111874988822859578e+01 8.071424822127468701e-01 1.382961421995142770e-01
1.285839046550009890e+01 5.150404689341516740e-01 2.495931775528859864e-01
1.160516471179443343e+01 6.378087241159267062e-01 2.408869352937713648e-01
1.041890233195602988e+01 7.430161884714440168e-01 2.730477335715538745e-01
1.128593613511734972e+01 7.447246807248000255e-01 1.734483675808616288e-01
1.433623042365091038e+01 4.163873114925747965e-01 2.610842924353534711e-01
2.804802653307767812e+01 1.495374492968511992e-01 1.534161935367420182e-01
1.157877668638502300e+01 8.271929279698604365e-01 9.941462989047208931e-02
1.231055473539839795e+01 6.525018099291590712e-01 1.805900150225566159e-01
1.267351478252411212e+01 5.586176938309760365e-01 2.179161238904432363e-01
1.057575517545487642e+01 8.014645444436504507e-01 2.160636083793271156e-01
1.409541931127492198e+01 5.356645962847651488e-01 1.220066470721994506e-01
1.015300845889776760e+01 9.156885548292745813e-01 1.869778952554631002e-01
1.168687935945751377e+01 7.656290397992341346e-01 1.115930609386407840e-01
1.015192464457318167e+01 9.401993298561144297e-01 1.498621600033342161e-01
1.059234293956014206e+01 7.478417157921305458e-01 2.578141659519625484e-01
1.099572191949093991e+01 7.961899220129766697e-01 1.743816453843013425e-01
9.837284635289208268e+00 9.453597997821711063e-01 1.981717255091380858e-01
9.959695910423009835e+00 9.566791311754248017e-01 1.762268753346349637e-01
1.120653784105194894e+01 8.182313906052927077e-01 1.288049154360910997e-01
1.772382726988028878e+01 3.077306991802055136e-01 2.008419306856426279e-01
9.795695630171261215e+00 9.479986158468000079e-01 2.104366496933204045e-01
9.901682454018205348e+00 9.209672699687939668e-01 2.235006582223534044e-01
1.526922527909071725e+01 4.020072644067473333e-01 2.078690451574554121e-01
1.099103444828158693e+01 7.857765667178945312e-01 1.749836290456850130e-01
1.025602324271497245e+01 8.560249959519512508e-01 2.193834495142395757e-01
1.474083341225402854e+01 4.135284546796315075e-01 2.299882901590114270e-01
1.892473502706362964e+01 2.754680149201213513e-01 1.966539746742444472e-01
1.085738273588945368e+01 6.499828112878300868e-01 3.339082387065147040e-01
1.021782879942030675e+01 8.949092528199473762e-01 1.724267684617742380e-01
1.103514751826075546e+01 8.600834664124726858e-01 1.390186014227935418e-01
1.208118615042325139e+01 6.012100340009497446e-01 2.363291964191347183e-01
1.106448534586041355e+01 7.679038357703893425e-01 1.831352583868367523e-01
1.535524932034721601e+01 3.794764643888326461e-01 2.326284983595626743e-01
1.159797625078982719e+01 6.863584640930955327e-01 2.000717759678730112e-01
1.342880446617023082e+01 5.494984241466069896e-01 1.736272615484158732e-01
2.512419546826074068e+01 1.794106233378886250e-01 1.718835468006120470e-01
1.240034808459043170e+01 5.185653013026187974e-01 2.975564741830341586e-01
1.103199816105127340e+01 6.677020613244909475e-01 2.689635001412990500e-01
1.269271145561125103e+01 5.070337687019129680e-01 2.920901146578701035e-01
1.025307403428786301e+01 7.971892841111143380e-01 2.382504833959667445e-01
1.172925568208213853e+01 6.280883739306808433e-01 2.519461605432113949e-01
1.075839084691285130e+01 7.176252504436153590e-01 2.496890279700123283e-01
1.084150928434491412e+01 6.533200215168353253e-01 3.106860779547046536e-01
1.117849437847542760e+01 7.570621929364576008e-01 1.701174198545268856e-01
9.729832318715168071e+00 8.924963528637293031e-01 2.451175641392035753e-01
1.377066224757708746e+01 5.041888122776874148e-01 1.887771775740345326e-01
1.232676329072030974e+01 6.067446156981174399e-01 2.010030058728905777e-01
1.640486271070275492e+01 3.934951959567696833e-01 1.557025263074992838e-01
1.027682099651751457e+01 8.641885778038668198e-01 2.111000088663253504e-01
1.083017525023591077e+01 7.821362068084829477e-01 1.930499462341152828e-01
1.285317799233468428e+01 5.732603120285839626e-01 1.530045843638343506e-01
1.149660868364536270e+01 8.123989554464744467e-01 1.090179157039228158e-01
1.427999801663964519e+01 4.499612804992496606e-01 2.081005641625968405e-01
1.005787582553108450e+01 9.046976088566008878e-01 1.975812933868266175e-01
1.261947959090741733e+01 6.672138359887963555e-01 1.114953591355990203e-01
1.162534378012995262e+01 8.182172032059431555e-01 9.171420992232622027e-02
1.723746061312542110e+01 2.885246343700486049e-01 2.077561487998204337e-01
1.157400056897640184e+01 7.840163978883157858e-01 1.290024092008451306e-01
1.074489770638005481e+01 8.322391311566090799e-01 1.856249680660661816e-01
1.167190349739466093e+01 7.316079868381692997e-01 1.456571760540021909e-01
1.057770776622168718e+01 7.467364397258635655e-01 2.358786316394460014e-01
1.698047627221009392e+01 3.182899765229170175e-01 2.332308390119404440e-01
2.058093997484076709e+01 2.222386408031020444e-01 2.452219685745115896e-01
9.599722863444711152e+00 9.736959444689388121e-01 2.099283661853698912e-01
1.210775704408557729e+01 7.085354254996966139e-01 1.145779479108466892e-01
1.516218599196561634e+01 3.702416137078304859e-01 2.617319842042724609e-01
1.137059937284276856e+01 7.715509028494932364e-01 1.437837636720153411e-01
1.279568891540541031e+01 5.428517471850035081e-01 2.263873484066184216e-01
1.313042626350517850e+01 5.573867017795911538e-01 1.791357693323995526e-01
1.159363815156314637e+01 7.008809945500621419e-01 1.868396977824254013e-01
9.275472726654822253e+00 9.522296745430244291e-01 2.583381293827990977e-01
1.686933249975017191e+01 3.361287070472481209e-01 2.137442901373381721e-01
1.795175248279223368e+01 3.061072284321787462e-01 1.966563140013195543e-01
1.027454579652554045e+01 9.229177079888466473e-01 1.613714182276086428e-01
9.266875797687594840e+00 9.157418078079420098e-01 2.914805163071955696e-01
1.208120558685092760e+01 7.754757109055360198e-01 7.515070342617664878e-02
1.044478141885512734e+01 8.824537736710246216e-01 1.704681514857433744e-01
9.663939707026795389e+00 9.723144544530260003e-01 2.017858172432903385e-01
1.064393034242741187e+01 7.304654090486222273e-01 2.571033029764467903e-01
1.301891689450030576e+01 4.712353836127680107e-01 2.912229465507159554e-01
1.487090169192294375e+01 4.841495118691857003e-01 1.243898034365450156e-01
1.085765963493411412e+01 7.670968410687106775e-01 1.984467458900799897e-01
1.441884867252900193e+01 3.700107575543156724e-01 3.472240011097135204e-01
9.187520093372606667e+00 9.729829279792100438e-01 2.526272468564887408e-01
1.010645277725281588e+01 8.448359288652467214e-01 2.254993193929190065e-01
1.202145014516224286e+01 5.705677866843130719e-01 2.736382728469371473e-01
1.290791330642132984e+01 5.183631060458701034e-01 2.418712385082562866e-01
9.479708938686618680e+00 9.866570107614750507e-01 2.133064332807393382e-01
9.985865768403272114e+00 9.292403056274251005e-01 2.002016701899091700e-01
1.140425371119852294e+01 6.937329366475961656e-01 2.053893527904784577e-01
1.218975851768935925e+01 6.066774697301271502e-01 2.190072913790757081e-01
2.077037076531965099e+01 2.448944434549605031e-01 1.656100063665574273e-01
9.303482357261513513e+00 9.031199530833360356e-01 3.055107951850484782e-01
1.306189855015760948e+01 5.280862653619058378e-01 2.187866859751577131e-01
1.161325228111023122e+01 5.862094071753211066e-01 3.003545117644085827e-01
1.507888105259898204e+01 3.744309107324839681e-01 2.792413591072333556e-01
1.344098815610651698e+01 5.654647906294546500e-01 1.400896884979415391e-01
1.161814109953963126e+01 6.265478119912849531e-01 2.500376674350666684e-01
1.760691845520042520e+01 2.934842787295473543e-01 2.449595476482779588e-01
1.073846584305992735e+01 7.573440035615133237e-01 2.232649609338328012e-01
1.181849942106008022e+01 6.060119323256998314e-01 2.568366464174388075e-01
1.113009032352083771e+01 8.178983886418087490e-01 1.280509533213128048e-01
1.048677792330614977e+01 7.558401484985903807e-01 2.462276851967644675e-01
9.528084069883778540e+00 9.653373948895818124e-01 2.125198221673894050e-01
1.296353359405602390e+01 5.718472497911647467e-01 1.695487877589000880e-01
1.110966877828849064e+01 6.624131949221291338e-01 2.431358914129247706e-01
1.044481166089447122e+01 9.321914369901147523e-01 1.278461280164692737e-01
2.291593136388648588e+01 1.697240678868053854e-01 2.901131543266271540e-01
1.368659897825053484e+01 5.665519447983035084e-01 1.197428246676771613e-01
9.794918016138121075e+00 9.352059216885639792e-01 2.158933827090503965e-01
2.035056634102578599e+01 2.354791806274713351e-01 2.295844179556001396e-01
1.425169905859861430e+01 4.496494832789822982e-01 2.291163269709447226e-01
1.369785085784460144e+01 4.459924981279537737e-01 2.800759901658815831e-01
1.042091231415287744e+01 8.274561281223592468e-01 1.956812056731031257e-01
1.261874795551480055e+01 5.442805423660415087e-01 2.253687968497963268e-01
2.308941474097845870e+01 2.111236832309470457e-01 1.576878867033332521e-01
1.061594678356964749e+01 8.985582347563364491e-01 1.326692988523789918e-01
1.758594200483299019e+01 3.237572354972914068e-01 1.875443952458018537e-01
9.779628540500050704e+00 8.340942835482159090e-01 2.664928886314009704e-01
1.046782505007558584e+01 8.106731590580502633e-01 2.177575420943947959e-01
1.045085639264013722e+01 8.411232989523448333e-01 1.976224186668763538e-01
1.106282653498449164e+01 8.485450132873114670e-01 1.330790272565533783e-01
2.089598911149661475e+01 2.492235346736556834e-01 1.549221815876110631e-01
1.004665274860268376e+01 9.144506992748542284e-01 1.769199449681915226e-01
2.037156219233998655e+01 2.308798207253166812e-01 2.376474415852538047e-01
1.986144175418000657e+01 2.400318123193743991e-01 2.294112654642301297e-01
1.110049907242976630e+01 7.353723768817128636e-01 2.171369874312003567e-01
1.011893601320950076e+01 9.655738359443284402e-01 1.559147112632141285e-01
9.693403624539492114e+00 9.873376757714832364e-01 1.831806048265024744e-01
1.169835528862281393e+01 7.351149768722522460e-01 1.498827634802321340e-01
1.487390769529302048e+01 4.112585125491883820e-01 2.225382373181794826e-01
1.091253632735485368e+01 7.188564094552871708e-01 2.453474235805020998e-01
1.173847384284083617e+01 6.937166578173880049e-01 1.733911780336165331e-01
1.075022436320631947e+01 7.712968219582376772e-01 2.137424777437600953e-01
1.231956918239097654e+01 5.822131442264141254e-01 2.285612815456358748e-01
9.858143276633587249e+00 8.712546490239823083e-01 2.437406405264198883e-01
1.054019655455258864e+01 9.015149513380743551e-01 1.274379883235896849e-01
1.110259109939944189e+01 7.585510577980750790e-01 1.830750665766627261e-01
1.081879239195161801e+01 7.979575420557477594e-01 1.840197626427736433e-01
1.238370478624671023e+01 6.104476770136257890e-01 1.967943389240200680e-01
1.095882291624209337e+01 8.993537749136067960e-01 1.121385928324807879e-01
1.060549799802880955e+01 8.463408456409836633e-01 1.707828338007167934e-01
1.068076615717311029e+01 7.803492507425069391e-01 2.197416303421887707e-01
2.361595385362723931e+01 1.963753528700576956e-01 1.770758095265529686e-01
1.068015178634468398e+01 8.620621703843522887e-01 1.630029721584075886e-01
1.094014705951719613e+01 7.073869920135310574e-01 2.595060125826217923e-01
1.597660046821746249e+01 3.448316351851180572e-01 2.691852372327392939e-01
1.401507894329128057e+01 5.220931016790181234e-01 1.457500214571759711e-01
1.461332190281837029e+01 4.546776370583994753e-01 1.758182421115255245e-01
1.166591265488362339e+01 7.185199556670167631e-01 1.672906993346301996e-01
1.750518458341424122e+01 2.942048307171554189e-01 2.576552436918159161e-01
1.131012652688774445e+01 7.507617714215218951e-01 1.888802909578177203e-01
1.014825932558696664e+01 8.773960935433940955e-01 2.083775755593162415e-01
1.248726115887769161e+01 5.188038189837208547e-01 2.752035797855425514e-01
1.118441080547969513e+01 6.523715175538088440e-01 2.271034867408169011e-01
1.006074727671396118e+01 8.010370983002244039e-01 2.647679316631335600e-01
1.270785013101955840e+01 5.589235088964189524e-01 2.039031655445363855e-01
1.213404124479274948e+01 6.847144975861749749e-01 1.595493817518059132e-01
1.294717270927161046e+01 6.027049083533276841e-01 1.460676390417909309e-01
1.122534275318225205e+01 7.146100980673031344e-01 2.088347859678033602e-01
1.110860524007842365e+01 6.801047161108629835e-01 2.625489606381029573e-01
1.007246677775019350e+01 9.785235772242576457e-01 1.489336824035703000e-01
1.466835583382730768e+01 4.313038164512730810e-01 2.131970636558980503e-01
1.292563072294712967e+01 4.751651774800103034e-01 3.071177914873137182e-01
1.011047532175251185e+01 8.642559371523993450e-01 2.218455222794312176e-01
1.338328489642778152e+01 5.544378167489242282e-01 1.504634145563907288e-01
1.360111680048333227e+01 4.834059142241755036e-01 2.260160871059813392e-01
1.283338908225402086e+01 5.375870563203257735e-01 2.563890436907568793e-01
1.240434936458107629e+01 5.824929777456172575e-01 2.206035604924563298e-01
9.529023620784725424e+00 9.848393256612644198e-01 2.042659832398422692e-01
1.816285266600181814e+01 3.255783992323965648e-01 1.444030081010773126e-01
1.105400768432414971e+01 8.515088324887256643e-01 1.264021598072052055e-01
1.734375582666377724e+01 3.094695740115131488e-01 2.335180234709056668e-01
1.367715764829231873e+01 5.558961241247460938e-01 1.312211804365526480e-01
1.361653033707920635e+01 4.978105140399504136e-01 2.050634481617688298e-01
1.096805589189465735e+01 8.448948797069697481e-01 1.492323821320898081e-01
1.016977409214173811e+01 9.370809291994611767e-01 1.758964793868521836e-01
1.051138305513040194e+01 8.663328323537841102e-01 1.791508347769194542e-01
1.037794319596094539e+01 8.072171576309790098e-01 2.207732072508133414e-01
1.062011441235810949e+01 7.100313569159797389e-01 2.758321119622900164e-01
1.199644680427954846e+01 6.829392735256096802e-01 1.578624259847399847e-01
1.375591513733954230e+01 4.510007697097785373e-01 2.541832716780558221e-01
1.397100515941729171e+01 5.306905359154745483e-01 1.432259037735671148e-01
1.088721806775842715e+01 7.284475705571539228e-01 2.404825428951323785e-01
1.140376599778279854e+01 7.376824424307569794e-01 1.787436713988616588e-01
1.071967302746302941e+01 7.291850504489589824e-01 2.485106556619885720e-01
1.329789489667840208e+01 5.153294500264854472e-01 2.045617087860328032e-01
1.174857007971619716e+01 6.482951311031425190e-01 2.226424920254624906e-01
9.741880526841654842e+00 9.579877005854470218e-01 1.936429344960386989e-01
1.532361983787951232e+01 3.966202359090950647e-01 2.174316901315269668e-01
1.191156685484957478e+01 6.836995557934435475e-01 1.506283066715057295e-01
1.251427750699112984e+01 6.520624118758259202e-01 1.319375802627420768e-01
1.765758409982066368e+01 3.094073470596812037e-01 2.342955795533408769e-01
1.631152295967235233e+01 3.293781131579630039e-01 2.655139040544227669e-01
1.334733916216755922e+01 4.811511951401687970e-01 2.634575172705344581e-01
1.024859547404408033e+01 9.222600447761554188e-01 1.723437646094297671e-01
1.088737669729939839e+01 8.559533006660603460e-01 1.381221318871052040e-01
1.427392676563503926e+01 4.629186654058408124e-01 2.104815165989823988e-01
1.347371815136623674e+01 5.858231695837442521e-01 1.136770735016788547e-01
1.029034206435308896e+01 8.035810866820831677e-01 2.510778398508214382e-01
1.079455766336598188e+01 7.891995983609121357e-01 1.880476625293279469e-01
1.221535915900409286e+01 6.866852795571838364e-01 1.378323492363350555e-01
1.223524087032283170e+01 6.565148601440798926e-01 1.505188944761045033e-01
1.103978561526439428e+01 7.334787881948058308e-01 2.403983565806947775e-01
1.868156737771670706e+01 2.780359027431624774e-01 2.043633462381309607e-01
1.368556705167090293e+01 4.798632032284584903e-01 2.258786035423858696e-01
1.529169696391154787e+01 4.208428251080200688e-01 1.397784382209283083e-01
1.513454139415355826e+01 4.087957393586799104e-01 2.127999469538312538e-01
9.377726219248883055e+00 9.458363162409191283e-01 2.527054331741523940e-01
9.825222442263932265e+00 9.698688884748947192e-01 1.836072674485956790e-01
1.670685304350656608e+01 3.469944791114965010e-01 1.968124665926489492e-01
9.827609954883810062e+00 8.402204569180194982e-01 2.520034957427241262e-01
1.778017771888334764e+01 2.941577160082569087e-01 2.315144225282202983e-01
9.738300928545523760e+00 9.988453440468737510e-01 1.708044334425320443e-01
1.238115475500422846e+01 5.884934174319953470e-01 2.206104599324053839e-01
1.132488706040208726e+01 7.756025652570192053e-01 1.433864135630733283e-01
1.264422453507602739e+01 6.159299251148977472e-01 1.692851780364103831e-01
1.216772456731671603e+01 5.334426969845408317e-01 2.987525540016672809e-01
9.733014391956134048e+00 8.311577993109589002e-01 3.028955356811469657e-01
1.264901157140018384e+01 6.925968014618724133e-01 1.074649525717324833e-01
1.379501741028976447e+01 4.509063797804781504e-01 2.550580373249891064e-01
1.800727520184921815e+01 2.652754179383661204e-01 2.706946198124039471e-01
1.138135415651462878e+01 6.697709995099074831e-01 2.431169266357953995e-01
9.741050450151471196e+00 8.710339862053417814e-01 2.423045196128541523e-01
1.218110347362269152e+01 5.856717899499914726e-01 2.471308558289448953e-01
1.026712880785443538e+01 8.019820594382627288e-01 2.432942085802106413e-01
1.062760433999154586e+01 9.859304661288006422e-01 7.716374626106203838e-02
1.070003336849515740e+01 8.784479785850182187e-01 1.556864044736853969e-01
9.480815800073463251e+00 9.712468779603744551e-01 2.273698372047205374e-01
1.429280701741792647e+01 4.252446922457778777e-01 2.462546355165104173e-01
1.081380065590725970e+01 7.819118193101801673e-01 1.974306177843650201e-01
1.267917372714810043e+01 6.882893444171163111e-01 9.432779075208004571e-02
1.125005861185163347e+01 7.819118193101801673e-01 1.509963144866475482e-01
1.017682310559214898e+01 8.504767670104186328e-01 2.046931535697995852e-01
9.940703603984045955e+00 9.107431149885848454e-01 2.274542613975296945e-01
1.215561455737842067e+01 6.355623480811618542e-01 1.856084196984040258e-01
1.145028643474745245e+01 6.563299964986591961e-01 2.376733176729975971e-01
1.153904831726458369e+01 5.325655979312917676e-01 3.799550502077064795e-01
1.223572241184127485e+01 6.044953040353909790e-01 2.022330504128863893e-01
1.683965382979300429e+01 3.485531960670230633e-01 1.907552083632979012e-01
1.426224744269747013e+01 5.073197779545293162e-01 1.389968299698188803e-01
1.616763451023853548e+01 3.542359018826483075e-01 2.175329018745352228e-01
1.221460330455764876e+01 7.124223894750203456e-01 1.180422106150272737e-01
1.739280580048491842e+01 2.998296029027862630e-01 2.049841987120933073e-01
1.138051886934170653e+01 6.042388815268672220e-01 3.139408183076756176e-01
1.808987601509822341e+01 2.788204121433271454e-01 2.545290963211046531e-01
1.083298670453737778e+01 7.199303499294279485e-01 2.492181710293310815e-01
1.087318088522143178e+01 7.570621929364576008e-01 2.029737330846975718e-01
1.392950484072630424e+01 5.057725664047363345e-01 1.701841722658345990e-01
1.546123519473443508e+01 3.702722204305775033e-01 2.484840533302558330e-01
1.177210985988521053e+01 6.752381594224525774e-01 1.761517980439712694e-01
1.159961737084021749e+01 5.545930845457143210e-01 3.327437022933633082e-01
1.206909983707098988e+01 6.617929886686614305e-01 1.810866507546538828e-01
1.852018589696731254e+01 3.219491785521763072e-01 1.229500133368293391e-01
1.051405998965190136e+01 8.638821317198209782e-01 1.726089647704382168e-01
2.639505453098387022e+01 1.591050375725358013e-01 1.946650079193707195e-01
1.133321117043498560e+01 7.781812842759245896e-01 1.427233155807748066e-01
9.424264730233593568e+00 9.579518903254952145e-01 2.510396875239620518e-01
9.669671390487636131e+00 8.430630793346631791e-01 2.600911548561360420e-01
1.201990190158746508e+01 6.634270854842942988e-01 1.885496335134997647e-01
1.103176768924975448e+01 8.652619999355274372e-01 1.247880076455695347e-01
9.926036822568185869e+00 8.874686075609279357e-01 2.212461188878412921e-01
1.220706737496622374e+01 7.331840928306817551e-01 1.137404736440734698e-01
1.229730542002651816e+01 5.655149969361387141e-01 2.565942271251386853e-01
1.147734324264708583e+01 8.396158265941988663e-01 9.552330484280741052e-02
1.328768452985890924e+01 5.611185860172207551e-01 1.606213231014862741e-01
9.669820119378966794e+00 8.835551589526587923e-01 2.533881291857267848e-01
1.128605632443573192e+01 6.515562180032832273e-01 2.680455943689008524e-01
2.125212361395881544e+01 2.153372083763592792e-01 2.345086030533853894e-01
1.604908613319488708e+01 4.213525974865766077e-01 1.230510479173294730e-01
1.280325489201704769e+01 5.146788835030176035e-01 2.627697087831475375e-01
1.127063434677707399e+01 6.841811796668409995e-01 2.214196319637751487e-01
1.479572688740130104e+01 4.659537769560175291e-01 1.542508814627036040e-01
1.295453092451280774e+01 5.820219319277367687e-01 1.648406328203274041e-01
1.196398227798073499e+01 6.720385291448446319e-01 1.707951383815456414e-01
1.049994915644444049e+01 8.461184590130560457e-01 1.920532007831566024e-01
1.010926763551611884e+01 8.534440434313239621e-01 2.463567544432442580e-01
1.047696283846046050e+01 9.155258087282064361e-01 1.396506613370348815e-01
9.749177982058267133e+00 8.872830831184638223e-01 2.426402535983155917e-01
1.412363735465621239e+01 4.989434894249745178e-01 1.670195563727150112e-01
1.064345677306239857e+01 9.220775507243520464e-01 1.204522416234447280e-01
1.288318156869920550e+01 6.190090723322011490e-01 1.404211701631286335e-01
1.196402798167559212e+01 6.665357198741365119e-01 1.847777372060938617e-01
1.086640018201848790e+01 8.562515541583813894e-01 1.339061038512937007e-01
1.222751423354522871e+01 5.505827710384139095e-01 2.804944407298682885e-01
1.021562469674884710e+01 9.256351103556995641e-01 1.673501478372863283e-01
1.001882054530252475e+01 8.986053504708260142e-01 1.994278481257227009e-01
9.750098596166901999e+00 9.464927376179730345e-01 2.081597910798256568e-01
1.409776678215531653e+01 5.412380239465351961e-01 1.235974476123517102e-01
1.355276387787144188e+01 5.814790137051335517e-01 1.190226684877436769e-01
1.071962397154401714e+01 9.000659292817889678e-01 1.330945966242212397e-01
2.029700316033564178e+01 2.325634005116480330e-01 2.396536045667911063e-01
1.006111416165619588e+01 8.480980080633454543e-01 2.393031029823310674e-01
1.005945217400495650e+01 9.037622825609483712e-01 1.944195163081529065e-01
1.133655600166070876e+01 7.507617714215218951e-01 1.861085954223004602e-01
1.064817662903100626e+01 8.106057064336738005e-01 1.831816318346042027e-01
9.717909039734692556e+00 8.927780128685949279e-01 2.370314386404459850e-01
1.119484615467166044e+01 6.899215391668638286e-01 2.551616883217560638e-01
1.580198724087214934e+01 3.672130692887500825e-01 2.259375980013463847e-01
1.375859182350087195e+01 4.545019681760251729e-01 2.608034309059363287e-01
1.617493405598084166e+01 3.363397837263777945e-01 2.496603132827922289e-01
1.033611601486628473e+01 9.525161541747648730e-01 1.347017620393216042e-01
1.034955000430133865e+01 8.650650049911159378e-01 1.868946954113718528e-01
1.152635520796840574e+01 6.153787027507746643e-01 2.660627106641452744e-01
1.333645213048158951e+01 5.270995825053873540e-01 1.967714384487989077e-01
1.874331866390381052e+01 3.014712391259297686e-01 1.610039934716964438e-01
1.087540504429478538e+01 7.096816113976893714e-01 2.477224475532085468e-01
1.190183972368310350e+01 6.430464281928461867e-01 2.160391907100989994e-01
1.206173239573433342e+01 6.296024669702614540e-01 1.912648638334523143e-01
1.531687257571947391e+01 3.842109389352865167e-01 2.416643088190378874e-01
1.428052309170977630e+01 5.041888122776874148e-01 1.463339889491419299e-01
9.663971723928380442e+00 9.227799479367887470e-01 2.387471054327268138e-01
9.014438163577468188e+00 9.624190722153131983e-01 3.033939316898204841e-01
1.042511990054259208e+01 7.668160523902798342e-01 2.558613353999487083e-01
1.185677512303611358e+01 5.853125744644791517e-01 2.649950635278078837e-01
1.047664071500247829e+01 8.028037981272242440e-01 2.185582523335563854e-01
1.049627448750540992e+01 8.635265481807292698e-01 1.733798515521770278e-01
1.229299655078782827e+01 6.136371365183851401e-01 2.017828150332638959e-01
1.068177058031706927e+01 7.563889275883469709e-01 2.377672690670671607e-01
1.743325436216417756e+01 3.077306991802055136e-01 2.208572487816177210e-01
9.463382842590508659e+00 9.228681169727691591e-01 2.596465976575532686e-01
1.095782095688797497e+01 7.168752372351498980e-01 2.347257280745414232e-01
1.454157392250527181e+01 4.201509751398190828e-01 2.296803011347836321e-01
1.286667810019098823e+01 5.145035298423950021e-01 2.516608395702505385e-01
1.285522062167504842e+01 5.879670469080453543e-01 1.660478133731570771e-01
1.379578076863872305e+01 5.430526544583142989e-01 1.516722301292396935e-01
1.269785497928201856e+01 5.688801786609543054e-01 2.078228192890573256e-01
1.258115276028484253e+01 6.570845520698421760e-01 1.221630695532832517e-01
1.272799065254023176e+01 6.069475962853574380e-01 1.690864627955436794e-01
1.250927346854144773e+01 6.308816540136745754e-01 1.577919432921517651e-01
1.113655641991838685e+01 8.262389169019976887e-01 1.311978812999575472e-01
1.166938896063327213e+01 5.818319631887556298e-01 2.901989950817597252e-01
1.037447788767408952e+01 9.164302458957944708e-01 1.597532446838459408e-01
1.566118942122227153e+01 4.175652528069502822e-01 1.588953119617855514e-01
1.362834890387291509e+01 5.467809981528347629e-01 1.334000992306881017e-01
1.652478988138928173e+01 3.925067049568536359e-01 1.430692777843606267e-01
1.052941942356796723e+01 9.428119022177912090e-01 1.130308429665721204e-01
1.095567515504621880e+01 8.790978381676661790e-01 1.449639993972183238e-01
1.292577952182750600e+01 6.045816109106252334e-01 1.550886425743288333e-01
1.542696013293470436e+01 4.001574514784330683e-01 2.119681085012304345e-01
1.108573561335892244e+01 7.067155522579652294e-01 2.244677260872429692e-01
1.267089897272619226e+01 6.318288506796726489e-01 1.309832104925008622e-01
1.896340320105643329e+01 2.940469773947761989e-01 1.530151807331913139e-01
1.398865092693522705e+01 4.778098152878029747e-01 2.070052421916568908e-01
1.020211866258942734e+01 9.310847946870788316e-01 1.679932761118823892e-01
1.228815942905244363e+01 6.613017602508495241e-01 1.441197620179679728e-01
1.160660970116992097e+01 6.706212968509678296e-01 2.025224729141313629e-01
9.703657572088246752e+00 9.557362296365908838e-01 2.210196307368446356e-01
1.393341657337313677e+01 5.158369043625564698e-01 1.574670085454644708e-01
1.133607934842996556e+01 6.878689316167343470e-01 2.214632214900418283e-01
1.298996340038663000e+01 5.666255736933549780e-01 1.727321725592071422e-01
1.497800894133473548e+01 4.332776589076411389e-01 1.890493174184487424e-01
1.229681253849217093e+01 6.562825586592626603e-01 1.533303411437568209e-01
1.393791829963106821e+01 4.685984748163373181e-01 2.068462907007598828e-01
1.047433532261445244e+01 8.872123459531908729e-01 1.718735959788035561e-01
1.463826417594610874e+01 4.664296882572354086e-01 1.599178694234743014e-01
1.063005562986799113e+01 6.808573675601080621e-01 3.091921138114329670e-01
1.295378572836798980e+01 5.941309858842881431e-01 1.568049923184823558e-01
1.460116999804682791e+01 4.306082072515596271e-01 2.142564604323936028e-01
1.034680012545710071e+01 7.714055019941370439e-01 2.556379598012237242e-01
1.514047388359296775e+01 4.522265031653510126e-01 1.450620458311459859e-01
1.448855975136608976e+01 4.897773108174848788e-01 1.464071436399242143e-01
1.379967258329672219e+01 4.632040936061775360e-01 2.293385186457523872e-01
1.136493497696175936e+01 8.635265481807292698e-01 8.369445359488750236e-02
1.077762611210257582e+01 8.374981537007810672e-01 1.633912579245971330e-01
1.304817738986888820e+01 4.918984277308238728e-01 2.648202508968061641e-01
9.835161286871580089e+00 9.954653974853016063e-01 1.703968714133300977e-01
1.375374257406945233e+01 5.568035670918739521e-01 1.370692679303761319e-01
1.356382747104536257e+01 5.498790586795097024e-01 1.442750973596554631e-01
1.189081399423311147e+01 5.877208033643298579e-01 2.698332517288544730e-01
9.806606776599821274e+00 9.005826213872023533e-01 2.277647824158905709e-01
1.343300828997442764e+01 5.018717658951103999e-01 2.160981849607046257e-01
1.027301933803026834e+01 9.710828442771202162e-01 1.223307829832831484e-01
1.049882581082240662e+01 8.161805490010554109e-01 2.043576316917962710e-01
1.589852718827718547e+01 4.169289041626840220e-01 1.427799433771825277e-01
9.606296974802315702e+00 9.574059282966960183e-01 2.137776950456964087e-01
1.466183357523978614e+01 5.086963341872073885e-01 9.587207519917118059e-02
9.708152145577285452e+00 8.654698027547025330e-01 2.630037947629310091e-01
1.035088760223011839e+01 8.437933049495435212e-01 2.070253023471369525e-01
9.426416290009248300e+00 9.211389824122460102e-01 2.704001851363441733e-01
1.280231160870564722e+01 5.536421596796877731e-01 2.178417921972270188e-01
1.027540709751645487e+01 8.429357278024538491e-01 2.070703264883599348e-01
1.250260009442390619e+01 5.406514879008186281e-01 2.664780799795805066e-01
1.090586618917960138e+01 8.435846221325341565e-01 1.638733526141704089e-01
1.027875872742620267e+01 8.388948261066516698e-01 2.265405710135075523e-01
1.092692597624411377e+01 8.250436352710153187e-01 1.602551897068567877e-01
1.443840569196143342e+01 4.642283390830190815e-01 1.874174590858832257e-01
1.174918530027065522e+01 7.353005762814666113e-01 1.351142863888883383e-01
1.126561657423180662e+01 6.589045438782361597e-01 2.199587818493754787e-01
1.115094963768988379e+01 7.642464569784009898e-01 1.660583380509375040e-01
9.501420862952551616e+00 9.563137303830916425e-01 2.315673801616794925e-01
1.045168137262830221e+01 9.310847946870788316e-01 1.401042162657759882e-01
9.869386911793885275e+00 9.706968860418123679e-01 1.670283790291658133e-01
1.575005686953726247e+01 3.875655239117081208e-01 2.081332885091385365e-01
9.722187138048349553e+00 9.470962419044968161e-01 2.237792273432029633e-01
1.549219505099347671e+01 3.667730198209371295e-01 2.327304677132197019e-01
1.286466604661312374e+01 4.862097558180922818e-01 2.930270354261798049e-01
9.850587177364047875e+00 8.431133181702550328e-01 2.139371780271762669e-01
1.031438228400326196e+01 8.536525386495906753e-01 1.989126114880084284e-01
1.367786218839432522e+01 4.828385245613245891e-01 2.221337217065026681e-01
9.568797950742476743e+00 9.422435173648463502e-01 2.234119750738016719e-01
1.100906294436268240e+01 7.072291812958718671e-01 2.447477910132729029e-01
1.995746244253756529e+01 2.391344371108866385e-01 2.482135610812171156e-01
8.968827409333151479e+00 9.948348720366120279e-01 2.640004632269868923e-01
1.067516979020184387e+01 7.676078860526412972e-01 2.226590208136713378e-01
1.182690727031285682e+01 7.299808171483721519e-01 1.436313560985760240e-01
1.156024180066876816e+01 7.041982770699930505e-01 1.718041396098226314e-01
1.373294591056410852e+01 4.663756292311090901e-01 2.489208452518437420e-01
1.019520104250311476e+01 9.373448711043711468e-01 1.562480181465631945e-01
1.371268154118398108e+01 5.001051600845745071e-01 1.955395413189550680e-01
1.051189081504831790e+01 8.593517876692008395e-01 1.875853902739802737e-01
1.515468204467752855e+01 4.738115885862140830e-01 1.068894055676600507e-01
9.655612503549878767e+00 8.750052871737020732e-01 2.756875853780859642e-01
1.553669948417139146e+01 3.943179016808788795e-01 1.986569617937885279e-01
1.191921128301819799e+01 7.203550562792339074e-01 1.411603231984786266e-01
1.204965762462751933e+01 6.177439401463979962e-01 2.130411880023715676e-01
1.095611258379059372e+01 8.860840241668076489e-01 1.337808830458636633e-01
9.715124187329246652e+00 8.373953191954661701e-01 2.751033113371564309e-01
1.100567235757011453e+01 7.313533739728713678e-01 2.208056898735261675e-01
1.271960186408647075e+01 5.697509380737058038e-01 2.088787970176254616e-01
1.043898794598849022e+01 9.135698823424190929e-01 1.374539521316821833e-01
1.606071371224131639e+01 3.445513437151896396e-01 2.412877918700619406e-01
1.165934667284959936e+01 7.097696191056949155e-01 1.724622642735907929e-01
9.830511006089308168e+00 8.751381768826117513e-01 2.431448367668891941e-01
1.071889295342463733e+01 7.846325260747026853e-01 2.112302728040448552e-01
1.196598828939668913e+01 6.220048670787134970e-01 2.118598689294831361e-01
9.423317661986056137e+00 9.783759278938353177e-01 2.264865229410243375e-01
1.280146525489392317e+01 5.628091418748731867e-01 2.036544450796055616e-01
1.139823444384411211e+01 6.522648203560372782e-01 2.590861392354314452e-01
1.208733189139104347e+01 6.849107108043206438e-01 1.594263649599458599e-01
1.992019188361834381e+01 2.884281724802730817e-01 1.264808156016619389e-01
1.394226436319793905e+01 5.109641899053124492e-01 1.575512111648283142e-01
1.234571758608052860e+01 7.017791115624256726e-01 1.084504865863574613e-01
1.504973221233065672e+01 4.249389840460361389e-01 1.955638678297411948e-01
1.011545130109891488e+01 8.588607317604037839e-01 2.385939714463251038e-01
1.199429748024796005e+01 6.662230886078192027e-01 1.692481576605615046e-01
1.349335400651245287e+01 5.580003998991672765e-01 1.535366652337211424e-01
1.686087882235579372e+01 3.591414841818147963e-01 1.614159146933447919e-01
1.235339253424045225e+01 6.841566351930796763e-01 1.243557368120833118e-01
9.735146966844508754e+00 8.475937938624507062e-01 2.744948835653435171e-01
1.137251540038246844e+01 6.521038709039396197e-01 2.480901927816633046e-01
1.206934952156858465e+01 6.272911821580506864e-01 2.162808703511330810e-01
1.159740213494752048e+01 7.109942661684227616e-01 1.565090935737490363e-01
1.145658479700252030e+01 8.730248106897129379e-01 8.297960955870997690e-02
1.473707556752611048e+01 3.837013907182740269e-01 2.905023057564847244e-01
1.115124355770003461e+01 7.016632184288021934e-01 2.444975365515636712e-01
1.145429039893588730e+01 7.991567194781048489e-01 1.278049355262320663e-01
9.956161566806107643e+00 9.387903803243922152e-01 1.944447586756999635e-01
1.249380363768423052e+01 6.331091945552258515e-01 1.746049022041549215e-01
9.659783495464727920e+00 9.808180464131933673e-01 1.936673694441113924e-01
1.406999039987523048e+01 4.495578636201748024e-01 2.272308354181402368e-01
1.040442501607553538e+01 9.680071322100304299e-01 1.408298300359889232e-01
1.509703989366260046e+01 4.749361690595033103e-01 1.193802307625855125e-01
1.931623437501700735e+01 2.511018086972895969e-01 2.382725087937303254e-01
9.966510808809294630e+00 9.009038502642737756e-01 2.157648639474602503e-01
1.289043491964780053e+01 5.969181859835388515e-01 1.579757512038479916e-01
1.051926100828267074e+01 7.781849971754333239e-01 2.425808229026841512e-01
1.198867203546527094e+01 6.335581520087262275e-01 2.165600123895598528e-01
1.443938194039555079e+01 5.579487567424916694e-01 6.689946595479216718e-02
1.672832683732708148e+01 3.639408074008850247e-01 1.657483255579402515e-01
1.038852324290326656e+01 9.302282095553324748e-01 1.462467901996123143e-01
1.150559178092835033e+01 7.556122795286044358e-01 1.670571042132285855e-01
9.871963789458138905e+00 9.663259870413579700e-01 1.734638869290114349e-01
1.247782589885987470e+01 5.317372199761669638e-01 2.623134499669956821e-01
1.080614095177540435e+01 8.052661420131945746e-01 1.737542025831589898e-01
1.346057787073338297e+01 5.573816839512535370e-01 1.438568376602404608e-01
1.588857570489066262e+01 4.280623136398499229e-01 1.246204460887693904e-01
1.307137825555151522e+01 4.976828117131184559e-01 2.553442008122543405e-01
1.078883457264240420e+01 8.778489408275661487e-01 1.235043895043473755e-01
1.325181922358961728e+01 4.901920002981870472e-01 2.502889071706279056e-01
1.030216913471797291e+01 8.586006870065845398e-01 2.060232673376749535e-01
1.117396480271319703e+01 7.467595814384131447e-01 1.822212825292237881e-01
1.160207994481395843e+01 6.430250063108614578e-01 2.394303494200397675e-01
1.116361350792438323e+01 6.711780854602084068e-01 2.464404997649487228e-01
1.647135297065523929e+01 3.321723214200889007e-01 2.461708276537002971e-01
1.028006382687260079e+01 7.904657549652185367e-01 2.474471038951469859e-01
2.974276806952005359e+01 1.266817830622728458e-01 2.233262455821340697e-01
1.343997393888762026e+01 5.058123648816830187e-01 2.354509819365238066e-01
1.313446337710164613e+01 5.987878903154052468e-01 1.368048751828689069e-01
1.244405773500215595e+01 6.606469907840725186e-01 1.391556665122539449e-01
1.105290314817685093e+01 6.724683579306190984e-01 2.719525310893156633e-01
1.821989744890057494e+01 3.102812291192017513e-01 1.684632559662686824e-01
9.811538607854089378e+00 9.115632943180471681e-01 2.273076100786696474e-01
1.618131626895513620e+01 3.394631052114722713e-01 2.519294197492455978e-01
1.141333525562443718e+01 7.085158847194232834e-01 1.836028767374188186e-01
1.433771820805351638e+01 4.718029915225507853e-01 1.853297464808836004e-01
1.201489592358562319e+01 7.141822811945208738e-01 1.333661611443594797e-01
2.141440810116011662e+01 2.234684630968659103e-01 2.057208809148090289e-01
1.319452474777002671e+01 5.080991772433434139e-01 2.389931518912209174e-01
9.777650314695467415e+00 8.812033282618454422e-01 2.421954011479782731e-01
1.238218803736493179e+01 5.822516688209108393e-01 2.267406183114135942e-01
2.016107919453758157e+01 2.242607137285944074e-01 2.642295461497788933e-01
1.339629542731897871e+01 5.405708103448935153e-01 1.708774328769149531e-01
1.336050362907410083e+01 5.013525983556891275e-01 2.245263692304231007e-01
1.904452565364016792e+01 2.622279759695082535e-01 2.285916429720109833e-01
1.520657858418295838e+01 4.841495118691857003e-01 9.956951445326160666e-02
1.427996484693212231e+01 4.365209685616795454e-01 2.330165696786904994e-01
1.329136922287866973e+01 5.616491631706023169e-01 1.525264059049483978e-01
1.105050250015906244e+01 7.941737346597840252e-01 1.691224901142762693e-01
1.026671489994197728e+01 9.137890551212716206e-01 1.839105418295674810e-01
1.093814568414160959e+01 8.365392257108902330e-01 1.330989143771530991e-01
1.233902250358905661e+01 6.641573929333223214e-01 1.446272989527223884e-01
1.243574762448344906e+01 5.634311415826560587e-01 2.365837957119813761e-01
3.759830452244546706e+01 8.259081523942053693e-02 1.933744245844958853e-01
1.114717231270904030e+01 7.905205634295441319e-01 1.569906116525432438e-01
1.126856169673589214e+01 7.828354185067526450e-01 1.581596082293589001e-01
2.116252287760203998e+01 2.214504173743603033e-01 2.387864797247359339e-01
1.363374045664645173e+01 4.459924981279537737e-01 2.860953350077914958e-01
1.708553575860282692e+01 3.256081958412599953e-01 2.210513457090090284e-01
1.059074367792269200e+01 8.322712273235157721e-01 1.790756736405602623e-01
1.644853513719650451e+01 3.665633193759820219e-01 1.658057596044587578e-01
1.869899816232276990e+01 2.763375437334139040e-01 2.065026079782779633e-01
1.145027369807834461e+01 7.613861508515635812e-01 1.446636425991852659e-01
1.692622352417458131e+01 3.576803615241332945e-01 1.640828094551102512e-01
1.384774974708105333e+01 4.908453045459997277e-01 1.988032209709192089e-01
9.364143367531527318e+00 8.753007341735272728e-01 3.078287590580044975e-01
1.422392065526240224e+01 4.465144383897083347e-01 2.244675747071653571e-01
1.160897301009312521e+01 7.901847457966821864e-01 1.173476883856191394e-01
1.240735321703887450e+01 5.467915409284465067e-01 2.673240396192013701e-01
1.050163539380739586e+01 8.851861260083121463e-01 1.616970636015348517e-01
1.015172025537063583e+01 8.798568829001165437e-01 2.012142409068207738e-01
1.163872448088102907e+01 7.348306166179449095e-01 1.437375307785052625e-01
1.273165267842758830e+01 5.811129224866329324e-01 1.909543389988761219e-01
1.089357978648869008e+01 7.446048839487311444e-01 2.166627501509408860e-01
1.635909774560384022e+01 3.996366365661712106e-01 1.384187129149388740e-01
1.175095009865586348e+01 6.886097841873202174e-01 1.902354362586011483e-01
1.338127153676706982e+01 4.884547305006349260e-01 2.230120250555734929e-01
1.210852271429138582e+01 6.943897469386771659e-01 1.531007811151554598e-01
1.366949824789788615e+01 5.152970029327532675e-01 1.789938963179119047e-01
9.677850162214937768e+00 9.483794931686011509e-01 2.070507611178448726e-01
1.521969668894577765e+01 4.205535648252354264e-01 1.865623441216809342e-01
1.131030093679274096e+01 7.586494427739408630e-01 1.659934700231794347e-01
1.124357679703974178e+01 6.952970039149999337e-01 2.318655575551935022e-01
1.792498560835953469e+01 3.263649576833647648e-01 1.726135912179920795e-01
1.310244787008070766e+01 5.652480626542899511e-01 1.679319125507605925e-01
1.026903317821454742e+01 9.928788580197562830e-01 1.225131382323121215e-01
1.063128529976802916e+01 9.140264612287251067e-01 1.223029253244622416e-01
1.243499264214703182e+01 6.080006666291832840e-01 1.957253556872824429e-01
1.154516125346346200e+01 6.541571884065300324e-01 2.433970115136799284e-01
1.375559572496909944e+01 4.876172564912983343e-01 2.154634635760952210e-01
1.084140383884161807e+01 8.512677963924969449e-01 1.507662036823876617e-01
9.794344768383936639e+00 8.621843696494060350e-01 2.542203986583676523e-01
1.695054769756280422e+01 3.325561860559200222e-01 2.118886843972804801e-01
1.546164041161762270e+01 4.403004961352656177e-01 1.483281545378044020e-01
1.077879930025838107e+01 7.765875234705560404e-01 2.150884012376333143e-01
1.732113318008138236e+01 3.534698550034400810e-01 1.370716258561291701e-01
1.016383860737841616e+01 7.752188706999824097e-01 2.791855462863366832e-01
1.818425465239629091e+01 2.751143453052041221e-01 2.579569763661206383e-01
1.246497388245299831e+01 6.631014782365791671e-01 1.312831164586202581e-01
1.069340678932348965e+01 7.509472241736254716e-01 2.357275151257930135e-01
1.497911065749695503e+01 4.937285094712688949e-01 9.698198399263603664e-02
1.126033066603526223e+01 7.497919967618478232e-01 1.752738167752941889e-01
1.546720656320220399e+01 4.364105251446183109e-01 1.418438699860217755e-01
2.760109135249747681e+01 1.347957348626278029e-01 2.431529391971509468e-01
1.100048380880402732e+01 6.612713354618291461e-01 2.803743789519426155e-01
1.147352647080830401e+01 7.247353877036626368e-01 1.794161136446720262e-01
1.364107451235184776e+01 4.932968800820756727e-01 2.153904994413333440e-01
1.436983816679185111e+01 5.005397940730448303e-01 1.484037909489567264e-01
1.252212033752009646e+01 6.791773600218095064e-01 1.154800963018283860e-01
1.429120769444618055e+01 4.082939090887580669e-01 2.837706015917238478e-01
1.576963525628205964e+01 3.867103588485782950e-01 2.029415164996808407e-01
1.023869540582282234e+01 8.172390389070486316e-01 2.415488616586877746e-01
1.340535420355640639e+01 5.840521725208778214e-01 1.322419959610829365e-01
1.220054612068060607e+01 6.196543235795395344e-01 1.962135018908357509e-01
8.996449177237641592e+00 9.704823019491203295e-01 2.938607761429848919e-01
1.255500577134466411e+01 5.557034744985397401e-01 2.296976426117938452e-01
1.234035456043085510e+01 5.673191558710588556e-01 2.361356333239265359e-01
1.752896686229595247e+01 2.662126258992215111e-01 3.207200505237127741e-01
9.573516657721278023e+00 9.259152782371741219e-01 2.484228103201153448e-01
1.414624298231968957e+01 4.568633932358495131e-01 2.107403880201755564e-01
9.800862549674963731e+00 7.667773242844163617e-01 3.333455023745215406e-01
9.376742710386061219e+00 9.859808170275995431e-01 2.343104696239342588e-01
1.150536404044093608e+01 7.860004545458071368e-01 1.205199552734813884e-01
1.049284288844600255e+01 7.485806705899330504e-01 2.694022940143785960e-01
1.644804987297722576e+01 3.921488740196438783e-01 1.383916859869254445e-01
9.123829833794502520e+00 9.455609430597311515e-01 2.970388050872055929e-01
1.207782758001893342e+01 6.533307677847604023e-01 1.894672587129960506e-01
9.893332191978364776e+00 8.600587773125135671e-01 2.428816460817867229e-01
2.597318553580439371e+01 1.716951156394062039e-01 1.495281146335263045e-01
1.796809963809708321e+01 2.785883152620212688e-01 2.602265975272589626e-01
1.210641767502904997e+01 7.072433168748243348e-01 1.307868576380625814e-01
1.092634761211034977e+01 6.723811399909945807e-01 2.813679828822381879e-01
1.225057408362320466e+01 7.422877371128494550e-01 9.681717022244305804e-02
1.075458057092636643e+01 8.250728719290254531e-01 1.697611001222313343e-01
1.219750269954292676e+01 6.450643856825494238e-01 1.787183290017850534e-01
1.041118699645371315e+01 9.221422236070000444e-01 1.560281266775448150e-01
1.144786960908786000e+01 7.496782615495434232e-01 1.685878538125003545e-01
1.231022584193698499e+01 5.622042395861466257e-01 2.718853798978998482e-01
1.254649194701630144e+01 6.660877252972007279e-01 1.134800914069282601e-01
1.016304116508039179e+01 9.419710083074783746e-01 1.693578533198819847e-01
1.294864512858531924e+01 5.608727262489268117e-01 1.939996177109010733e-01
1.252483475067216645e+01 5.575713801564912142e-01 2.344737721326206059e-01
1.162435275952320701e+01 7.719571764397693547e-01 1.231440215091894747e-01
9.224909434165702748e+00 9.844427137103995973e-01 2.358204942274305660e-01
2.095255831043991890e+01 2.390731099439614982e-01 1.861353459456471515e-01
1.083479828891127283e+01 7.630856804407096794e-01 2.051766587444341094e-01
2.371542001523665988e+01 1.871375561793315045e-01 1.952765172810969896e-01
1.376442948822865198e+01 4.931660281348343999e-01 1.898769850152322025e-01
9.249890194615476346e+00 9.329209537651688144e-01 2.685918160229364138e-01
1.025235525061230213e+01 9.136982877297662453e-01 1.624682044926427094e-01
1.405067615430721517e+01 5.037635657049647220e-01 1.714135191248052636e-01
1.262716543468953745e+01 5.921427697788747002e-01 2.049805697642783919e-01
1.975384750146632840e+01 2.369769423690523125e-01 2.607839560445771032e-01
1.077958739241087294e+01 7.798768770043819076e-01 2.121261249090304335e-01
1.170745994115120325e+01 6.918904858454315576e-01 1.722875046327476956e-01
1.235771828385815674e+01 7.248826888042916305e-01 8.786074715219574505e-02
1.457868719772991462e+01 4.460979867568533042e-01 1.888756024979910964e-01
1.274046147390315831e+01 5.013287431412489781e-01 2.829201700017042187e-01
1.126906638458176602e+01 6.403073898801652231e-01 2.666195537467710430e-01
1.021068050866427690e+01 9.184298581532051031e-01 1.699956764013239030e-01
1.231788263826474683e+01 7.100657463216787368e-01 7.038515639629608356e-02
1.148568226467919651e+01 7.444823910557388791e-01 1.546978833625632654e-01
1.144943721586456853e+01 6.953806714348367279e-01 2.152230282727571886e-01
9.684344612834824062e+00 9.916762165188319766e-01 1.872777870262133659e-01
1.336876138872387898e+01 5.169073015412142258e-01 2.201052532628828551e-01
1.882851829610419969e+01 2.728713217195629648e-01 2.125140344751470511e-01
1.059214768934242912e+01 7.769025695789508745e-01 2.365278047729571786e-01
1.234144640304644014e+01 7.338983836421931750e-01 8.891858945826121297e-02
1.192868422684421681e+01 6.637297287650839595e-01 1.790754732486457279e-01
1.171978504089683426e+01 6.662118601545601315e-01 1.958814685113145493e-01
1.734189622097594707e+01 3.625607798681996230e-01 1.105385336527040518e-01
1.424434401782909809e+01 4.331974648237773007e-01 2.318480217858582548e-01
1.235311360307109574e+01 5.658017194581171916e-01 2.299668109378029401e-01
1.275994626565764634e+01 5.746301060938141525e-01 1.999746371761397801e-01
1.391397142351370597e+01 4.831708179870241038e-01 1.887388939184065084e-01
1.088815766554134612e+01 7.927453271789099976e-01 1.842154013627547993e-01
1.094940678843894943e+01 7.236532723518900312e-01 2.330690840946353926e-01
1.401363787019824514e+01 4.744297953784452071e-01 2.052412197633781132e-01
1.387246207075570759e+01 5.168181021918138995e-01 1.595990616483032865e-01
9.584969480807055575e+00 9.811374847673753896e-01 1.944605121134281300e-01
1.247575047364179568e+01 6.153447815171483315e-01 1.828908100723939667e-01
1.234431776108335299e+01 6.286428887520386644e-01 1.911889344058915474e-01
1.068524809360834205e+01 7.938955439665410507e-01 1.889992528671071703e-01
1.296377833427682269e+01 6.020267235228855540e-01 1.500649436884791688e-01
1.922752623240513969e+01 2.483332549853209115e-01 2.689975145569144521e-01
1.163820760811620580e+01 6.219741148807067521e-01 2.543269111146999606e-01
1.319216178180944787e+01 5.177710792890318769e-01 2.166105347594219355e-01
1.225161052148178165e+01 6.858631281376404987e-01 1.348841016142871829e-01
1.125857325394572506e+01 7.632306084700806181e-01 1.679971079276322832e-01
1.045212207699756135e+01 7.978080139379404301e-01 2.155870268642829657e-01
1.559638529408737639e+01 3.899795697058385802e-01 2.079510505002823972e-01
1.115749736168293182e+01 8.755075760531987328e-01 9.327133178547288017e-02
1.001943943538255333e+01 8.798640966817300457e-01 2.249337281891066187e-01
1.311785320881916839e+01 6.133889928177478357e-01 1.190382119942473421e-01
1.034724430880131152e+01 9.577762220216794464e-01 1.348979519079577527e-01
1.062805274108897358e+01 7.919411885640152970e-01 2.123553875664880852e-01
1.147234177359022844e+01 7.767341321874148274e-01 1.414051514874016258e-01
1.374230339665690437e+01 5.341862982026115425e-01 1.547823809693531227e-01
1.142229103701873605e+01 6.315909326518177602e-01 2.785800985694185106e-01
1.295134919325768230e+01 5.362247435667664153e-01 2.062563775126416976e-01
1.966033258449932219e+01 2.986534652140633850e-01 1.022224935029012877e-01
1.314619773527271995e+01 5.610692818039104690e-01 1.683408554395061929e-01
1.023352270426043731e+01 8.564917957254143399e-01 2.042180738866690159e-01
1.198699311435130888e+01 7.447242499008001060e-01 1.172244675744718717e-01
1.644180139573008148e+01 3.674075702045048186e-01 1.725426269293498516e-01
9.893039139175822783e+00 9.036388502757723984e-01 2.172740682195715423e-01
1.238567043852116356e+01 5.738355572150056760e-01 2.325614568687617012e-01
1.132000807531108499e+01 7.134842269447795315e-01 2.142061416744619196e-01
1.249585608138993820e+01 5.316332887711746613e-01 2.690007708728481273e-01
1.201933147589214812e+01 6.183204126139747459e-01 2.229359036717106779e-01
1.300150400593616773e+01 5.082665779260755468e-01 2.404647179769659748e-01
1.964935499857428880e+01 2.576588334512798784e-01 2.077996963117605400e-01
1.060352420695478592e+01 7.714478387051852959e-01 2.336215753048532240e-01
1.592111093118543685e+01 4.075323371565087172e-01 1.474604428649474164e-01
1.280841559818845177e+01 5.785168663429456348e-01 1.861022062829287282e-01
1.032994108582948201e+01 9.381784509684607531e-01 1.490663829459407119e-01
1.257970348150823803e+01 5.480249356725011012e-01 2.395307904946127608e-01
1.279164924769270861e+01 5.648764193153780200e-01 1.964632318823617552e-01
1.028564623553501534e+01 7.934320110641259749e-01 2.362146862985723128e-01
1.106263228998435011e+01 7.901602294496978818e-01 1.743710443405487309e-01
1.693365244478802367e+01 3.527606281095885254e-01 1.681326320175113298e-01
1.124138834460677039e+01 6.778820718743597817e-01 2.337450299592106207e-01
2.030244932893985421e+01 2.292077992841143330e-01 2.384306124717429920e-01
1.042291001055125221e+01 7.429600087221457372e-01 2.750163709336928552e-01
9.310907192178664360e+00 9.947603791061055967e-01 2.385427146034818646e-01
1.140635210800043353e+01 6.809688183871843714e-01 2.212384702931941560e-01
1.124219955693112283e+01 6.564875098596619774e-01 2.693313063457020706e-01
1.247474156091385744e+01 5.974787387074922407e-01 1.893584269903781647e-01
1.280241399252162360e+01 5.524882412286317157e-01 2.045582972873818683e-01
1.223955043555625721e+01 5.951930788803533323e-01 2.365845526508623398e-01
1.054291399307750154e+01 7.509558628449644058e-01 2.545025984926264639e-01
1.576925113763089747e+01 3.942438845613693843e-01 1.830254395824331415e-01
1.611201180458070681e+01 3.833395324149900252e-01 1.765823678586443957e-01
1.196323944966972519e+01 6.404051468278808557e-01 2.026816867230067376e-01
9.433073696595094759e+00 9.487194308543740462e-01 2.452706697542316738e-01
9.568815449460227995e+00 9.255843239056620320e-01 2.370316955655902558e-01
1.132159544823281649e+01 6.719134564798955322e-01 2.507979298518990263e-01
1.481389903210550152e+01 4.158402252357227269e-01 2.307981537165126884e-01
1.269342331377683486e+01 5.217717847444314216e-01 2.696799467580244247e-01
1.186970543423576707e+01 6.383659494887401475e-01 2.163212541364596675e-01
1.474058554291413436e+01 4.728576905560200050e-01 1.362125496096970312e-01
1.898040935367216520e+01 2.747111463559406275e-01 2.194028889857504716e-01
1.515475938461203675e+01 3.805433636003990316e-01 2.461983195325798124e-01
1.230440514443087885e+01 5.918395971087644369e-01 2.203648875131813956e-01
1.932961032479071051e+01 2.636995565972797828e-01 1.927705531875295308e-01
1.267027003394383655e+01 5.441416309923199357e-01 2.465424144621674307e-01
1.374890131395537196e+01 4.873815485366744804e-01 2.051621887184187920e-01
1.078993974224747987e+01 9.226022103248312511e-01 9.930400756152278630e-02
1.459310395454727072e+01 3.782107884408792975e-01 2.250169683862299208e-01
2.116720575124583448e+01 2.053282395443787045e-01 2.821974312126507289e-01
1.154653674706830024e+01 7.105269346864284685e-01 1.828286956664904317e-01
1.184669167310699223e+01 7.143422774480097104e-01 1.440911750233292710e-01
1.027837617497597655e+01 8.162901521526864101e-01 2.586571737667089921e-01
1.049291232661345319e+01 8.989053924318317623e-01 1.418886031869723285e-01
1.523430756944848241e+01 4.501762739733106145e-01 1.360856422260735832e-01
1.041225139238277642e+01 9.894688532947788495e-01 1.137229176471359071e-01
1.038178926614664199e+01 9.223999224066911085e-01 1.514845877531907081e-01
1.170069248400677786e+01 7.661056664677964312e-01 1.269547522955276897e-01
1.604692138026582526e+01 3.839424684631532192e-01 1.937605647805161757e-01
1.065908953727152841e+01 7.058357167677178357e-01 2.936126943310208848e-01
9.835219857979190294e+00 8.500043566268967732e-01 2.530492040831056610e-01
9.816429289927590673e+00 9.094721699169867613e-01 2.300137501279201080e-01
1.080279569257816874e+01 8.103504743114079423e-01 1.927835047360878240e-01
1.155035609460810520e+01 7.493565216277692231e-01 1.565391314358145491e-01
1.970816676729328165e+01 2.563569131894851139e-01 2.147647608156913468e-01
1.509792732793818537e+01 3.857516391409208101e-01 2.518087262943793925e-01
1.392276663562393679e+01 4.945392150948298982e-01 1.762975296946838188e-01
1.191336845479040285e+01 5.982569314801019500e-01 2.774803161941318264e-01
1.311775161137058276e+01 5.229386454083815305e-01 2.139144829927738523e-01
2.119806125778242745e+01 2.320241785111482880e-01 2.015689762610326230e-01
1.321453274299911484e+01 5.574757041125759649e-01 1.640353873330610834e-01
1.098955883893553676e+01 7.702438060400389475e-01 1.893723116246623372e-01
1.195987083006291130e+01 6.076872666801405032e-01 2.420191620575613267e-01
1.260273202478523658e+01 5.238313803569079052e-01 2.750825562668041124e-01
1.904258076915398590e+01 2.991930299258118153e-01 1.371208168945064754e-01
9.904742969996362945e+00 8.245386525882344442e-01 2.680140250024691251e-01
1.142681247953599133e+01 5.487881416735409523e-01 3.683016176209188974e-01
1.244449007179499489e+01 6.141726918901890819e-01 1.810133086418199977e-01
1.389933641952512922e+01 4.749361690595033103e-01 2.158370363825876936e-01
1.089065607771781785e+01 7.024429605485169592e-01 2.511086478873785777e-01
1.105442762764367615e+01 6.853236631645547305e-01 2.381875806732808298e-01
1.668168153116444685e+01 3.373327276080739789e-01 2.198711493806831674e-01
1.053922899981460048e+01 8.445451314227876427e-01 1.841932650120371717e-01
9.967139021841614266e+00 8.888891830028853303e-01 2.241783294367833412e-01
1.232492083161798035e+01 6.179558594799715587e-01 1.956360776124745349e-01
1.538534022647328570e+01 3.686176488710730115e-01 2.501638345707788980e-01
9.640109092681417025e+00 9.121169668648280160e-01 2.431859276375817891e-01
1.159115384793008552e+01 7.752888787508770418e-01 1.195145168673003716e-01
1.262531222622754079e+01 5.211564864212220316e-01 2.726592192010333093e-01
1.510163200111384185e+01 4.462437237217157793e-01 1.568119259369777363e-01
1.747713053098847880e+01 3.097216362558675162e-01 2.152060997160264166e-01
1.199083846466788827e+01 7.326667966767980156e-01 1.191433392703685340e-01
1.038673868557384772e+01 8.040845331658252881e-01 2.133451848052964894e-01
1.555403961219772846e+01 4.132116933613285137e-01 1.800877657000441723e-01
1.079482311831912433e+01 8.550165055362252131e-01 1.423858015888927186e-01
9.874132531506106147e+00 9.308207626388660394e-01 1.968877227736945956e-01
1.297352094951820689e+01 6.245661167126151936e-01 1.203464398631028803e-01
1.138062125646692380e+01 8.546599121900273488e-01 8.368689341133048187e-02
1.188353167164562763e+01 6.560393527861879681e-01 1.848003934381118041e-01
1.321656087802224988e+01 5.549011811653148385e-01 1.824974094424693383e-01
1.089670531613580629e+01 7.390917930196090335e-01 2.082942153628030146e-01
1.113292283821592576e+01 8.121992279001537529e-01 1.422185516591439047e-01
9.518368478185385229e+00 9.547297423096379188e-01 2.405821437063563606e-01
1.219863018864448634e+01 6.451515018613740438e-01 1.785784156949772328e-01
1.153437050807370667e+01 6.711439393752529625e-01 2.092679571104451020e-01
1.271686167303127846e+01 5.648836418285545502e-01 1.980179065963272311e-01
1.394529265900416881e+01 4.637417036322046826e-01 2.235806316321854448e-01
8.929900730742566850e+00 8.419533091001202285e-01 4.023093176041040997e-01
1.144466273965089975e+01 6.801423241633237637e-01 2.222472883833262747e-01
1.327737781096347369e+01 5.439457432689293048e-01 1.777010517778818410e-01
1.643847535749220867e+01 3.604983480429272968e-01 1.979640794986868846e-01
1.757768699254951983e+01 3.340305583470620232e-01 1.631196987786730779e-01
1.039178982232914450e+01 9.221422236070000444e-01 1.581859531202892133e-01
1.491904525164109430e+01 4.144923238080344130e-01 2.140373349933085700e-01
1.208050628054939146e+01 6.283115000159260610e-01 1.599706428523481883e-01
1.348004201803406588e+01 5.661719406124425813e-01 1.476223771949104480e-01
1.113178351566461544e+01 6.985740187223165032e-01 2.313646525113335073e-01
1.294649586547564191e+01 6.674504599412347527e-01 8.887587394151490183e-02
1.086211837521996237e+01 7.378886650350033882e-01 2.281459323328270672e-01
9.575270528655993374e+00 9.430962437379184493e-01 2.328195808851906412e-01
1.002680266031279110e+01 8.234315910897227475e-01 2.515828250686362177e-01
1.234889869360792325e+01 5.636410776794237298e-01 2.308222964920298992e-01
1.213496454949815728e+01 7.620427927450568184e-01 8.902826670959240740e-02
1.364341304396337407e+01 5.927172999501577610e-01 9.803319229892613895e-02
1.288353825675235775e+01 5.230991480327895626e-01 2.242831813350368297e-01
1.140326113620102788e+01 6.126078253067732682e-01 2.934706267517249167e-01
9.587735960503122712e+00 9.524695295012078899e-01 2.475338428651502887e-01
1.230681064665793478e+01 5.629153844041812071e-01 2.666427108987169947e-01
1.197666761768564214e+01 6.316422999605684208e-01 2.149853347016183192e-01
1.160457505498697017e+01 6.338712181337426976e-01 2.549532754887977037e-01
1.055444860539820873e+01 7.571200576390659798e-01 2.451769498261646418e-01
1.065905389627372024e+01 7.107481012155438815e-01 2.707242248521767314e-01
1.017337674106835088e+01 9.579090014582534174e-01 1.477307188344448574e-01
1.531189773381152541e+01 4.418129210427652609e-01 1.338475893569461839e-01
1.145591796472252710e+01 8.111833481629290299e-01 1.079937931719849309e-01
1.436860343939235918e+01 4.121830806385000101e-01 2.716229574481658360e-01
1.047830890394261161e+01 8.484135457822911119e-01 1.747416398856928565e-01
1.238460802057124077e+01 6.447311899505084876e-01 1.483551267392807516e-01
1.137819181597519780e+01 6.959236924491594145e-01 2.096351707373959872e-01
1.201369583494819970e+01 5.933443951477124223e-01 2.593946595941548638e-01
9.789362728975131489e+00 7.782054981541095540e-01 3.356600794144724564e-01
1.513561438309224627e+01 4.292570709566356779e-01 1.619194233032658636e-01
1.301347984850707462e+01 6.102855533674071964e-01 1.231516988652946870e-01
1.510084263949712025e+01 4.150504593083798044e-01 1.970685630958923518e-01
1.188510737023340269e+01 6.192238511838876747e-01 2.137442726120453163e-01
1.104649935700671115e+01 7.425344926194431538e-01 1.983603648701102729e-01
1.265485235307853706e+01 6.425596843236597300e-01 1.348356056644797185e-01
1.453284059264181849e+01 4.047697213105774239e-01 2.700742764181584543e-01
1.616327647183134530e+01 3.479641343890167438e-01 2.397852057657417213e-01
1.483476133859159063e+01 3.845391162636696558e-01 2.670873461567979668e-01
1.148123571752025285e+01 6.943376450268491373e-01 2.119934075358777814e-01
1.011057508401734495e+01 8.136589678075109022e-01 2.694310067197415726e-01
1.222571936033286910e+01 5.929304322115031001e-01 2.279847555400816295e-01
1.131470103273749217e+01 7.977453935806353424e-01 1.361417294902949882e-01
1.882298798171158083e+01 3.147999837641473064e-01 1.164656228022027395e-01
1.646953625352464812e+01 4.080393870405725210e-01 1.235446290140622544e-01
1.080584139671769783e+01 6.584370074904275505e-01 3.183532384925835124e-01
1.485653773458523652e+01 4.618240975750401156e-01 1.556074037380218433e-01
1.095407483683518279e+01 7.541249810876591297e-01 2.144042542568976861e-01
9.867277164935265077e+00 8.895828366153402111e-01 2.253328242941571302e-01
1.128617367826357132e+01 7.445470001144895988e-01 1.732383691296556505e-01
1.289062400427816968e+01 5.735948143774785013e-01 1.808411287885025032e-01
1.023694845157686828e+01 8.762778226573938456e-01 1.788754292438650417e-01
1.028375187114460054e+01 7.917435945347236492e-01 2.531244321850405488e-01
9.939500828960282419e+00 8.687710338413924260e-01 2.296403720088120159e-01
1.267655031731358406e+01 6.499221965116476207e-01 1.343608964904268455e-01
1.306672414337324817e+01 6.445457504065619236e-01 8.359048868271116983e-02
1.085050284861662995e+01 8.634323353605704021e-01 1.380424642323682116e-01
1.171172001713767585e+01 6.545269879512054523e-01 2.185419203570241609e-01
1.208101484195767128e+01 6.238653307861877773e-01 2.065155442610270287e-01
9.976399088625827360e+00 9.680900318791587633e-01 1.712392313296564605e-01
2.169903678866020869e+01 2.362820132673416340e-01 1.478906226600046336e-01
1.240659052109836047e+01 6.445457504065619236e-01 1.412464992635623362e-01
1.160796325018241504e+01 7.719571764397693547e-01 1.247298104227862470e-01
2.251306683353062610e+01 2.042226740729728984e-01 2.081100811858879185e-01
1.310948879801858524e+01 5.500571420672650813e-01 1.973268126432562997e-01
1.621248017374555062e+01 3.713420692400682399e-01 1.792152569058412248e-01
1.168615996803625734e+01 8.174477702904120457e-01 8.398332641725289593e-02
1.109413788769506581e+01 7.375112705690658466e-01 2.192366939122531166e-01
1.090997912555954841e+01 7.698837748677838100e-01 2.014065150035523333e-01
1.316836160103895459e+01 5.644056755826281080e-01 1.744337211729803661e-01
9.788480567947354771e+00 9.040460421345616338e-01 2.296726664007754104e-01
1.100957029873581661e+01 7.582394271491309512e-01 2.001949795912802144e-01
9.452740204698960369e+00 9.538380085734285974e-01 2.264421299129642795e-01
1.319264533722816779e+01 5.344841163349504098e-01 2.044362850562523592e-01
9.611754380838757328e+00 9.346251745164694258e-01 2.406034868901253954e-01
1.255034224549204858e+01 6.507707893585619185e-01 1.327189906001363662e-01
1.075034462033199745e+01 8.570720400957229090e-01 1.517027248097551628e-01
1.002704092250186640e+01 8.783538830806324471e-01 2.317147671904253026e-01
9.527047574259738028e+00 9.958665265503090502e-01 1.977968946887181667e-01
1.062609597793434801e+01 7.911802321044358877e-01 2.073939206034695892e-01
1.080912654612146007e+01 7.500724662564373091e-01 2.191171941332609729e-01
1.041650924380793874e+01 7.732739461201996178e-01 2.368701162727089859e-01
1.766270210789452477e+01 3.277555957358421201e-01 1.593061498392830955e-01
1.217184916849281429e+01 6.358799445137279793e-01 1.744165230073476125e-01
1.069714848512685990e+01 8.227367413010531205e-01 1.655464407234387980e-01
1.184756612851519542e+01 6.183634874334895670e-01 2.324143070075349871e-01
1.234346888821145782e+01 6.516301785078935094e-01 1.565021632453353628e-01
1.341870532087397372e+01 5.338857218553919592e-01 1.743941645022020759e-01
1.110682362687944646e+01 8.221564751486485356e-01 1.496665374674184812e-01
9.810032664135805547e+00 9.487202756324140118e-01 1.906671873481440849e-01
1.455839083296032577e+01 4.148904177921334258e-01 2.270963669221312542e-01
1.275800940786056437e+01 5.862094071753211066e-01 1.836756438426547233e-01
1.093814697920148937e+01 7.880908196843189328e-01 1.952739366969486468e-01
1.626223892626441980e+01 3.954627052249355956e-01 1.363064331707456722e-01
1.105063302282194471e+01 6.407069315950534305e-01 2.976705022415658264e-01
1.297861404584038425e+01 5.736261137741744953e-01 1.736743188601124754e-01
1.111391495908723392e+01 7.194992862540148248e-01 2.142560785511341548e-01
1.400102089573346476e+01 4.485579084033829989e-01 2.341960724639544356e-01
9.920965163563502998e+00 8.976848102524755957e-01 2.202316811333001889e-01
9.609686597277210751e+00 9.596814662967115828e-01 2.147628210172373153e-01
9.812214088722873484e+00 9.443368742223527956e-01 2.099560703271678708e-01
1.058878331812203477e+01 8.247916305748419497e-01 1.849709382258155899e-01
1.363672871982760881e+01 4.878076349302458148e-01 2.227291398514792131e-01
1.357389213207431844e+01 5.878847396825476190e-01 1.115402526322331889e-01
1.340614730899825346e+01 6.067597234530727190e-01 1.115440558800196158e-01
9.003238694162297051e+00 9.548301452070439010e-01 2.878036602726575799e-01
1.063578191450350019e+01 8.274561281223592468e-01 1.715254318075834505e-01
9.674432921003557340e+00 9.743372264658947124e-01 2.063330914863204246e-01
1.390356276722074291e+01 4.430540491882828391e-01 2.709424546142578105e-01
1.202057550926354956e+01 7.590817687599414887e-01 9.873529713452723622e-02
1.023278822176560610e+01 8.723214101674140464e-01 2.042291634443506865e-01
1.037449759196174881e+01 8.213888529045849651e-01 2.225169351648312588e-01
1.299001205505324386e+01 5.393611079907734140e-01 2.074902987247164710e-01
1.035849824436730771e+01 8.328323553770836662e-01 2.060851588012292401e-01
1.625389140437638247e+01 3.529574900341317378e-01 2.187982457575477213e-01
1.004091885787047822e+01 8.967989124130293366e-01 1.933658831041783210e-01
1.079570715910367973e+01 8.785146864650749121e-01 1.554342680999175053e-01
9.316028880083200292e+00 9.742472125277132911e-01 2.543367792946432115e-01
1.382037279571346389e+01 4.556119651474476173e-01 2.442822819753214525e-01
1.092815865688775290e+01 7.177419791477481770e-01 2.605358679570226599e-01
1.076037555555105563e+01 9.089983090909016239e-01 1.231220451005064359e-01
1.812666426583340140e+01 3.122544872397987614e-01 1.564737010123314898e-01
1.254600567601109162e+01 6.661101794129905551e-01 1.334405839772576097e-01
1.733749381476279083e+01 2.967220729408358015e-01 2.673285559468057682e-01
1.069438672678452207e+01 8.666251931005528597e-01 1.526213698547739805e-01
1.390005806532229649e+01 4.388500851378543954e-01 2.672083903034787600e-01
1.430493440417668616e+01 4.443337498674402308e-01 2.202593164775271950e-01
1.046157282403240174e+01 7.640815809362602185e-01 2.525592453417890848e-01
1.090377068486672130e+01 7.849575574330894812e-01 1.808424234260555818e-01
1.239669493708147208e+01 7.682093681935442397e-01 6.033826489358042056e-02
9.699969195435659941e+00 8.712332411120956577e-01 2.649659759511126533e-01
1.489276165843043565e+01 4.491536722047718144e-01 1.733032731446784713e-01
1.200384722312195152e+01 6.129933006327629164e-01 2.220865278044298619e-01
1.179441951040171332e+01 7.658850073730775199e-01 1.022735784948522464e-01
1.361363708168173048e+01 5.140728982195660324e-01 1.899861075185033388e-01
1.009188371111390836e+01 8.734433389033451345e-01 2.241319689796991976e-01
1.061178561347544225e+01 8.253265380571266352e-01 1.678636801955858404e-01
1.195925474714938197e+01 6.714731159860870546e-01 1.541314481397755010e-01
1.367903927607989267e+01 5.116417829351304070e-01 1.937548433896842670e-01
9.506459454515303165e+00 9.938036057990430328e-01 2.010368375975088162e-01
1.223688611685633099e+01 5.496660290605501764e-01 2.856870489566813998e-01
1.436535658504588397e+01 4.201226812981663228e-01 2.512029559804066503e-01
1.065782557673541930e+01 8.161244057634757798e-01 1.834321151145031081e-01
1.141345173100949850e+01 5.815783751455488870e-01 3.205157230033744975e-01
1.695020023545784937e+01 3.526569090900212311e-01 1.601743510641465973e-01
1.040677827615807161e+01 7.251034722997540261e-01 2.970447377479010220e-01
1.558150825470876377e+01 3.842868271937531777e-01 2.159321535461956598e-01
9.926372862635755467e+00 8.659581787953462007e-01 2.415783862392110459e-01
1.101329322866894778e+01 7.467595814384131447e-01 1.994685627376648895e-01
1.224960748713937164e+01 6.446350122177605391e-01 1.600413331544589812e-01
1.163933556882329157e+01 7.531052856606196277e-01 1.606370662450387898e-01
9.649073866665244026e+00 9.234653330849891262e-01 2.240246937305772068e-01
1.530327533671188256e+01 3.936076774480063989e-01 2.239260934597032127e-01
1.061905291499867765e+01 7.888565566400399520e-01 2.116619458497028261e-01
1.097094161933761391e+01 7.129134036683416609e-01 2.317554380364934274e-01
1.265630727804478894e+01 6.473996169138458434e-01 1.510550609287017731e-01
9.405959578262187648e+00 8.909709747862639695e-01 2.853339310473274049e-01
1.036785702981591406e+01 9.824494273766045671e-01 1.143096458377521468e-01
1.411504083133359799e+01 4.706972547525055117e-01 1.967886740008790714e-01
1.104761864401837634e+01 7.841101675072511545e-01 1.694267711707328483e-01
1.459533526232919520e+01 4.599269149556421965e-01 1.787842295752630761e-01
1.372303643559486730e+01 5.391080532728845798e-01 1.516118953826084137e-01
1.152539042418078807e+01 6.537043017593309191e-01 2.315544617230529401e-01
1.280176407916878922e+01 5.730725702878218808e-01 1.941107989867005279e-01
1.428530089941756565e+01 5.039134182507708504e-01 1.533591147997279969e-01
1.008698404852010455e+01 8.582856305093790050e-01 2.009425157936348405e-01
1.242580970022730114e+01 7.072109194629286888e-01 9.062971893978276350e-02
1.255935587892290961e+01 5.999364610538052700e-01 1.994442454190304970e-01
1.090074370873870002e+01 7.746668410128120241e-01 1.897610203598160961e-01
1.030062901914571505e+01 7.737817902684502869e-01 2.677898659907864132e-01
1.896009849366851796e+01 2.803544637348511226e-01 1.901998845059351406e-01
1.037598681957970470e+01 8.079228224683503434e-01 2.269900856748243434e-01
1.002817451898674506e+01 8.898586465291744574e-01 2.220521269147448240e-01
9.660670429208700227e+00 9.208325906213477019e-01 2.299616408110305155e-01
1.478588055639245091e+01 4.170219211699682793e-01 2.204811834624304523e-01
1.007537756751587921e+01 9.693656440154420073e-01 1.509398051409616137e-01
1.168915790761472451e+01 5.961992893645174929e-01 2.711788604935400082e-01
1.399631680979955739e+01 4.956473741817969958e-01 1.861315534367180557e-01
1.159220859058493325e+01 6.448686486931541895e-01 2.276969533342287910e-01
9.956281187588180259e+00 8.706130868723906957e-01 2.308845730258161644e-01
9.986170054118588268e+00 9.400114821485063832e-01 1.841689993175007201e-01
1.114067207633339507e+01 7.671216944909182711e-01 1.931919285407208142e-01
2.259470898724727661e+01 1.938005196818036457e-01 2.308977394390263060e-01
1.977288806914804908e+01 2.349831340782940481e-01 2.575825000554017308e-01
1.483704441849005917e+01 4.855207498122243170e-01 1.326133107115262943e-01
9.898479625057785114e+00 8.173037854786247003e-01 2.650880539642009870e-01
9.580710206377808902e+00 9.754833179951838407e-01 2.005233161498411187e-01
1.071552705594855937e+01 8.328323553770836662e-01 1.658998138653922094e-01
9.950391466349444158e+00 8.692076963670146705e-01 2.292307934061620922e-01
1.251638476225083707e+01 5.696131647147999466e-01 2.133080988211041029e-01
1.515316567574927298e+01 3.773819799758431071e-01 2.606360551162810180e-01
1.199199921158601789e+01 6.024036970459278884e-01 2.613474565327167376e-01
1.041125438776501611e+01 8.539444758261729440e-01 1.802243471730859414e-01
9.477981101693695010e+00 9.804763780274512452e-01 2.387088356555417401e-01
1.429027700265252854e+01 4.184389047759417002e-01 2.655427880539411589e-01
1.437007315150113484e+01 4.927888665486945818e-01 1.513626844879108202e-01
1.710360532610541995e+01 4.067083063459375203e-01 8.115550186228755181e-02
1.008793707002733697e+01 7.598320741877111484e-01 3.029913756157461835e-01
1.136797487132327689e+01 6.836898948620960814e-01 2.400466362360170747e-01
1.380135112696338773e+01 4.849271696081268734e-01 1.879129694751293378e-01
1.041306014812251135e+01 7.141490571478086302e-01 2.772743853206368070e-01
1.080245900908491663e+01 7.571625105102990361e-01 2.252605623283190361e-01
1.735099683302858509e+01 2.855772111989756668e-01 2.972353665973069825e-01
1.281515558454461789e+01 5.709031957660852807e-01 1.898646020645909094e-01
1.621322455559033671e+01 3.333471736761508541e-01 2.410952802443672716e-01
9.878237675443374499e+00 9.517474785462297637e-01 1.923135047250020824e-01
1.208261997161616108e+01 6.714892047111084006e-01 1.850170024658356061e-01
1.177972721331428474e+01 6.987246126243278344e-01 1.719404660233939952e-01
1.783123045670138040e+01 3.088398647404386188e-01 2.001935061052976528e-01
1.862360424022373095e+01 2.650976811330034710e-01 2.567570946988456670e-01
1.027416383235719088e+01 8.654698027547025330e-01 1.934239321144708146e-01
1.966823827223159782e+01 2.462080073929301949e-01 2.341241522976212630e-01
9.935479407961500087e+00 8.909709747862639695e-01 2.168309654300323852e-01
1.094960295626166769e+01 9.067020935877552201e-01 8.358266938025971093e-02
1.171578138081242138e+01 6.184877424404309210e-01 2.589472712555179190e-01
1.302567244207090091e+01 5.608727550937967488e-01 1.830609950107111306e-01
1.494735938228349426e+01 4.637639291932710295e-01 1.475008897504915817e-01
1.320926472776917393e+01 5.357574401023563748e-01 1.866930711070853566e-01
1.006610845940553745e+01 8.229640568026173053e-01 2.663093241449908111e-01
1.254410351709258009e+01 5.906142144431083540e-01 1.869407331781757775e-01
1.201785947582288472e+01 7.103708228064006258e-01 1.386343822316189189e-01
1.207270414605696907e+01 5.910795000078833406e-01 2.503510247064383853e-01
1.239311963367069325e+01 6.923831473562698235e-01 1.075625351592348622e-01
1.160028719423146448e+01 6.403999684309946705e-01 2.443564317397578789e-01
1.249949105827467655e+01 5.310805410618231193e-01 2.855357137547924751e-01
1.333424218182121201e+01 6.347933829875016531e-01 9.938522969946674002e-02
1.475502127792221074e+01 4.418078994343599963e-01 1.878076013809029665e-01
1.335157695618387308e+01 5.313087035955550430e-01 1.928405949548623599e-01
1.277206042495953042e+01 5.248875393271413836e-01 2.659305125430638794e-01
1.428434916679101896e+01 5.171115444319909216e-01 1.245132511196286873e-01
1.197903652818559372e+01 7.225556497382144006e-01 1.226958485170292629e-01
1.328526892915550128e+01 5.472175551609136379e-01 1.839449456293270890e-01
1.500428384484207278e+01 4.612098970820707189e-01 1.423836137232455112e-01
1.330980569233149424e+01 5.822173806443170507e-01 1.518987845805550019e-01
1.118708035468255702e+01 8.479192833210936753e-01 1.136219846561719732e-01
9.949629922672697191e+00 8.997610301387672926e-01 2.222588452870867815e-01
1.036203428279613625e+01 9.274997672004016147e-01 1.617652163134463694e-01
1.153830648537887349e+01 6.242108096200524869e-01 2.603079493786967791e-01
1.326389509032683200e+01 5.073411862767637226e-01 2.176318396773671560e-01
1.055386602607848801e+01 8.173508081489149202e-01 2.081175721289354463e-01
9.228919963184720743e+00 9.833834042609808090e-01 2.376899113472462632e-01
1.227331840400663765e+01 6.815630146452228422e-01 1.335311851372769087e-01
1.073001709265374970e+01 7.891995983609121357e-01 1.951937158404148109e-01
1.024332292373178710e+01 8.430378189380407505e-01 2.314257876978635664e-01
1.627253043624950024e+01 3.311954076115054546e-01 2.696452822024875684e-01
1.028105280333101845e+01 9.139307687856371709e-01 1.715557959295302692e-01
9.571194942844341469e+00 8.542431021736394126e-01 2.841316794547779634e-01
1.094634052588845208e+01 7.110654620476811738e-01 2.362548897501657030e-01
1.813187798656350225e+01 3.203865676791696759e-01 1.529193509624980074e-01
1.094460865424229290e+01 7.090515630851946804e-01 2.427344302281612964e-01
1.135320051527103047e+01 7.545269703854866616e-01 1.787839646722459153e-01
1.492693075365069788e+01 4.075323371565087172e-01 2.238848897675743410e-01
1.192564868682328338e+01 5.631228972276278721e-01 2.931652674305125217e-01
1.125345036772438867e+01 8.268815241251300518e-01 1.219434562231163505e-01
1.125020666524642365e+01 7.025556892388284957e-01 2.136811710472627801e-01
1.309627274830291199e+01 5.046850530824457115e-01 2.264125909878851595e-01
1.379549635742529290e+01 5.670943948435499538e-01 1.164226064044614900e-01
1.330441240950851522e+01 5.581709132422575381e-01 1.633098659612219061e-01
1.362677895096206448e+01 4.907289145867502755e-01 1.989801888469397706e-01
1.028608176820573483e+01 8.105964621864023556e-01 2.448227895269340093e-01
9.922213345383047667e+00 9.662762685272735519e-01 1.776748077259678871e-01
1.495680755323884270e+01 4.479533240402705507e-01 1.774356074993823640e-01
1.210175868664447663e+01 6.515562180032832273e-01 1.825747290593313088e-01
1.005817912168308581e+01 8.010520934072667965e-01 2.502003442046284443e-01
2.013116855195006494e+01 2.992424146611697977e-01 7.943040087350621004e-02
1.379715607532318522e+01 5.002003286143752447e-01 1.835170893808640291e-01
1.028945799340890233e+01 7.656503738810951365e-01 2.756699773695158728e-01
1.522936265884149876e+01 3.978696500868689756e-01 2.097477361801492746e-01
1.153862207159859210e+01 7.621820395129098591e-01 1.442070630414769294e-01
1.276566649137645548e+01 5.873599250451595477e-01 2.014441243910536639e-01
1.018964870153736690e+01 8.753007341735272728e-01 2.018761744114177525e-01
1.338350664015909786e+01 5.292020898839540077e-01 1.760426952166066206e-01
9.802694380298394350e+00 9.827500858735459532e-01 1.837057578428140658e-01
9.750798708204394316e+00 9.091669558217895242e-01 2.260090528027537959e-01
1.202901882662471600e+01 6.259027924894019490e-01 2.098184573282842469e-01
1.679928560947249139e+01 3.901407742749142260e-01 1.250420071043408243e-01
1.271814384018914623e+01 5.600742342090202497e-01 2.114120734595235362e-01
1.154255856376432732e+01 7.949484177266817886e-01 1.223123773455925545e-01
1.133099165086400184e+01 8.002846872345108498e-01 1.187961645910628472e-01
1.945984202868217849e+01 2.582910931120425690e-01 2.202362207965381513e-01
1.425602564471414802e+01 5.332432193422518285e-01 1.103459822522778883e-01
1.317529393691668638e+01 5.750739544949066140e-01 1.351690757165240619e-01
1.018956621752641212e+01 8.582105327107235615e-01 1.792543218701403152e-01
9.499690607505147710e+00 9.848129364480053827e-01 2.102668305266607029e-01
1.037383451361215414e+01 8.109336168569172276e-01 2.341602104616934688e-01
1.156611781937124306e+01 7.562534877796638355e-01 1.271361059599421528e-01
1.508482127535523354e+01 3.966430902884600096e-01 2.255868225198197352e-01
1.368539332841923262e+01 4.683014636189651303e-01 2.493282247315037337e-01
1.061372329262755976e+01 7.957576267396089253e-01 2.021824077914576301e-01
1.053025243619649309e+01 9.178214338229447877e-01 1.330760254147318744e-01
1.060268386258945306e+01 8.735310617155518376e-01 1.655757021886108404e-01
1.266761789338277922e+01 5.476221862934157469e-01 2.398346028580683742e-01
1.108834493274183686e+01 7.375112705690658466e-01 2.198736675352780390e-01
1.126782042873386835e+01 6.932697041680031536e-01 2.288331259425178121e-01
1.237624124698579564e+01 5.282157445788211447e-01 2.781989849989998653e-01
1.246555939395882184e+01 5.673956883001981533e-01 2.302356850052050818e-01
1.513426065685659871e+01 4.811549748697297457e-01 1.114179829114801124e-01
1.455841851481114446e+01 5.136065921107528798e-01 1.045286947645215625e-01
1.274086528992261336e+01 6.242577396366197906e-01 1.033045629845341234e-01
1.237051916332104184e+01 6.873408671487841737e-01 1.090832173954495304e-01
1.724567021573951209e+01 3.769805835043215092e-01 1.172598547323998042e-01
1.118806099327163217e+01 6.735634247538555552e-01 2.396335708520637153e-01
1.369774532669761591e+01 4.553154952039614733e-01 2.586667067314062929e-01
1.187546596374586727e+01 5.329588279085966107e-01 3.326808437088019099e-01
1.083658332452046302e+01 7.597140842663382410e-01 2.042118469458533148e-01
1.437811323542977959e+01 4.914681550381064246e-01 1.622195295292861439e-01
1.028339049055865750e+01 9.726827294593169970e-01 1.286437105209524423e-01
1.427283262062460523e+01 4.674679043756425068e-01 1.987129993577460563e-01
1.394546311278877404e+01 4.586594134112120802e-01 2.339692745104351435e-01
1.187891952135641560e+01 5.007238264921656246e-01 3.643664283491459543e-01
1.136170036241292891e+01 8.084167129323818202e-01 1.076610541177212554e-01
1.227925918232409686e+01 5.804976982834435528e-01 2.273952542322897341e-01
1.381503372981712907e+01 4.753993208848361629e-01 2.224938245235232592e-01
1.194712486051859557e+01 6.158459127103598219e-01 2.221695320397101547e-01
1.289621030197395513e+01 6.092455268425668313e-01 1.362256717771660464e-01
1.662853896336592641e+01 3.900312928983433736e-01 1.328800468581162186e-01
1.064737695534097739e+01 7.613135733100968583e-01 1.997517373133063656e-01
1.073830296928916539e+01 7.758103025759462978e-01 2.424187580369174533e-01
1.663098779542283623e+01 3.089037850211637237e-01 2.790107778185919041e-01
1.598232020655266794e+01 3.801765555824354048e-01 1.832653053870399174e-01
1.118234456746167282e+01 7.040060639625279615e-01 2.412453324312726910e-01
1.562436841133546395e+01 3.614226818612080172e-01 2.496557611784534225e-01
9.455637592502583288e+00 9.721163808058838063e-01 2.261409768327990732e-01
1.210143458719126031e+01 6.847144975861749749e-01 1.626737245221099581e-01
1.045324139166960897e+01 7.470041373440977628e-01 2.552243006747204057e-01
2.299947593282892555e+01 1.811010390140720405e-01 2.676834518996328849e-01
1.289838200273761792e+01 4.962335194783982217e-01 2.597963059669934349e-01
9.185768190491170770e+00 9.900509105777757224e-01 2.501468312116991166e-01
1.131437887222475247e+01 7.707101009836918593e-01 1.566091085199149968e-01
1.093816840372776689e+01 7.311344549145017968e-01 2.273296135598716072e-01
1.366020260913921724e+01 4.908453045459997277e-01 2.152621359286029101e-01
2.212111101625442089e+01 2.193415619029923103e-01 1.756546938754754428e-01
1.123255173381951266e+01 7.504856296840637375e-01 1.862814715449329916e-01
1.071567581620629817e+01 8.547423530798923252e-01 1.563404131039502765e-01
1.674812440071220720e+01 3.844158925444045583e-01 1.235640439477339314e-01
9.955265006649389292e+00 8.983451199869448844e-01 2.065026571471732242e-01
1.139662687463147428e+01 6.731734673225443499e-01 2.299645460186458823e-01
1.260295925091451075e+01 7.020230535106171121e-01 7.706085727149578068e-02
1.026256986592155762e+01 9.352696695415400052e-01 1.583223456995718481e-01
1.370121506059223648e+01 5.284229818371417586e-01 1.613475628798999584e-01
1.155036928605963098e+01 6.317879872208087555e-01 2.531993246183010804e-01
2.427850246243676935e+01 2.053202360631209422e-01 1.000790235655313054e-01
1.158184850169107172e+01 7.929035364227999816e-01 1.106243531092514221e-01
1.707995023373342747e+01 3.425262516808746383e-01 1.958868559397044240e-01
1.250087974044510375e+01 6.749210564442550409e-01 1.164810404381928649e-01
1.377682555858620717e+01 5.218075870361739144e-01 1.645133818555084004e-01
2.150407982962753906e+01 2.303953031219605763e-01 1.689963208210711332e-01
1.064342215524506052e+01 7.634183680164168262e-01 2.399224110447812086e-01
9.733476551908445629e+00 9.479043730255796163e-01 2.086341336789258039e-01
1.111195716542287037e+01 6.703893661337652077e-01 2.668527056425424870e-01
1.299161656764317918e+01 4.895982940036807674e-01 2.767697486753326608e-01
1.730984951993348275e+01 3.450034209728605750e-01 1.603220725173903627e-01
1.723114877903017117e+01 3.494053842041430213e-01 1.623951633668919980e-01
9.444314462602205751e+00 9.403354013059723737e-01 2.448339206147829294e-01
1.840342967088200155e+01 3.417404033007681585e-01 1.119597656039932193e-01
9.852097328692243750e+00 8.892542714582728491e-01 2.412236490643713538e-01
1.001707618484470785e+01 7.837272535347529212e-01 2.913859055570856560e-01
1.457143207209147917e+01 4.044321749722714077e-01 2.590193803350139823e-01
1.104502071638883542e+01 8.375413611645918799e-01 1.335483231043485264e-01
1.735784046323458085e+01 3.232460510543757048e-01 1.946600498713221827e-01
1.101545950772525551e+01 8.107431439267176465e-01 1.499276077513168604e-01
1.333999163958956835e+01 6.083532746842315042e-01 1.193814361685335418e-01
1.024579007478661552e+01 8.930930403468561041e-01 1.882673296193095036e-01
1.062578046418590105e+01 9.232860742016324451e-01 1.238400831119483014e-01
1.529199722275332540e+01 4.493025595515718895e-01 1.341247337496789815e-01
1.113333613338141248e+01 7.795910726913382049e-01 1.614149840123746404e-01
1.117902222172458337e+01 8.054616117567818812e-01 1.504159974749572082e-01
1.682938246691276873e+01 3.346657942609203018e-01 1.952161083099672179e-01
1.242326321298316927e+01 6.047723366739132800e-01 1.976927273383495831e-01
1.501657675853048524e+01 4.452553699247995822e-01 1.623757448539883963e-01
1.075909651938356504e+01 7.087130078269678890e-01 2.749512582593301446e-01
1.187807074180659939e+01 7.830937318801848290e-01 9.941321986215090334e-02
1.227276735757679837e+01 7.090515630851946804e-01 1.082457284259562974e-01
1.120917521756428314e+01 6.648099703160518237e-01 2.390731459203679354e-01
1.108707380049197866e+01 7.290808738758647323e-01 2.032458915722225867e-01
1.255660206103570431e+01 5.718389907084018287e-01 2.131988356365484283e-01
1.197113614964412065e+01 5.955927946578987164e-01 2.445399345360302901e-01
1.545483792240839627e+01 4.048739251914831305e-01 1.970640760940147451e-01
9.749773502032461181e+00 8.606439356563105880e-01 2.719290010267856883e-01
1.007971276958013895e+01 9.897150165967893987e-01 1.310539556649373827e-01
1.274112350431191487e+01 6.570845520698421760e-01 1.080737891930865918e-01
1.161345470295614568e+01 7.532989308900092107e-01 1.405713580108571559e-01
1.091958466831727392e+01 9.354328115482966055e-01 8.615046819612171003e-02
1.394391660544204115e+01 4.914354903518967088e-01 1.843843065982288809e-01
1.088865566488803260e+01 8.171111458310671427e-01 1.609169569722070647e-01
1.153490065001632559e+01 8.200314468849301264e-01 1.204290840724817485e-01
1.126465713356175513e+01 7.686211430249531018e-01 1.724679389799254614e-01
1.042728360237510898e+01 7.958531089087933497e-01 2.406993314770284886e-01
1.794156421354328046e+01 3.152876740671736178e-01 1.799010246843621985e-01
1.411769150927949390e+01 5.169073015412142258e-01 1.553798288678186479e-01
1.032225902879118529e+01 8.145168537687456078e-01 2.224651565906045625e-01
1.230520193331375722e+01 5.889068395922257837e-01 2.180274405079485889e-01
1.181442971562636224e+01 7.188443842376160964e-01 1.401821606491170658e-01
1.377363876876760962e+01 5.481272886866577210e-01 1.301870378144693030e-01
9.404259743719832088e+00 9.560658928914114174e-01 2.459789934948504175e-01
1.267545528408966860e+01 6.588033608098322613e-01 1.075655239529390433e-01
1.513909369345839551e+01 4.869594352632247158e-01 9.474089635638884010e-02
1.447492762920701637e+01 4.248003548689910924e-01 2.359532339827210001e-01
1.044466880113782636e+01 7.841496766020832343e-01 2.401177334209930458e-01
1.095166086116747550e+01 7.256685553688870804e-01 2.297980343562465444e-01
1.705443758013454314e+01 3.790766983635367460e-01 1.113279489518269605e-01
1.006408237488600399e+01 8.840939698049465889e-01 2.102955508573268462e-01
1.065062170557444077e+01 6.995706076741792234e-01 2.652802223692509176e-01
1.021891208354169933e+01 9.211389824122460102e-01 1.718782686551462158e-01
1.813906846472158207e+01 3.184041092857882727e-01 1.492888425083731818e-01
9.876521869113313201e+00 8.685790856044210972e-01 2.451156016503339974e-01
1.242457306426764241e+01 6.121248825697359619e-01 2.074017519695500189e-01
1.309358296297606650e+01 4.945392150948298982e-01 2.507894933196778697e-01
1.166289367857197412e+01 6.700325648899898567e-01 1.969694129724162412e-01
1.585491211753404173e+01 4.511309064076696740e-01 9.084439395113935722e-02
1.022034504069599414e+01 7.853141321999963509e-01 2.553466589349400739e-01
1.158770295797956074e+01 6.161847504642733453e-01 2.493667860641740341e-01
9.396134954167719044e+00 8.573417406722730894e-01 3.020489070835291612e-01
1.078563250326624257e+01 8.900796472728733644e-01 1.387280251093888361e-01
1.902059083251102933e+01 2.781118536650684647e-01 1.852946696567541462e-01
1.357310714070754720e+01 4.793198840692293738e-01 2.306258859406068173e-01
1.868915608647774818e+01 3.010630228702361744e-01 1.802399713472918885e-01
1.172204503341462534e+01 7.694076700312609818e-01 1.203870632576265753e-01
1.487154578472687660e+01 4.103979490949966058e-01 2.244145473230249876e-01
2.015357356378255105e+01 2.605084487356194023e-01 1.719030867354897352e-01
1.086075046146477341e+01 7.607226717262189908e-01 1.975100140466254650e-01
1.136360419171186109e+01 8.419501430569206191e-01 1.094077008767099790e-01
1.377605731352933383e+01 5.475315173579300421e-01 1.350290321922377745e-01
1.272821686730384272e+01 6.965134869134983475e-01 8.309028230127744885e-02
1.049717077967030399e+01 9.085082629985867797e-01 1.603435111858358963e-01
1.168268530668482263e+01 7.139332059425336219e-01 1.780895639507292794e-01
1.154297057506246205e+01 7.159802222259513682e-01 1.666696984478042154e-01
1.083949241208968672e+01 7.310084017197625572e-01 2.389616124465797631e-01
1.407230798488718015e+01 5.457545570521881162e-01 1.057998458185930857e-01
9.032177277724866116e+00 9.592532586505092551e-01 2.845670868308369239e-01
1.191420632433557536e+01 6.515980967368589782e-01 2.032008284060259351e-01
1.249059766869633492e+01 5.820596655745329251e-01 2.195470067998659958e-01
1.087296702982638408e+01 8.731458225543422547e-01 1.234394408160958134e-01
1.092565121233125680e+01 7.817601154154161236e-01 1.800730223731130952e-01
1.494869332274018880e+01 4.236950208225063741e-01 2.081884991746311697e-01
9.334192152216731486e+00 9.954220192720166782e-01 2.308975912140833198e-01
1.219101439850321178e+01 6.715608381653144221e-01 1.499501845423663049e-01
1.028527112463069493e+01 9.258656986941228295e-01 1.544825465576977197e-01
1.152227326232781301e+01 6.416603613586094879e-01 2.374401601092781811e-01
1.914569764333610635e+01 2.413973006482399430e-01 2.954186670944010662e-01
1.039555952598078115e+01 8.886891729050905298e-01 1.725175513195877364e-01
1.288802197022152463e+01 6.660747189374095489e-01 1.044515623024918211e-01
1.105649063462897530e+01 8.056091710216880530e-01 1.594713389299763084e-01
9.725429193631319080e+00 9.598868063322399946e-01 1.917624167774471811e-01
1.141228892291356800e+01 7.286410303840729075e-01 1.787812292151429172e-01
9.550845415293792939e+00 8.517733316368516494e-01 2.940256479310245918e-01
1.017307753193416175e+01 8.784682513195454234e-01 2.141855260102366043e-01
1.054838362614059299e+01 8.069691011272451808e-01 2.264427070982199808e-01
9.358417606141740563e+00 9.405600891089381799e-01 2.627505678364221442e-01
9.584642930436908514e+00 9.416738964789560518e-01 2.546569639868503931e-01
1.035949089537587575e+01 8.006669354707780517e-01 2.345660818429508021e-01
9.926027737316136523e+00 8.351748209310138060e-01 2.649908233477356045e-01
1.076291588721391079e+01 7.287613206400802568e-01 2.562570535427686202e-01
1.432374040705663987e+01 4.662106721879438753e-01 1.936914492621422124e-01
1.027007091707640640e+01 8.904270047969952140e-01 1.626823180298462290e-01
9.978242065560868568e+00 9.523504264950152232e-01 1.765831017991135177e-01
1.525369958059096476e+01 4.229097453977722076e-01 2.151001251410230852e-01
1.265114136883622287e+01 6.579969892289670996e-01 1.254625984745406653e-01
9.779596270540606540e+00 9.479783843230340512e-01 1.886319924081506227e-01
1.586798890174163290e+01 3.789049602203001799e-01 2.086996101878349219e-01
1.276744739732843748e+01 5.384064089786095852e-01 2.216600828995445582e-01
1.136487737127514031e+01 6.221433212908592525e-01 2.880198810590065550e-01
1.401276631367711900e+01 4.600123625689522266e-01 2.202403385387110557e-01
1.176775825409788823e+01 6.291642039048617185e-01 2.370094359247117144e-01
1.609407734898965359e+01 3.734596588868808742e-01 1.908193047924637564e-01
1.023267567489376795e+01 8.352931023895097118e-01 2.144191290817452633e-01
1.219127185715666606e+01 7.122234256765701543e-01 1.109112452487539396e-01
1.004254876116488759e+01 9.210631038215727484e-01 1.873790045730858722e-01
1.035108638426125793e+01 8.854280477075502365e-01 1.805235263595089956e-01
1.576028225284943396e+01 3.373102300848808133e-01 2.911936901587423021e-01
1.113619047581175714e+01 7.119167823169100240e-01 2.138145707285930563e-01
2.580611937881486995e+01 1.559423192231770838e-01 2.314815782003488975e-01
2.305560185707206244e+01 1.995565425816054062e-01 1.947171091328890047e-01
1.051402290889609503e+01 8.925714283823174000e-01 1.495711113367755307e-01
1.114268042446270179e+01 6.640103846072836768e-01 2.584196979413954653e-01
1.209386375130474178e+01 6.850857833702597155e-01 1.346519719051468555e-01
1.022956693259774319e+01 9.855358480472297122e-01 1.229407721809850362e-01
1.072065128554513258e+01 8.479146749436144992e-01 1.686728414432257517e-01
1.190405331483001383e+01 6.156026989369991487e-01 2.408628060828648942e-01
1.755760891192560891e+01 3.511204530532439638e-01 1.316886352572185781e-01
1.156886589284329858e+01 6.929397217085645488e-01 1.877831480920011675e-01
1.333887205334349524e+01 4.859386297801381871e-01 2.475456730256684612e-01
9.346663517903314400e+00 8.949571082438904090e-01 2.894373984028073554e-01
1.128115191947357943e+01 7.273222268956335279e-01 1.905334752930727404e-01
1.490218073538990851e+01 4.988986009951453249e-01 1.045148260325883260e-01
9.912171161353056092e+00 8.851553759136282507e-01 2.229773720391101666e-01
1.835418122600059831e+01 3.045324644823543259e-01 1.652563923528572731e-01
1.226668544544118511e+01 6.109423566801602812e-01 2.112545859339602372e-01
1.607795900349412932e+01 3.717552755525457275e-01 2.050311000737539968e-01
1.086705188527809796e+01 9.073267151768853456e-01 1.143867292854863910e-01
1.527644313987647706e+01 4.057084205991455805e-01 1.977932842388043788e-01
1.575130107887153663e+01 3.817208823782575200e-01 2.077229582558471621e-01
1.116878258963431669e+01 7.579880083409178404e-01 1.676223269572163499e-01
1.251117021818979502e+01 5.970750951348917646e-01 1.829414507460255523e-01
1.092492913743829064e+01 7.919893039136155499e-01 1.871018485266394416e-01
2.067010733081189144e+01 2.304363317851370052e-01 2.218638053394170195e-01
1.023035833913311343e+01 9.580981053096644384e-01 1.380791966458710662e-01
1.259505348552298010e+01 5.697361783022886206e-01 2.175607770685215880e-01
1.223580868645642816e+01 5.893983086113865344e-01 2.319678565001793424e-01
1.128023689819356079e+01 6.570123631556835653e-01 2.238734823254886208e-01
2.245437394381271545e+01 2.149380784056041105e-01 1.744156424038909303e-01
1.348772823456517500e+01 5.902804924319718927e-01 1.130924029447162166e-01
1.044261680506701140e+01 9.427367301713613923e-01 1.442943600615585187e-01
1.030307126071633483e+01 7.826277719053440496e-01 2.392180619657585383e-01
9.419173541781930226e+00 8.862884168134942398e-01 2.926047010379925206e-01
1.059413066452899699e+01 8.671358789425621660e-01 1.703555617262977329e-01
2.127382161639656744e+01 2.393749177362399227e-01 1.542535311806332021e-01
1.227664440356004505e+01 6.462246477438100545e-01 1.611393579068144954e-01
1.736392135898849176e+01 3.529107756535915796e-01 1.465197122157647081e-01
1.906796510340162243e+01 2.856661539407338024e-01 1.606475732382492971e-01
1.277112470827164081e+01 5.288214066857552798e-01 2.407153137998291892e-01
1.779789810759264768e+01 3.114128185502906265e-01 2.048649155290918900e-01
1.085898449831461043e+01 7.304087356226022232e-01 2.397597899195964555e-01
1.046749800784182050e+01 8.017029302778755362e-01 2.259346971345435606e-01
1.145243512639445349e+01 7.022968605588691959e-01 1.997129516633996682e-01
1.147071337097394128e+01 6.560393527861879681e-01 2.274400505576006370e-01
9.649707335117136964e+00 9.954653974853016063e-01 1.928902712011905385e-01
1.376042076263087033e+01 4.419775660504260406e-01 2.759346036189790352e-01
1.011612618842995381e+01 8.186444964916238520e-01 2.535104499277557877e-01
1.127238902656397812e+01 8.942633589392013915e-01 9.544991537654165525e-02
1.299426595642410120e+01 5.320566385168311596e-01 2.153298565238331852e-01
1.100282173840996514e+01 8.121992279001537529e-01 1.557245316088928799e-01
1.234200744959816021e+01 5.574392843823032795e-01 2.551836170839569262e-01
1.119630752563057463e+01 8.637682373588377871e-01 9.839186476799841041e-02
3.732632472802107770e+01 8.675934381545589991e-02 2.217683453245191949e-01
1.280797969860110008e+01 6.505431625023547770e-01 1.235818090476655945e-01
1.097469575232472927e+01 7.613135733100968583e-01 1.639693061462854651e-01
1.019370071311673520e+01 9.158662160514606798e-01 1.799585482093868927e-01
1.339607391570247863e+01 5.003535290104803579e-01 2.174678360643745034e-01
2.884266308794393296e+01 1.335088292474632399e-01 2.116728791114977637e-01
1.112505576102544147e+01 8.395000032667639944e-01 1.323764345688098754e-01
1.010391052970228820e+01 8.102320225871071369e-01 2.549398535077498917e-01
9.876790233677182229e+00 7.954799840825959034e-01 2.991303547430774201e-01
1.024974334585763813e+01 7.789645234349427128e-01 2.733821858027627449e-01
1.079974423516499549e+01 8.344600470173489937e-01 1.723913589471003371e-01
1.469470724713549359e+01 3.893600718999812860e-01 2.871324053755874295e-01
1.059411801530924357e+01 7.624559005975494186e-01 2.517836599638158535e-01
1.512346720537869871e+01 4.394552683357788592e-01 1.631365084121951525e-01
1.219152051033926654e+01 5.892164436795538363e-01 2.281273903362723843e-01
1.782511672022355853e+01 3.285985999289309234e-01 1.661339767159311365e-01
1.920056871893928729e+01 3.069663338596697044e-01 1.200322925220117659e-01
1.583201575438629227e+01 3.635083743541682733e-01 2.311782575888190749e-01
1.217066624578809986e+01 6.936517113960336545e-01 1.284911378416190575e-01
9.320906889542733609e+00 9.538842186312171956e-01 2.536266200780856739e-01
1.062397441647708796e+01 9.250439764922335772e-01 1.324790072291631426e-01
1.243542090529771826e+01 5.858177374573606544e-01 2.142678655587082481e-01
1.074574187982340767e+01 9.476116850006932602e-01 8.823408992816149377e-02
1.659849177919129204e+01 4.005180659521280773e-01 1.166471879782379345e-01
3.027804070580286933e+01 1.340989623646234308e-01 1.520458288567350380e-01
1.087627210571015901e+01 8.927780128685949279e-01 1.052830310937750702e-01
1.426708574528776019e+01 5.377206903196593002e-01 1.097588442191706343e-01
1.796723356418024764e+01 2.933156744863065213e-01 2.226018822914760664e-01
1.489913939253797537e+01 3.803581336527911971e-01 2.682174119039028581e-01
1.196325935637029225e+01 7.129371217573412522e-01 1.398580933329653664e-01
1.034547806908769374e+01 8.270871327130639994e-01 2.274824725542955173e-01
1.565492741608213656e+01 3.315990456534407271e-01 2.895387160506067148e-01
1.488860224232253771e+01 4.618240975750401156e-01 1.531186555039458497e-01
9.605811722172612477e+00 9.651940597834623992e-01 2.155076882309717445e-01
1.050314834229258132e+01 9.478547233415139939e-01 1.084801071617274709e-01
9.955911046626439997e+00 9.311669005547915656e-01 1.912217845657233073e-01
1.140010444391269573e+01 5.703149104760085741e-01 3.533296186806543226e-01
1.076557478427081982e+01 8.023254812912613554e-01 1.868755970808525790e-01
1.123503671823471173e+01 8.007401837595788940e-01 1.490696513910643450e-01
1.071617647071814616e+01 9.460318972479188071e-01 1.046681120131507658e-01
9.562328902173851120e+00 9.772050599369808133e-01 2.048251129890427402e-01
1.261114536108674322e+01 5.929836299368648200e-01 1.862721275904941631e-01
1.161991285522276485e+01 6.558552830339903217e-01 2.149420620372032020e-01
9.612206235084093109e+00 9.006553771134822028e-01 2.362830949837750882e-01
1.194269904812723837e+01 6.191087688181421411e-01 2.249427830693150054e-01
1.079361106371241164e+01 7.288691571836638516e-01 2.429757678692530676e-01
9.743037184036133169e+00 9.678290127184095981e-01 1.900245047814649868e-01
1.494154875703129726e+01 4.055991879651317800e-01 2.292366272510319714e-01
1.077164426994294644e+01 7.486348457288907188e-01 2.245769233957319866e-01
1.309412085883039190e+01 5.521554644507179477e-01 1.887366985392524288e-01
2.011448973338443125e+01 2.546812421096517065e-01 1.927028155691183908e-01
1.034426246709318953e+01 9.730562414869412535e-01 1.210228894413001854e-01
1.157515843141145950e+01 7.376150955326030711e-01 1.517994450696825426e-01
1.649850462780371174e+01 3.370941792028064876e-01 2.383059676794960224e-01
1.159337587811715231e+01 7.485145122641051474e-01 1.427365194814678995e-01
1.721167397661945841e+01 3.517596894892194292e-01 1.602482645588698129e-01
1.176760147184822358e+01 6.602629813307939743e-01 2.123530894660135837e-01
1.059371626357294183e+01 9.242442176888122640e-01 1.287646320831883906e-01
1.488227708979320596e+01 3.752376090384508256e-01 2.966029246447882128e-01
1.344387912200750712e+01 5.540406182960092574e-01 1.635356927377371872e-01
1.966663302662126611e+01 2.623055824627247290e-01 2.059107481135304674e-01
1.525670343874617885e+01 3.801197792352821181e-01 2.365121398280940201e-01
9.802535917048849967e+00 8.671377365346542021e-01 2.518494237276519554e-01
1.002094441991936868e+01 9.056867769271064184e-01 2.076516674539958529e-01
1.304960971853044782e+01 4.907289145867502755e-01 2.520097039223862523e-01
1.089655339272002266e+01 9.276530758586472025e-01 8.912218132467318588e-02
1.127202457139308400e+01 6.360326483737684944e-01 2.964395917864018348e-01
1.334517831952499378e+01 5.060893299715679694e-01 2.222298278424628681e-01
1.599977935393195239e+01 3.893968257466081662e-01 1.599379433382935589e-01
9.463088703704046978e+00 9.357751966195227977e-01 2.500752524246827591e-01
1.474716912780667855e+01 5.113055070601765228e-01 1.180720758745574112e-01
1.098604235521061590e+01 6.955127099022559989e-01 2.525430825591797879e-01
1.208782798624170773e+01 6.651048212850109165e-01 1.688938456921250109e-01
1.017279852982439969e+01 9.353472339411955661e-01 1.679436061932006730e-01
1.742935333678429544e+01 3.344800976618392263e-01 1.786748827131342254e-01
9.903527273531336661e+00 8.258770388178460209e-01 2.737320455430704014e-01
9.931564775747737883e+00 9.091228564796504097e-01 2.128372791177930434e-01
1.470988289073273236e+01 4.937793954288001164e-01 1.299635845824222702e-01
9.826266000449860982e+00 9.195932575847418633e-01 2.177313666216660892e-01
1.227659062472613449e+01 7.190436107780781017e-01 1.172232111719511555e-01
1.265071518029438735e+01 5.442805423660415087e-01 2.222723995941057185e-01
1.320827544637312023e+01 4.760889768775155018e-01 2.712529404897202068e-01
1.176865809137036933e+01 7.328296657243072998e-01 1.312822307432275071e-01
1.095049190866088296e+01 7.236664200455471541e-01 2.333394372077529921e-01
1.004793043283291176e+01 8.621843696494060350e-01 2.225668840082301314e-01
1.160500333309079757e+01 7.090720345168771699e-01 1.793639008249062472e-01
9.685653114694039445e+00 9.311455889119506502e-01 2.232839500069935534e-01
1.022783544538871503e+01 8.653557533804568935e-01 2.041623885274850558e-01
1.086870544041365072e+01 7.552591386895377568e-01 2.124880071732309084e-01
1.073722048036738741e+01 8.905390695773223175e-01 1.445510441924214851e-01
1.158652898815916288e+01 7.649762950755959467e-01 1.330281064688139114e-01
1.041937470587656200e+01 7.825421715239142539e-01 2.374064052738503738e-01
1.005356047789951290e+01 8.049632014445765593e-01 2.706800811957831288e-01
9.798144297244750334e+00 9.857084099961939128e-01 1.798123005290282739e-01
1.149607304782936978e+01 7.497391647998224995e-01 1.476430208044918202e-01
1.481886465936613639e+01 3.082360086630431817e-01 4.141532756866666554e-01
1.315235642522824122e+01 4.833398261059229095e-01 2.465563181173813789e-01
1.067962109452766484e+01 8.285059482674812514e-01 1.731242044176764250e-01
1.054077153357704155e+01 8.020381397689222425e-01 2.123375517400271639e-01
1.168253765069103522e+01 7.384765448022924117e-01 1.420947570591199471e-01
1.146323662298824075e+01 6.632212700692695639e-01 2.280013457778939656e-01
1.554218965391632423e+01 4.016561379825644984e-01 1.778277969595646046e-01
1.025764480375365295e+01 9.118542345224224244e-01 1.610619423711939502e-01
1.735934243611492533e+01 3.309173617123147837e-01 1.936055402424136929e-01
1.211517851212959940e+01 6.190090723322011490e-01 2.127145287450991629e-01
1.075802180972908140e+01 7.546565854344999824e-01 2.260427983972531918e-01
1.374319283466909880e+01 5.522887070032791446e-01 1.311451557882690189e-01
1.098853868444920501e+01 8.121510804891357571e-01 1.509111450343808836e-01
1.110651690312372253e+01 8.069421245761422279e-01 1.556619516231980138e-01
1.240244331681003942e+01 6.519373135373331962e-01 1.556847899328024920e-01
1.132419878703328742e+01 7.491557936421918695e-01 1.777792267012831828e-01
1.394083143217113019e+01 4.681276129754635140e-01 2.228373346038242386e-01
1.340218103166060715e+01 5.987878903154052468e-01 1.140964268970125484e-01
1.032119545083288514e+01 8.463408456409836633e-01 2.030326389176180801e-01
1.216456297405617093e+01 7.028899590496897609e-01 1.209175968773058829e-01
9.996353788409201968e+00 8.256304720946364695e-01 2.724631669948359147e-01
9.542854302833077895e+00 8.702791329391799113e-01 2.772902753405066534e-01
1.169209320500165994e+01 7.611409893122291770e-01 1.367231644520078837e-01
9.349442634694124621e+00 9.426263590307981666e-01 2.546745178419762556e-01
1.117212752101010942e+01 8.133027167874010699e-01 1.288505093936343771e-01
1.081366854615610151e+01 8.880738509105700063e-01 1.116850900735946311e-01
1.191149003733885259e+01 7.143429951083993812e-01 1.379021679240743092e-01
1.838188350408709582e+01 3.158799918709468968e-01 1.381826368429986962e-01
1.557359296411469352e+01 3.835050031536603732e-01 2.104534928733204358e-01
1.361619795074966532e+01 5.520779578384773512e-01 1.516799371396202745e-01
1.704997490835378926e+01 3.335527213932924506e-01 2.044169181381928213e-01
1.074621556577280579e+01 8.788908004785277450e-01 1.285085364028690225e-01
9.622365741251902804e+00 9.273109368252735463e-01 2.305130898567899767e-01
1.948007041607670331e+01 2.607670893029572223e-01 2.094074865641509520e-01
1.225463323478250643e+01 6.567953898795372281e-01 1.586230879354418588e-01
1.116326700065786781e+01 8.266121450403495219e-01 1.400509366344095674e-01
9.924906128810203398e+00 9.334359180498297270e-01 2.003052626569614691e-01
1.427930781382809045e+01 4.990565020231421123e-01 1.505735582007526885e-01
1.272779957333145973e+01 5.991524809831119125e-01 1.753229374993233447e-01
1.577457487199331965e+01 3.766159876511562254e-01 2.105683452619696860e-01
1.972861210577299573e+01 2.714725667475466064e-01 1.495011346167597899e-01
1.155658568489623406e+01 6.123011598030847491e-01 2.665999629224772294e-01
1.241306214029402710e+01 5.404108269106067119e-01 2.624744662422834884e-01
9.582838557448434713e+00 9.695149585288288518e-01 2.118546013668967387e-01
1.388585531411902707e+01 4.809680642673466178e-01 2.097169832181654814e-01
1.043157215401605598e+01 7.743919080759156248e-01 2.743099317855267061e-01
1.055133893233501041e+01 8.542938140961996440e-01 1.850959466082461313e-01
1.294859312858107181e+01 6.485827028783156534e-01 1.096335993665197572e-01
2.048258505217583547e+01 2.259965238910832397e-01 2.458453433485045525e-01
1.305296610594634110e+01 5.577812015398254664e-01 1.836039314437419856e-01
1.249984598627125187e+01 5.363006331569640794e-01 2.574811837931263447e-01
1.040660829550014199e+01 8.424353266004210861e-01 1.978774755040069999e-01
1.646315732947034149e+01 3.631302094285389082e-01 1.877993758217414988e-01
1.315934862318010268e+01 6.396862261904138203e-01 1.029825575433689633e-01
1.176076241928515564e+01 7.778742075035371961e-01 1.109278067360313508e-01
1.028340270138910917e+01 8.203623921210233538e-01 2.253629322376419775e-01
1.021008839069437713e+01 9.548362560405460053e-01 1.501307873791458136e-01
1.338845997058811754e+01 4.645497407041992433e-01 2.828913499066912363e-01
1.013238794579539359e+01 8.776632489347329091e-01 2.155239284053271087e-01
1.144646565215031941e+01 6.421897695192690936e-01 2.337140641767105897e-01
1.136672175492574510e+01 8.050046744866690140e-01 1.271589360800444712e-01
1.134719096908468394e+01 6.636224079027355227e-01 2.289156882961006223e-01
1.300067468980326701e+01 5.121785461464092304e-01 2.448951601484086471e-01
1.261860147529450948e+01 5.928383900416190899e-01 1.753343748930030199e-01
1.878674080178565120e+01 3.327979706548278016e-01 8.976753300996088980e-02
1.335157224530188635e+01 5.090739367096984713e-01 2.062080558090751969e-01
1.044913536314012603e+01 7.990564139069372684e-01 2.198134096830872963e-01
1.049900634898200202e+01 7.705366096320438452e-01 2.338201892082889810e-01
1.289300674178749873e+01 5.766116669428638097e-01 1.773514509440036468e-01
9.789252971755635357e+00 9.197318646064539527e-01 2.028595066420288417e-01
2.558346980760778067e+01 1.801034860513562319e-01 1.380744393328833253e-01
1.346088225740828825e+01 5.107739572282148366e-01 1.948880981518074929e-01
1.361947430839101258e+01 4.583364632253361104e-01 2.611190866168698332e-01
9.533912344138061101e+00 9.530785678512132542e-01 2.278969199693891834e-01
1.381639564819254140e+01 5.101666027339145648e-01 1.587343884646223169e-01
1.166047710936185311e+01 6.929364386610139537e-01 1.694485040917642626e-01
1.306769601718652396e+01 5.526718315281444749e-01 1.922842114665153368e-01
1.240431193845050828e+01 6.648099703160518237e-01 1.196903196982120887e-01
1.055627768030256952e+01 8.777083750387794092e-01 1.655196436294719409e-01
1.089691407103759957e+01 8.425720611751171818e-01 1.609884041843614999e-01
1.331790758032693489e+01 5.594575673818402706e-01 1.724307227903968398e-01
1.232652112460213267e+01 7.152581347068002193e-01 9.050938737054896321e-02
1.084678790275365579e+01 7.876173476057684031e-01 2.009812597785665955e-01
1.124018657661008191e+01 9.012019586372179702e-01 7.651682803732462457e-02
1.112584396909070250e+01 6.651643667460386267e-01 2.710804865320697865e-01
1.372958149897318059e+01 4.368331593075067132e-01 2.802205953119949466e-01
9.916092165945682879e+00 8.252589325042467561e-01 2.512445798774692318e-01
1.192475328706627558e+01 7.554811056581852702e-01 1.024171052879021965e-01
9.857611463889496051e+00 8.586311300830579141e-01 2.462253198963891554e-01
1.279823501262020891e+01 6.671359531444045476e-01 1.016745657582188295e-01
1.080119555160648837e+01 7.930641909806307455e-01 1.965261175864907728e-01
1.168882689900148897e+01 7.084352067770527395e-01 1.704664598773133477e-01
1.157826868973455525e+01 6.525953375026594117e-01 2.184843541873959238e-01
1.039009200269014066e+01 8.910904194996581706e-01 1.648105711543743912e-01
1.223006165840067716e+01 7.409611301908453074e-01 8.817750651801255224e-02
1.480541956843104501e+01 4.235221594854962079e-01 2.118237528216965759e-01
1.207483563369773627e+01 5.854010058753761347e-01 2.760970469979208142e-01
9.247773806270108921e+00 9.947007248758297226e-01 2.370848910279391430e-01
1.175824065008589336e+01 5.916755010393537351e-01 2.756813867589162359e-01
1.745848285776550313e+01 3.009185461282123386e-01 2.399459792274481473e-01
1.375007122043143859e+01 5.462531401722248159e-01 1.375692350420574805e-01
1.213175832662869702e+01 6.636999306432489476e-01 1.660060000495375554e-01
1.259049932659546656e+01 5.916275136817054081e-01 1.930236627376449854e-01
9.572063563747898129e+00 9.305320589997916336e-01 2.653586538549314033e-01
1.677404158733890327e+01 3.520203966910210314e-01 1.760418143333013219e-01
1.112750395813820781e+01 7.736605564045867522e-01 1.611737476994701546e-01
1.041400556275185174e+01 8.115569491750538322e-01 2.305152827874814292e-01
1.144487813262851894e+01 7.297813612301138342e-01 1.639856109587762290e-01
1.498934302752910419e+01 4.947239150708673816e-01 9.757310648658534813e-02
1.618031657349205332e+01 3.670845469237392078e-01 2.001735325870126203e-01
9.691863539791999216e+00 9.022950061339614081e-01 2.410529668124216929e-01
1.100179644061266337e+01 6.729453907211252472e-01 2.613145566640968087e-01
1.169739197800323893e+01 7.288691571836638516e-01 1.469391660319623871e-01
1.129855833622005612e+01 6.617894738528794507e-01 2.578636180868196237e-01
1.047070177971857774e+01 9.514055611719274275e-01 1.296772889579821120e-01
1.138530748062084541e+01 6.458422793554776664e-01 2.552377723944168619e-01
1.330334679688525235e+01 5.897784704579340787e-01 1.249763812028203691e-01
1.138288604381016711e+01 6.638027017080085912e-01 2.358298902770222250e-01
1.027189166373111995e+01 8.454125914117794904e-01 1.963991841734123445e-01
9.117947685088644505e+00 9.025966372343532385e-01 3.054864330343297629e-01
1.208925706112356480e+01 6.020333787096548983e-01 2.355851087024317114e-01
1.301237985007918674e+01 5.846592935501760957e-01 1.605838109769061328e-01
9.195593863137560220e+00 9.536258311645158248e-01 2.753904940293204207e-01
1.050557718136506047e+01 9.235178554217412517e-01 1.367298334814855409e-01
1.489465253538407552e+01 4.577238909250780363e-01 1.500987123645355359e-01
1.587928754499463935e+01 3.959974845037727564e-01 1.772572589965260570e-01
1.005026145730759701e+01 9.373302646973126206e-01 1.777983140322307032e-01
1.047584675483053118e+01 8.387418856685135982e-01 2.067303289035657687e-01
1.305849839088094377e+01 5.261366863437099139e-01 2.096911549210926928e-01
1.076429475963399085e+01 8.003180002809254789e-01 1.997491975441889611e-01
9.738480538195295466e+00 8.399604354335612477e-01 2.874165482825316031e-01
1.139012231826365174e+01 6.389547371873488535e-01 2.773878623472051386e-01
1.051113427144255930e+01 9.212742762708427957e-01 1.417484250586936168e-01
1.015534115692561024e+01 8.195595643769773009e-01 2.458566113660911601e-01
1.490376909526772131e+01 4.135073144034210890e-01 2.150359304682905315e-01
1.313051979307072159e+01 4.781742659289928143e-01 2.991203142621944866e-01
1.204357083410454976e+01 5.939142762014263388e-01 2.324472703700087850e-01
1.273722745025107095e+01 5.725420093592943349e-01 2.146718637398647156e-01
1.150495242325615486e+01 6.897027474629521260e-01 2.025493449267400659e-01
1.368331549091940680e+01 5.023476977768819296e-01 1.983354054751158002e-01
1.346455424323530359e+01 4.788939523558434774e-01 2.497692112948675935e-01
1.147132652695406030e+01 6.708854423576641191e-01 2.238038771327659215e-01
1.271023262477680760e+01 6.604168330159944089e-01 1.183560065053970850e-01
1.270695786008401207e+01 5.698063941764605067e-01 2.046788986438641267e-01
1.327111367386418195e+01 5.096687288759216283e-01 2.291302467393991626e-01
1.042230954067189685e+01 7.947220720512686576e-01 2.361430016757532224e-01
1.054043049736221960e+01 9.376269177498287588e-01 1.241207845320155823e-01
9.788932132144546827e+00 9.638608086892024307e-01 1.836646079305405133e-01
1.410525754738583259e+01 4.665511227867155108e-01 2.109955096302713051e-01
1.142494706814614958e+01 7.098344205680904295e-01 1.840128378113336793e-01
1.208295903717230857e+01 7.059807633636250301e-01 1.272900065276709181e-01
1.166317940704267997e+01 7.683350898673144691e-01 1.280878496036924330e-01
1.035630413841128927e+01 8.604757554060459279e-01 1.848012211429092833e-01
1.525766637939418757e+01 4.511309064076696740e-01 1.335443815548098545e-01
1.090056520595606671e+01 7.627556009386646796e-01 2.050709359613051841e-01
1.240037428084527171e+01 5.914768656706058669e-01 2.200759958810455663e-01
1.085437612492131976e+01 7.195347911226752657e-01 2.442556726318609039e-01
1.367077665868076330e+01 4.536046554925040608e-01 2.688226547852767268e-01
1.428268972216625343e+01 4.935664984346854189e-01 1.688560295537920586e-01
9.248391499871081223e+00 9.855725091370014512e-01 2.372199945104668528e-01
1.375066511161975846e+01 5.519233564137561165e-01 1.308735885698736612e-01
9.999818199433544663e+00 8.096783963023304054e-01 2.613579315586461171e-01
1.353422903613088657e+01 5.172999799248231279e-01 1.811780886781804711e-01
1.245024144449196335e+01 6.245565714011036551e-01 1.596386354729957824e-01
1.787012656240684905e+01 3.179933492174759069e-01 1.767153894851170859e-01
1.294132309793011615e+01 5.494889463212524472e-01 2.138268924382609459e-01
1.279011105048987496e+01 5.031596514204422776e-01 2.600745166620518911e-01
1.178843592095869575e+01 6.809320438140390452e-01 1.823372577544195017e-01
1.297218904692669739e+01 5.001051600845745071e-01 2.637846195961807694e-01
1.550607108658483924e+01 3.882795451351470639e-01 2.128031906113549143e-01
1.339968513720909016e+01 5.145916560240545445e-01 2.137614304710071245e-01
1.183024626703014270e+01 6.602629813307939743e-01 2.059333067105667825e-01
1.680383724466172879e+01 3.964301219484245298e-01 1.039881188506669718e-01
1.691551504547736684e+01 3.260208689803891779e-01 2.230559718677710135e-01
1.511945187865750739e+01 4.149752681347763095e-01 2.026242846585595281e-01
1.060604776941707605e+01 7.878423797398245165e-01 2.148004874305913525e-01
1.656786869862042977e+01 3.316756431880467648e-01 2.286275689577955128e-01
1.152329992175994988e+01 6.656863190507638084e-01 2.277282683681073339e-01
9.901934353009687939e+00 7.828354185067526450e-01 3.180043953768707521e-01
1.083914205358457394e+01 7.844814863704168140e-01 1.828657996533373797e-01
1.245893564215940863e+01 5.461298404682723984e-01 2.519197022914065887e-01
1.154234736323732236e+01 8.373063989819865549e-01 8.634159113395130369e-02
9.757885284278037474e+00 8.642409915948867649e-01 2.550125218709217711e-01
1.022957616295372496e+01 8.820381276395208303e-01 2.130720571727889590e-01
1.218685754782606345e+01 5.936657686884013740e-01 2.304070135516459172e-01
9.885664487237466602e+00 8.514496326880823807e-01 2.482779499477438534e-01
1.100149896805281813e+01 7.903791282801534424e-01 1.633447721977431544e-01
1.225182986334101720e+01 5.393086081822680011e-01 2.828866599618175548e-01
1.201269020954981315e+01 7.554811056581852702e-01 9.434704222616102642e-02
1.090153228430511234e+01 7.447242499008001060e-01 2.284660220912830553e-01
1.330113037137638088e+01 6.485827028783156534e-01 8.022352979261873629e-02
1.368307715672970915e+01 5.633621687369626541e-01 1.236989182976165058e-01
1.302061203831607550e+01 6.220048670787134970e-01 1.137034847000473747e-01
9.979879718809993250e+00 9.760591680892579669e-01 1.623694199576213582e-01
1.521441555352164343e+01 3.960662838508621775e-01 2.394493644928069320e-01
1.096895957899547547e+01 9.000929782891246012e-01 1.040013218909060511e-01
9.863327918967256025e+00 9.264276024698248069e-01 2.009622368919953828e-01
1.431974228542695116e+01 4.558464278319651064e-01 1.980170912334617561e-01
1.229005283701629025e+01 6.703850654475399518e-01 1.422678012448428952e-01
1.330459200532680875e+01 4.873652493848327216e-01 2.540704738123351625e-01
1.386010671086916091e+01 6.013722526275986358e-01 8.438398833001231614e-02
1.281757732094564162e+01 5.618495539441529241e-01 1.940019177047150045e-01
1.029136047580578683e+01 9.797144834890745280e-01 1.256050730897802781e-01
1.680580197598143144e+01 3.665633193759820219e-01 1.410224294803499590e-01
1.253375870309155005e+01 5.501732486535052535e-01 2.456475079772783843e-01
1.412399810007339340e+01 5.210003497582450516e-01 1.348213081334746766e-01
1.166308080115340751e+01 7.103003704271551033e-01 1.805370497508993477e-01
1.311883115419088952e+01 5.993575777761447343e-01 1.305877654551434175e-01
1.023499668976934096e+01 8.412397544616467826e-01 2.051894751305323172e-01
1.365322693311432189e+01 5.677042135446528359e-01 1.222354301339512589e-01
1.948291755784171286e+01 2.576588334512798784e-01 2.181176114687131407e-01
1.022436555466646801e+01 9.556626190016105360e-01 1.397353267686360923e-01
1.153225439117424500e+01 6.229643679193181960e-01 2.793579889693091345e-01
1.198121548354591503e+01 6.437455595746832682e-01 1.849781912470582212e-01
1.026338283971993093e+01 7.973631853478631015e-01 2.506556084621255343e-01
2.071254372887797501e+01 2.280193116359985894e-01 2.219686964976006205e-01
2.014212376037297503e+01 2.328197887097112340e-01 2.306660120497524002e-01
9.699194936553039881e+00 9.180305472984093829e-01 2.204053231735212393e-01
1.394369279279299079e+01 4.612110571573514450e-01 1.840173501272221734e-01
1.069535625599647943e+01 8.449594005711188460e-01 1.657712657617786134e-01
1.143762743719206298e+01 6.916248648586424963e-01 1.885152607259870106e-01
1.415136077147150750e+01 4.053687807468126514e-01 3.019154999414654372e-01
1.965305928137522429e+01 2.607670893029572223e-01 1.987621195610332347e-01
1.244156491084993910e+01 5.866493016464372490e-01 2.119522834743452766e-01
2.347892068470505933e+01 2.079749510764336007e-01 1.623692516171604538e-01
1.383371824351435819e+01 4.701977040006956599e-01 2.174038634614994525e-01
1.020260740611936967e+01 8.775513878816951774e-01 1.831610590691774287e-01
1.931671686464125415e+01 2.805921409942810918e-01 1.775269052384032542e-01
1.039948228273399877e+01 8.879477964239274046e-01 1.663353684575191171e-01
1.076580398736786748e+01 8.578377691119104531e-01 1.557600356275957998e-01
1.502881856129272897e+01 4.079977114940706029e-01 2.083664411767247593e-01
1.907886960541930321e+01 2.638163479967742253e-01 2.276520902816393799e-01
2.456154429923101645e+01 1.937743671109961319e-01 1.216316678443889743e-01
1.282165443446039532e+01 5.126255953952822964e-01 2.540358252664672856e-01
1.575565325907917114e+01 3.847682919986394889e-01 1.877088060613894271e-01
1.972642412088221064e+01 2.619587726555502316e-01 1.951880541134450864e-01
1.086790318337268246e+01 8.586311300830579141e-01 1.303749023818230879e-01
1.172725772011861700e+01 7.060746800525474764e-01 1.681172467540383575e-01
1.008890779102308599e+01 8.050651674423594528e-01 2.584876538919516076e-01
1.929971966607986644e+01 2.625317921674042987e-01 2.152221608040354728e-01
1.414599335808921943e+01 5.892386653105334826e-01 6.886516786196796025e-02
1.011350579897147384e+01 8.496834348717751118e-01 2.339937314197558238e-01
1.009469311914669198e+01 9.854164759571885090e-01 1.362500625785741659e-01
1.024347817902885360e+01 9.694597267908944271e-01 1.366850982157201411e-01
1.112910496888595624e+01 7.343186262501969486e-01 1.829724885161080339e-01
1.431360002700099976e+01 4.709532769269019203e-01 1.809427625266151474e-01
1.066620089165799712e+01 8.101954312536581160e-01 2.038086597489621177e-01
1.322563163972108491e+01 5.711524211132799067e-01 1.509852992922656456e-01
1.039035280433346742e+01 8.522758179900542519e-01 1.932056816039281200e-01
1.246865019097576166e+01 6.119903753341296992e-01 1.898631196155021184e-01
1.247647360564287844e+01 6.007232730830883716e-01 1.905470197556876910e-01
1.856035410275925202e+01 2.708761148720488787e-01 2.429158600847308724e-01
1.269673112368637291e+01 5.024633875203011746e-01 2.783586966747890190e-01
1.023958440009546678e+01 7.830937318801848290e-01 2.753357450599506762e-01
1.243142815484656261e+01 5.789707479733720019e-01 2.317772993789225244e-01
1.386150029326659627e+01 4.713761794484290224e-01 2.212411428221340848e-01
1.100432308356785427e+01 7.450708585524344896e-01 2.079993376186129728e-01
1.164796971945456328e+01 6.761075764361644813e-01 1.973046634954967460e-01
1.123305856492808452e+01 7.056411309998054104e-01 2.256822884462987289e-01
1.329424173770657269e+01 5.551888457147795553e-01 1.697148514980032497e-01
9.209035986618721026e+00 9.218021691653669469e-01 2.978400218027769109e-01
1.041122225996066497e+01 9.393019944682096112e-01 1.442075389950427389e-01
1.327508182526919001e+01 5.651809153027596011e-01 1.308236135633455144e-01
1.308125277555273236e+01 5.315177708658217481e-01 1.981490087351580054e-01
1.241678893005871487e+01 5.710707531175525098e-01 2.171873623161137135e-01
9.739690736939007110e+00 8.550220827794772216e-01 2.690659625486838680e-01
2.293818221489063802e+01 2.019502558381841006e-01 1.878029890318060335e-01
1.237156148146397960e+01 5.630551991224095332e-01 2.504185525147963332e-01
1.459681075974912012e+01 4.094387224295765737e-01 2.396094803047919830e-01
9.809957995919656781e+00 9.425574985597490185e-01 1.956074638523926656e-01
1.117358437914258573e+01 8.049812311961221933e-01 1.362917718484972784e-01
1.206907244164593074e+01 7.276786543994577805e-01 1.145315487198747678e-01
1.061817663836979264e+01 8.673454232324268043e-01 1.540565218814585191e-01
1.417832659409444496e+01 4.470741411740972171e-01 2.258007237073402229e-01
9.716331281646809259e+00 8.900730036203360340e-01 2.397237857413205275e-01
1.222154462078541570e+01 7.412145216506204060e-01 9.267532727537607096e-02
9.949125807588748316e+00 8.577177841752674503e-01 2.544408666016026443e-01
1.238822879998441984e+01 6.567459706401003183e-01 1.606051383243812525e-01
1.236036124416365745e+01 5.885946241202563156e-01 2.179452285108856580e-01
1.022860757448697022e+01 7.271317899405239649e-01 3.110058140706981056e-01
1.606209861802726024e+01 3.688739967851982215e-01 2.025998257986301454e-01
1.378769459536634301e+01 4.582497383519911760e-01 2.418493810962642765e-01
1.075869878819358227e+01 8.396158265941988663e-01 1.687005322426320120e-01
1.073763980009177388e+01 8.225392494974641533e-01 1.673354883717435571e-01
1.326170422448623221e+01 5.689826567257548762e-01 1.508033502174137841e-01
1.231729469543433986e+01 6.001508399971418051e-01 2.022697176671198749e-01
1.257150166097102151e+01 6.220271310362139872e-01 1.823385796693537397e-01
1.048535286471952510e+01 7.742993434607187142e-01 2.292334999395148620e-01
1.199483255338585153e+01 6.077396947061260990e-01 2.359972913894016755e-01
1.579757831572030469e+01 3.693841771720952072e-01 2.188002879428734559e-01
1.261217262157835961e+01 6.480028481227920745e-01 1.280383349928838066e-01
1.337770218882723228e+01 5.201428288653195953e-01 1.974175513136148807e-01
1.024699823135686927e+01 7.657060086551149558e-01 2.813095799921330742e-01
1.289402339569529943e+01 5.661203398844228962e-01 1.920380108144805753e-01
1.320885604192501894e+01 5.171406386239247865e-01 2.442788272314432019e-01
9.664190703922672654e+00 9.225525055260853646e-01 2.402607273512882835e-01
1.115260090982821595e+01 7.636748385088213409e-01 1.589510917233288578e-01
1.024901686547909918e+01 7.519140564410160543e-01 2.826119004913456023e-01
1.263214118173191203e+01 5.394740073890541554e-01 2.537661487590014420e-01
9.981796067823053065e+00 8.170456417317375486e-01 2.595479725866578491e-01
1.062355957988807731e+01 7.436698293875591004e-01 2.537245072936580303e-01
1.581604910972012945e+01 4.389078752818165730e-01 1.097985899153926803e-01
1.475349526297434011e+01 4.922731368368665206e-01 1.162593477987714091e-01
9.677299250798860442e+00 8.250728719290254531e-01 2.999794337207769002e-01
1.423649061173661501e+01 5.217815598544828237e-01 8.387926781772081508e-02
1.108023596401498523e+01 8.652238299835981472e-01 1.116677514814107403e-01
1.172140770478607941e+01 6.145894664083842995e-01 2.627791878388411329e-01
1.065123748655427960e+01 8.127744740549112112e-01 2.064782159088995317e-01
1.597578875602783910e+01 4.383339204759463814e-01 9.913934567860162306e-02
1.033341045668528935e+01 9.514523646822004022e-01 1.274110371240434747e-01
1.220674711315526295e+01 6.449015283778264385e-01 1.679093020047999207e-01
1.611453202819621566e+01 3.544397467104913324e-01 2.262768068078317429e-01
1.860647997267570375e+01 2.743945993451514243e-01 2.178963922113719975e-01
1.395934683793197806e+01 5.037251120964546525e-01 1.533951542954317404e-01
9.814094644599560269e+00 8.617295330016169208e-01 2.582414830078146872e-01
1.012945978679674930e+01 8.953962852959708174e-01 1.950320406798303763e-01
1.134874384266758796e+01 7.962017400342363826e-01 1.380548525064019816e-01
1.191160887471366792e+01 7.594994572003582745e-01 1.025169157449582202e-01
1.095674876619755622e+01 6.600698757948850748e-01 3.031674180620299031e-01
1.140201563343125279e+01 7.841075479508290424e-01 1.309935378609262124e-01
1.726533245504418446e+01 3.007796197720954412e-01 2.489873138001913733e-01
1.083048440366891363e+01 8.032082696818712009e-01 1.737665210702443452e-01
1.089009894263799794e+01 8.680973356525601980e-01 1.274684701537535936e-01
1.131322020065915446e+01 7.059517820242382502e-01 2.172159434497409891e-01
8.926030783222314469e+00 9.940823191719879715e-01 2.620452778601433108e-01
1.096979888852282770e+01 8.316944135628131507e-01 1.418099025593578533e-01
1.001104316203335287e+01 8.602606318013774622e-01 2.383353861678913221e-01
9.979123085978807595e+00 9.780993299978091304e-01 1.827945052441523888e-01
9.473948309507072452e+00 9.267400121896002263e-01 2.488348694205176903e-01
1.069388886665118221e+01 8.790114477628048206e-01 1.404994226382098588e-01
1.235875079620808670e+01 4.599959590090750283e-01 3.755856742211877708e-01
1.637824013517845501e+01 3.851719682402841571e-01 1.682560066528800413e-01
1.087051402262688704e+01 6.955092029870204584e-01 2.343550248318517493e-01
1.533393438525322594e+01 3.580453036357225116e-01 2.808374880544824981e-01
1.532505758573204524e+01 4.075719418136184435e-01 1.972260413286458236e-01
1.064518085693440597e+01 7.299486557280384647e-01 2.426608977134367406e-01
1.848786723010498889e+01 2.366420780307632032e-01 3.443573393651450654e-01
9.206076065923085139e+00 8.780858791614124526e-01 3.234437683063340896e-01
1.066788276743366737e+01 7.341230793134578825e-01 2.553980060175064515e-01
1.655432142472183443e+01 3.509417307760258620e-01 2.089500918702490440e-01
9.899736309738187856e+00 9.034962390062042381e-01 2.306740926034022421e-01
1.029223639178250416e+01 9.592786024630889363e-01 1.265140783736447283e-01
1.076223194318351339e+01 8.752738641045570978e-01 1.431728162848620312e-01
1.289577913819483790e+01 5.206584508746228135e-01 2.603910097477987740e-01
1.229809582753243724e+01 5.065014641436237364e-01 3.250174033868756251e-01
9.880440038624316301e+00 9.848108931046576364e-01 1.712938851670143259e-01
2.015976168696694160e+01 2.342697453179100053e-01 2.435955042170885321e-01
1.012738183268374215e+01 8.666928404822826781e-01 2.100554398621876373e-01
1.163051605755070206e+01 6.620377418746692388e-01 2.190747968397437628e-01
1.166412712505622551e+01 7.329868560754830842e-01 1.365035892695374564e-01
1.244477438502199185e+01 6.183634874334895670e-01 1.732723750760226389e-01
1.041009993944295076e+01 8.403978074738179815e-01 1.975421055051936603e-01
1.281821521850308621e+01 4.903824017296223303e-01 2.759275260301806698e-01
1.914434858626097480e+01 2.570229078148086321e-01 2.267518019348480907e-01
9.525857162681967694e+00 9.449705990277511569e-01 2.461908463739506114e-01
2.025211892819901749e+01 2.347743987810930744e-01 2.205966486130810922e-01
1.102590287662992097e+01 7.366050996435252740e-01 2.381266325985074428e-01
9.950554151165350802e+00 8.494321731243863471e-01 2.540016174414415073e-01
1.063666498122860737e+01 7.590289960404418279e-01 2.352167736021335553e-01
1.200213293100744316e+01 5.409362880762359493e-01 3.037294268762160132e-01
1.115198415991184611e+01 7.258550251160790223e-01 2.020577575268429626e-01
1.925486515656430342e+01 2.984466444559714660e-01 1.177458854611693334e-01
1.044948714047711569e+01 8.373063989819865549e-01 1.999566898770768486e-01
1.312274394836023461e+01 5.863765796572342204e-01 1.458403104694356855e-01
1.390778758899376122e+01 5.307688634084473112e-01 1.397292271377608419e-01
9.744028232811336565e+00 9.822364973669319710e-01 1.790298350444486652e-01
9.755162852717365496e+00 9.808723665219415411e-01 1.875576531095330401e-01
1.109133754010990813e+01 8.057752966114765103e-01 1.574196487642725850e-01
1.057533487960794361e+01 7.682093681935442397e-01 2.429573294502906378e-01
1.342182870095618874e+01 5.630533965339645786e-01 1.424847792095252641e-01
1.386247023103097398e+01 5.344058350048606076e-01 1.638751565101137231e-01
1.061101525208195895e+01 7.214651505344159554e-01 2.783263125871557886e-01
1.104617079248409617e+01 8.558717235533769285e-01 1.089750913533462928e-01
1.349751125108228322e+01 4.684028018118173708e-01 2.123921874439474444e-01
9.823534919023709122e+00 7.104201999086890984e-01 3.271751149052964380e-01
1.005553431520807450e+01 8.824537736710246216e-01 2.157766675322639882e-01
1.126892304974814962e+01 7.216939339496368788e-01 2.055732335756453866e-01
1.243591037179137615e+01 5.268299402842813173e-01 2.858508687950767624e-01
1.189758799727597527e+01 6.838506462672743202e-01 1.668184083942289841e-01
1.127734731359176301e+01 7.846759111421363064e-01 1.462865903242996923e-01
1.708141743742023522e+01 3.149794661040806187e-01 2.408764716191592326e-01
1.114403055035354129e+01 8.105650688429977269e-01 1.555458421012652914e-01
1.080047579109401568e+01 8.093441509855555660e-01 1.768083412103599594e-01
1.131667641275594249e+01 6.584425722912849999e-01 2.617542889098721792e-01
1.155673529100352859e+01 6.555936214971073150e-01 2.299261549293247220e-01
1.395360607250977303e+01 5.054084548195124649e-01 1.655515366770511643e-01
9.614897064213279165e+00 8.961460585129122913e-01 2.597510720696866171e-01
1.265897186599690905e+01 5.875411200181211990e-01 1.857222813108718451e-01
9.364197031143328687e+00 9.954236846791533200e-01 2.217560340540404573e-01
1.050584666132784228e+01 8.133675604468834086e-01 2.187551251224058579e-01
1.504472674266546584e+01 4.202430408613951895e-01 1.883540085978913647e-01
1.323070628823877115e+01 4.726523578908696233e-01 2.747206107199494096e-01
1.005581727333678188e+01 8.268815241251300518e-01 2.555652769742953745e-01
9.683712418573110270e+00 9.186316313914008047e-01 2.447852900169302237e-01
1.335418003967579992e+01 5.358966489663923305e-01 1.804703980086320159e-01
1.004724615011494393e+01 9.762490176739896386e-01 1.432751649932045845e-01
1.239874516453824604e+01 5.887504919046782081e-01 2.118788474639634323e-01
1.143102471951293353e+01 6.984547987167607497e-01 2.017391561187460436e-01
1.703610270529437898e+01 3.584279971627408745e-01 1.437476832036570507e-01
1.140280149607738736e+01 7.378581391921960053e-01 1.669065709277670062e-01
1.369678985165167440e+01 4.799440660637040446e-01 2.237482476992829206e-01
1.275281201004582954e+01 5.319212747238418748e-01 2.348011551473281333e-01
1.479747505288990972e+01 4.047697213105774239e-01 2.473605756405879985e-01
1.059675808064817026e+01 8.040125508322762959e-01 1.993134892144091119e-01
1.437196819475008880e+01 4.253560892634457025e-01 2.363260034551567523e-01
1.450031941249690171e+01 4.543246281175432055e-01 1.864629675104183537e-01
1.096908422618442991e+01 7.702438060400389475e-01 1.915923636358661530e-01
1.472151916316822451e+01 4.169295720052783039e-01 2.411771402810626852e-01
1.319204932982235690e+01 5.840688466887994368e-01 1.459029933789678934e-01
1.038431527597730941e+01 7.646790723051831717e-01 2.666811617568158876e-01
1.272407256433428913e+01 6.002035603739348524e-01 1.849111195348699110e-01
9.416759257820226381e+00 9.421550773185819461e-01 2.415864662547990704e-01
1.013179638728047927e+01 9.042570778827739852e-01 1.871558911346516696e-01
1.593094598871625855e+01 3.795077041760254732e-01 1.922086116827320112e-01
1.250151902347520050e+01 6.735634247538555552e-01 1.093928644956488894e-01
1.001878160209719937e+01 9.115632943180471681e-01 2.019202013026548947e-01
1.251666702266917142e+01 6.414787258953377203e-01 1.586787420112488745e-01
1.045351406018839491e+01 8.507528635030846553e-01 1.959645088497524446e-01
9.423375802922810962e+00 8.534788905539211212e-01 3.260910167802166248e-01
1.140480598937479328e+01 6.639725030513903281e-01 2.372062039391664712e-01
1.174999817608737018e+01 6.242347444523632660e-01 2.440568739617910154e-01
1.892246177057656098e+01 2.787537690912696431e-01 1.899764332384941135e-01
1.145215264522641618e+01 6.205498745693698304e-01 2.879268916245269483e-01
1.281583585779490875e+01 5.959043010973531507e-01 1.777296594212936509e-01
9.559402986606063024e+00 9.699702255748108293e-01 2.179503276839724613e-01
9.713816596863573238e+00 8.478245956507906023e-01 2.743604754625548758e-01
1.336413414227897256e+01 4.858439757009304638e-01 1.727452455247131813e-01
1.416473294830884200e+01 4.638404345145051844e-01 2.038719657618818792e-01
1.734926010659901152e+01 3.055382676396669051e-01 2.375375012006117614e-01
1.127140129130821755e+01 6.306669972837862792e-01 2.866344321520296057e-01
1.876629334985869235e+01 3.178975604112643794e-01 1.157038391975521441e-01
1.026760449831535382e+01 9.901264463982123454e-01 1.151895559996019697e-01
1.045898001739068839e+01 9.605372121252593320e-01 1.245633748648011518e-01
2.202338515651192452e+01 2.221850959364611022e-01 1.879760451932152021e-01
1.089531936552275049e+01 8.776632489347329091e-01 1.304083512203756123e-01
1.420387869456946639e+01 5.071594208871190723e-01 1.548462467700061074e-01
1.181840036624963552e+01 6.158670849180193363e-01 2.413550546801358498e-01
1.134294757819705524e+01 7.515154839231620310e-01 1.606772733108031426e-01
1.210583853726199521e+01 6.417384404248178686e-01 1.965286795635803607e-01
1.063540870606793831e+01 8.658411939604674368e-01 1.585589553290918940e-01
1.574566847412990711e+01 3.703102988505723170e-01 2.246700755628336377e-01
1.318901310665502535e+01 4.904508417089552541e-01 2.574879759395741763e-01
1.596428019280575050e+01 4.079266550389346602e-01 1.558360655772988157e-01
1.104669007182267748e+01 8.070940904018617523e-01 1.569679168061624830e-01
1.199177478669939312e+01 6.746855024028192149e-01 1.615159707174742554e-01
1.046438954664359322e+01 8.381579277345515555e-01 2.117578329322758468e-01
1.317532890569558113e+01 5.115908176248117334e-01 2.337758029686022032e-01
1.098511773648231582e+01 6.722773318198164150e-01 2.660267338496382639e-01
1.079341674057379130e+01 7.506162500150213024e-01 2.258617746373250690e-01
9.295458076481574849e+00 9.733875696890562645e-01 2.460616864432935702e-01
1.453819272294062515e+01 4.706968950464386348e-01 1.549906763493743012e-01
9.715425089351512611e+00 8.786279504572757082e-01 2.492288373703984983e-01
1.162056166241623600e+01 6.891333803105427203e-01 1.769067812727999622e-01
1.155992781335740816e+01 7.061244057646378636e-01 1.817924052402010715e-01
1.323257049517855499e+01 5.376235415099857029e-01 1.840058794535802400e-01
9.840715252645495070e+00 8.936427257264719648e-01 2.286500208152666413e-01
9.295353397330947232e+00 9.693280692722575642e-01 2.521499186186999530e-01
1.578969115582800065e+01 3.900678968117088363e-01 1.897597647862212522e-01
1.090239757026145817e+01 8.615377854418082570e-01 1.354152992700975999e-01
1.010430097133855121e+01 9.304184466875804471e-01 1.567647314895461164e-01
1.106855430584301025e+01 7.342609775303561293e-01 1.955324103496062504e-01
1.487048144723957144e+01 3.833395324149900252e-01 2.748147440457641144e-01
1.228164521273137844e+01 6.277943084813486507e-01 1.672816287065594654e-01
1.235744868719264922e+01 5.811444713793557648e-01 2.193798559420299665e-01
1.960756469238531352e+01 3.003484809804010114e-01 1.045442582887796956e-01
1.079942474371929251e+01 8.433790344438921727e-01 1.554080236779999402e-01
1.541234260314121407e+01 4.067444028491823960e-01 1.941519706163569448e-01
1.015621937297329147e+01 8.018705091085036596e-01 2.569890951717997418e-01
1.297753226631023615e+01 5.497176287663602112e-01 2.018889015203109705e-01
1.055445721989995889e+01 9.605588328449203850e-01 1.047344981431947708e-01
1.405025549833507625e+01 4.754055635773664634e-01 2.319766407402234776e-01
1.576920558765740310e+01 3.737775639405341299e-01 2.161259843188802487e-01
1.583145455276049596e+01 4.542675217434172796e-01 9.225687016767700199e-02
1.016455664863013020e+01 8.151245986639126251e-01 2.425836597312069909e-01
9.843657792165984688e+00 9.405852411081470077e-01 2.049409122531185568e-01
1.059609638359313344e+01 8.801282600066929751e-01 1.519765919551586963e-01
1.376915677198012666e+01 5.166463525772606591e-01 1.742607966308175327e-01
1.342948385844406545e+01 5.299744381927843362e-01 1.825558723922527937e-01
1.901162395011089146e+01 3.009060719273620177e-01 1.618377818729768158e-01
1.091802107712098824e+01 7.994579326797603969e-01 1.797785253316687426e-01
1.139008109006178415e+01 6.585518078704876155e-01 2.411644735641927384e-01
1.391242541695502588e+01 4.393233289298760780e-01 2.662609826043652039e-01
2.149238540568495992e+01 2.221850959364611022e-01 2.173266720351825776e-01
1.259974445215754812e+01 6.319835180997401824e-01 1.541275914374322931e-01
9.783989788926472642e+00 8.586311300830579141e-01 2.556028026423281529e-01
1.767856451827375963e+01 3.221322611007260139e-01 1.806041312493345263e-01
1.486381639623404460e+01 4.907067074821157004e-01 1.198301048371615968e-01
1.010250242718492153e+01 9.323611620503043929e-01 1.742905369739879140e-01
1.121138230848059436e+01 7.067725441943273346e-01 2.253755588548181366e-01
1.062083639060633011e+01 7.702250615801774503e-01 2.360615037447665598e-01
1.514919543696336568e+01 4.423794499051457163e-01 1.656399934392527584e-01
1.021891661360012726e+01 8.658014815811363452e-01 2.150031751694108928e-01
2.085664853297587129e+01 2.729676658974042325e-01 9.822558305520838473e-02
1.077953804886603351e+01 6.790638856290988068e-01 2.983346722796036965e-01
1.374040651316437511e+01 6.045882918364424707e-01 8.116756373087501142e-02
1.370894473972940730e+01 4.859999322310790126e-01 2.141560357860588515e-01
1.022302694286078939e+01 7.879901995814239113e-01 2.114189925566590245e-01
1.259101627825135594e+01 6.190193825916635584e-01 1.603398958833516241e-01
1.005720583729514495e+01 9.832181981340801791e-01 1.565471019216207182e-01
1.458970580231534164e+01 4.599981330843209704e-01 1.729025322333057613e-01
2.173872264536463916e+01 1.990724009926904681e-01 2.541171817616927897e-01
1.226941603579983919e+01 5.979516658497435744e-01 2.145376569497134955e-01
1.002623821824336403e+01 8.188317141673115973e-01 2.604195835887588295e-01
1.265354572979292591e+01 5.134104372219049361e-01 2.800743677325947534e-01
1.406832984316451984e+01 4.742046135134010965e-01 2.010510982220848619e-01
1.216373653813576539e+01 5.618897553996876626e-01 2.656398711437930049e-01
8.957189087089750146e+00 9.794679630115563640e-01 2.921094874151376475e-01
1.656197140027784798e+01 3.777226813494236057e-01 1.525288589545428786e-01
1.116809090843096719e+01 7.011936677099734894e-01 2.205235267559613743e-01
9.206543041726483523e+00 9.227799479367887470e-01 3.002944694597400321e-01
1.054485305738592160e+01 8.014498679354390420e-01 2.225899808611948305e-01
1.075226656152558213e+01 7.009534850749559176e-01 2.538162660784608060e-01
1.265655200502344790e+01 5.900713023970337590e-01 1.703238760541528340e-01
1.319721280187745016e+01 5.504574963779561569e-01 1.675516816556886779e-01
1.298614282999305836e+01 5.587607807212324751e-01 1.909465499085587215e-01
1.163862848030807129e+01 6.648731568789512103e-01 2.201242632692160250e-01
1.046922124390613007e+01 7.621991931086760097e-01 2.408436839302280641e-01
1.212383611284303875e+01 5.909407801953251438e-01 2.215373868187441586e-01
1.244008269040501702e+01 6.020201542030964026e-01 1.992446602722029170e-01
1.107352386772514841e+01 8.753752424755127937e-01 1.043735123551559341e-01
9.051483936611477432e+00 9.936839014899647715e-01 2.732248461328057321e-01
1.183427359210072893e+01 5.928220172683803524e-01 2.687981972989522128e-01
1.525602394398857165e+01 5.056845439048202051e-01 7.206718727167778227e-02
1.396637564164789680e+01 5.105998487186055312e-01 1.701714474344237504e-01
9.938256954307842506e+00 7.958077333756219396e-01 2.652031495874843658e-01
1.374657639483507410e+01 4.374164111703163216e-01 2.653274895802654187e-01
1.023520164510216190e+01 8.120877029108330980e-01 1.981647740239022015e-01
1.136779026113966573e+01 8.142181851581130614e-01 1.253077759034413874e-01
9.684047035342336684e+00 8.658411939604674368e-01 2.723758935733441300e-01
1.330935251143786857e+01 5.495291682516033616e-01 1.748727811185374348e-01
1.360137697376644361e+01 4.922731368368665206e-01 2.108132163209607279e-01
1.389284569264645519e+01 6.140621205631109358e-01 7.092048160263253465e-02
9.795957409594750587e+00 9.760778201345762239e-01 1.937621317693919709e-01
1.042279693934845142e+01 8.393412240986893869e-01 2.034490548786082875e-01
1.191408252891586805e+01 7.482631790762993562e-01 1.178245046147160802e-01
1.269986969938530130e+01 6.603819711483157606e-01 1.104160926899207529e-01
1.073333747411973249e+01 8.058155873429261318e-01 2.000737916848538134e-01
1.250468833620480957e+01 5.730887908719635160e-01 2.290591006176578293e-01
1.178799187278848493e+01 6.545907021909243007e-01 2.043630631246485252e-01
1.374280195306308450e+01 5.049847578318523711e-01 1.845127402401180172e-01
1.409569338082656031e+01 4.942315982502156202e-01 1.697496217126944484e-01
1.150520988970008851e+01 6.138884249757631251e-01 2.646564590730196564e-01
1.037798514966209318e+01 9.709216298539004031e-01 1.169617062303686256e-01
1.084941783959844841e+01 7.238364225836718679e-01 2.530519333840279828e-01
1.013287140944827058e+01 8.242746597226069394e-01 2.343941311973140040e-01
1.084523973565432087e+01 8.603092627707692452e-01 1.379091012095033097e-01
1.175127075857766101e+01 6.514694063145107794e-01 2.196428194404692058e-01
1.809576805060174109e+01 3.131108403328659029e-01 1.675834444524885725e-01
1.157276297973329804e+01 6.870648695796980343e-01 2.055040047736766962e-01
9.523916680349945096e+00 8.920783438107035002e-01 2.694884264312724098e-01
1.052164193330176367e+01 8.473922496724209941e-01 1.739724293053519222e-01
1.393526168124240883e+01 4.473987940445608436e-01 2.480948316314774138e-01
1.023891364541814220e+01 9.543374288664081551e-01 1.417238005057934735e-01
1.389405927198335888e+01 5.852173345873534771e-01 7.808839064076944503e-02
1.246174940292091371e+01 5.915099872214952814e-01 2.097492800028002702e-01
1.386823227320483376e+01 4.661666663590809945e-01 2.390161677966432252e-01
1.038304058098372984e+01 9.869910322853240325e-01 1.053015646513713321e-01
1.028724800190249589e+01 8.771730733751510467e-01 1.965753132153048865e-01
1.316524091385043427e+01 6.122106445576572797e-01 1.225718695607058706e-01
1.165534286112141515e+01 6.909707901805416386e-01 1.870214514366378977e-01
1.647601264802492338e+01 4.060858859711368174e-01 1.155992285671978148e-01
1.509901080617824931e+01 3.951496399651346358e-01 2.304390552828257110e-01
9.690146412902468143e+00 9.373448711043711468e-01 2.165121658331179699e-01
1.382583073221145753e+01 5.209190115102565466e-01 1.594905442210511892e-01
9.738339633460650901e+00 9.798346563863422620e-01 1.749119207770832574e-01
1.181872946063253416e+01 6.193460517299334001e-01 2.369869046180925198e-01
1.026345036672606881e+01 8.416267085279334204e-01 2.230746103905406341e-01
1.087858984816081076e+01 7.485145122641051474e-01 2.178208926812149615e-01
1.126432718736034744e+01 7.940545712852342675e-01 1.249693583664390206e-01
1.282126590970806035e+01 6.053626070806836790e-01 1.636233196523500522e-01
1.129714953301817637e+01 6.961415702462324662e-01 2.169167947914318328e-01
1.095232818210031311e+01 7.755857155039729278e-01 1.853910437004896716e-01
1.214574363246692634e+01 7.144873981848004485e-01 1.166716843705725981e-01
1.025432592460819414e+01 9.164572884685836529e-01 1.731309389270889176e-01
1.277423719565784488e+01 5.597004335619669702e-01 2.339612736608689403e-01
1.108228440848022167e+01 9.404187709850549970e-01 6.213743575317158541e-02
1.145028005828815942e+01 7.460684327688534845e-01 1.699791880291330048e-01
1.105373445064652138e+01 7.312887010422401968e-01 2.037869540564334059e-01
1.389026064775946878e+01 5.060785991541650874e-01 1.912576066612500791e-01
1.472050462736741849e+01 3.958841980403288163e-01 2.577170055420202610e-01
1.518512834551630597e+01 3.934520802739515100e-01 2.309385424308975088e-01
1.131620400680029626e+01 8.116076957423303817e-01 1.255326426022404240e-01
9.870064072380404951e+00 9.932541483635297652e-01 1.583331784673520648e-01
9.892538934757938662e+00 9.468079749945159662e-01 1.786573180142673190e-01
2.026303047295945703e+01 2.718122503087077035e-01 1.393747884802682691e-01
1.005712336643184379e+01 8.762629481711984303e-01 2.113508561168509214e-01
1.171035793983035767e+01 6.921494032359279958e-01 1.818197173840137015e-01
1.096776186886699023e+01 6.762688438482455933e-01 2.737412733716779178e-01
1.504165983936478490e+01 4.395561037264507087e-01 1.667212638543879022e-01
1.089338488587328690e+01 8.404534397889187325e-01 1.324114541998104855e-01
1.073341072853338574e+01 8.577298830968709265e-01 1.579499112020158469e-01
1.243684529508614212e+01 5.543003054674120467e-01 2.594724488684337915e-01
1.590740764771907934e+01 4.125083983644923236e-01 1.414059035950747112e-01
1.223717928143429035e+01 7.374882156365396568e-01 8.333576677371207220e-02
9.721641807364129306e+00 9.234189812587475510e-01 2.240406750005957126e-01
1.402845479056789912e+01 4.901087643440287245e-01 1.870781846009081095e-01
1.118846036232343089e+01 7.416053077561404194e-01 1.907219530846597788e-01
9.321561628895688401e+00 9.729829279792100438e-01 2.346148057772802775e-01
1.300817854853479005e+01 5.305648343632282105e-01 2.264758621257580706e-01
9.501311985360365142e+00 9.483106692411028549e-01 2.305485875180075250e-01
9.722496729466556076e+00 9.052390599879559518e-01 2.317567507550555572e-01
1.838620069880869323e+01 2.905490059515563050e-01 2.041847701265157022e-01
1.268113727322375262e+01 5.926246719405843244e-01 1.791595404911724421e-01
9.574056357969666919e+00 9.575819954810528278e-01 2.099483820519934818e-01
9.713756948089713461e+00 9.375011559120151050e-01 2.218734169342819751e-01
1.119085491842352731e+01 7.420203671215952479e-01 1.960750181797173142e-01
1.182429433828432686e+01 6.638650136253724243e-01 1.978345460591691696e-01
1.087451681592083474e+01 8.076755650108580209e-01 1.910136532262352860e-01
1.422183648935380340e+01 4.656080344450839181e-01 1.970465286071874655e-01
1.277293162647250213e+01 6.770458595477466535e-01 1.033546888164219302e-01
1.649199975682066110e+01 3.965516919869514489e-01 1.321629688382665035e-01
1.138040439044936925e+01 7.478899448896288993e-01 1.650115887908689405e-01
9.677727500756009960e+00 9.433488009416868270e-01 2.159691414209291838e-01
1.098699737439623192e+01 7.360887663583108864e-01 2.072517655451633078e-01
1.133953818828877047e+01 7.195038350229177038e-01 2.049818210595115431e-01
1.861012443752781564e+01 3.244807735641512259e-01 1.275649905017589569e-01
9.943634087977740066e+00 9.417029915497409087e-01 1.768757254731886941e-01
1.068764654489810262e+01 9.190744304862081826e-01 1.146674955153268172e-01
1.536047303976236833e+01 3.742492207989877584e-01 2.555665874273809757e-01
1.252970280284630711e+01 5.673956883001981533e-01 2.239377295139272639e-01
1.111044482843186643e+01 9.163612266412206608e-01 7.318052197524371749e-02
1.244856253246946842e+01 5.571515594280161965e-01 2.365871928693878967e-01
1.641770910914223691e+01 3.675650082205558222e-01 1.584312326138940519e-01
1.558568563116521233e+01 3.968001367298598647e-01 1.945399445422941187e-01
1.423122062240796915e+01 5.154672309584048540e-01 1.397545178909254115e-01
1.512211798191700574e+01 4.419674958783110230e-01 1.955266968498749758e-01
1.057258593773707389e+01 9.013818051625159811e-01 1.423102229788982542e-01
1.404118809867490469e+01 4.869832503772762999e-01 1.942155867571778716e-01
1.056510801065035743e+01 7.532577252304650806e-01 2.530340424967487678e-01
1.233908392251746733e+01 6.715609138684858204e-01 1.362157796213950833e-01
1.567219832450135719e+01 4.155632978413331680e-01 1.624917350703210250e-01
9.613780151999590018e+00 9.122816618532031407e-01 2.449931685329878039e-01
9.908790223504540862e+00 9.289311288326296268e-01 2.036781212410873898e-01
9.568395199672908191e+00 9.693280692722575642e-01 2.164188202006832595e-01
1.307903582335368498e+01 5.450362096636727216e-01 1.944677888338508243e-01
1.223592974887995588e+01 7.292892617708284231e-01 9.179899612673343701e-02
1.030841751127127992e+01 8.767877738250806630e-01 1.911719705351443976e-01
1.242666973260730856e+01 6.604168330159944089e-01 1.438756566211215060e-01
1.436728741278206911e+01 5.094586091526517313e-01 1.410037628547480826e-01
1.043100823265534949e+01 8.656966850351487386e-01 1.780799654549121702e-01
1.091627930774652988e+01 7.528663512448817707e-01 2.342085265662969817e-01
1.126983865657269135e+01 6.616636089352492256e-01 2.498498362960256958e-01
1.150707929358309300e+01 7.045631340931202136e-01 2.032810973781455921e-01
1.088852562830635584e+01 8.053631297754132445e-01 1.848231041471250224e-01
1.097328399810315602e+01 7.092654849311849086e-01 2.434696526939342798e-01
1.042544907009234656e+01 7.833889747776063839e-01 2.480207629752330389e-01
1.324295660400424701e+01 4.873815485366744804e-01 2.512051874420446751e-01
1.471819703669243218e+01 4.811215194033425235e-01 1.287992651940730870e-01
9.451650839051014330e+00 9.414043481604318364e-01 2.391784302383571370e-01
1.338831557133737782e+01 4.803088172026063196e-01 2.512243912044747618e-01
9.562833391171711384e+00 9.699702255748108293e-01 2.175134213619739354e-01
9.237804038815840002e+00 9.036424203803208322e-01 3.231379393458974625e-01
1.300156353359569472e+01 4.985979394934034192e-01 2.466751256984391905e-01
1.158319116920263880e+01 7.439105095523427247e-01 1.626022400290761671e-01
1.131949192647609337e+01 7.744953343120217770e-01 1.453666899726447914e-01
8.860790603855082992e+00 9.501995196846216851e-01 2.599743759620639638e-01
1.203311443410057358e+01 5.569281393868402708e-01 2.840696019649759374e-01
1.141925290234004109e+01 6.969894970217600516e-01 1.966860068616681223e-01
1.050603750432453509e+01 9.542081884597539698e-01 1.209408870996751262e-01
1.197789325289120299e+01 6.557338880707117568e-01 1.475421949728468740e-01
1.006272261137473478e+01 9.470315351537734738e-01 1.804541037377060397e-01
1.185013316516117854e+01 6.365156740633044485e-01 2.216321163265917160e-01
1.018810804613430854e+01 8.910966755952995921e-01 1.829129114616737106e-01
1.768267866718294812e+01 3.547777051089165967e-01 1.186388658669113999e-01
2.019014587393944637e+01 2.861470015807464073e-01 1.058131855571191882e-01
1.351254716617000540e+01 5.626258725329507104e-01 1.306054892632218245e-01
1.183058010110635472e+01 6.270938776986977325e-01 2.148356105256379878e-01
1.116261879339683105e+01 6.759693194596362309e-01 2.443296019583251766e-01
1.167839280158326964e+01 7.833534802667859731e-01 1.106445227841238999e-01
8.900964559712521762e+00 9.823331508276031965e-01 2.970328016195212251e-01
1.018554073712431851e+01 8.207154631521371702e-01 2.557491379305142920e-01
9.664984189252344038e+00 8.010520934072667965e-01 3.010615179260574537e-01
1.112807986469128529e+01 8.269684986033383201e-01 1.218498311802617001e-01
1.335674455620226375e+01 5.471077390350441716e-01 1.683551283275500632e-01
1.111724529538388850e+01 7.481782052409202688e-01 1.837480104414276616e-01
1.166394548858661473e+01 6.068212154550500781e-01 2.671946224768436684e-01
1.114365760328063004e+01 6.613017037760108296e-01 2.754042021467752455e-01
1.821505648593876003e+01 3.201322313440945200e-01 1.534525640470497387e-01
1.213343800401430528e+01 5.657997825897953525e-01 2.648909452911188400e-01
1.882345735866421066e+01 3.010749133851432502e-01 1.517827335311652259e-01
9.642872468690347532e+00 9.092444203918284007e-01 2.382709652927418320e-01
1.152572226266910072e+01 7.669052952725062822e-01 1.418597203774941695e-01
1.227979315485808876e+01 7.181941684149286687e-01 1.024783422059567378e-01
1.089736532315378348e+01 8.018384832789355876e-01 1.806953385595363171e-01
1.015336537117011950e+01 9.580259646684996522e-01 1.600772869716617086e-01
9.902262007981381231e+00 8.445451314227876427e-01 2.603669737218154423e-01
9.539769857587966584e+00 9.407463838375842435e-01 2.290216823914492661e-01
1.063838589772363896e+01 7.774156553288975591e-01 2.340364531060216413e-01
1.063384688349584373e+01 9.045101874996041014e-01 1.385123224397069863e-01
1.023097063624454428e+01 9.007906806031652502e-01 1.858561060686839406e-01
1.509789447428179443e+01 4.388982744581855222e-01 1.944779793718662553e-01
1.338628857599597843e+01 5.748055241316769592e-01 1.436689798733798429e-01
1.133250179168894611e+01 6.650784038026569256e-01 2.458086713345136731e-01
1.522296414283892751e+01 3.969057031967371807e-01 2.213941270266009675e-01
1.069495954455899600e+01 8.710230642566726411e-01 1.443727721870786129e-01
1.039572405503808561e+01 7.476191283320944292e-01 2.375911276948326489e-01
9.922906774304102839e+00 8.010520934072667965e-01 2.672434888295995292e-01
1.045989054996305434e+01 8.653557533804568935e-01 1.774477658782816492e-01
1.018738146641320164e+01 7.454670299049896975e-01 2.846923668403479324e-01
9.867155362160652032e+00 7.646191271315958549e-01 3.262431490469746564e-01
1.085786331086263345e+01 7.978950842204746152e-01 1.683993865618711450e-01
1.028045945361352054e+01 8.466987880426793955e-01 2.136463410314276556e-01
1.148564045686265622e+01 7.711560526164931151e-01 1.329533454396687742e-01
1.533165109303867268e+01 4.434060608899312306e-01 1.397305036920856169e-01
9.690864697040563414e+00 9.871058632036701086e-01 2.037472069009620135e-01
1.181917774842951729e+01 5.394306790790670547e-01 3.256956053547788721e-01
1.073517305268835109e+01 8.581721070792821537e-01 1.562723711185571018e-01
1.046383262117716484e+01 7.160032557228668271e-01 2.873327095024379996e-01
1.057245094049572032e+01 8.340187977521777984e-01 1.910492708026265973e-01
1.319031174690521446e+01 5.635077024176469163e-01 1.495188507244731291e-01
1.184366750620645625e+01 6.374009007605900834e-01 2.008088704404469849e-01
9.511048957003703563e+00 9.514094052989922057e-01 2.417639566072083968e-01
1.553361957556993467e+01 3.808540551172254762e-01 2.234649437333543209e-01
1.480027562947180897e+01 4.215556968179087205e-01 2.145725829730056600e-01
1.046170340110371377e+01 9.643400883253556710e-01 1.013649259937344366e-01
1.455227429345253753e+01 4.218993494084583018e-01 2.459986414740773508e-01
1.626515405816168425e+01 3.503039823033430866e-01 2.289948083367287224e-01
1.043844147896405694e+01 8.107431439267176465e-01 2.134935110310270667e-01
1.437376953401015989e+01 4.800563793151825243e-01 1.728030674286782087e-01
1.074718605568872221e+01 7.690425601500866515e-01 2.105569711537166600e-01
1.386473332219846100e+01 5.122364462015041031e-01 1.683441450737863943e-01
1.692226084943180453e+01 3.414919748478768002e-01 1.958251429908350605e-01
9.964821641355781523e+00 9.575228793686035855e-01 1.623595902539500258e-01
1.123347172499521385e+01 6.857978939450435352e-01 2.407226671508749805e-01
1.027315512798824138e+01 9.590752267371965845e-01 1.613612908830193704e-01
1.191101681632600950e+01 5.808602019859402388e-01 2.890702982598956083e-01
1.331300113634560489e+01 5.148374872685410608e-01 2.061641725667125724e-01
1.059196606607906155e+01 7.614871013813334644e-01 2.318159280671328593e-01
1.505689982477311517e+01 4.058805923659471460e-01 2.251510732011969551e-01
1.833506362111283394e+01 3.323061222569038131e-01 1.126290271776994589e-01
1.074546116472625457e+01 7.562534877796638355e-01 2.132181951198847125e-01
1.661959907518010837e+01 4.190102395267549240e-01 7.837830015798827321e-02
1.090070224654543907e+01 7.439924019974134550e-01 2.239994908794414041e-01
9.754963251677567726e+00 9.972245745449471732e-01 1.653989601365908335e-01
1.145505870873107668e+01 8.125639104596510398e-01 1.136758348498451282e-01
9.790701926664873156e+00 9.762191358424340271e-01 1.831868732976614234e-01
1.018295937458648126e+01 9.588757835135297558e-01 1.471169924800426188e-01
1.022447942592832959e+01 9.120639791777499505e-01 1.757592404172925171e-01
1.237867843727662276e+01 5.720283876727514372e-01 2.385932858413565005e-01
1.085609415647946463e+01 7.568115297753530424e-01 2.167231427443254976e-01
1.103020168625870845e+01 6.935488837269335738e-01 2.494925671996749694e-01
1.679466714571961461e+01 3.245156771948953800e-01 2.276029554625433604e-01
1.153595177512029402e+01 7.554811056581852702e-01 1.395723782715722894e-01
1.204078472289255686e+01 5.789523115686521226e-01 2.636390117761716056e-01
9.343795463368824272e+00 8.713101089361213747e-01 3.116283586160818464e-01
2.139786986295082016e+01 2.387376768132722371e-01 1.560372551135751629e-01
1.107026649003368668e+01 6.795995093225541961e-01 2.560414520235443914e-01
3.208381116287473134e+01 1.078285623735638354e-01 2.145905749882819902e-01
1.419349745671520147e+01 4.519518749306967176e-01 2.224598069128335687e-01
1.051356168399877333e+01 8.583403318832796280e-01 1.638175879656947609e-01
1.034265425565640584e+01 8.851054395435904443e-01 1.830745819022373266e-01
1.261540835575675246e+01 5.849965528785252555e-01 1.962238220464448957e-01
1.668267140486457834e+01 3.584699543639497388e-01 1.695074694439786256e-01
1.264695597700672458e+01 6.615604511154610234e-01 1.333726492019066678e-01
1.140792424829010088e+01 7.990260495025932608e-01 1.251982149096032837e-01
1.583996332234865356e+01 3.749575297042689326e-01 2.195935976405497259e-01
1.260992611826783438e+01 6.428992919268136097e-01 1.442272336074432171e-01
1.581335504469344322e+01 3.630467313422527931e-01 2.353729487970862844e-01
1.074054330544298352e+01 8.771082752841145025e-01 1.355480494007441361e-01
1.269360462926100475e+01 5.141686709794551779e-01 2.927785115254860626e-01
1.051346537811026138e+01 8.079931067463979044e-01 2.130480808500407885e-01
9.855448923734957845e+00 9.469448848775074978e-01 1.857880681536920875e-01
1.176850141867497612e+01 7.986027683784624465e-01 9.964036920676780373e-02
1.098240659314335943e+01 8.650650049911159378e-01 1.185003847580324288e-01
9.907357679651967786e+00 9.260814656011003843e-01 2.156213844631669763e-01
1.231131928457113034e+01 5.467809981528347629e-01 2.546479904357448198e-01
1.161156480941224878e+01 6.891333803105427203e-01 1.778186701942590653e-01
9.403862989578383846e+00 9.371708423765028328e-01 2.458114291446940602e-01
1.661145730832831546e+01 3.541698080469998788e-01 1.890068784090107590e-01
1.049168623069340711e+01 8.077549142293465323e-01 2.130189294804027411e-01
1.312598964927017597e+01 5.852925181430428392e-01 1.512504888223960842e-01
1.293385876736214435e+01 4.922208039956614267e-01 2.867660996884615066e-01
9.489145421246350409e+00 9.560392811714996109e-01 2.368678610110742377e-01
1.369543913140168456e+01 5.222019457995117353e-01 1.707010030917059384e-01
1.046818901456149931e+01 7.928425880890280775e-01 2.318401952871275429e-01
1.126188973073678490e+01 6.925790844349508646e-01 2.242100069013477082e-01
1.427160916518004896e+01 4.367393537528710956e-01 2.353207743939612628e-01
1.177383465735156243e+01 6.191919938377991040e-01 2.435644313093746627e-01
1.301293680387018625e+01 5.876873320700304326e-01 1.691103422153962532e-01
1.500873454782252914e+01 4.066607428576883843e-01 2.372776942333414130e-01
1.160075013721533566e+01 6.745014698942874976e-01 2.050260530563130790e-01
1.188990389286583138e+01 5.845067476553875707e-01 2.658466748442797623e-01
1.053455267891400027e+01 7.577550123957550454e-01 2.538315012120345160e-01
1.148517298517618990e+01 7.071640750354869498e-01 1.827909790765423481e-01
1.081991914627987228e+01 9.016884313759584435e-01 1.161719266776871096e-01
1.391899344186527721e+01 5.483128500654003146e-01 1.213822368112495304e-01
1.228589541866552004e+01 6.224427945225924352e-01 2.143384987467176206e-01
1.581309774068297536e+01 3.713255323295665544e-01 2.165870425969952662e-01
9.912222615639034728e+00 9.822265594602670458e-01 1.797634550246721419e-01
1.135800135117346876e+01 7.245024225538126972e-01 1.749177344783827692e-01
1.326780840266949291e+01 5.396564870443780748e-01 1.884857588529439409e-01
1.510774258009854343e+01 4.468667446218284045e-01 1.623524763476249244e-01
1.223736171261046479e+01 5.947002016012957748e-01 2.266868060536180451e-01
1.357500957591355295e+01 5.536660805476372182e-01 1.443790085838337622e-01
1.526904191203947292e+01 4.083102496343961607e-01 1.843303416380874526e-01
9.555402489606368732e+00 9.796933822494203747e-01 2.108922688066323103e-01
1.292396391050210802e+01 5.610692818039104690e-01 1.884310428416160754e-01
1.070030738037598894e+01 8.967950793141994392e-01 1.309249041469537078e-01
1.572694885940051712e+01 3.373102300848808133e-01 2.939303854756533663e-01
1.083154244567488078e+01 7.109590100036067284e-01 2.576036209357498441e-01
1.058107738124930997e+01 7.836777422701497464e-01 2.276937907117196347e-01
1.185578711043091893e+01 6.433358172445121648e-01 1.995993068639935475e-01
1.115869008656536820e+01 6.763021830972401061e-01 2.422767096757370286e-01
9.680539773008003834e+00 9.800671870089989746e-01 1.959973154924296024e-01
9.825412417963590883e+00 9.043597986804443600e-01 2.292929279912449825e-01
1.017314638928273141e+01 9.717779743290108074e-01 1.495381444006920468e-01
1.152558571401597654e+01 7.429917451364419501e-01 1.545462703746073030e-01
1.698911572846859741e+01 4.241083566015679818e-01 5.291654291488197964e-02
1.236883062742749573e+01 5.079338999347479122e-01 3.108916394168579900e-01
1.080241781333815965e+01 6.752381594224525774e-01 2.817304808724604981e-01
1.563857626043023075e+01 4.496494832789822982e-01 1.201144981671172507e-01
1.079767282334464795e+01 7.188228866282405649e-01 2.496013928879651511e-01
1.086156286108750102e+01 6.947309370067000778e-01 2.646051251467755883e-01
1.474224637713533070e+01 4.213531002429115602e-01 2.279627826615508723e-01
1.021462400258051950e+01 8.900524647282666013e-01 1.837376738094700090e-01
1.056937832347342088e+01 7.946719273742148815e-01 2.217841911974267610e-01
1.529989255143322424e+01 3.696620674279583185e-01 2.430928131038871953e-01
1.241910135423915307e+01 5.785825647023710161e-01 2.215614936439513627e-01
9.776555457010955408e+00 9.450981522372468024e-01 1.924822654833466262e-01
1.186604958615645700e+01 7.276022112385233109e-01 1.444179380341372165e-01
1.016141045450718039e+01 7.741602680799414271e-01 2.846951767615732432e-01
1.434748608318412977e+01 4.773109450841929724e-01 1.614468495051744890e-01
9.909853893685218296e+00 9.577026246637260209e-01 1.674302289534326249e-01
1.104349549771501593e+01 8.744679716721831531e-01 1.090848004179692105e-01
1.307523486026379622e+01 5.491873809802287898e-01 1.936464947483618748e-01
1.313497967425002066e+01 4.949218395748684052e-01 2.609245244946044595e-01
9.738567133859291403e+00 9.302995997324976507e-01 2.286713061101217359e-01
1.016873549597171156e+01 9.443599098405720538e-01 1.683311726298760413e-01
1.055395915245409988e+01 7.559987141077423312e-01 2.408580335423042007e-01
1.552629342210218510e+01 3.852669230856700100e-01 2.302953275070214745e-01
1.385254579833428856e+01 4.542429526282706909e-01 2.357525873542806738e-01
9.374919785266447647e+00 9.254952497268265077e-01 2.677227794137324035e-01
1.038093732714317063e+01 7.780578868624843381e-01 2.640353743096079397e-01
1.011729222942773809e+01 9.187637603621455762e-01 1.868560013590901403e-01
1.432289073991043793e+01 4.619857696612245102e-01 1.978829072675930001e-01
1.357122437748043176e+01 4.627971065561925501e-01 2.601853532493914045e-01
1.025835692328051252e+01 8.571873471661102251e-01 2.116709423310937921e-01
1.060821095399716896e+01 7.821362068084829477e-01 2.180131085281062919e-01
1.053402002493373679e+01 7.698506983989265029e-01 2.353572624820451098e-01
9.645176224491200045e+00 9.817369487307332498e-01 1.938906779941596270e-01
1.034548130760786044e+01 8.710333871982962606e-01 1.799259242136764247e-01
1.330162025660070668e+01 5.684590632437243052e-01 1.441420006111557017e-01
9.382588795485894195e+00 9.804946423832535674e-01 2.413798512875922619e-01
1.053907385426016496e+01 9.314201260786155734e-01 1.337256162381044167e-01
1.576688696399678946e+01 3.850622473897121201e-01 2.070337706458932614e-01
1.213352466255403606e+01 6.894286832578807589e-01 1.336824842435759553e-01
1.976923106809082853e+01 2.520161795071703681e-01 2.197665485236524330e-01
1.012171019572270936e+01 9.440251771459660102e-01 1.607789368406327690e-01
1.151643731023404449e+01 6.955282906859709957e-01 1.925416367955631314e-01
9.863883122612294940e+00 9.378842943812751853e-01 1.912502056099272263e-01
1.348810989216718781e+01 5.744536231060920484e-01 1.304357780221297447e-01
1.056821888491740857e+01 7.367538235680003433e-01 2.662474802373251959e-01
1.037256391405511025e+01 7.978615446764950603e-01 2.471876873634531180e-01
1.353264166864181206e+01 4.854814252541355124e-01 2.343983095856660703e-01
1.123485427897376177e+01 7.707950418995489494e-01 1.550864548628035355e-01
1.074322094672939087e+01 8.475937938624507062e-01 1.549045729881634026e-01
9.632552876345815918e+00 9.595177832799963724e-01 2.112694474433242375e-01
9.748823245884294053e+00 8.561933568869423139e-01 2.531720692707898901e-01
1.431617531651740727e+01 4.784454827502597762e-01 1.637555870201415353e-01
1.350293019269629902e+01 5.441308712657574320e-01 1.708141743347450225e-01
1.038779084897918281e+01 8.467464208874908582e-01 1.899322516230538271e-01
1.094157509854691313e+01 7.305194446452837331e-01 2.324619516426729982e-01
9.884990769677886036e+00 9.611445459629541777e-01 1.919772640843199207e-01
1.176349571917550030e+01 6.784624227604063584e-01 1.816112475689521943e-01
1.532922459509805790e+01 3.798019596342072091e-01 2.500801903657814962e-01
1.077964399713834709e+01 7.611798098285936787e-01 2.242813803972997788e-01
1.495870067732900743e+01 4.337047363773079978e-01 1.716660676660798079e-01
9.726713748390384495e+00 8.861466689301954469e-01 2.493548503995998977e-01
1.289246265839219596e+01 6.299254846626870519e-01 1.300360052248447362e-01
1.175235509499180253e+01 7.474195845691073981e-01 1.303995575883566405e-01
1.489535108507365102e+01 4.039279309165585419e-01 2.360069809733782997e-01
1.101468477387197176e+01 7.958365004820647792e-01 1.592947735288934852e-01
1.626304997174043621e+01 3.870703725656178262e-01 1.517735336482025632e-01
1.240913870976239508e+01 5.379124851615152414e-01 2.717722292510485471e-01
1.277663997711468369e+01 5.297961154666332995e-01 2.361920683599635917e-01
9.776004906542835826e+00 7.849547994542455109e-01 3.337089226546086085e-01
1.216365071282855403e+01 6.288906593802594536e-01 1.931643174111724037e-01
1.065606063800547254e+01 8.111660189794065445e-01 2.108238408674831810e-01
1.154904467654450251e+01 7.439105095523427247e-01 1.660396489200565706e-01
9.585903407863268555e+00 9.700042271576367892e-01 2.117136492812946857e-01
1.029474159608621342e+01 8.744398265197236286e-01 1.816222268539560425e-01
1.453659365721617114e+01 3.812154227268224060e-01 2.839405990023296522e-01
1.064645414346775887e+01 7.750574328747098507e-01 2.118197125674840531e-01
1.408953724148748243e+01 4.306082072515596271e-01 2.583497027705239923e-01
1.274851943843644619e+01 6.182970218845038612e-01 1.672079881471921770e-01
1.014228155704394219e+01 9.011011435677563908e-01 1.871392972361191620e-01
1.245151754516069964e+01 5.635760322203394734e-01 2.503336194591589958e-01
1.570625755093974973e+01 3.550854384815825826e-01 2.590329641459891974e-01
1.174126802865788832e+01 7.869923555961714223e-01 9.074628371125986748e-02
1.063735295394894109e+01 6.543385803471114537e-01 3.222050693334085891e-01
1.247223104437349406e+01 5.899046861220119675e-01 2.180265320928789496e-01
1.065048123408635838e+01 7.632799109092661682e-01 2.498318656750109223e-01
1.942951599729700618e+01 2.627220681983177264e-01 2.172578052531128900e-01
1.953303024873185123e+01 2.655288247548476810e-01 1.936559008565080786e-01
8.948008059785383494e+00 9.688201891391695630e-01 2.908825956985566785e-01
1.208646990173297908e+01 6.468333332398916724e-01 1.805902067363821806e-01
1.417437053080397291e+01 3.964017146893194510e-01 3.069344007078219638e-01
1.105738747624059748e+01 7.201613764919694294e-01 2.221011884739380049e-01
1.329416040185078707e+01 5.071109428965706600e-01 2.160867994029974370e-01
1.322457146170566666e+01 5.279119653954472691e-01 1.972175900170928253e-01
1.456574091454198872e+01 4.711972042781055192e-01 1.582799734654284918e-01
1.379146931805108700e+01 5.372284825237628736e-01 1.403144681195122312e-01
1.420178426086627610e+01 4.850513383557710223e-01 1.785343793822046499e-01
1.013598754475322394e+01 8.596271512750225385e-01 1.982894281833665062e-01
1.232343456819040384e+01 6.763339310215360500e-01 1.437447021775938860e-01
1.118393567507203734e+01 7.705240378521120981e-01 1.779779840261948298e-01
1.881959112080939533e+01 2.743744145858009742e-01 2.134588368117463220e-01
1.177285595142992491e+01 7.298194216625538688e-01 1.538001531693040103e-01
1.299545651746151798e+01 5.153294500264854472e-01 2.325950210734821222e-01
1.548520566118708253e+01 3.930501156044720057e-01 1.915197742767000277e-01
1.390418192526898622e+01 4.555099098041178185e-01 2.494219432233100442e-01
1.128496591835413199e+01 8.478851249382785005e-01 1.212801253940764823e-01
1.198160272111917379e+01 5.960715753712447773e-01 2.319571212789954262e-01
1.480504812904630363e+01 4.776941872792643817e-01 1.292044109942326324e-01
1.096657995262721563e+01 6.894345258076701732e-01 2.566864248488481826e-01
1.091940235792627512e+01 7.859613575944556230e-01 1.949606372484674888e-01
1.222890508111856889e+01 5.389957296714165125e-01 2.764871340854467840e-01
1.167297710195325244e+01 7.667773242844163617e-01 1.195032668926700042e-01
1.139964569437182718e+01 7.482238018991489437e-01 1.547466119566404952e-01
1.108038339021640439e+01 7.577550123957550454e-01 1.920665138412716577e-01
1.320067408089796501e+01 4.942008492718114043e-01 2.533627372818617607e-01
1.281944940079796780e+01 5.107838832939980422e-01 2.771281736157010234e-01
1.735682113127077386e+01 3.021967154784384046e-01 2.487108764376630976e-01
1.056619328800847946e+01 7.508992169514769888e-01 2.608807762393690055e-01
1.122418898938262721e+01 7.307812736485156391e-01 2.060840863228844966e-01
1.072251823604139886e+01 9.172853972373259390e-01 1.146688105214729303e-01
1.321229272815101830e+01 5.467915409284465067e-01 1.901141855945317205e-01
1.584959545661249969e+01 3.747378870310079657e-01 2.376494281315343626e-01
1.001811605500154734e+01 9.510567268437132293e-01 1.683132156228579202e-01
1.066994191467738773e+01 9.045913152607287788e-01 1.338158345302317698e-01
1.551372631532968960e+01 3.685144450868728105e-01 2.494685784476155521e-01
1.058637062331698253e+01 8.104239025038196820e-01 2.046691405183519719e-01
1.425105236450292523e+01 4.242204517894060944e-01 2.548350822151275175e-01
1.083736243536207056e+01 8.044503833787742808e-01 1.806463606437189451e-01
1.173906223901678381e+01 7.196278530803756901e-01 1.602445615982160954e-01
1.163805859166375356e+01 7.524478051428374892e-01 1.326736584252949380e-01
1.142899181495565841e+01 6.604168330159944089e-01 2.437286884219498073e-01
9.879449481354416918e+00 9.057871888498864044e-01 2.212825241701500412e-01
1.677194901655739656e+01 3.469944791114965010e-01 1.921673492007882900e-01
1.222129855143621491e+01 5.988846162057391842e-01 2.395142612988068742e-01
9.705225390319812462e+00 9.184088495387355833e-01 2.328231976903864520e-01
1.130792750650328671e+01 7.924531009966055972e-01 1.398598896736084896e-01
1.432174952341492258e+01 4.193477244545750771e-01 2.672603280993846586e-01
1.093070660019081863e+01 9.187637603621455762e-01 9.853547800746742524e-02
1.113817524365613920e+01 8.559915968712429324e-01 1.292823159046415649e-01
1.051718384747194790e+01 7.732647009907968050e-01 2.396107482514483189e-01
1.076322363243769864e+01 7.917869076402600514e-01 2.031423337681874941e-01
1.215488322513674291e+01 5.964987829119352547e-01 2.322588973150333802e-01
1.227644436184798771e+01 6.462994761698740431e-01 1.634527955578057856e-01
1.126296399458741071e+01 7.586609994955276770e-01 1.742003007837203410e-01
1.103596107267038384e+01 7.224849116524586501e-01 2.351332983364466389e-01
1.220924814842271111e+01 5.594667421377879091e-01 2.657396854860830104e-01
1.445727072859022222e+01 4.796418103810797806e-01 1.598694283408785277e-01
9.503595819071147588e+00 8.870106144022594785e-01 2.748948114656027397e-01
1.099281521335766953e+01 8.176325459420540342e-01 1.548112719201438225e-01
1.207394096297659125e+01 6.259027924894019490e-01 2.053172236492587510e-01
9.975291816786317156e+00 9.726471697944610861e-01 1.592475420023752308e-01
1.001272067221615636e+01 8.158708545461955675e-01 2.643688378453449284e-01
1.251300395603902160e+01 6.379418028757255499e-01 1.548254960013807358e-01
1.036064535979590495e+01 9.226022103248312511e-01 1.448537796716611037e-01
1.186559705150388311e+01 6.760232372323675687e-01 1.850848139460576636e-01
1.990562997776595822e+01 2.508723862447170827e-01 2.118467000011680645e-01
1.139281459268280194e+01 8.432167968425129390e-01 1.081747971312317091e-01
1.105199422486429484e+01 7.089066155051356732e-01 2.268506229848750444e-01
1.648819920715672183e+01 3.506536625585139344e-01 1.878439107381666695e-01
1.403445750049633389e+01 4.775352654246733386e-01 1.974224466454054527e-01
1.203709582089920360e+01 6.173216994840792227e-01 2.179091780854275906e-01
1.395644305915156913e+01 4.792944250780306059e-01 2.023988289029372278e-01
1.386448362012396274e+01 4.511962682635894950e-01 2.436208568902932248e-01
1.051230436531288426e+01 8.810173881466475398e-01 1.565489903543268724e-01
2.058008949666535869e+01 2.457087272363834007e-01 1.870880346580948983e-01
1.293608951501499327e+01 6.499684887673412570e-01 1.061258533971167761e-01
9.110480660753035309e+00 9.157023575498832724e-01 3.149073798481033526e-01
1.180450305434287550e+01 5.870226552149973021e-01 2.685880067175451247e-01
2.073805769314741099e+01 2.649426984920392192e-01 1.192505269029974502e-01
1.128910417755750473e+01 8.410001238641825472e-01 1.056593857570226197e-01
9.643316504191254523e+00 8.941652140885999467e-01 2.459657976500373988e-01
1.481518008555205768e+01 4.905450345514400512e-01 1.264368960699994715e-01
1.217915265127939506e+01 6.041675837077805644e-01 2.266331187195236851e-01
1.013177968123579120e+01 9.862033089612091130e-01 1.326844300196270143e-01
1.245501825566407561e+01 5.992610195908480986e-01 1.834253797565476019e-01
1.183103266680265797e+01 5.903031032746327567e-01 2.706270385155338243e-01
1.091077696667916186e+01 8.536809613411208142e-01 1.206159499069210245e-01
1.066403151853490527e+01 8.260941149884658552e-01 1.918575285189590141e-01
1.164253846384895219e+01 7.118955708732405130e-01 1.670805333554349348e-01
1.528361243529566060e+01 4.068064846947965219e-01 2.026972731623321033e-01
9.800776619526756051e+00 8.870011222348249680e-01 2.438334002104873832e-01
1.622093579968403532e+01 3.812676972735221104e-01 1.737705046814174148e-01
1.114372354540803656e+01 6.900199428107939292e-01 2.529407197788442474e-01
1.065202771927997460e+01 7.988185109664736050e-01 1.916644731429622550e-01
1.299914896643232254e+01 6.482951311031425190e-01 1.050185698381414651e-01
1.308455511038565966e+01 5.881128437696163669e-01 1.372192229769871041e-01
1.139856552975709469e+01 7.973579775055902319e-01 1.312069897162557730e-01
1.102237618129728247e+01 7.744945083176363321e-01 1.678486370154870788e-01
1.460017027545917934e+01 5.179327452089628192e-01 9.764897926822187213e-02
1.421532254704268894e+01 4.465112646863618195e-01 2.114460151638722363e-01
1.389587963171699769e+01 5.265645080198149142e-01 1.450740704542880510e-01
9.813692415891964060e+00 8.306695667465087141e-01 2.732560920181140163e-01
1.741677031757114591e+01 3.601824062121993242e-01 1.257761700159069351e-01
1.251442151797045810e+01 5.661725887398463275e-01 2.352135392510581735e-01
1.308114994903976402e+01 5.022696000954192108e-01 2.471142364128244007e-01
1.233841720707753709e+01 5.557034744985397401e-01 2.512837538954342809e-01
1.189337789825863290e+01 5.805846911114840303e-01 2.783808273989224480e-01
1.139903658031789035e+01 7.898896384819784622e-01 1.348116052487705052e-01
1.004482504367173945e+01 9.993810920301389178e-01 1.290186146883806340e-01
1.064573570997889007e+01 7.707228887957277008e-01 2.213873567997664271e-01
1.629789767334767348e+01 4.102579349727306091e-01 1.289272362235633906e-01
1.136593321289715774e+01 7.322410404850153709e-01 1.865500832520181063e-01
1.809391007037865862e+01 3.036085021002744577e-01 1.864915124088896980e-01
1.474796296551370567e+01 4.135604928670837399e-01 2.457541666526652790e-01
1.189170508054152897e+01 6.283833312489452982e-01 2.123325378788729345e-01
1.069545107653392080e+01 6.911879089563226497e-01 2.970761027963833567e-01
1.160547645203490141e+01 7.812539639901804334e-01 1.085993800576889462e-01
1.023652839182835095e+01 7.714478387051852959e-01 2.778488697798015550e-01
1.308123873910825807e+01 5.814142545385013738e-01 1.754196453911801568e-01
1.297003131558205702e+01 5.565041396979072408e-01 1.951923149100388555e-01
1.446974503142638646e+01 5.136476611799720704e-01 1.238466203345875843e-01
1.033101964902622250e+01 7.356203543341173212e-01 2.923885979888247721e-01
1.630210508006850034e+01 4.032244957299950805e-01 1.227470875757041557e-01
1.045149313805155344e+01 8.343755303178085336e-01 1.924346749523078437e-01
2.038281237823353820e+01 2.356504084872559079e-01 2.303233966733594928e-01
1.174274759579851946e+01 8.013772367399778496e-01 8.926165051329307265e-02
1.006716091114812350e+01 9.710513375330819263e-01 1.738563633473634851e-01
1.239817297778966854e+01 5.894666472589131789e-01 2.091427792831406229e-01
1.152295525822770017e+01 8.317798356427327233e-01 1.028039869309098214e-01
1.047087309597352700e+01 7.903335041212913303e-01 2.417759131280061424e-01
1.288865848864567099e+01 5.398801919535789473e-01 2.023326565485213391e-01
1.296971517318078071e+01 5.638683593538005301e-01 2.004978360817370187e-01
1.150910580837122055e+01 6.255184193580418661e-01 2.577853340215107703e-01
1.913673968521335311e+01 2.848986004834583308e-01 1.817743112544841222e-01
1.018361109260653308e+01 9.426334613584359534e-01 1.582672288579058673e-01
1.203859757463397351e+01 6.730703048352142392e-01 1.818643498726200680e-01
1.435208182039301406e+01 4.810684707621860068e-01 1.629198613043411070e-01
1.730429714131946284e+01 3.228193768586739010e-01 2.288947552352607329e-01
1.161899179508421831e+01 6.218711875817952706e-01 2.548266886777952323e-01
1.093076274733411779e+01 6.817196556908030614e-01 2.738144923505762551e-01
1.138466691558300958e+01 8.626855476306305448e-01 8.297538183782833532e-02
1.373332858773716758e+01 4.626007295079789805e-01 2.453270808120934232e-01
1.002781407613205467e+01 8.612263247728974003e-01 2.390760245120818472e-01
2.253564273148134589e+01 1.901705252334227048e-01 2.794622431478649971e-01
1.332944830952731152e+01 5.790462127558143601e-01 1.437659418434434067e-01
1.016504535610642179e+01 9.779847089437762042e-01 1.609387756960292959e-01
9.678953314258375684e+00 9.779913375698233713e-01 1.941926607050521170e-01
1.063369346852692132e+01 8.694485155747687655e-01 1.513771801150169405e-01
1.405563795439282870e+01 4.877801519946768360e-01 1.710514376900242328e-01
1.079978960553074785e+01 7.295833821706664279e-01 2.410740847336445836e-01
9.167039163253059897e+00 9.164924473503748281e-01 2.945538672476597508e-01
1.529219537604763701e+01 4.025689547166318993e-01 2.027286742830092525e-01
1.164596439338946610e+01 6.926727755143464726e-01 1.844618044539037827e-01
1.100460737061031757e+01 7.941540902076296149e-01 1.827273218617782025e-01
1.818183051807901407e+01 3.347182120918283377e-01 1.258563297409470150e-01
1.207310551629904616e+01 6.925234106404155598e-01 1.446899655969809129e-01
1.319106391989442528e+01 5.287384588910438721e-01 2.029740708669686144e-01
1.346520685063005018e+01 5.833248868959630684e-01 1.266149988100760126e-01
9.556713156903891004e+00 9.369786064320447805e-01 2.370031208334284767e-01
1.113483067337760168e+01 7.319054290429140019e-01 2.195037713924212208e-01
1.034751632717364700e+01 8.495723574942692924e-01 2.008725545854283256e-01
1.112248094645021368e+01 7.084021718469267759e-01 2.278025257605051090e-01
1.319691593189332934e+01 4.623488547586793174e-01 2.881200492395016854e-01
1.107434848206974998e+01 8.234770569072783486e-01 1.417810285158010997e-01
1.076459255470986065e+01 7.340760161825482522e-01 2.304810361080138759e-01
1.010628270985989374e+01 9.695149585288288518e-01 1.490878825970419763e-01
1.080725193321718258e+01 6.404431772738843343e-01 3.064000068884370487e-01
9.788938382804404981e+00 8.937544718573326996e-01 2.624786907444190964e-01
1.085002238599794921e+01 8.550220827794772216e-01 1.391967279211414055e-01
1.481168406861471531e+01 4.315530235447321283e-01 1.986201221162104680e-01
1.331031879998745104e+01 5.768679422490711195e-01 1.597080855486083806e-01
2.564842296667723431e+01 1.642672151361487531e-01 2.137626112170211146e-01
1.400312253426086073e+01 4.996327221346397729e-01 1.530346864062668011e-01
1.004414517611095370e+01 9.309551971420118033e-01 1.804155230203821347e-01
1.040669064636731989e+01 8.109336168569172276e-01 2.302637045412235517e-01
9.897418097531431869e+00 9.443304912111756266e-01 1.914584070103289015e-01
1.320243482292026549e+01 4.603226651548490977e-01 2.955456496786296183e-01
1.123110047744350126e+01 8.187365261612538081e-01 1.234893680671530214e-01
1.354978920757536009e+01 5.347109105155787301e-01 1.664331770236533170e-01
1.211413770551281743e+01 6.625123248350124339e-01 1.705086523448712810e-01
1.323317891321192619e+01 5.250160474507234998e-01 1.982795027406764887e-01
1.824194739625874817e+01 2.907632775211556608e-01 2.063329798801913362e-01
1.077587306647814636e+01 9.168643554109716653e-01 1.250635712970871727e-01
1.357383001978634951e+01 5.211805555337900575e-01 1.752748470214816612e-01
1.350471349764311313e+01 5.120617525057701291e-01 1.928294519399738061e-01
1.096697808846765021e+01 7.777762730050360451e-01 1.849834015502997142e-01
1.001321319589896852e+01 8.490360069540251464e-01 2.421850765241111425e-01
1.064604211259830713e+01 7.903335041212913303e-01 2.213438442642580162e-01
1.085471671848907960e+01 8.715002807575111810e-01 1.386220682247677749e-01
1.241234689174881645e+01 6.088169824552508436e-01 1.822528912525789579e-01
1.215765907214380270e+01 6.937438100818773545e-01 1.685074136006012580e-01
1.522778950832311651e+01 3.911749694664635180e-01 2.406501656847842008e-01
1.346369567242147625e+01 4.321071414132259814e-01 3.319058478670160461e-01
1.035539444740839699e+01 9.419867196266780152e-01 1.386126390338352776e-01
1.324413404507909497e+01 5.238978816400493566e-01 2.082069129731226320e-01
1.329810121897326702e+01 5.382594884107164690e-01 1.830293936742715677e-01
9.994025126895605737e+00 9.551694025980356217e-01 1.732273804692284203e-01
1.186757190553650432e+01 5.524882412286317157e-01 2.994447493345810396e-01
1.721447200000753597e+01 3.250792071133444261e-01 2.137803587580757447e-01
1.120418864654920554e+01 7.494187823714651975e-01 1.895292395049791578e-01
1.135117800170532654e+01 8.093975159186351798e-01 1.400686341149623426e-01
1.575020048450849863e+01 4.189065116789499887e-01 1.410104006155305789e-01
1.168004150257913487e+01 6.383516057925027187e-01 2.368624714912156148e-01
1.049958735486583272e+01 9.153135062013747492e-01 1.324359373890035274e-01
9.760956621348519491e+00 9.322134123424220542e-01 2.228147775900072569e-01
9.392390442400216699e+00 9.438935632687434074e-01 2.628385931733256964e-01
1.128607482842627618e+01 8.395631681751166697e-01 1.110568723518288309e-01
1.434492289220611561e+01 4.788612899949654667e-01 1.744875046830452747e-01
1.046322362924144223e+01 8.870721394029457141e-01 1.680108661208048748e-01
9.841231328245561016e+00 8.647182139234340648e-01 2.445891986419946040e-01
1.507635767448168806e+01 4.208038654258328681e-01 2.151291290770067643e-01
1.127089196424041972e+01 7.006054441941298450e-01 2.274048811703101303e-01
1.307698437483645471e+01 4.557221226461560248e-01 3.103353647667231874e-01
1.275246409133287173e+01 5.290239523175117586e-01 2.411218637154965150e-01
1.383360944358958911e+01 5.227879227253712235e-01 1.612786602906279565e-01
1.438208154296458652e+01 4.575906355048786067e-01 2.094837557439117037e-01
1.277709052200780704e+01 6.760255084943518344e-01 1.014335365128598843e-01
1.184263134690043273e+01 6.209516831105652557e-01 2.209546524814894330e-01
1.587377561193327047e+01 3.796931512405443687e-01 1.989712043688668663e-01
1.150400015398997411e+01 7.719996529229842253e-01 1.440667440738170879e-01
9.594824428962978047e+00 8.633262424371499488e-01 3.002448447457817804e-01
1.125535486552175257e+01 7.054033683570233304e-01 2.175758262389290987e-01
1.139736614425600791e+01 8.101187209064583117e-01 1.208880927667986965e-01
1.601828343574085878e+01 3.265366109965636698e-01 2.919677559299065361e-01
1.255222949873483529e+01 6.655016065617699317e-01 1.279667091353822728e-01
1.314650025411865819e+01 5.219395473438667166e-01 2.183412248746025019e-01
1.347240661403704820e+01 4.950047401294622174e-01 2.235176291981434971e-01
1.375842737423382545e+01 4.984023726526666809e-01 1.995447471427058139e-01
1.685621378087756383e+01 3.062212376966744198e-01 2.725635352545490719e-01
9.396164574234553868e+00 9.830369984255631355e-01 2.229935867813763739e-01
2.145851470906230674e+01 2.487961382641573072e-01 1.226166082141044028e-01
9.390676257861379383e+00 9.499626452790103093e-01 2.465252544310449212e-01
1.483477334028557060e+01 4.001671099522471908e-01 2.485651201965954904e-01
1.032200399337111207e+01 9.016885113659084405e-01 1.662693608461176809e-01
1.116796738925820165e+01 7.659433676247148215e-01 1.757644468616396671e-01
1.453452746773440118e+01 4.298890352162048067e-01 2.113768182551672148e-01
1.084064525035765136e+01 9.377466663757155763e-01 1.075541836039585614e-01
9.953120916822163267e+00 9.556626190016105360e-01 1.707956442842425426e-01
1.855925457796423927e+01 2.740966208668565995e-01 1.856477868121666763e-01
2.144681135459378396e+01 2.498297035778702935e-01 1.310479395012390802e-01
1.540558106493659807e+01 3.986901145543033098e-01 1.934811842385031344e-01
1.100601308331812334e+01 8.676049889782007085e-01 1.164645247699551828e-01
1.000832962494139800e+01 9.501619885691457990e-01 1.615527701075362976e-01
1.520360793122378240e+01 3.549939222214801848e-01 2.911279027569318445e-01
1.170407840597371951e+01 7.339010486520598509e-01 1.502499840678381549e-01
1.538979359944162972e+01 3.749039968750099705e-01 2.502807896777934360e-01
1.473127162548477287e+01 4.270949590245026739e-01 2.123716741709965050e-01
1.019033568478341856e+01 9.168856710551411826e-01 1.622905629778310099e-01
1.020006355360794004e+01 8.512423700111312330e-01 2.045884749074840525e-01
1.133005897176714072e+01 8.186517409637951159e-01 1.292749695198112947e-01
9.948472051212853273e+00 9.028364081874552527e-01 2.109854596748102495e-01
1.035441522913712298e+01 8.847647094039635673e-01 1.889172616294515772e-01
8.835807470093527627e+00 9.860948340319969363e-01 2.989298022782113096e-01
1.526631704262877598e+01 4.151343886527374405e-01 1.786280482881526244e-01
1.226787263459073252e+01 5.747354189950291126e-01 2.433856222425089810e-01
1.242305466053280760e+01 6.576858307895061539e-01 1.433838446454033244e-01
1.221170945492171178e+01 5.928836863139187452e-01 2.355073673914825083e-01
1.012844386545279818e+01 8.676897538017287470e-01 2.096825570754217438e-01
1.307627284706700976e+01 5.836969111288574652e-01 1.602384625971864374e-01
1.065403689051305136e+01 8.400024154159332346e-01 1.703833126085614325e-01
1.196480715399233752e+01 6.349148584381527627e-01 2.102604227248702218e-01
1.193810022289366124e+01 6.514104078321405478e-01 1.952826059426638339e-01
1.503848162458108639e+01 3.944639599170050026e-01 2.401055815047747066e-01
1.115156046869128303e+01 7.162940334821672472e-01 2.095051653726496266e-01
1.376457073980187928e+01 5.610284494592605586e-01 1.304982403122856016e-01
1.025038772242741203e+01 8.405193615801076490e-01 2.342552684383179540e-01
1.114754888390068110e+01 6.857362450950723609e-01 2.335189684486437822e-01
1.145941011155371037e+01 7.296138765014422711e-01 1.843178043387437015e-01
1.028041702494437004e+01 8.546968720892146321e-01 2.164113546811754774e-01
9.757922000997650613e+00 9.139015770762974888e-01 2.227245597782864794e-01
1.974316326583306491e+01 2.414031115317933074e-01 2.512574944234812757e-01
1.440110468296252044e+01 4.234618263403562288e-01 2.469187558178452258e-01
1.346909019185028633e+01 5.273469226945397548e-01 1.815468434259404906e-01
1.105608351350381824e+01 8.250011128884821021e-01 1.439194525396555735e-01
1.068725545254679155e+01 7.428504101433657247e-01 2.509468031890449979e-01
1.228079761028817884e+01 6.231785057734925415e-01 1.899744946150997982e-01
1.350269806775533787e+01 4.984127404816769968e-01 2.119118068717356362e-01
1.094895500080563977e+01 6.951025992008368348e-01 2.650147543726508736e-01
9.945794681951255711e+00 9.256018792143120288e-01 1.986551483547333019e-01
1.108638472414710563e+01 7.689500208811153037e-01 1.864131840338858481e-01
1.073023126557789908e+01 8.348007294787227472e-01 1.529643391459283297e-01
