# m1 q z
4.035276221376498995e+01 6.258369468264636248e-01 7.928730286274767725e-01
4.489958433779661817e+01 7.364005265752109342e-01 6.624358058154786733e-01
4.786267031658066884e+01 5.991378110258553935e-01 5.820885148645494889e-01
4.277272106574119448e+01 5.898194969423644629e-01 6.329545024128386821e-01
3.407809425615636201e+01 8.371753696052335325e-01 6.840508453694742474e-01
4.858233350721978638e+01 9.242154238872646310e-01 2.749957577936092412e-01
3.574225767913166862e+01 8.816519211964191083e-01 5.581770200445341779e-01
3.433833604421638341e+01 8.521407342080272729e-01 7.147202889317482155e-01
4.126339947289109489e+01 9.773648492892887951e-01 4.455899780818661782e-01
4.444674644780554473e+01 9.344625587955749380e-01 3.492870230766360051e-01
4.190548327413233665e+01 7.068742464098799472e-01 6.067951547074095231e-01
4.409297584072132281e+01 8.856825526053048181e-01 2.513834737013060927e-01
4.769160679284144067e+01 3.760153044163318525e-01 6.469796673891758942e-01
4.200808155136638078e+01 8.046894943853840632e-01 3.980562865494366442e-01
4.392155263746754201e+01 6.142994161900074968e-01 6.071142453490914193e-01
4.029838055235079963e+01 8.681458378428245082e-01 6.238273333598526316e-01
4.136039849367275423e+01 8.555470306116031987e-01 4.113043852405392498e-01
5.239077500869794335e+01 5.230042337159107602e-01 4.023944146164057378e-01
4.348533797498664200e+01 9.577016730162670743e-01 4.597439557982437308e-01
4.442274602914822168e+01 8.654053347928117867e-01 4.803094388875117082e-01
4.895761298053349009e+01 9.221802883300934672e-01 4.144961234017555674e-01
3.996430925820838098e+01 9.071275415282207266e-01 4.261502602538552731e-01
4.773711449105419291e+01 6.690123544503587816e-01 4.074197619776616097e-01
3.840271118093260583e+01 9.001252031717303925e-01 3.999293254464152958e-01
5.457404069986063888e+01 7.399511670800902330e-01 3.751571808513377571e-01
3.976903965825978560e+01 7.801530117502010198e-01 5.836224216049152869e-01
5.368309765355374452e+01 4.892378844054570131e-01 4.697463541983719071e-01
4.402195031437089057e+01 7.889585174864052197e-01 3.897759345642326512e-01
4.644965262212066648e+01 5.469348195924689238e-01 3.588528243860876765e-01
4.038567264690879455e+01 9.775628402318102816e-01 4.103699955754113171e-01
3.758111957908155887e+01 8.410475322904106266e-01 4.983337147823664326e-01
5.331057487138264861e+01 4.744771871520538919e-01 5.928481918244118409e-01
3.849841786159965551e+01 6.191916518454891882e-01 9.019768245080558300e-01
3.439856358521700486e+01 7.669451258159633023e-01 7.331628878859686171e-01
3.841688466042823791e+01 9.887467236721804165e-01 3.536318414863737769e-01
3.886873552526250108e+01 7.940316889336800354e-01 6.736142525345018006e-01
3.864370625620363597e+01 9.517769605337251804e-01 5.020353068632817939e-01
3.921197832971768094e+01 7.778269576156651155e-01 8.881180439881084521e-01
4.320605904285939403e+01 7.235672587509033304e-01 5.172091730928246589e-01
3.434742758626046566e+01 8.128861239405589245e-01 9.432747529115460550e-01
3.257074717412362475e+01 8.982086195246461457e-01 7.710326182087260394e-01
5.404724055231678648e+01 6.132043785788012791e-01 3.716064154305928069e-01
3.649382031427228412e+01 8.572570506724042083e-01 6.043005465884563332e-01
4.915219542355686855e+01 7.094546827711009085e-01 2.306424971765144161e-01
3.687397370527600771e+01 7.071735666826024502e-01 7.458247246179733336e-01
3.856604823822195272e+01 8.049055909859643698e-01 6.853646624060852899e-01
4.201501263002865727e+01 5.905437085700445676e-01 8.122686788079619413e-01
5.466594470229080827e+01 7.795980147233976254e-01 1.503990097069774767e-01
4.141614814108484666e+01 9.019426488921370444e-01 6.640330297163067330e-01
4.816920341981099085e+01 8.043369127808011054e-01 3.556178918171858383e-01
3.365070450684360992e+01 8.809332860097879303e-01 7.507321218121423279e-01
4.315675816042679003e+01 9.611445808485648001e-01 3.706403727635514400e-01
4.874367306164970159e+01 7.672002391598529147e-01 3.349218252446186650e-01
4.196519284582544174e+01 7.067643916289304551e-01 5.819104803831728345e-01
4.598464166027429911e+01 7.823440573284951016e-01 4.391838487953855785e-01
4.320310162270546073e+01 8.197495207721430255e-01 3.122835010207312134e-01
4.303024185046254502e+01 5.431858941187983625e-01 7.020404139444048619e-01
5.026612318995433526e+01 4.953361724721986881e-01 4.076439317445713639e-01
4.162049229731042033e+01 8.000059648395616563e-01 5.725256614998891491e-01
4.930738989946907935e+01 6.908191730240083039e-01 5.059046159711144686e-01
3.313189490964769135e+01 9.748012664963024987e-01 7.092196027305541772e-01
3.839503367844670834e+01 7.011071731418411224e-01 6.639493172112238550e-01
4.345841651597512367e+01 6.789860771913525106e-01 5.620936151654285506e-01
3.554298652174584561e+01 9.086896414716247872e-01 6.816750529791395508e-01
3.927543813277313234e+01 8.281720492307653725e-01 5.806327384073516340e-01
4.074254467178909067e+01 5.063873311189771576e-01 7.320928204443204468e-01
3.986634169405591166e+01 9.245373504236025219e-01 7.423011120812660346e-01
3.955155266043802698e+01 6.581314510082346692e-01 7.529281946011822102e-01
4.078793637896053070e+01 7.890081986710577588e-01 5.928328572591279322e-01
4.081200615068736681e+01 7.755061981111862623e-01 3.758400279814035350e-01
5.931641686965819105e+01 5.176057911010775170e-01 2.786177062603532040e-01
4.353893507333708612e+01 9.351883830433246336e-01 4.445176275024475543e-01
4.455033094966441354e+01 9.159952528201660282e-01 2.850411698585575970e-01
4.129245486619297623e+01 6.303042070510620487e-01 4.756709078046177375e-01
4.075209975242972860e+01 9.243597560042207117e-01 3.400062422630085734e-01
4.712685320494425412e+01 7.789743893754860204e-01 4.818746815812818274e-01
4.223984897274299755e+01 8.948409385530844418e-01 4.330867723803655256e-01
5.099691931646702869e+01 4.336163509958686491e-01 4.610467254928707903e-01
3.545874284398713883e+01 7.977704809010586207e-01 8.432959411167759711e-01
4.312822797666994745e+01 8.005521770482147970e-01 4.128124736934928318e-01
3.323874427568354406e+01 9.610499996996761940e-01 7.594538238800361274e-01
3.998832047687533731e+01 9.688561666614835532e-01 5.610735128254966675e-01
4.437804534367338505e+01 9.094974565372685449e-01 3.258699205231968543e-01
4.016613603085256301e+01 7.031359960884395743e-01 4.301969369363551343e-01
4.423074351571084151e+01 7.523009114636494132e-01 4.702709225194338094e-01
3.971813420109455706e+01 8.255579005346984633e-01 6.780357630796769453e-01
3.759520471065029312e+01 7.593494504749080942e-01 7.616601048915216943e-01
5.096880962699088968e+01 7.875564740541874942e-01 4.348026856532993256e-01
4.510621120985855015e+01 8.316056836153574716e-01 4.591992024812311390e-01
5.137058028871957305e+01 5.807961867833466574e-01 5.015151807292123065e-01
3.443082560112227952e+01 9.992894363093766108e-01 8.234382486161642145e-01
3.781842706617386085e+01 6.865203464705617042e-01 7.934191696116008607e-01
5.078144628125983218e+01 8.789082428227892319e-01 3.837082212916608226e-01
3.774135303302319500e+01 9.815516033263719242e-01 4.847662136954810630e-01
3.970712534281933870e+01 8.369743025833710215e-01 4.255505916625102469e-01
3.838857437596404765e+01 9.176725832946636130e-01 3.653282186967483081e-01
3.240258136263508248e+01 9.544681118257267727e-01 7.408674286102270301e-01
5.323550234955046534e+01 8.267749349658484181e-01 2.918749479364217692e-01
3.139753136388791788e+01 8.265960896746922248e-01 7.574771810262349581e-01
4.057878291283637395e+01 7.786702185913901841e-01 4.446294617311140618e-01
4.319515815823883287e+01 5.480795959709332532e-01 5.789607185509249021e-01
4.571018766497294195e+01 8.318148121015987995e-01 4.384804325110279177e-01
4.734764242277611146e+01 7.059118074180804614e-01 3.980158368713913042e-01
4.505220261655284020e+01 7.973026115854104923e-01 4.289803610341125228e-01
3.357827494724566719e+01 9.065857210315357850e-01 8.030226786356892132e-01
4.170774601027690665e+01 8.206010315215875872e-01 4.385849240765607449e-01
4.204139666699264666e+01 6.422308681037998124e-01 6.589035561559466458e-01
3.589777595623417739e+01 9.292401378242456378e-01 6.424536379467955527e-01
5.146193397176222106e+01 7.634115100456835279e-01 3.673957686875035100e-01
4.742145573634507372e+01 4.236846107979470033e-01 6.174807034973387454e-01
3.950152401437136973e+01 8.981173033848297571e-01 6.086897950248457700e-01
4.457710468809391813e+01 7.588936367783110093e-01 4.017853491726035009e-01
3.973848512275995404e+01 5.940511888885480207e-01 8.401889245688158869e-01
4.697460038846671893e+01 6.999921698941435899e-01 3.862127751447590462e-01
4.383811729691804970e+01 9.468737947801042498e-01 3.587027963641833961e-01
4.477181325046866789e+01 5.457982858187735431e-01 5.036990554874262171e-01
4.217419085302360315e+01 7.383806730433746246e-01 5.114252791711145774e-01
3.805488694844546416e+01 7.099499596905869403e-01 8.689859741423987538e-01
3.696469152455696872e+01 7.353714093253266304e-01 6.003996194272227527e-01
3.696708960182157711e+01 9.896605191571089533e-01 7.111888127307364194e-01
3.476984014379763721e+01 7.625112822793476131e-01 6.415018960315341801e-01
5.007133641896923137e+01 4.701412513232537949e-01 5.881824721619733909e-01
4.591947495540384949e+01 7.450116927152219404e-01 5.166036898715459236e-01
4.051472397481733623e+01 9.037108854660370616e-01 5.039607412494894190e-01
4.155078333321265660e+01 6.114491460223822061e-01 7.163439970822257363e-01
3.610987662672797427e+01 8.822847376470519531e-01 7.131053422145743337e-01
3.764228872555121796e+01 8.997425408621615439e-01 4.528803215658415149e-01
4.509104804192313765e+01 8.353562090405102225e-01 5.465374490248552375e-01
4.064659497629189389e+01 8.077237157558103675e-01 5.295094904775817790e-01
4.211224091602249331e+01 5.772113810971717385e-01 5.792490910434351381e-01
3.396956639812461276e+01 9.385355018675293204e-01 7.294833671996361346e-01
4.410273393735094771e+01 6.614428895077208992e-01 4.015532375877764459e-01
4.184120655611310724e+01 9.436613067980500480e-01 4.015080037475755037e-01
6.040383385601828792e+01 7.484240540767626015e-01 2.100130416997710581e-01
3.863708483408568384e+01 9.273887174226645991e-01 5.246921114849254497e-01
5.227342837100460571e+01 6.586571105914399427e-01 3.753775731054934672e-01
4.034855357725468394e+01 9.566980678501154634e-01 5.033897626615632115e-01
3.985567074118743847e+01 8.707279526793855196e-01 4.631673172666729843e-01
4.571225798167686349e+01 7.588936367783110093e-01 3.669754026447503703e-01
4.463191346679681004e+01 7.303836311870230968e-01 5.586552336267501806e-01
5.655561203750638555e+01 8.714523483376337420e-01 1.548987123948753486e-01
4.010203752848829595e+01 8.789612001061106739e-01 4.017728629378324312e-01
6.505626435049326517e+01 6.115141106798477333e-01 1.665256383048303868e-01
4.346861860073266826e+01 6.320439585841253205e-01 5.996445893230848423e-01
4.106494615202345244e+01 9.482887464540462608e-01 6.053414312644175288e-01
3.948234880797948421e+01 8.639695714308583963e-01 5.445382239448629536e-01
3.591986045648280168e+01 6.504281841162825595e-01 9.255838149776249857e-01
3.549491195479361494e+01 8.650595950520982846e-01 8.131835807206404532e-01
5.666645249699697473e+01 6.369170789799806220e-01 3.818326357978591989e-01
5.820299320704708634e+01 3.478143214424514462e-01 5.193477348437534058e-01
3.108917697615588693e+01 9.760838905292361645e-01 9.167291871227999378e-01
4.192811209769426739e+01 8.007090970995823787e-01 4.916722456139092645e-01
3.886538677868371394e+01 6.588024446837005277e-01 8.228455502665296128e-01
3.891689670691148706e+01 8.816433565159184083e-01 5.485754042703192557e-01
4.784870111480213239e+01 5.772957609877034102e-01 5.874374137798449302e-01
4.138882951949427991e+01 5.351342869235788946e-01 7.267247729064750805e-01
4.538507295536606279e+01 7.848885728456294064e-01 5.532542203729374775e-01
4.801104518081226757e+01 9.686868176923365548e-01 2.585335525000917456e-01
5.208825081444636140e+01 5.088509766626850839e-01 4.928706096522093572e-01
3.985751369665508292e+01 6.949459642099866663e-01 5.177080727034771845e-01
3.687340321449295999e+01 7.224404382494283849e-01 8.636580880675078786e-01
4.115582152986214481e+01 9.501601979888305571e-01 4.380564552215809315e-01
3.902722136481704496e+01 6.660360463400640807e-01 6.714472387786430962e-01
3.736299979848256214e+01 7.086262591167280522e-01 5.889384896399111335e-01
4.022705281098926378e+01 9.602531740720720022e-01 3.559552104061000644e-01
3.558023447029800224e+01 8.841376343914314484e-01 8.272885314638831478e-01
4.300556275993238131e+01 7.761462628341017078e-01 4.998916062190602028e-01
3.340976474169924870e+01 8.638842378427841195e-01 8.122591982606984784e-01
4.969420917201995280e+01 8.050413992977735189e-01 2.707411218241956852e-01
3.682595315481254516e+01 8.795301023763711923e-01 5.294008676607413477e-01
4.310505259125388733e+01 6.189347303547060308e-01 6.019890538326578833e-01
4.185883837466611368e+01 6.738431708496188666e-01 6.743249273679099431e-01
4.887544277152701966e+01 6.574808443970399097e-01 3.794484748573124788e-01
4.564414199962217822e+01 8.019036641469216020e-01 4.340657982869042808e-01
4.031431667398656771e+01 4.772010809323837255e-01 8.230250656926393349e-01
3.983854596990050823e+01 9.093295527173372861e-01 5.887698142137116619e-01
4.837382935719822541e+01 4.649436092312341784e-01 4.216149226322936650e-01
4.999810469206784802e+01 5.389473407808036409e-01 3.490571653373334415e-01
3.647436804719028913e+01 7.746632404286298845e-01 5.782103619875648137e-01
3.995936627856976742e+01 8.894502526177849866e-01 5.781016143550608000e-01
5.220771618113004564e+01 3.671367920321774170e-01 5.620917009409336362e-01
4.148096492184952666e+01 9.890032047521213343e-01 4.171722448974913844e-01
3.767457616800995623e+01 8.251565566379074346e-01 6.031673900495729823e-01
3.876001195984622427e+01 8.024067899742280963e-01 5.080430676659922762e-01
6.024401716007873375e+01 3.358529188051202485e-01 4.581392776760430108e-01
3.967164132840416357e+01 8.414322981661521705e-01 4.970255058966472905e-01
3.945804948178054161e+01 7.804178062631823565e-01 6.731949285691393170e-01
4.371011475368512578e+01 9.325431562506274474e-01 3.362873972734189421e-01
3.951114040730099930e+01 6.617190315716677818e-01 6.532422369734934842e-01
4.390279237579595417e+01 6.534727396538272393e-01 4.886696506841858301e-01
5.027816609477641663e+01 8.874968063242266725e-01 2.285115667682745821e-01
4.639331068856296270e+01 8.448653770365456284e-01 3.469398057462272367e-01
4.009677434924208939e+01 8.851584871474835747e-01 4.197539313636262093e-01
4.724617857167630319e+01 6.021201605050283678e-01 5.331857904207965015e-01
4.387363505538544928e+01 9.014949590605767504e-01 4.024218816826310996e-01
4.063411364431259187e+01 9.986103015661457194e-01 4.138683050317254475e-01
4.114784622030051509e+01 7.404449018913251690e-01 5.992080094819686176e-01
6.034685654145692268e+01 3.873619513558388960e-01 5.331756724652871871e-01
3.859774030589193217e+01 7.368945563291938727e-01 8.373152602071977091e-01
3.663829115900399813e+01 7.214314167568492975e-01 7.214415344436285737e-01
3.817252355908927086e+01 9.675191224753352248e-01 4.990571037018008416e-01
4.347588824802708274e+01 6.187408983190039180e-01 6.265947946048054940e-01
3.403967316089545392e+01 9.198150062096982493e-01 6.637222699513795066e-01
4.380786284790308827e+01 7.784285878662623448e-01 5.228516693155784711e-01
5.509882847514560211e+01 5.780219846855120247e-01 3.435883969070600008e-01
4.282968865736645370e+01 6.977247543597829837e-01 5.978694650229636753e-01
3.330987051492719786e+01 9.495767343821085449e-01 7.914153047113077211e-01
3.644864616420634462e+01 8.215161023962943565e-01 6.638833856008116152e-01
4.045397927203835309e+01 9.941082529934343048e-01 3.094815460851915723e-01
4.414021611387789790e+01 9.708239725886018689e-01 5.401681778407142476e-01
3.777986007499246313e+01 7.476740767341560900e-01 6.776349488647155361e-01
4.115145440849244807e+01 6.316931159746926872e-01 5.972789228412211937e-01
4.519524176314830299e+01 7.892866473637747404e-01 4.131085189823454074e-01
4.736926191614776371e+01 6.723781014260346023e-01 3.711115062167208434e-01
3.786709204466136214e+01 8.294279516902922644e-01 6.307320319949650811e-01
4.093182055271503117e+01 8.166302965758277521e-01 5.173844645722228686e-01
3.604574819134841590e+01 8.666414800255086703e-01 8.434146591065289078e-01
4.304071585693271373e+01 4.092161794287702548e-01 8.001180858379675076e-01
4.404849408772911090e+01 6.673840106778410330e-01 6.341235095480610706e-01
4.567079348480837098e+01 6.186364638662310567e-01 3.913615397776316063e-01
4.559682638724731873e+01 8.028179281527013655e-01 3.079279280015379539e-01
4.857618029033783813e+01 4.003804514582004481e-01 7.242787803587076301e-01
4.587394975989489865e+01 9.730166537675928318e-01 2.403587933821974276e-01
5.487216912952430192e+01 7.044635536161762968e-01 2.856646244432665127e-01
3.012461979324878669e+01 7.970848588804275714e-01 1.055714146541781862e+00
3.648849917732092507e+01 7.803586848097090467e-01 6.692738215060138884e-01
4.485243168222165622e+01 8.020893440705170185e-01 3.418183084835053065e-01
4.195428217658177061e+01 9.231302465773147947e-01 3.518180182855676352e-01
3.796265490975223855e+01 8.364688478857804643e-01 6.449987666574940048e-01
3.703163536888624918e+01 6.470587135971465065e-01 9.702287170006492767e-01
3.886901888514171333e+01 9.009311870347141982e-01 4.565013583620156634e-01
3.340140321435879400e+01 9.253267027674224598e-01 7.421062355615649642e-01
3.640933078633070608e+01 9.439578679393185734e-01 6.072917432504970625e-01
4.017608640841596213e+01 7.657831276614714966e-01 6.064170590548110251e-01
4.650357372464917205e+01 6.895097141650752270e-01 4.614997236290287463e-01
4.195950792405908203e+01 9.816460197829122158e-01 4.079517058978721633e-01
5.472367117525054425e+01 6.016967300300278820e-01 2.169609867521805069e-01
4.281246150452282961e+01 8.121672065120991713e-01 5.103783518972092592e-01
3.607400846454257959e+01 8.319196236051719096e-01 7.808852790994019744e-01
3.565097629503679855e+01 6.873602245480237016e-01 8.803468900250379647e-01
4.751338658983679153e+01 8.676680680685124880e-01 3.685625425861249194e-01
4.305192187167499185e+01 9.259516947189708747e-01 5.712855124262881112e-01
4.295585454397792091e+01 6.777159221499854391e-01 6.975728141369638147e-01
5.135299320237594145e+01 9.181784217576516305e-01 2.524897961383896217e-01
4.235958357852917544e+01 7.803006845333271269e-01 5.797754366567722251e-01
4.465544120129879246e+01 6.255017694688952412e-01 7.603084820658329024e-01
4.048031397387345720e+01 9.491753669695749407e-01 4.261154350886571240e-01
4.825782771410479910e+01 8.949283195727347762e-01 3.486239665179463043e-01
3.854610876758088978e+01 7.096521928060728346e-01 7.305444507503329188e-01
3.827191737405471628e+01 9.854219637237037199e-01 5.635335263291549879e-01
4.203063561650126445e+01 9.144232256017599259e-01 6.234414436426383155e-01
4.480459416518444726e+01 8.644331267442398881e-01 4.226020422904571694e-01
4.454856848026398808e+01 9.456752852503812479e-01 3.600929701994253218e-01
3.337947225533685014e+01 9.165215078687444228e-01 8.212019831904319167e-01
4.903301221667088328e+01 7.766896678335289961e-01 4.177274581927803432e-01
3.595363569013832006e+01 9.164007755753066364e-01 4.327727297929305217e-01
4.278723366023701402e+01 7.571135112793521138e-01 6.337321809332517875e-01
4.050141051595816322e+01 6.190920251662523910e-01 7.487424537889858511e-01
3.620543583059071580e+01 8.924165071441798602e-01 4.688607648150098783e-01
4.227614121744095854e+01 6.859225665623984725e-01 4.750131588833249041e-01
4.697666028400554694e+01 6.964376895230776077e-01 3.128469600976964138e-01
3.317297411289870723e+01 7.485138322564197644e-01 8.913903027122432876e-01
4.448858718546251367e+01 6.426288725697660853e-01 4.791727021894867100e-01
4.078501194360085691e+01 8.486034641883226648e-01 4.774099033668702252e-01
4.592730340636664721e+01 9.499256830499551718e-01 4.127292908781163838e-01
3.981633231602707212e+01 9.839771520068723021e-01 5.881169904690487504e-01
5.927742480877932252e+01 2.555926974054942291e-01 3.965472361995659445e-01
4.169733070332263480e+01 9.937473849143667604e-01 3.767228017731182876e-01
4.805217250211605062e+01 5.792042267835274538e-01 6.317564729375441113e-01
4.863955367472905778e+01 5.631853828908756077e-01 5.555300281712718391e-01
4.622009998842790424e+01 7.492550087753069299e-01 4.459884838163137855e-01
3.792231072422879379e+01 8.304742137680853897e-01 6.608717134905300883e-01
3.571039852911373913e+01 7.220703898221035866e-01 5.789943813718649857e-01
4.229321039835522100e+01 8.343275778884763350e-01 4.721252632054854237e-01
3.853682976601982801e+01 8.028773684568211166e-01 5.505904334770735931e-01
4.894212875556577558e+01 7.362372936198366968e-01 3.511026551652537964e-01
5.136333588397757666e+01 9.331080746318456409e-01 2.207715803283109290e-01
3.396894750165066057e+01 9.133549159557655672e-01 6.959903478312268188e-01
4.818483829130503437e+01 6.567243399780422486e-01 3.735417459558202369e-01
4.426328876339385232e+01 6.669147827469492640e-01 5.848466830989302867e-01
3.921173780934095277e+01 8.687856757751369896e-01 5.318874279892732426e-01
5.010922009295438073e+01 9.044660635676324834e-01 2.408069524459886535e-01
5.022202093331673467e+01 5.239137787285472747e-01 6.277745749897759575e-01
4.933398245987964259e+01 8.453809970101663351e-01 2.508656436217963082e-01
5.155155062165188440e+01 6.672507135809107037e-01 3.084320996182554619e-01
4.484768913889625708e+01 4.331460663801623978e-01 7.128610521107597853e-01
4.483727916820652126e+01 6.248603097044245214e-01 4.580848096652144208e-01
4.108353293165843922e+01 7.682337202413477284e-01 5.521093893651224382e-01
3.779140211651469627e+01 8.300998448502655558e-01 7.207948568066038231e-01
5.950922109526038639e+01 5.177277038463368175e-01 2.650239391638461450e-01
4.028359040491903897e+01 7.237527535287912039e-01 6.594187666002134796e-01
5.874057053365739733e+01 6.895644649975380958e-01 3.798600425597479791e-01
3.953064188233145870e+01 8.345677630754787524e-01 6.669867864221276088e-01
3.427238205580136565e+01 9.333972944222008739e-01 7.158032916887406838e-01
3.320505761612237450e+01 9.387062377974941807e-01 8.469633110098849782e-01
4.438001839750853605e+01 4.536323342048521612e-01 6.801032697758238044e-01
4.783287474195552136e+01 4.698652400058452305e-01 7.613450520182054593e-01
3.472293757641055123e+01 9.711968286406862383e-01 5.837938784208018816e-01
3.872903599732340751e+01 6.874970475844697226e-01 6.101010711787073770e-01
3.725039105984787113e+01 8.612312664866342837e-01 4.264856655533886265e-01
4.831712639680699795e+01 6.049945165427929039e-01 4.318611500895397914e-01
4.056407300130096161e+01 5.899486160290516867e-01 7.146814073545012524e-01
4.163348774684281040e+01 7.760365360716618977e-01 5.604180283740844981e-01
3.476197435666750124e+01 9.291720064717087224e-01 4.152972491539394517e-01
4.553927911474777090e+01 8.851643467623820927e-01 2.704231213354920671e-01
4.521385304370874536e+01 8.448305715131986249e-01 2.905593574749832375e-01
5.605716200912591773e+01 5.550589396760139405e-01 3.073975874090804083e-01
4.171956698531551666e+01 9.556636238779049330e-01 3.992719423649112032e-01
3.864479346011256666e+01 9.303113700964183996e-01 3.588342309241741024e-01
4.567092877152925467e+01 7.124644964218406207e-01 3.712643668167898148e-01
3.425152819848775465e+01 8.872766878070561525e-01 7.219041092694901129e-01
5.096456719634437604e+01 6.700485598836821710e-01 4.017004955402808108e-01
4.556740839127731135e+01 7.725475353636904741e-01 4.913509199570131880e-01
4.351896781787633728e+01 9.535946643171560044e-01 2.918762503581344148e-01
5.287638978347832364e+01 8.321864812817023616e-01 3.499067852851657778e-01
4.610344456295971582e+01 6.417704341908262444e-01 5.447340144454952959e-01
5.065707000961141659e+01 6.519787456083840915e-01 5.129806089595290164e-01
4.527286267669742870e+01 7.227391495548824984e-01 5.257154601809262973e-01
3.905191196414286736e+01 7.645969025557144416e-01 5.073890247216187310e-01
4.090097707447664277e+01 8.266669513036161154e-01 4.584479962775498407e-01
4.202352746972818665e+01 6.255624071296510547e-01 7.346835698071383369e-01
4.432412635727888528e+01 6.744421393326747172e-01 5.516966104080758271e-01
4.171319355258123096e+01 9.595209087083748090e-01 3.986303708179995131e-01
3.983357559133832382e+01 6.011725920526428402e-01 7.522282338460347662e-01
4.498053283100822597e+01 6.294053899645113415e-01 4.808538957054919738e-01
3.807777753209833094e+01 8.262834312441393880e-01 5.893532277950270792e-01
4.952458526841202513e+01 9.120069634780159085e-01 2.408984049567387820e-01
4.010171381531440460e+01 9.512310074631730172e-01 3.373318865595899552e-01
4.003144064801241342e+01 9.860366127612129050e-01 4.337894505182020577e-01
3.678381024690678913e+01 8.635512128506610541e-01 6.646423870789662791e-01
4.082762633537203101e+01 7.916063207285869430e-01 5.436340054065117444e-01
5.156771860081278902e+01 5.397681323205670845e-01 4.929427061937964871e-01
5.207672945894286443e+01 5.758922173962717217e-01 3.848848219923231007e-01
4.318839355850522566e+01 5.553461964953529950e-01 6.306581835951337034e-01
3.639009894756024721e+01 5.581744006726571117e-01 7.061936586483332778e-01
4.349784886675941920e+01 9.037098926075725069e-01 3.834353891187077257e-01
4.186556720334387904e+01 5.806419824497167648e-01 5.537872659909857109e-01
4.163616658933949566e+01 8.847707429797277978e-01 5.635762907442737335e-01
4.510470474675053509e+01 4.663991667092782789e-01 7.529504998231937307e-01
3.822735022424763685e+01 7.765555453689075849e-01 6.793397890111175785e-01
6.009252695036058611e+01 4.186592953423488583e-01 5.352333863947241754e-01
3.195916589372297523e+01 9.929076808147633271e-01 7.009653953272235727e-01
4.774963366089168915e+01 8.335056088990356882e-01 2.473166197765420127e-01
4.709669976724293861e+01 9.564654175014148940e-01 1.919086915789673942e-01
3.242314515511792905e+01 9.668451913411764131e-01 7.750039082601239970e-01
4.957347358692605610e+01 3.781264400978852636e-01 6.280777091676139623e-01
4.358829896967828432e+01 6.528920463124482376e-01 5.052317766395595378e-01
4.869471687942122884e+01 8.009701596077166696e-01 3.838054755692532072e-01
4.689916823999455886e+01 8.862478960625239655e-01 3.798759885868305819e-01
4.139445248323604432e+01 7.490595474212078386e-01 7.288235240656842917e-01
4.453007264931961373e+01 7.901779456654284273e-01 5.134189304918558294e-01
4.484771346886829946e+01 7.015958955463946767e-01 4.724701233689799218e-01
3.752434699483747238e+01 9.462497617295043684e-01 3.821809433832147329e-01
3.489049397522067864e+01 9.363607765985961784e-01 6.866724843890585905e-01
4.136269051214354420e+01 5.776472315363072596e-01 5.691666232140994985e-01
3.967832095321898578e+01 5.186773768829688880e-01 8.639844803382873417e-01
4.537994283697621967e+01 8.807682038672574043e-01 3.867564567554073185e-01
4.451451780313331597e+01 6.764507658738780904e-01 3.844857489774088366e-01
5.104169304741347446e+01 7.490988716756388222e-01 2.167951073252956662e-01
3.282160359113554904e+01 9.908544306029489768e-01 7.558092457404732567e-01
5.444052208619247324e+01 5.882530985584483174e-01 3.415892682874333008e-01
3.604538715722900122e+01 8.576314600251010445e-01 5.719807563112097037e-01
5.738694725428438659e+01 4.301684522186833282e-01 2.870075665770482343e-01
4.831566078544291543e+01 4.853867762483762838e-01 4.524306294396742700e-01
3.988851985830014257e+01 5.634692089263579895e-01 7.333900033990551348e-01
5.061978082748148466e+01 6.783023203123086375e-01 4.906803979602777366e-01
3.653357166246112087e+01 8.808475774075420484e-01 7.183538951823823515e-01
3.630446010752571340e+01 7.792353077150498963e-01 7.695468861164105334e-01
4.342294382793163976e+01 6.248500304524587934e-01 6.933024831439333902e-01
3.520822645292906117e+01 7.432359744765315579e-01 7.687821355727633144e-01
5.050307063600681090e+01 4.461348857702044923e-01 4.790553552636010459e-01
5.175670720549850046e+01 8.771484550601497121e-01 3.384320442707945964e-01
4.875597654106523038e+01 5.220756483584423346e-01 6.316033460350980455e-01
4.557616664472329404e+01 5.141244691085298246e-01 5.522371531798088151e-01
4.737394489363684613e+01 5.840219018138312901e-01 4.278423789247012277e-01
3.999994425318875813e+01 7.537139033694434387e-01 5.891308880957464300e-01
3.974033186463121581e+01 7.504049639085568213e-01 7.547928444444030882e-01
4.397248936248301021e+01 5.419650922747651922e-01 6.559621757185989388e-01
4.051169963961951481e+01 5.687238505130395305e-01 5.787011226745882864e-01
4.092592796880743578e+01 8.089382283834833931e-01 5.636317076949420857e-01
4.429863432538523682e+01 8.148620999050343316e-01 5.456715002959505734e-01
4.428321486240864857e+01 7.783774533099832027e-01 3.988752519368397587e-01
4.493588893836430742e+01 5.475350137063318412e-01 7.527012431098448753e-01
5.773233413386797253e+01 7.131276950769006584e-01 2.140780019502216969e-01
3.620880954363556015e+01 8.894271483641369436e-01 5.826590076308655330e-01
4.268599628117677725e+01 6.697600214105355887e-01 6.083170483924327243e-01
3.796209039063959523e+01 9.840788473386552493e-01 4.186387248614101830e-01
3.726879942803669366e+01 9.401041870386468435e-01 4.768464925234693341e-01
4.349032513660120713e+01 9.328600595567561049e-01 3.003182958399918112e-01
3.670806430681611943e+01 7.622443910462248784e-01 8.582338502534040403e-01
4.189036767493327318e+01 6.962927475099328634e-01 4.691291430577676502e-01
4.549960158823105161e+01 7.038245355559857863e-01 4.111019791891049047e-01
3.321313731333466990e+01 8.196050532956344892e-01 7.728936166100373040e-01
6.743687030825461193e+01 3.653369417565177080e-01 3.496793141583423026e-01
4.769759732203030467e+01 8.673973329765408691e-01 3.424521776461078026e-01
4.002620307645823772e+01 6.912629347973309191e-01 7.335219362286932165e-01
4.265082122168699641e+01 9.609118092724213689e-01 5.805782189736619081e-01
4.432430672384838743e+01 5.392464420898919197e-01 5.766349442163147820e-01
4.253661597377585935e+01 6.293123773577113944e-01 8.756306724355934490e-01
5.161925079915279468e+01 5.016737402145972080e-01 5.505521300657387762e-01
5.654409393225972025e+01 4.627409026819773730e-01 3.044626419976286247e-01
5.118655312950122749e+01 7.790722119930393319e-01 2.611311125728286719e-01
4.694412991019693493e+01 8.225772944503502160e-01 2.575013970209036884e-01
4.373675902546352745e+01 8.049879128918293603e-01 4.119798745776869220e-01
4.124936125218467708e+01 7.767750862041313820e-01 7.015736609626924691e-01
3.863716903277700965e+01 7.770327110886876554e-01 6.169803496873509374e-01
3.539163834474406656e+01 9.646190591492793676e-01 3.881681140970847377e-01
4.388144301544159021e+01 8.277602498022135213e-01 4.735801364753536302e-01
4.602578012628281812e+01 5.351331424514701451e-01 6.253649373653975552e-01
3.648278240859869470e+01 7.214314167568492975e-01 7.287792209972180357e-01
4.001731598122043465e+01 8.611382913836227448e-01 6.075848042187512732e-01
3.929250287530258134e+01 8.528781374496118284e-01 6.304933400055601211e-01
4.701214535652050586e+01 8.596032219405288499e-01 3.334696002016458993e-01
3.721098132202968145e+01 7.224635527803697777e-01 6.342764787627255263e-01
4.342049025313809807e+01 8.734340970575845686e-01 3.942196413829376356e-01
4.268483091276316799e+01 8.864494844290418119e-01 3.579329360553900052e-01
4.091602269017633375e+01 8.736608431673829056e-01 4.646084120250442151e-01
4.753265122283741562e+01 7.107011393453426251e-01 4.092071368782019269e-01
4.319523046087756057e+01 7.261008083061681884e-01 4.418752107539604679e-01
4.568115034794285378e+01 8.512040895509932481e-01 3.526780898954660626e-01
3.360148443601642754e+01 9.380390959518402072e-01 7.675144014321395591e-01
4.915508143848500566e+01 6.168500594927625036e-01 4.314135027357714480e-01
5.329925638220784379e+01 4.995059211569289892e-01 5.782736532632669624e-01
4.128200594352318831e+01 7.168581593751685022e-01 6.078421528806912111e-01
4.285993567513168045e+01 6.441389870980306354e-01 7.874384368470593865e-01
4.134285351254220586e+01 6.191308803638336800e-01 6.222571206000427901e-01
3.325292754031439557e+01 9.374463281365580380e-01 7.225736370951111320e-01
4.024206251978718285e+01 7.090356448486256902e-01 5.153335436235504385e-01
3.767275671723421482e+01 9.277964902580125850e-01 6.394270962249084533e-01
4.180405704941917833e+01 9.743730819750285876e-01 3.370341808629687130e-01
4.466649381715135547e+01 6.513050865091042363e-01 4.818650421670510053e-01
3.698373364049389522e+01 9.878261206352194623e-01 6.139126203108502544e-01
4.137527012495264245e+01 8.285222832170566765e-01 5.300438315369637721e-01
3.801050762583201248e+01 8.787863759610086145e-01 5.539553993296605361e-01
5.370176560949984435e+01 8.370622706276308334e-01 1.709317192726050039e-01
4.029867719672764537e+01 9.835405900285782987e-01 6.066203203628333096e-01
4.467829915615762815e+01 7.615213682327861555e-01 3.268448178494328116e-01
4.742096209862919665e+01 5.926590635033843757e-01 3.608366766666352699e-01
3.843363304519147050e+01 7.448413565944319581e-01 6.858169985609197106e-01
4.870268841845242491e+01 4.905135018881188191e-01 5.515394236557908947e-01
4.202309758369585779e+01 8.667185247119909564e-01 5.481223733200280002e-01
4.526551478031851872e+01 9.433294457838306002e-01 3.717115951413920150e-01
3.771620679763224615e+01 9.558696578155682078e-01 6.797180777007137964e-01
4.130479704653665607e+01 7.403619659003513043e-01 6.477995621933816395e-01
3.323786127503429810e+01 9.157707220170263618e-01 8.490430287227936912e-01
4.180416885816138262e+01 8.735898686647196598e-01 3.927988313947256005e-01
4.245586694092377655e+01 8.262847352254023559e-01 4.951248224593813863e-01
4.077168853594844222e+01 9.477222016375563829e-01 5.437215008844726860e-01
3.829994971391479197e+01 9.736558594316215842e-01 3.845035260276994382e-01
3.921127248692362599e+01 7.333352086514394186e-01 5.287454117417604849e-01
4.868339388153039238e+01 6.716670678405376460e-01 4.753074693559376507e-01
4.093076365080382573e+01 6.023438324398354693e-01 7.873014560113555937e-01
4.955320038096287050e+01 6.455812822557864816e-01 4.195062809001793291e-01
5.255680180651555844e+01 6.038317859947776034e-01 2.584986941501871693e-01
3.566626521548450768e+01 9.754994174989481959e-01 5.119788854134337264e-01
4.206846104313837031e+01 4.772023531802294660e-01 7.080004025614071717e-01
3.824604520694751386e+01 6.550199310406147335e-01 6.444734117208923418e-01
4.898153935012341975e+01 7.594913955790124627e-01 4.017340125075949397e-01
4.359942166179742884e+01 7.651563289162701675e-01 4.749833534625358955e-01
4.449663333626889994e+01 5.597924552909793183e-01 5.974002749479185859e-01
3.448480409946821368e+01 9.424069167165327610e-01 6.775944505098245862e-01
4.296783929318695527e+01 9.111088292977103098e-01 5.536656897417517875e-01
4.197773700156309928e+01 9.041357143618301562e-01 4.316918051085452679e-01
4.931862831145566162e+01 5.905272489086133003e-01 5.998311601220752687e-01
4.548116346272789201e+01 8.869684114003081321e-01 3.538826234504877655e-01
4.472877879948183022e+01 8.773401932814421933e-01 3.490565296168948173e-01
3.866261936172343638e+01 5.793648194360709880e-01 9.213326339229446216e-01
3.582457848453378091e+01 9.730323329965970824e-01 6.598678248486207210e-01
4.070394475231894660e+01 8.869777542762824485e-01 6.753720083811604047e-01
4.494609061278939777e+01 8.281554961865161824e-01 4.935849874228092626e-01
4.716226082587971291e+01 6.525971035230513362e-01 4.059343598684365673e-01
3.699110675619679256e+01 5.997187078616944556e-01 7.164758849831768250e-01
4.000006882462638913e+01 8.585811340473058495e-01 5.495315908525006954e-01
4.027704688697632918e+01 8.398945001658798537e-01 4.037240800410447639e-01
4.606398525753185424e+01 8.388357138857981399e-01 2.944530992419879811e-01
4.409610848883644962e+01 7.845194868030018753e-01 5.525138216385194756e-01
3.829219369507157467e+01 8.713363240112983465e-01 5.500060022008937954e-01
4.131740135737146602e+01 7.395282692084957921e-01 5.539920315451000166e-01
4.087078583850951929e+01 9.173819377009884146e-01 4.976377935550272413e-01
4.040742870007645138e+01 9.339318480961953384e-01 4.375579428868472953e-01
3.996279623106129719e+01 9.831449686453562764e-01 5.240737489265978599e-01
5.098761473030669578e+01 3.439406906116985185e-01 7.582187404234140837e-01
4.543515506069906706e+01 4.811358823867231682e-01 5.774574205861324749e-01
3.337814340461854101e+01 8.395165416602961006e-01 7.488008709866595947e-01
3.613541105092887307e+01 8.007231167565574959e-01 6.251066627771652007e-01
3.561330133911097562e+01 9.080527713409739521e-01 7.010075154685586618e-01
5.851516101870193864e+01 7.031817774494818485e-01 2.068199295221901102e-01
5.282286595420288222e+01 6.030020601919624523e-01 2.868490038017091348e-01
5.743418477604690509e+01 7.430285636335193233e-01 3.053519879063547604e-01
4.305148764131363492e+01 5.716536806755870836e-01 7.586332504727336667e-01
3.529664688335725486e+01 9.391698649166698720e-01 6.551124815400720669e-01
4.471040624041184941e+01 5.082159620598205585e-01 7.341955447282184632e-01
4.615953495702106579e+01 8.025575233397532759e-01 4.581516278156765321e-01
4.827081718375728769e+01 6.159934827691517789e-01 4.812394941298508977e-01
3.974807839139931076e+01 8.084313484254285198e-01 5.607388263874808487e-01
5.338987910061093345e+01 5.229627040135436111e-01 5.091491070979752287e-01
3.992800042933895099e+01 8.801873632887555754e-01 5.290694380110393391e-01
4.354131092749934595e+01 6.796440866260111680e-01 4.743689357697189468e-01
3.873309010902892879e+01 7.452965552939355698e-01 6.269212528789993577e-01
4.684449941196702838e+01 7.019339192687226170e-01 5.118795175163334266e-01
4.720204063328776556e+01 7.179416717311883911e-01 4.757344798585844692e-01
3.801652012280232640e+01 9.798666007387846211e-01 5.389942996000566255e-01
3.771372248599829646e+01 9.007505764335251852e-01 7.210506890032571947e-01
3.071050963176147874e+01 8.247680151244203284e-01 7.865620588432616911e-01
5.303244510032373427e+01 5.879512798775566873e-01 4.233801830600221749e-01
5.312686070955474804e+01 7.779004452891150612e-01 3.469471417691030179e-01
5.080958597421876988e+01 7.071634678628047066e-01 3.508734791083473192e-01
4.571309296356005802e+01 8.145509078219070886e-01 2.426612957680282789e-01
4.918913050168803380e+01 7.467220126154416882e-01 5.201511856664797762e-01
4.975173912542089738e+01 6.473486178650639244e-01 4.745665257817330840e-01
5.306814804415605380e+01 4.878175206660080310e-01 4.925072583626707856e-01
4.769160093312603976e+01 9.678409002634157376e-01 1.894229710268289235e-01
4.074227544211468199e+01 7.182727090441911599e-01 4.623940091495789551e-01
4.010714425872699707e+01 9.331894364281830834e-01 4.581636226931360412e-01
3.721084600695850497e+01 9.566520696101815657e-01 6.384086948347701407e-01
3.846332378286204801e+01 9.736393812273209658e-01 6.235809183691671809e-01
3.952922372714734678e+01 8.467326235154477576e-01 4.705841037321500386e-01
3.084050282317019054e+01 9.371895128412133236e-01 9.251196796544828294e-01
4.374438026058346907e+01 7.603511475918518503e-01 5.352895829923138837e-01
5.128118335147385665e+01 5.386592731769953568e-01 5.110504167492369021e-01
4.404827309352054954e+01 8.995153613515115554e-01 3.518988297019011169e-01
4.047737338512487071e+01 8.598363933717982910e-01 2.992436570747830649e-01
4.324293909941161473e+01 8.698424922245246993e-01 4.473381451373433237e-01
3.868223028005781572e+01 7.508063861784359805e-01 6.640832599266444092e-01
5.053998009819689941e+01 4.232790966685074374e-01 6.094726997301745941e-01
4.901755433771797499e+01 8.663659447266714997e-01 2.700490352999684318e-01
3.935525288321903759e+01 9.946770149220366397e-01 4.103024268412513997e-01
3.777468541847561312e+01 9.702848046171395069e-01 5.747962806326252228e-01
4.133814376367063659e+01 5.244850425461216048e-01 6.527556484605114839e-01
4.066857876627319257e+01 8.587801240719613594e-01 5.384900855715101242e-01
4.243439837499660428e+01 7.615523978024021368e-01 5.244078333223117783e-01
4.040855653985251905e+01 9.409239253372656542e-01 4.244595732161008383e-01
4.147095637808529034e+01 9.305844367095488234e-01 3.157826319408092441e-01
4.330217920936707543e+01 6.714213176109766756e-01 7.310968562737969467e-01
4.104029276316168762e+01 8.739090840268820548e-01 4.329342131892695011e-01
3.299814422238927847e+01 9.881603598819260759e-01 7.694964804221842147e-01
4.321750636701914061e+01 6.538160340038964291e-01 7.163579647059603595e-01
4.601889933817396638e+01 5.016597434093765795e-01 6.091345828089778092e-01
3.965239021578370426e+01 8.074761030873192080e-01 5.018132657465612656e-01
3.819332894989064897e+01 6.927849893992596986e-01 5.350264629804961647e-01
4.365589737156161476e+01 8.145786870757389941e-01 3.849051481179365242e-01
3.901424361145411979e+01 9.991284884759510376e-01 4.430708598204385340e-01
3.364120870475660752e+01 9.876668293879488081e-01 5.619204823304336793e-01
4.905786848557158919e+01 6.636068259972337513e-01 4.680377572080746118e-01
3.607884132816822387e+01 9.014161202726147515e-01 5.221332014364095109e-01
4.162899290747566283e+01 8.778559369471437002e-01 4.848782688922290141e-01
3.467747520147339202e+01 8.545348364111358119e-01 7.991447578914965266e-01
4.332533934336814241e+01 7.107227000171485454e-01 3.922458812488336388e-01
4.515766836513913773e+01 6.094878029630382832e-01 8.794428657115526127e-01
4.788598232470218363e+01 5.595488021567578407e-01 3.920197502358255259e-01
4.589437020476114526e+01 4.176243413527485071e-01 7.211495504942333490e-01
4.118316283497132702e+01 5.833123233838816146e-01 7.486833312460203782e-01
4.634102382801309261e+01 5.436675458294187857e-01 5.739203755300832377e-01
3.706353510126218254e+01 9.852154278773762597e-01 5.663465881328196838e-01
3.266100764189339145e+01 9.078445814760249810e-01 6.881241757380784918e-01
4.389327199477568797e+01 7.354228852221610380e-01 6.731405618068494467e-01
3.963941745607533562e+01 8.896929406477154245e-01 4.958947066558238581e-01
3.389030296717518098e+01 9.174649847977421890e-01 6.798233375022944003e-01
4.297366571510687550e+01 7.339676804036362467e-01 5.059296524066114742e-01
5.266690492328605444e+01 7.806475889062650664e-01 2.287500083998532940e-01
4.205519505151882953e+01 7.389185560553700460e-01 7.168467882924449697e-01
4.096244294680304421e+01 7.975367798082295678e-01 5.384537269042068974e-01
3.885168595246001644e+01 8.037028412034151748e-01 6.268681271450398107e-01
4.584694904136387805e+01 5.624293911187807637e-01 5.723207772092419043e-01
5.132332904294397480e+01 4.992476932342352347e-01 5.662554781334292464e-01
3.714298231863148203e+01 8.531708981088700350e-01 6.762439722364241845e-01
5.052352541013778620e+01 8.535087213798269179e-01 1.825972203162493646e-01
3.945005537836391341e+01 7.167286271949894205e-01 6.942032809673195359e-01
3.573071630844951585e+01 8.792700094464933613e-01 6.404777208599259364e-01
3.775834544231055645e+01 7.519104538205648725e-01 4.767455386269996431e-01
4.582911538632166071e+01 4.261437905826164774e-01 5.920577583304128533e-01
5.326421298485777100e+01 5.405979748990922262e-01 5.815588309222319285e-01
6.339687207340503505e+01 1.935776816886085050e-01 4.271127060827439315e-01
4.310717810276731399e+01 6.073422324381483328e-01 6.410540435153941896e-01
3.697034687656886121e+01 8.768408922475562361e-01 5.281956528168624265e-01
4.259670669851568903e+01 9.715149585358960893e-01 3.290477488356540747e-01
4.275653699076603687e+01 8.496958189957578567e-01 5.138846794477875957e-01
3.140463369271505201e+01 8.922830410448941985e-01 9.195457627146196300e-01
4.513186181742027259e+01 5.322135160314481750e-01 7.200604764751485920e-01
4.552025321417732329e+01 6.962796077489195046e-01 4.565898629687696886e-01
3.994069474223554295e+01 9.656395567724656015e-01 3.125883200694193897e-01
4.094014199697596013e+01 8.552550063617376797e-01 3.963286650027129099e-01
4.078857125287498775e+01 8.951863269402903223e-01 6.056698366299103631e-01
4.614693786020680477e+01 6.854380445267876931e-01 5.906262913364903611e-01
3.734117670987146198e+01 7.152786803960634598e-01 7.568747863860377789e-01
3.786651714610285069e+01 8.137773964000526439e-01 7.020724548581193103e-01
4.009747917638139825e+01 6.852903431844472593e-01 6.406576604745027881e-01
5.067313737549314112e+01 6.249194761096565909e-01 5.512641009399539271e-01
3.557730668261726947e+01 8.506572479529759256e-01 6.373217633087413514e-01
3.896660381779687299e+01 8.575394774888075444e-01 5.683178953537560973e-01
4.777462066972495336e+01 7.013269592078725800e-01 3.768042604329738809e-01
3.466321114763555045e+01 9.950948167824887891e-01 6.580905073258345173e-01
4.333618592963506444e+01 8.692227149446537515e-01 3.918369544322537479e-01
3.722120201571996745e+01 7.064562673032126483e-01 8.486997729066733109e-01
3.812959894286288431e+01 7.481472038938405955e-01 6.627063187893268426e-01
3.506744775199198472e+01 9.170048994693246192e-01 6.965927030666556607e-01
4.498390363153661298e+01 8.698300988985132598e-01 4.231834225571498576e-01
3.930278530642343071e+01 7.273237491141422151e-01 5.994376444268479931e-01
4.093453526735425640e+01 7.627256155137397409e-01 4.348315550127622720e-01
3.769054728336169546e+01 7.435339285357804862e-01 6.665863666582525493e-01
4.646135466277156922e+01 7.868088755573219295e-01 3.848086557479088454e-01
4.532248461424596542e+01 8.237883148391451638e-01 2.998455415011204717e-01
4.479149499846933224e+01 6.430949309785533030e-01 3.375298292798754596e-01
3.850306723201303782e+01 6.945682428543604736e-01 5.085072627760384156e-01
3.103755240613813982e+01 9.607170835483125337e-01 8.743053100016697776e-01
4.779586447738039823e+01 6.611212733835233335e-01 4.650719743314135068e-01
4.287262309113388881e+01 9.315770559007602314e-01 3.346834367739811023e-01
3.988857015639300840e+01 7.035284957896620339e-01 6.721952277387146513e-01
4.107238445656511772e+01 8.105423112356825444e-01 6.207980597768446573e-01
3.962341483276663467e+01 7.394204393057711711e-01 5.821478523360064106e-01
4.065199304113367873e+01 7.493991925817092836e-01 5.383492856992724285e-01
4.228234862010899064e+01 9.383808145057151995e-01 3.622732403753674002e-01
4.082807986848338544e+01 4.935465890355157925e-01 7.801431087329409042e-01
4.090244063874828129e+01 5.564102619954743867e-01 7.027836054173939306e-01
4.114348664255062005e+01 8.819548890594344215e-01 5.332004186218484154e-01
4.244748173301115202e+01 6.280601914590534518e-01 4.378460028795642667e-01
4.339909740190059040e+01 7.704694598804703309e-01 4.518191340618294971e-01
4.043085353557226824e+01 7.081009059422697094e-01 5.266575111099693896e-01
4.856222769205356826e+01 7.779539226781183592e-01 2.613454033649970087e-01
3.486746846688718193e+01 9.726513918638565181e-01 6.316041526871696288e-01
5.095344054978826875e+01 6.835656135309760018e-01 3.053958245538253569e-01
5.126447497165973743e+01 4.547853039304510236e-01 5.789755355793252400e-01
3.618029579078078939e+01 8.389611442078200865e-01 5.786834577274981850e-01
4.951309550634503154e+01 5.206737716361697910e-01 5.532254592315430930e-01
3.917438522816684099e+01 9.476112061483540350e-01 4.862576368208518240e-01
3.994552572143559388e+01 6.967304320796007255e-01 6.874584649789953206e-01
3.645868647621471581e+01 9.031720001405552090e-01 6.492375833522064932e-01
5.383302446374195682e+01 7.217017961867486786e-01 4.596419886848107095e-01
4.319468146381134943e+01 6.295254546720071565e-01 6.733478118226666753e-01
3.666098954368035123e+01 7.242536703431645684e-01 7.269927124639500304e-01
5.037027397005792295e+01 5.719366376607375457e-01 4.734554718816771368e-01
4.054006564660315348e+01 7.312156809537918578e-01 6.469244178595009442e-01
4.292122450865793581e+01 9.051414535745406775e-01 3.045647420340866218e-01
4.072145588388585224e+01 9.319796426672746215e-01 3.042768087389631781e-01
3.544443202626416678e+01 8.411604476339205050e-01 5.645143418513163258e-01
3.968874835736415463e+01 9.914612923640810926e-01 4.298535473437700705e-01
3.460079181250387137e+01 9.406937583279070259e-01 5.973799068246433697e-01
4.497843308984985100e+01 6.933576053229836278e-01 5.250306125200757679e-01
4.699093054461575036e+01 6.711996574136677163e-01 4.601040472812889526e-01
3.749567503329782170e+01 9.585108518309605197e-01 6.603534484769649771e-01
3.160906206114005812e+01 9.169578032691425573e-01 8.057131006989670663e-01
4.196766159260614160e+01 7.841576896489778070e-01 5.430092040516972807e-01
4.051325547322669962e+01 8.594434330069662398e-01 5.456536152734504652e-01
4.313631849765143045e+01 6.093973181662133420e-01 5.407280234744846759e-01
3.628851700172074146e+01 8.069012643159858555e-01 7.253398297114959092e-01
4.349947942714997851e+01 6.855566378978449338e-01 6.446614940013597472e-01
3.936202150283885004e+01 8.133328228170896290e-01 5.102394343511961194e-01
4.420132195154391042e+01 6.026933452460793150e-01 5.722857123176617877e-01
4.215858899160443229e+01 7.233973502248538523e-01 5.043711420622912778e-01
4.727144949177669275e+01 6.763641437196868944e-01 3.880952060966762485e-01
4.260295985116965767e+01 4.727683900346892343e-01 8.651513893453340875e-01
3.373019072087085846e+01 9.728795187896684959e-01 7.423927552806048880e-01
4.992050550157446764e+01 8.958219336036401526e-01 2.739753194440807116e-01
4.559444969489289434e+01 8.700308895158526123e-01 3.700416120984936774e-01
5.030950564969528216e+01 5.747939800858007375e-01 3.482531346251938609e-01
3.950244146047572258e+01 9.193704860234752640e-01 4.767221101996185761e-01
4.072374404882814503e+01 7.449559231738666076e-01 5.896595592624833682e-01
3.857013875560097205e+01 8.621823196718697568e-01 6.921246130569511656e-01
4.254620858701935049e+01 6.285137210502508287e-01 7.279200556343462525e-01
4.126412645741705632e+01 8.581206124979764427e-01 4.965149090449714198e-01
3.417824103754681886e+01 8.492148193758763952e-01 7.980691531129570082e-01
4.560953785866794874e+01 5.890152181099181927e-01 6.538407477074915652e-01
5.077195542619415392e+01 7.344508400107692125e-01 3.246650566971729934e-01
4.464081407458613882e+01 7.051194910214795275e-01 5.311645962630148210e-01
3.500348851956540130e+01 9.329100860771568637e-01 7.953810523365264507e-01
3.368045476009745443e+01 9.466148553512057084e-01 5.685477146719796204e-01
3.876391679915503374e+01 8.071360105298703846e-01 5.299672563274526738e-01
3.170986865476523775e+01 9.785809271454433134e-01 9.298708298297452268e-01
3.359912452964398710e+01 8.100827413352701400e-01 8.741749402456716611e-01
4.231703334214743251e+01 9.138474585720827159e-01 5.089838409231225436e-01
3.052000526231279665e+01 8.897979290375143124e-01 7.823958608469111509e-01
3.522392210179732075e+01 9.299906373565912654e-01 6.664080348893514083e-01
4.084404745587266206e+01 7.850346823977637500e-01 4.307012217139067345e-01
4.332083163623578059e+01 8.794965161211554250e-01 3.626172730465387350e-01
4.291259725620420085e+01 7.991482582772786447e-01 4.282238189400933703e-01
5.022790074194868737e+01 6.475866048655619656e-01 5.486340599240741023e-01
5.838405270128249924e+01 4.996916965598310889e-01 3.836237727760418714e-01
4.125996447633892217e+01 7.699429159221516938e-01 6.940184006895733226e-01
3.504888985032117432e+01 8.474305581484926631e-01 8.325818961831421561e-01
4.910648287136316981e+01 6.832601959273051362e-01 2.983533307671389911e-01
3.498406846506154722e+01 8.961049154874605183e-01 7.760802282449470457e-01
3.819392177984949655e+01 6.282843907942112782e-01 6.843307056705583147e-01
5.053446638569133142e+01 4.868575366675151339e-01 5.165669374432203531e-01
4.164117949984635914e+01 6.061978939813822409e-01 8.508731206927886426e-01
3.949398075366567440e+01 7.090182851688185961e-01 6.570486404093283106e-01
3.354563634827565011e+01 8.867678614753462529e-01 8.105485514650331291e-01
3.939319132600977014e+01 7.081933450852083700e-01 7.112428881450894025e-01
3.843785196671824167e+01 7.691283070340625416e-01 7.977806655220157639e-01
4.469241315434813799e+01 4.585109084378182764e-01 6.280195769160701325e-01
4.435233279532931761e+01 8.446831899692257561e-01 4.673340126785886506e-01
3.785942119774164638e+01 6.681065864559011525e-01 6.997148610733162633e-01
3.805236643370150063e+01 8.209298481199176489e-01 6.480720237868144995e-01
4.363833468208783728e+01 8.609221114467290326e-01 3.174240858164836254e-01
3.990200660342392069e+01 7.259367910881198149e-01 5.980529702020277449e-01
4.704320645590182437e+01 9.108573217716614545e-01 3.497549939602178082e-01
4.674164790656575263e+01 7.750350616070550425e-01 4.966580119672058258e-01
4.181935102926496484e+01 7.422131572715612302e-01 5.352986406740137815e-01
3.914532531234230106e+01 5.579415212224750897e-01 5.584595366044521336e-01
3.961540614892061285e+01 9.375307318086192332e-01 5.033403799325171235e-01
3.303722992766496702e+01 9.502393023042985387e-01 6.701442805195587660e-01
4.239126600538479295e+01 6.204944684110825781e-01 6.103962313085384839e-01
4.341218662542558349e+01 8.931978680105436830e-01 4.536686119900736891e-01
3.717189796602654894e+01 8.802116424076983359e-01 7.628035351107517181e-01
4.806250290365220224e+01 6.752678712826208907e-01 3.196165945430461952e-01
4.004045069984827165e+01 9.997620474282954417e-01 3.935900300373063598e-01
3.955976900153239484e+01 6.111962978929857959e-01 7.567621861142466155e-01
3.425414278151554726e+01 9.918543027850049709e-01 4.715989463109089841e-01
4.281997722092712166e+01 7.167713431284338244e-01 4.901362925111861779e-01
4.259779773386508595e+01 8.326674507438873718e-01 3.963336435271439528e-01
3.872451769182782044e+01 6.000126148242042046e-01 6.428078579274915105e-01
2.834332441277597425e+01 9.921832157870661417e-01 8.809947180053743221e-01
4.103269750124496795e+01 6.348766811708308477e-01 5.822576380992282585e-01
4.274580823064658119e+01 8.841822987064154038e-01 3.061276355929711812e-01
4.117409934163151064e+01 6.291913770733377209e-01 7.973032493459620840e-01
4.736155505365918827e+01 5.532163286187670170e-01 5.149352220438160321e-01
5.632146260873295773e+01 8.699162819236544442e-01 2.244255485294313901e-01
3.712464459822073337e+01 9.378440543030767129e-01 6.033459340281938088e-01
3.638915395993674196e+01 5.959602920648086055e-01 7.268111283959559632e-01
3.412642536924346359e+01 9.608819133917876343e-01 6.032773822608056280e-01
4.718796499815928769e+01 6.472027174492908097e-01 5.279996409175480299e-01
3.733284049120520365e+01 9.397459046021395812e-01 6.119087002591646618e-01
4.965396995414295134e+01 8.874968063242266725e-01 2.439550887949830382e-01
3.214224448167649939e+01 9.995266918364991149e-01 6.505362093915637578e-01
3.830115438528173399e+01 6.709331621528429324e-01 6.929172016883998753e-01
3.492311045301204331e+01 9.232257209113556851e-01 6.673116440638547919e-01
3.798631259825830142e+01 7.919214417754441016e-01 6.681012134443378159e-01
4.137076234399420116e+01 6.765997550534418314e-01 6.882505115239621052e-01
4.980423278315998914e+01 6.356694405083117561e-01 4.754905571787764185e-01
4.250850879304453400e+01 8.705956860322017210e-01 4.198074143243454293e-01
3.516000171525270446e+01 8.621773271739666678e-01 8.385612889206343068e-01
4.206877142143172676e+01 5.921196469889578040e-01 6.940154928325541484e-01
3.985387953181382414e+01 8.004737187663923947e-01 5.523199684807695853e-01
4.419543905159191866e+01 9.785858467685386586e-01 3.425803908095428896e-01
3.924715430088070178e+01 7.752757084060770687e-01 6.520076910722055752e-01
3.681311643602732175e+01 8.598012967927299854e-01 6.307492429956547131e-01
4.481213519484919772e+01 7.273239798667910927e-01 4.019816169916001769e-01
3.918794616777223894e+01 9.512310074631730172e-01 3.685152154008869418e-01
3.370270189848406517e+01 9.024953892216363016e-01 8.357513944520035265e-01
3.419114891585434179e+01 9.822559231325240781e-01 5.911178811566436542e-01
4.012131999544613592e+01 6.632734518183118766e-01 6.265701953263942414e-01
3.949430619093013206e+01 9.176657091109392539e-01 3.948110418599110050e-01
4.294943288347950272e+01 8.532029150395121775e-01 3.257471961045688147e-01
5.217137355367194829e+01 4.547876384999785526e-01 5.344206395328882087e-01
4.682359108905134093e+01 8.534512270185699023e-01 3.648398538996426854e-01
5.136743060860906951e+01 6.313756154126853870e-01 5.235340039306460858e-01
3.998991712844266999e+01 5.771892242622920222e-01 7.871563611911966962e-01
3.775910303044995686e+01 5.997863612265178501e-01 8.419232090840078619e-01
3.702292945646502176e+01 8.720806236024588598e-01 7.307705375732765907e-01
4.892988832808121202e+01 6.376889842362380989e-01 3.360628297868625824e-01
4.548469825284065848e+01 6.938121980576812398e-01 4.381972019695581921e-01
3.540648077110955683e+01 8.082983531040837111e-01 8.011301516952568091e-01
4.543316277180804263e+01 5.746329589039222974e-01 5.402243765441062662e-01
4.359945859003747870e+01 8.672929877637344243e-01 5.005014088610609813e-01
4.121875887748440448e+01 7.222368800045415593e-01 7.496424961124339426e-01
4.505412521832834472e+01 5.689420754221468091e-01 6.602778776609399269e-01
4.152772848407553852e+01 5.777594086878563573e-01 7.004100232697004769e-01
4.531642984812426533e+01 7.408755957771216982e-01 4.787588461440898668e-01
4.977011087503028364e+01 6.325629906431546878e-01 4.163457903533305804e-01
3.110612181002471743e+01 9.132602217731473626e-01 9.161854450458807309e-01
3.624996103622753907e+01 9.569664977001892670e-01 6.301568300284514645e-01
3.862134880608233800e+01 7.619143660309410926e-01 4.730447218318271085e-01
3.577166317306442522e+01 8.314330526039082070e-01 6.156844045679386035e-01
3.823149270858828430e+01 9.946071615513956132e-01 5.971265540129128135e-01
6.339282241461305034e+01 2.456937819858345251e-01 4.013205487464295840e-01
4.126477092276498837e+01 6.299661267573974932e-01 5.201433860519553143e-01
4.382413835517695588e+01 7.082211315110478189e-01 4.823770826653084320e-01
4.493809502255707855e+01 8.092860042704832502e-01 3.518720092977405955e-01
5.117709738407307185e+01 5.083076356759145265e-01 4.800038041668228117e-01
4.731946335913239921e+01 7.712123867736961902e-01 3.742751620852983185e-01
3.819670307070687443e+01 8.104833420537919109e-01 7.521142305932375649e-01
4.416599068371364467e+01 8.005317850475848207e-01 4.279660117446156264e-01
3.714297659468446966e+01 6.978287812891720288e-01 8.147883094973688012e-01
3.588762230276660148e+01 7.755327332616226421e-01 6.256394830454957701e-01
4.698968477071274918e+01 6.926158012954912735e-01 4.595981414164389545e-01
4.119857611398121122e+01 8.500122002903192087e-01 4.198238358422244354e-01
3.711057711407088533e+01 9.144228060520871448e-01 7.335855746013451029e-01
3.733413779045736192e+01 6.872592428049110191e-01 8.521084820314338559e-01
4.042094195470136242e+01 8.572395630450401205e-01 4.764439897302273907e-01
4.051083021817137109e+01 7.312156809537918578e-01 6.481129528930115180e-01
3.629046178718326843e+01 8.327482615355942253e-01 4.589903163586486201e-01
4.388354621092052810e+01 7.964757969916068658e-01 4.883528031300391481e-01
3.847313140578850010e+01 7.988326624778002705e-01 5.943908001088912263e-01
6.189674177965456892e+01 6.745172166252070278e-01 1.659504133299795348e-01
4.957935758122234660e+01 5.166567576198087819e-01 7.579899303309048930e-01
3.697743118826648612e+01 8.747911495723036390e-01 6.084241809867833028e-01
4.278395139279739112e+01 8.175315297550431737e-01 4.662448665110969781e-01
3.739377991624282060e+01 8.843057910268485866e-01 5.610276093559130040e-01
4.152398460254774193e+01 9.848872939401728255e-01 4.775400585467387549e-01
4.600957251321901964e+01 8.659280866808779509e-01 3.726031101786840827e-01
4.121077358356704678e+01 9.829376827388549565e-01 3.951136126070393106e-01
4.751291744480430879e+01 6.440341184781186445e-01 4.108592643279109780e-01
4.022725942203280880e+01 9.379516718408582587e-01 3.190909515216730497e-01
4.447129543972059906e+01 5.369616290421902471e-01 5.431421704502809034e-01
3.990141829447474464e+01 9.487892120745473612e-01 3.075315443750101796e-01
4.356037495975737528e+01 7.280909948437073176e-01 5.046838697494122616e-01
3.445635524130861427e+01 9.545626279413972348e-01 6.165479668472243491e-01
5.845570376016448222e+01 6.897412256364681138e-01 1.735607947714655208e-01
4.963829233284673137e+01 7.503177221741015313e-01 4.080843604234353772e-01
4.118745990999112649e+01 9.729397136603871177e-01 3.912103375259612381e-01
3.930822643406122552e+01 7.347633601916974122e-01 7.784427020304273137e-01
3.952969638185014389e+01 8.774236119208768114e-01 4.233427567103054123e-01
3.906001293213357428e+01 7.556467611046749910e-01 4.529997873356706450e-01
4.075164577238144403e+01 5.019204392543130666e-01 7.136348659351560153e-01
4.872709356089148258e+01 5.041789612753302396e-01 7.271160562648409931e-01
4.264732435604095429e+01 7.938996798051076720e-01 2.833626062187474259e-01
4.065293416541492633e+01 8.711610616325932144e-01 4.445279847190609090e-01
5.145323111551731898e+01 6.794987259300869775e-01 3.192910900385993456e-01
4.960471393257999750e+01 7.268234497063068567e-01 2.474969737438872386e-01
4.339841761675278065e+01 5.281425320144363944e-01 8.040834150340289144e-01
4.183462618255030918e+01 5.879466190438875639e-01 7.761569465924150757e-01
4.959289962025407306e+01 4.603050613339236263e-01 8.067391708906637149e-01
4.480524896448334715e+01 7.463493733274049191e-01 3.046344580532450164e-01
4.227094960183463712e+01 8.322402724774536908e-01 5.316372782217901882e-01
4.166881691245426111e+01 6.032425546304657216e-01 6.770860981908936038e-01
4.746398849255663777e+01 6.501078481413966603e-01 5.004771334358575352e-01
4.981077002277977073e+01 6.906769118932462037e-01 3.837903330976877303e-01
3.965554128002300871e+01 8.752835306220353440e-01 5.126047450836614949e-01
4.426557321642420817e+01 6.367048401343012864e-01 7.397873620387367399e-01
4.601699118736564742e+01 7.556490162225906193e-01 3.683165101902828864e-01
3.815238225852289133e+01 6.754539939840062956e-01 6.502117613455772327e-01
5.167980764542630112e+01 6.325629906431546878e-01 3.640083087558902974e-01
4.942747404580858728e+01 7.340678727870263431e-01 3.903502545127245926e-01
4.212948188355488810e+01 6.447075656263668852e-01 5.992082925467674404e-01
4.738974327209548676e+01 7.398156534265191153e-01 4.323409868498837572e-01
3.757252187908353847e+01 7.090356448486256902e-01 6.229985146346258551e-01
4.690096738362819195e+01 6.473025727617108815e-01 4.936360164592964450e-01
4.305433813274519395e+01 7.988586265208964532e-01 5.101093414095870804e-01
4.483315423689383294e+01 6.323621158550872812e-01 7.502654613012493812e-01
4.824403782374958638e+01 7.251890117602725061e-01 3.487517660750770743e-01
4.262119340573941173e+01 9.895621763644285585e-01 3.552852672333901562e-01
4.394830340639197885e+01 6.537722101333480751e-01 4.223410029717166725e-01
4.834527995174561710e+01 8.266184754660008682e-01 3.598868250468199026e-01
5.143321191983820029e+01 5.585358596393837916e-01 2.666075850408836101e-01
4.007684495137645797e+01 9.405118955013825888e-01 4.965620318998300586e-01
5.038437849586590289e+01 7.704960605980253341e-01 2.911871866894011895e-01
4.801063596159296765e+01 7.299353567439228474e-01 3.046603431334190537e-01
3.402192541637693779e+01 9.920279932954481072e-01 9.149127349085331984e-01
4.905178884099890979e+01 7.106415433047337249e-01 4.168833331900875239e-01
5.335297413748967443e+01 3.552522454630716586e-01 3.884057125192274529e-01
4.327711784761891778e+01 6.789860771913525106e-01 5.686376159298603961e-01
4.239172631418150416e+01 8.418555852842399823e-01 5.867930699585297560e-01
4.614132601903845199e+01 8.360132198978774687e-01 5.835629500725807439e-01
4.291954239677624372e+01 7.917081727109712697e-01 4.205105160023521749e-01
3.989455462358918680e+01 9.964416984920356768e-01 3.384473812744852039e-01
4.887941902822510087e+01 8.864112288315348920e-01 3.421277672376215051e-01
4.404086611273584850e+01 9.114583426498439334e-01 2.867807889237783403e-01
3.910926324333296833e+01 8.389242938354709578e-01 8.368934425016427703e-01
4.549533521075391462e+01 7.437122719824295070e-01 5.124085375925730990e-01
4.093004877224622362e+01 6.135784203003703530e-01 6.911388657611098330e-01
5.047321110525534493e+01 4.596653328903905211e-01 4.851794534605272657e-01
3.793178622798793498e+01 6.282844556688612636e-01 7.771369560223009287e-01
5.046667432413364196e+01 7.348467805631293537e-01 3.468971211789163567e-01
4.258569767159371366e+01 6.901824138293772837e-01 4.561005804124574348e-01
4.085134339815975579e+01 8.255225523555301814e-01 4.288342526366638596e-01
4.805326682474947830e+01 5.342349542717973465e-01 6.498564636494160718e-01
4.100338133933510676e+01 8.062936194699388270e-01 4.755836821443529816e-01
4.199471475055351277e+01 6.525198045294067217e-01 7.192544079191379724e-01
4.302491121288399967e+01 8.830976505657917031e-01 3.283600198590458374e-01
4.180952980994459267e+01 6.161728863889716079e-01 5.523603979722836455e-01
4.738243652043147591e+01 7.896516985463586380e-01 2.947316914825691136e-01
4.680203739518182005e+01 6.464852567704499897e-01 5.618056139744510569e-01
3.649617283897737963e+01 6.917972203748216087e-01 8.291372806802047579e-01
4.238821664350975738e+01 6.130783991914031672e-01 7.607502498733217378e-01
3.731113763851853804e+01 8.073831626172328635e-01 5.700036524502530844e-01
4.801089910828890339e+01 5.530235252637487608e-01 4.816065149826367353e-01
3.665536207278237413e+01 8.914703425725146735e-01 5.177217972188096207e-01
4.189014390665738574e+01 8.671904645433784475e-01 4.687525730061635754e-01
3.051728727287508036e+01 9.763233307708015785e-01 8.965072659828187129e-01
4.652155914992876262e+01 5.600978280383781538e-01 6.090527420342819465e-01
4.157849706650924304e+01 7.257949793715851028e-01 5.382021983229369200e-01
4.058000170457250277e+01 9.611818430206039432e-01 4.819352066435049764e-01
4.351493535146393299e+01 8.934355727460815411e-01 3.510658983318628024e-01
4.641535715770963577e+01 9.714400424914320098e-01 3.364014520667896746e-01
4.460453514911499440e+01 6.178830203132180676e-01 4.621118692100039116e-01
4.101503534960750130e+01 6.674190426018218325e-01 4.594534696217908443e-01
4.807897586369973908e+01 6.519787456083840915e-01 5.941097590873181122e-01
4.654897403894621988e+01 6.271603810142267754e-01 6.606318095304941629e-01
4.261160092760891160e+01 7.046882500729804155e-01 5.617692157667558694e-01
4.228200575857643884e+01 7.972265851797947223e-01 7.711196938995961148e-01
4.937428520321827818e+01 5.943380231079353759e-01 4.845470145512345006e-01
4.096054140263755272e+01 8.596119774930687241e-01 5.505547377452451041e-01
5.421169223709774343e+01 6.206624291512965463e-01 3.923794161201210606e-01
4.089940168027344924e+01 5.969980932822410713e-01 6.746235269067123452e-01
4.366134962545828557e+01 5.861476818257310706e-01 4.673245882197620271e-01
4.139123302132924209e+01 9.743832996113727107e-01 5.423040986113434325e-01
4.922064255016550050e+01 6.749813561575819243e-01 3.708100676187398026e-01
5.127535153708069515e+01 5.345024575244864407e-01 4.735683163763492187e-01
4.641370301491965478e+01 7.037136930093519371e-01 3.791108110168704415e-01
3.669092412297036532e+01 9.506257691585328073e-01 5.198655822947563232e-01
3.445816133565969608e+01 8.416158239741717839e-01 7.742914561695835030e-01
4.079944849019932462e+01 9.847940152594660823e-01 3.293006179028125091e-01
3.691875616736901833e+01 8.592103657190587329e-01 6.042967749367528230e-01
5.050289578085180864e+01 6.111579154666414437e-01 4.296145767153885520e-01
3.828565728608652563e+01 7.126769417980745036e-01 7.616955268322804784e-01
3.493644496045386205e+01 8.583339833434884270e-01 7.483731595309623952e-01
4.169312120493747642e+01 6.405064458874722977e-01 6.749529912929158604e-01
5.237964990686325706e+01 7.539022885299384580e-01 2.274779199038308719e-01
3.114592813673348815e+01 8.946738459827059398e-01 9.058849072218719822e-01
3.616601706123724824e+01 9.138447877104749484e-01 5.399533658627436727e-01
4.765511833245567885e+01 7.559733066305551752e-01 4.508607003520344603e-01
4.263765720758404143e+01 6.886092332983687614e-01 7.711302922557726758e-01
3.706367394901167955e+01 8.951068470576476477e-01 5.774748801972879875e-01
4.487946861801362530e+01 8.564961737716560997e-01 3.628153522967613731e-01
3.964018584180937665e+01 9.518755491338715125e-01 5.336885026940153542e-01
4.901350531636781938e+01 6.962380666358423120e-01 4.284124134703714559e-01
4.182097194468540380e+01 9.710912346014133334e-01 4.320341131216129393e-01
3.768037028052342663e+01 9.214687679527308051e-01 7.472922703742157502e-01
3.934051902285162328e+01 9.142900584394558772e-01 3.754027300027287239e-01
5.503658289324169317e+01 7.392666073230682589e-01 2.710638248958524565e-01
5.277895944343134005e+01 7.326993850037868405e-01 2.210055059917519771e-01
4.906863222290333937e+01 8.341520315663546459e-01 3.298704544078991385e-01
4.382754237099561578e+01 7.872128747901202539e-01 3.090913888348545968e-01
4.456613177599808040e+01 7.377080256053291096e-01 4.633535752798781382e-01
4.098548129995303668e+01 5.295667257750876766e-01 8.438244673691837061e-01
4.331963772864579454e+01 9.996557082338702882e-01 3.153978617922471583e-01
5.273251920892302280e+01 5.275576869614195807e-01 4.270418218479241079e-01
4.328296534241862759e+01 9.324960370146392341e-01 2.171644413170934762e-01
4.446423676292492644e+01 6.907553935295371872e-01 4.187648582698789701e-01
4.531110025134881170e+01 4.476698086197279935e-01 5.122539571531162794e-01
4.678126639427792810e+01 7.161610742383603956e-01 5.466846211161490166e-01
3.809481135820384168e+01 8.546563795709264388e-01 5.665811837745090562e-01
4.395650545972516454e+01 8.492236080014916588e-01 4.390119369484784539e-01
4.032126323481810459e+01 8.752701947552472550e-01 4.132571605668013959e-01
5.327700335965422340e+01 4.782775686981102781e-01 5.177218111119169519e-01
4.957654596741337372e+01 5.155917540543513145e-01 3.656389617755199661e-01
4.026142944260734424e+01 7.911787572224460163e-01 6.246136887393886061e-01
3.710949603945219621e+01 8.488408609177507946e-01 6.607645825465002787e-01
3.964186554392419737e+01 6.974259844613206472e-01 8.602622271816663391e-01
4.380384641814842439e+01 6.373985657974889918e-01 7.639854170246791476e-01
4.031635679247760606e+01 6.157938534245898099e-01 7.537479843322184569e-01
3.442949967780807441e+01 8.196673276721573309e-01 1.004927081842234671e+00
4.393621824231992434e+01 9.415348993854173454e-01 4.622806190490916789e-01
5.332697973075664066e+01 6.030020601919624523e-01 2.746840862602273892e-01
4.230903384952038238e+01 6.816299757801849157e-01 5.289276523630668247e-01
3.626589800427650090e+01 9.945896310420814235e-01 6.039078245652891308e-01
3.948407501463958624e+01 7.544770985053030898e-01 6.056835736842727247e-01
3.954747924894967781e+01 7.881513953673318085e-01 7.610744456144978853e-01
4.298447922270340626e+01 4.200425117558942434e-01 5.703231310398461096e-01
4.403569170726821369e+01 6.420144577460523694e-01 3.051432535447093919e-01
4.627050461914373614e+01 8.573948118052504563e-01 4.569851637455212834e-01
4.582445486575733185e+01 4.890910557957336424e-01 6.132283259826570854e-01
4.829781851310487895e+01 4.720884302650401043e-01 4.172288041660251467e-01
4.483631963340290838e+01 8.761127321636835719e-01 4.208106097924609879e-01
4.268515289183815042e+01 8.816433317090365263e-01 4.546162328163132482e-01
3.751215565307372657e+01 9.359716770252149987e-01 4.542800967486166908e-01
4.323310999678112410e+01 7.673241370757479807e-01 4.971113970512368030e-01
5.623147852681249503e+01 4.329360365867676586e-01 5.587391121962946849e-01
5.317508554965784384e+01 4.946303843713580894e-01 6.164086937942606648e-01
4.677117927819831067e+01 6.193983498868377291e-01 5.130405831815436635e-01
4.738640786213400702e+01 6.115168430851143366e-01 6.633555093234618782e-01
4.176004727124662708e+01 8.251869909963641669e-01 6.641244341934832152e-01
4.011186999294032063e+01 7.851335190886314930e-01 4.925006676167876796e-01
4.315781704435673305e+01 9.799846745006405291e-01 4.445245285268030200e-01
3.245727771086196611e+01 9.801756533541290395e-01 6.967621390418626826e-01
4.391104211357840370e+01 5.840113990824983281e-01 6.711972280675881919e-01
3.745031028464865130e+01 5.946936335493173686e-01 7.258426122099905786e-01
4.382792047795432921e+01 6.859225665623984725e-01 4.227885768365727270e-01
4.261062760849264208e+01 6.555094090518834848e-01 6.673788683070943639e-01
4.367954477551313630e+01 8.334575396405954351e-01 3.497003481977135619e-01
3.212523238116429525e+01 9.647585367052142757e-01 7.243754674776970992e-01
4.242135562866589993e+01 9.216752020542496870e-01 3.754827597512454540e-01
3.269390731462009114e+01 9.229489876048739827e-01 6.610068169645053615e-01
3.754446943360471778e+01 8.365912562080134451e-01 5.768968799016310767e-01
4.450557650711508728e+01 9.171829942917226752e-01 5.173528597004862783e-01
3.100828030015287595e+01 8.737172672223165737e-01 9.567155303913252862e-01
4.802689277942599944e+01 5.880476301086455804e-01 4.058004283288842440e-01
4.564762030977817631e+01 8.431768644572446014e-01 3.006870690677443947e-01
4.199181565422489371e+01 9.810572780804540649e-01 3.779222556741303474e-01
3.438598217453377259e+01 8.651087715301403192e-01 6.533887797543601605e-01
3.741784280517328654e+01 7.954983271405275946e-01 5.576294194109103763e-01
3.672632619115791641e+01 6.982740972183403283e-01 8.233686758592647648e-01
4.249592618559965018e+01 8.507186962594602830e-01 4.568732235656273177e-01
4.116208835538205335e+01 9.724380629028387402e-01 3.437085978518891194e-01
3.657468488511781146e+01 7.678674820581276039e-01 8.284510031407138486e-01
3.945150539417493718e+01 6.489586853783597675e-01 9.076848747290029440e-01
4.244730752462800893e+01 6.659903334966122967e-01 3.908504312488835786e-01
3.432464272382534887e+01 8.764950483852066432e-01 6.513376590856975179e-01
4.840620095139281887e+01 6.066913511789823188e-01 4.519704311887059456e-01
3.616817584720737244e+01 6.935261724264601968e-01 1.082991491777549387e+00
4.350655445930990339e+01 9.534895980103704760e-01 2.472255032854242529e-01
2.938327485622980006e+01 9.622408739275228884e-01 8.302896231295293639e-01
3.765805318438044935e+01 7.607638359655133353e-01 5.762081477123243145e-01
3.368519622930634938e+01 9.211944347984460935e-01 8.110525167832706162e-01
4.652151607494081276e+01 8.071211003570826215e-01 3.615883285931170699e-01
4.459008414029148071e+01 8.875685930210968078e-01 4.386921263382046465e-01
4.731321824776095752e+01 9.847848250300231809e-01 2.415658096234654106e-01
4.609854376118052954e+01 7.497789447460694312e-01 4.398466247645160809e-01
3.859948306627542536e+01 7.331513514637081341e-01 7.106947939029663042e-01
5.276266834995886512e+01 3.562735887695442916e-01 4.839853300262053071e-01
4.119225318735418284e+01 9.385765940421810782e-01 4.807128695027146348e-01
4.787283088834210787e+01 7.143797426195909184e-01 6.386180066577294978e-01
3.149171419930257088e+01 9.208482477956068113e-01 5.623985832970237464e-01
3.974517232778832465e+01 7.457911387428942662e-01 7.339962819508437653e-01
3.869439589344374042e+01 9.290930083422259678e-01 4.459079619470623368e-01
4.431110836507087214e+01 6.826676783205519738e-01 5.500446619709009610e-01
3.883082545930030705e+01 6.285357950394707682e-01 7.628262310161532112e-01
4.157416684720592315e+01 9.971949396986936609e-01 3.289414671431829529e-01
3.497251243271969656e+01 8.424072106373587943e-01 8.952576682352009207e-01
3.092180730046966275e+01 9.097313618497453458e-01 8.358156637772097275e-01
4.042608566532784664e+01 5.991950532001451002e-01 6.842096925113020367e-01
5.060527671402400784e+01 7.914977044157384123e-01 3.267620511181973386e-01
4.668331771929311458e+01 5.519121876174351016e-01 3.972927371228401339e-01
4.508412938461240316e+01 8.296473553729343253e-01 3.828262817057895839e-01
4.766918177965445835e+01 4.493684092229777161e-01 4.963064899187800139e-01
6.334174605932972213e+01 5.760127210657906005e-01 3.017887143698092522e-01
4.289410561220301332e+01 9.496517362658686290e-01 3.117934201374845116e-01
3.519575740286528998e+01 8.215464687308466907e-01 7.306309331395672846e-01
4.491365509182134019e+01 8.241659262094764848e-01 4.804688499255324041e-01
3.337635169436905613e+01 9.372568279959719861e-01 9.517706043158278284e-01
3.510816754260329020e+01 9.331927191283722056e-01 6.351868864234675449e-01
4.254925791063920570e+01 9.892261545069818141e-01 3.423594352388095174e-01
4.613434043541726481e+01 6.265107504952434070e-01 5.117468842941645946e-01
4.288605420680146807e+01 6.869224877389804584e-01 7.249499586578995736e-01
4.185309594678612655e+01 7.184967251635533403e-01 5.232487468252856599e-01
3.221415027131329367e+01 9.731599891920474921e-01 7.717404598586539155e-01
4.618889708668104532e+01 8.905627911560498600e-01 2.986893557462717563e-01
4.854083776497908786e+01 6.792118030093525771e-01 3.599889966300724997e-01
4.111642651586019070e+01 7.622709829431079109e-01 6.056436381684680015e-01
4.105304849643393794e+01 9.460236583423526913e-01 3.242860531213971886e-01
4.083644952136927486e+01 7.985821188264576875e-01 5.582195529094576836e-01
4.288503110480213820e+01 6.553114555780645833e-01 7.955410086118180901e-01
3.865784757314335707e+01 9.320860870851622737e-01 6.379513841558128728e-01
4.678569819501478833e+01 6.354739152621617926e-01 6.361356237147492987e-01
3.560919873299594940e+01 9.899923678130236882e-01 5.744145063949002150e-01
4.457896907389436336e+01 5.988917614316416893e-01 4.589164080852715655e-01
4.411718757459576068e+01 5.872097428525205887e-01 5.700045582101352926e-01
3.537228441381058275e+01 9.888418781638160793e-01 6.823103262229628374e-01
5.407588064938192218e+01 7.229070113617104276e-01 3.856821771665001064e-01
3.693085120256155562e+01 6.641714286470479234e-01 8.552662363733231077e-01
4.254642306576153032e+01 8.665276780863756523e-01 3.371699405689933537e-01
4.019665332713851313e+01 6.524607503524765262e-01 5.794711448820426547e-01
4.378569038571141192e+01 7.633071168285581187e-01 4.048159069779107555e-01
3.580080062522976903e+01 8.672971500709028003e-01 7.788107485094493132e-01
3.275694236963835237e+01 9.552190922882265456e-01 7.100050634470449484e-01
4.199769154880278421e+01 5.545612343722580162e-01 6.257381823037347912e-01
4.005917285480186507e+01 8.869436115039988078e-01 4.954532870443402737e-01
3.811753057045823567e+01 7.093329004129705906e-01 6.556245367553977799e-01
3.839927352497556257e+01 8.421287839421339738e-01 5.873177023134866781e-01
4.408675731806494724e+01 7.232516753695155121e-01 5.864295898778660865e-01
3.320777670291951722e+01 8.412754967653877092e-01 7.452071670438065176e-01
5.300604327951251804e+01 8.472201454210512850e-01 2.784181234911425884e-01
3.960701179129849692e+01 7.340275910614373345e-01 6.899266663771205232e-01
3.605262004662094455e+01 9.720112261649613838e-01 5.149166616624932802e-01
3.783462976988278115e+01 7.684017408706627084e-01 6.813606894162207439e-01
4.195250319684008389e+01 6.292715965416048052e-01 7.662386295155245719e-01
2.945648429838484006e+01 9.637967620414495951e-01 6.997405741012162617e-01
5.394056051869428359e+01 6.713152082281159672e-01 2.363059115822720158e-01
3.780393142579876553e+01 6.782285402981406142e-01 6.181606369482121055e-01
4.181972632653655353e+01 9.213592104272516625e-01 3.936302146990635631e-01
3.143092340346042945e+01 9.487843111539614460e-01 6.806611733715940415e-01
4.809628582315142609e+01 6.640498831170237315e-01 4.552380367085998580e-01
4.820853647478901394e+01 5.891860961630326354e-01 3.514602785858819134e-01
3.645134304098889544e+01 9.008225252110366732e-01 5.827271477992977955e-01
4.249530903405252502e+01 8.674530759005152358e-01 5.597151831741311589e-01
4.681601402862740002e+01 9.678409002634157376e-01 2.116684184223318888e-01
4.415899227858683673e+01 6.242606593801943715e-01 7.828805490943082646e-01
4.736728761190097714e+01 7.030501190014701862e-01 4.039466142696374606e-01
4.452146218797131638e+01 7.931516663833483305e-01 5.157482925174678989e-01
5.097940314847387100e+01 4.261450201882311384e-01 6.819108045012350905e-01
3.767948321620645658e+01 7.043602330697246172e-01 8.290422428892311180e-01
4.874308269264466276e+01 9.686889215590084312e-01 3.277389928735768287e-01
5.281436113187969283e+01 8.181654668261747476e-01 2.599329369647390697e-01
4.657614518019790495e+01 7.806782757935512018e-01 5.801350178806714553e-01
5.361768759342000834e+01 6.382049722832965344e-01 2.670856868586215516e-01
5.436605814380013868e+01 6.289607112012557399e-01 2.628753835011592432e-01
5.233503259925171847e+01 6.712690790385872353e-01 1.764140350928624645e-01
4.344960770960046403e+01 9.835572544261345085e-01 3.997031943052325453e-01
4.263361323046476770e+01 8.482284389683282244e-01 4.669411007510066436e-01
3.984555357114820140e+01 7.244515012460719383e-01 6.519176716224293067e-01
4.478027254085826314e+01 9.313467477528716287e-01 5.138940589341978171e-01
3.797324850652509554e+01 7.500889160600791028e-01 6.773855610379453385e-01
3.439581713726700940e+01 9.346395295815551618e-01 7.376180509835892352e-01
3.926508027276696566e+01 6.657221425315009711e-01 7.860776295153737436e-01
3.729085808803263546e+01 7.355835889844570818e-01 6.142739808766305432e-01
4.194750628684444393e+01 5.731738888095316842e-01 6.088851235693556463e-01
4.074155733410734825e+01 8.162601989926687729e-01 4.886888590346786243e-01
5.174357168605501300e+01 6.250255113269119756e-01 5.405410072872754990e-01
4.763556957821455029e+01 9.044787010872951116e-01 3.721147975073932912e-01
3.416256693859573090e+01 9.808421146018154735e-01 6.252607378745375089e-01
4.201149307030988211e+01 8.899960800526119931e-01 4.572363562868485554e-01
4.020807651305383956e+01 6.910631152566817370e-01 6.054696903581289202e-01
4.116404036844524938e+01 8.097878655222771060e-01 7.093113536256773211e-01
3.794395886553087394e+01 8.005284679214667021e-01 5.256555842652548272e-01
3.755491102146309856e+01 7.761896885682294522e-01 6.607406610276356229e-01
3.960230755791984336e+01 6.263874685912206308e-01 6.537360696721880027e-01
3.738327490927029828e+01 6.873713955022789923e-01 7.606905431262469541e-01
4.537724991318967227e+01 6.676800598650487473e-01 7.325841442695930628e-01
4.026435087195865492e+01 7.713158232044940998e-01 5.820824492904603797e-01
4.058461509484697416e+01 7.148858905928783258e-01 5.059308541443079399e-01
4.721256294220604133e+01 6.056469768226557804e-01 5.811676158807865811e-01
4.941069989794424799e+01 6.143355787507122079e-01 5.026432806544509635e-01
3.362040064970540243e+01 8.324548230771200430e-01 8.472040054044716051e-01
4.366780237280510590e+01 6.823252295870205764e-01 5.702081690280388360e-01
4.246451238407280471e+01 7.373553725174462059e-01 4.408397543151184594e-01
3.423326837684977164e+01 9.838884808715644414e-01 6.537705449722325257e-01
3.806678346927979817e+01 7.353451302477481688e-01 5.304590273955585022e-01
3.851819635871868286e+01 8.400753759345966909e-01 5.296308796268095476e-01
3.210944563125345041e+01 9.200519286546781084e-01 7.769273690829573420e-01
3.524611616173304185e+01 9.598174603691685958e-01 7.135705685566174905e-01
4.288736406657322675e+01 9.522976970744370107e-01 2.708765310428722373e-01
4.760669136255838652e+01 7.440862217763417608e-01 5.468448686547605631e-01
4.250807420756524380e+01 8.577720762474021488e-01 3.376412787821630457e-01
4.276739141915394526e+01 6.359629166009643786e-01 6.589130496460213759e-01
3.843899443882265388e+01 9.331235746646845408e-01 5.695716483214351422e-01
3.770312940486199693e+01 9.818967880830954398e-01 4.758324678604958780e-01
4.556774741357193648e+01 8.852965362295625029e-01 3.975746200278432174e-01
4.440057031581441294e+01 9.759595145340961286e-01 3.348840248117606055e-01
3.930918789251268919e+01 9.872435744677364733e-01 3.631287210049984338e-01
3.912031075539062641e+01 8.979669758537275337e-01 6.585954205268425010e-01
4.636543909162379151e+01 8.860694230999855980e-01 3.793647090541472089e-01
3.547890490213457326e+01 8.026760458816677435e-01 7.797743206577930630e-01
6.507521797433776101e+01 5.653347881215154969e-01 1.816998354256238180e-01
3.508165908159267588e+01 8.658182526911216703e-01 7.110629078790520197e-01
4.181647545162657309e+01 9.489126549257106413e-01 4.861794535776405857e-01
4.000543025250755136e+01 9.537225718826348730e-01 3.804379667200247228e-01
4.465379652626538132e+01 8.318605590308822961e-01 2.943421952868480185e-01
4.578541503193121542e+01 7.814082031100844095e-01 3.990893861273903109e-01
4.618095341675904564e+01 7.094254673539746037e-01 4.348689579761096935e-01
3.486686120419233959e+01 9.216090167802453159e-01 7.504112719397691977e-01
4.074710648337244123e+01 5.151067864177170108e-01 5.940953494982778027e-01
3.415454923120780251e+01 9.514311882698137657e-01 8.293613100095877932e-01
3.929090007375386762e+01 9.192459075738972363e-01 4.307283153343490212e-01
3.968719114246917457e+01 6.844371129861007708e-01 5.680605452972329328e-01
4.246597995123580915e+01 6.183988194091670776e-01 8.132732989350842656e-01
4.435148866874899909e+01 9.608983074028960569e-01 4.124883009246664844e-01
4.098157791763690483e+01 9.558696794758191340e-01 4.980279841491034865e-01
3.814362385140461242e+01 6.384260996113216846e-01 7.682378000753985470e-01
3.867392260459607911e+01 9.479637350658767225e-01 4.950616314324932654e-01
3.976270300517177247e+01 8.357607650144107669e-01 5.180338218232362069e-01
4.653293640263729714e+01 7.870291596627799757e-01 5.175860401896734686e-01
4.348752631385802658e+01 7.410494141172320193e-01 4.995873042401308695e-01
3.951810704766487703e+01 6.541782150427112308e-01 7.709543448079105854e-01
3.712734590626905629e+01 8.736213616414676419e-01 5.309759292867598512e-01
4.314146173290262709e+01 6.450947858422008130e-01 4.252866160166864362e-01
3.919271815194729669e+01 6.808541221502211194e-01 5.081069596484741879e-01
4.181066188398656180e+01 7.330449801814306054e-01 5.357576962655375974e-01
5.118905522768612570e+01 5.850541269198884509e-01 5.034943110287071200e-01
5.039685452474052596e+01 6.228765858351619222e-01 3.843897862966773604e-01
4.737040880070286164e+01 5.966163824568669893e-01 5.207480784107736405e-01
4.130272127223320666e+01 6.154475315304313021e-01 6.932247387794927551e-01
4.543889458931801073e+01 8.375864229833792640e-01 4.339944969844236611e-01
5.376141929636171568e+01 7.258383574329844157e-01 2.736521121146497926e-01
4.110057965227560572e+01 8.382165427672503277e-01 5.043929449581788793e-01
4.682324736530978271e+01 6.699211338255743886e-01 3.597555346240220997e-01
3.700366316327871630e+01 9.989795496646689532e-01 3.892920351662211842e-01
3.219297082087344108e+01 8.631546911700739289e-01 6.154038782957477194e-01
3.848742167724438445e+01 7.825016671659364986e-01 6.273924970339337381e-01
4.027357691363082637e+01 7.227082998552780690e-01 5.268239207453546680e-01
4.621296780090455769e+01 7.793007685437364218e-01 3.299147522623107065e-01
3.163786682013963869e+01 9.585986518869292761e-01 8.067855699345704013e-01
4.052420146684794844e+01 8.469069264111938056e-01 4.368562263514702004e-01
4.614609475933961846e+01 6.703809200336161567e-01 5.501664108215205129e-01
4.420979723378403037e+01 4.968545869056695263e-01 6.973288940373061351e-01
4.606494541866992165e+01 9.116839607127933398e-01 4.084035033955414895e-01
4.471863395872273372e+01 5.453874527478766998e-01 5.245016803961520813e-01
4.357626134505699156e+01 7.356373194469502108e-01 6.073372151853575485e-01
4.096629635491820665e+01 8.863961054533774364e-01 5.811450410043350612e-01
4.674499649561501968e+01 5.850282786447619232e-01 4.852775475076517298e-01
4.238427098217841404e+01 7.780885683454307200e-01 4.972735288267036147e-01
3.443377399286949725e+01 9.181572496957940421e-01 7.590974163926080820e-01
4.053500853953858751e+01 8.469501115470082775e-01 5.533726739034379172e-01
4.812873353330322601e+01 8.062060093213180290e-01 3.695537833217355517e-01
3.357160125453659560e+01 8.621577777875378823e-01 7.152734391953332604e-01
3.944158487470107133e+01 9.309804177056226759e-01 5.485780425807269545e-01
3.960409162876134559e+01 8.060922440773321540e-01 6.314608675872551702e-01
4.108246369812754750e+01 9.046646548199828164e-01 5.215131921866682507e-01
3.490271347585648698e+01 8.463410715246082461e-01 6.840916725765421313e-01
3.831281713384888121e+01 7.513244509076039135e-01 6.714137643842442715e-01
4.348875368489857607e+01 5.170972967813864951e-01 4.549910357100901415e-01
4.866939399168828118e+01 6.004193003538546014e-01 5.649426974931810452e-01
4.092198222975376609e+01 8.900629397832324763e-01 5.859770184415619143e-01
5.093402220970846628e+01 9.331080746318456409e-01 2.310612435015082788e-01
3.782023920016662544e+01 9.511003225126275495e-01 4.968717403644247188e-01
3.417991846369447018e+01 9.237719860970058372e-01 7.526651033881464059e-01
4.465794795690391794e+01 8.767629893333455104e-01 4.901318994180351996e-01
4.266330325060163631e+01 9.312517662703697630e-01 5.335283814085363119e-01
3.861535483053054918e+01 8.398646831074982888e-01 5.728988973955240205e-01
4.094276313596972017e+01 8.460564195241663255e-01 6.722689938846230229e-01
3.472161036913681897e+01 8.827724937493671709e-01 6.935109254549627344e-01
4.409106310301606158e+01 6.000363310124636751e-01 3.907069662341881022e-01
4.892250629873766599e+01 7.510005710553192548e-01 2.870660214809642174e-01
4.124646395876686000e+01 7.020830958502931596e-01 7.433341636293315791e-01
3.841395219336706646e+01 7.655889525646807359e-01 5.903666626004325790e-01
4.965110032302462173e+01 4.810319258676786780e-01 5.983856857811356011e-01
3.868452349298974724e+01 7.529978809205168933e-01 7.506389241799389378e-01
3.931031828134256756e+01 7.929094992133498554e-01 6.760138270522132453e-01
3.775205568804385337e+01 9.851811292927056263e-01 4.618295110027287875e-01
3.877786444030945034e+01 9.947713303104169791e-01 5.078056116244765716e-01
4.832507373469218237e+01 7.725796885556011073e-01 3.470738652802835000e-01
3.543787025274410496e+01 9.523138272573750118e-01 7.185628335539022693e-01
3.226006187555839944e+01 8.826425400874730043e-01 7.510775051018399040e-01
4.034390719345793741e+01 5.745199042956636859e-01 8.813151630162088246e-01
5.229544291709603954e+01 8.061080280164504286e-01 2.799838237691466003e-01
3.859003554964490235e+01 7.480420918851871104e-01 7.693335525435301969e-01
4.864720114488823555e+01 8.663739656398707911e-01 3.356114588093409012e-01
3.831786262169418933e+01 8.766863079651702195e-01 5.400384296964934050e-01
4.548875259010959837e+01 8.569517075226745773e-01 3.802899541119155735e-01
4.360542321897833062e+01 6.105914633184040818e-01 7.032450696736134432e-01
3.521028429601598475e+01 8.725537562231102662e-01 6.794551691291466078e-01
3.968924787208729299e+01 9.312720613363587585e-01 5.485816381933291686e-01
4.113471151110418589e+01 8.042017541238813960e-01 3.500745262262404123e-01
5.104790479399910907e+01 9.207218023534589069e-01 2.252982133787335139e-01
4.524652882461870718e+01 9.559602821605194256e-01 3.087705986048261964e-01
4.207313942989362232e+01 9.859487015383602282e-01 3.140772626096982600e-01
4.093785090714438724e+01 8.392720579772083855e-01 5.769143521397103180e-01
4.486826453551439187e+01 7.871485732516833034e-01 3.370984730719648881e-01
3.988319458664440731e+01 9.070487394843014251e-01 5.088889725552345755e-01
3.879566776336287859e+01 9.897915078092397456e-01 4.452321378532381746e-01
3.554652916096429749e+01 8.448018152965389715e-01 6.646724140860310603e-01
4.127008900838148264e+01 6.716893262601643100e-01 6.658819552290423660e-01
4.149100616327910984e+01 9.429853295758831022e-01 4.862160633315150138e-01
3.886346987665561414e+01 9.482364692460792943e-01 5.322610031669982034e-01
4.496114430625859626e+01 5.268114255387144063e-01 6.796775374806600656e-01
4.220991307905980960e+01 5.983599837562036949e-01 6.293783095323484122e-01
5.570365574171184164e+01 6.636415816832625936e-01 2.027382330167736557e-01
4.701983341315734322e+01 5.880726490824270680e-01 5.395063885223728706e-01
5.090278125960802669e+01 3.674062135322319067e-01 6.988179433835481902e-01
4.813583548138018386e+01 6.809738629132275900e-01 4.159765618679017729e-01
4.212620809968951363e+01 8.917342346933211372e-01 3.038251125902368122e-01
3.937734628578133567e+01 5.739377694975438260e-01 8.480988751129940884e-01
4.088097314376979341e+01 9.212078809370115584e-01 5.567043317126785240e-01
4.309525077601747256e+01 5.224794051755801139e-01 7.843465535734783778e-01
4.559095211771061429e+01 8.425114792910359807e-01 3.672436683487434461e-01
3.249436292133675153e+01 9.386593290149604085e-01 7.072508243244441939e-01
4.349647680915320791e+01 9.690572731314438526e-01 4.228140375014672325e-01
3.809658287156754852e+01 8.509703973739387584e-01 4.237584407524386254e-01
4.266122730435070309e+01 9.219240395908911978e-01 4.969117950589715949e-01
4.384968045027206074e+01 8.334980002267133870e-01 4.860509896661177609e-01
4.061892335837733725e+01 8.364239269449214031e-01 5.016624282554590364e-01
4.564589906430541077e+01 8.723822179957245737e-01 2.883037714287887132e-01
4.916899824428479349e+01 4.888283149133117456e-01 6.625651891686061834e-01
3.623337570048866496e+01 8.919949617283222665e-01 5.693445197068358610e-01
4.619329010353094844e+01 8.752448621558244213e-01 3.178814459268614057e-01
4.091602438164569122e+01 9.340148105099719267e-01 5.138264511945610513e-01
5.578073088844860195e+01 7.494602511275918477e-01 3.346375768493743963e-01
3.793394548525862575e+01 7.017869457945998812e-01 5.929021683957107491e-01
3.877049181693167412e+01 8.891266082923139358e-01 5.819558876902626299e-01
3.643245061427430898e+01 8.158609354094192856e-01 7.841772399390481985e-01
3.762337289517972749e+01 9.867987794508723542e-01 4.581328271173000233e-01
4.310210561730899315e+01 9.534174220796660659e-01 4.158517769765588956e-01
5.415862696856872560e+01 6.569066296258576632e-01 2.548013709125682702e-01
3.494428136065830870e+01 8.114438821282496939e-01 7.837747497857354695e-01
4.891736629687061111e+01 6.206329089723942039e-01 4.733094620277347730e-01
4.616888023152684184e+01 8.347691043739382533e-01 3.817299422180678858e-01
3.784603926989083789e+01 9.148151108441354706e-01 5.492661098837583467e-01
4.226806727483945991e+01 7.770967900406940965e-01 4.397403121715531271e-01
4.046363546203185990e+01 7.120502643306528823e-01 6.289315254809710876e-01
3.648081001059302508e+01 8.891157684855572896e-01 4.335952596940563231e-01
4.978238812351641229e+01 6.628612077413328363e-01 5.348257444594416432e-01
4.565569939839664215e+01 7.197274531770039285e-01 6.159118482341829903e-01
4.723317859607773528e+01 6.284371198201539332e-01 3.936947883346552102e-01
4.441015730007594442e+01 7.137324550034959136e-01 5.744518440627108813e-01
3.895152319009245900e+01 9.076506891015757583e-01 5.662764890146303465e-01
3.698182223012288716e+01 8.716185360213275501e-01 5.728574198958543695e-01
3.478925974375045627e+01 7.148810281661323041e-01 6.638069694393425868e-01
4.855003754720296172e+01 8.184039818564178281e-01 3.643197708833587067e-01
3.308765369961631109e+01 9.819331428099564718e-01 8.714411638862288312e-01
3.979482567728048537e+01 9.108844536250850776e-01 3.856289047729438146e-01
3.814166918582228760e+01 7.059526290042928975e-01 8.670364719645196061e-01
4.196538848118326825e+01 8.166735259121431501e-01 6.010423504913819936e-01
3.831964607816700408e+01 8.240524995099239858e-01 4.977573399681899380e-01
4.490038712691303147e+01 8.535343879566024139e-01 3.458883015508419922e-01
4.301452530453053669e+01 7.656619872209247113e-01 4.878823670694196757e-01
3.901557892703061725e+01 8.491864385841965124e-01 5.212137503606000255e-01
3.855106815213851235e+01 8.037488410663640170e-01 8.222182019293818867e-01
3.935469261380966799e+01 9.488059391149953337e-01 4.738369988722685444e-01
4.775860872538203239e+01 8.453809970101663351e-01 2.921269142689023601e-01
4.116327880948178120e+01 6.880692858839178028e-01 6.472836567184307999e-01
3.226655425507089348e+01 9.757096480345317513e-01 4.898326922614267276e-01
3.672182688153534258e+01 9.767713127526427286e-01 6.402611600889884791e-01
5.041566385468042455e+01 7.666229071819854468e-01 5.683564057397753055e-01
4.456040158718801791e+01 9.444158265852939937e-01 3.602870225293782758e-01
3.222187758111443401e+01 8.367602384020588202e-01 8.724550377881233887e-01
3.543818960487423908e+01 9.678366428534567190e-01 6.307119486524984664e-01
4.287163888207623330e+01 6.121279292823716967e-01 5.248457150578789143e-01
4.291200253240452867e+01 7.548727138037326645e-01 4.580998287130403357e-01
4.297627601222015414e+01 6.718361965762811305e-01 6.736434367635149023e-01
3.857603560841330648e+01 8.409714734166944261e-01 5.777657457686667941e-01
3.605039793345082444e+01 8.423514631735957714e-01 6.716584542481847109e-01
5.012780546278536065e+01 3.974517542764662847e-01 5.604246249726497764e-01
3.428174690778419631e+01 9.549295854673229833e-01 4.437182341034198174e-01
5.700045226644122920e+01 4.742229977396321128e-01 3.631902692096745655e-01
3.769795682164174622e+01 8.410475322904106266e-01 4.936899304919233900e-01
4.364063475280224935e+01 7.769922229467950414e-01 4.236294668381938577e-01
3.387903132510827220e+01 9.883562811939328174e-01 6.941222476963128107e-01
3.980644042102455415e+01 7.784542819733900609e-01 3.803028622385807300e-01
3.829839867982264678e+01 5.902570287227101309e-01 7.845994912222441497e-01
3.418322367029382036e+01 8.079778560792240105e-01 8.389989043620539322e-01
5.240453790195420680e+01 7.999742042493446226e-01 3.581416698596261994e-01
3.884676752808543654e+01 8.057039150837320696e-01 5.596746961711256407e-01
3.931564224370996641e+01 5.880938783776419321e-01 7.659806923722536354e-01
3.894449511966235633e+01 6.592006700787317319e-01 7.479317672601132339e-01
4.417774418527960023e+01 8.447757511971875077e-01 3.850232861770567228e-01
4.504164596286037181e+01 8.503168626184727241e-01 2.847952971710523418e-01
4.298713149171970827e+01 5.410253891275498273e-01 4.486051841050374134e-01
3.671168315597232379e+01 7.946535375545855651e-01 5.919726354811777336e-01
4.275075300901259823e+01 5.252462328991568397e-01 7.711629679437279616e-01
4.324021115861433628e+01 6.496070129659282655e-01 6.983630312911871529e-01
4.137528918722873783e+01 6.250642605761421722e-01 4.964178217974085094e-01
3.288955385971459577e+01 9.513088788846286725e-01 8.260471901573288589e-01
3.932976017973683014e+01 8.819253759752542221e-01 4.989980967126366185e-01
4.336333824449028640e+01 9.847636456526759341e-01 4.911517393259067221e-01
5.303971460798322823e+01 3.652650045881681296e-01 5.500241697696233167e-01
4.318284001138968620e+01 8.091203634033311554e-01 6.143236215923918442e-01
3.697798100665642096e+01 8.379966431761081136e-01 6.546115928772746617e-01
3.925974805754640329e+01 5.705597009202942882e-01 6.975088680531321694e-01
3.686564709367052473e+01 8.972435573259185393e-01 7.549216192744665488e-01
3.810494081150923051e+01 8.150983026188222125e-01 6.353270100383914265e-01
4.144205578610073815e+01 9.669703775936827617e-01 4.435868946828546155e-01
4.420283632203326363e+01 7.644245119368598962e-01 4.084514132173077128e-01
3.818811879598824532e+01 9.129156735666948963e-01 5.072680280460970526e-01
4.450371968864835992e+01 7.315622792147944420e-01 4.113069665740876069e-01
3.369169978993135572e+01 8.480190900604182014e-01 8.149315007893481733e-01
3.877385543847451288e+01 9.462104460969250619e-01 4.320492546219190655e-01
4.693214261862641479e+01 9.877102549490019978e-01 2.416073302390737698e-01
5.109289866237010358e+01 6.143659481725951554e-01 4.753811981172871848e-01
4.681230385915930725e+01 6.588374802228840199e-01 4.585417458170368832e-01
3.828656252031650098e+01 7.905800922967631816e-01 8.026085223406571600e-01
4.276715201003408140e+01 7.869436237809643853e-01 4.425868541757454477e-01
3.641096726117723392e+01 8.640797145272633983e-01 6.201946036078993529e-01
4.356123294603894891e+01 4.929967125062412747e-01 6.062924253725585633e-01
4.365253097477639699e+01 8.649808886329315438e-01 4.397759788334620890e-01
2.784039274164374334e+01 9.531157692423544159e-01 1.038501900394652289e+00
3.840472137197203040e+01 8.941998375499142782e-01 4.069040206612039579e-01
4.810567335896251251e+01 5.706739300085483801e-01 5.424872048972083638e-01
5.063703899792627539e+01 3.845744215038712777e-01 5.827536229993085515e-01
4.165498158241502580e+01 7.775975085268538312e-01 3.888915512427364440e-01
3.646943246134612338e+01 8.226630560303459516e-01 7.159106503933807542e-01
4.525303359644052392e+01 9.483115327904050318e-01 3.322081151365594009e-01
3.547913305666556738e+01 8.383259418358650628e-01 6.553616079791877436e-01
3.634360301338021770e+01 9.371739605919560123e-01 7.134006513691668605e-01
4.373535178890831787e+01 9.401375630177895015e-01 2.697426864050193052e-01
4.807942773242515955e+01 6.294973594683335172e-01 5.458212271937386006e-01
4.090027566033085549e+01 8.630572173886529308e-01 5.239161523815333288e-01
4.218301843590511879e+01 7.262191196412026706e-01 4.995242719627090988e-01
3.786143449963820728e+01 6.938469103175749497e-01 6.298134849952436998e-01
3.674344141361545013e+01 9.577050196383661840e-01 4.687909578167467894e-01
3.786113757935884649e+01 8.958610497653402005e-01 5.352355885242213729e-01
4.733251120357999042e+01 7.034972053101554712e-01 4.789932438009811277e-01
5.317071016566664099e+01 4.311019414181710974e-01 5.314814114345589591e-01
4.114345456995630457e+01 8.538781756395146250e-01 4.988944781879162127e-01
4.380116048457758637e+01 9.883836274113388942e-01 3.340222313904357421e-01
4.383367322929367305e+01 7.056902970656445673e-01 5.879370772130331213e-01
3.659728636461462514e+01 9.776091850229133851e-01 4.989636878637071504e-01
3.916890153783135275e+01 7.090793711649708841e-01 8.113079020182107914e-01
3.687607394568591701e+01 9.250158992108605815e-01 5.507711548422327130e-01
6.570220237961589760e+01 2.014745690669032807e-01 4.093001611133927353e-01
4.292320287672222889e+01 9.834286746830047665e-01 4.691919584237929652e-01
3.512121661681271689e+01 9.271798283468922763e-01 7.305739368894738073e-01
3.935846927078552682e+01 6.332580771358298222e-01 6.214261911041034647e-01
4.076096522345495288e+01 6.145665515506609777e-01 7.489038857931756832e-01
3.869364400185286712e+01 6.202969652204638473e-01 6.630343927558788319e-01
4.466690261531561390e+01 7.132374710935815987e-01 4.188758481368055064e-01
4.781866464732092226e+01 5.034759883029750194e-01 6.117209608299472023e-01
4.103851521460822482e+01 7.961802166198048702e-01 4.101403032654691305e-01
3.750427911222746502e+01 8.900389072963610371e-01 5.990952525222908998e-01
5.847811292096115210e+01 3.412052554612477473e-01 6.377347539745598093e-01
4.887893172460755409e+01 6.190113072187424237e-01 4.212943401511008990e-01
4.471749667041831344e+01 8.930889334755603981e-01 4.001360527549422952e-01
4.286963599829830684e+01 6.684622282270907823e-01 4.823573542913996426e-01
4.404486016717273600e+01 9.689109773196097342e-01 3.265443583111171111e-01
4.186864656080558689e+01 9.461337371505829097e-01 5.546279634296691352e-01
5.308134848876755285e+01 4.778352526440537984e-01 3.303195747551850303e-01
5.071305518348009400e+01 6.541860271072894584e-01 5.563090392984852972e-01
4.184139308522985345e+01 5.776000798205850328e-01 6.978484557391096965e-01
4.886626551642831373e+01 3.924240637426629763e-01 6.247407270530677126e-01
4.038618221756877347e+01 7.779483942242226835e-01 6.456296289673145727e-01
3.800576753658062756e+01 7.070966005115789654e-01 7.693168395718327224e-01
4.662719098239817583e+01 8.473940125845482729e-01 2.348011738850997454e-01
4.736772222656797027e+01 5.891068141512793011e-01 6.436716743428536613e-01
4.074706614483500289e+01 9.002471260929886254e-01 3.481995918570541804e-01
4.056760041528851701e+01 8.134304985243847597e-01 7.301558841582204140e-01
3.937946034566400044e+01 9.665017219076892374e-01 4.966001721449267436e-01
4.434136061749632773e+01 8.817735879273083111e-01 3.551094078885669858e-01
4.527930087051853292e+01 7.835974564285975719e-01 4.072905867778434108e-01
4.215421384985142339e+01 5.811963516670187735e-01 6.584989837421211245e-01
4.524527207726740130e+01 8.834219875025546287e-01 3.177857701990660089e-01
3.776553838848641931e+01 7.805701555921711332e-01 8.018312739639811282e-01
3.989276029666074663e+01 5.707193233190618331e-01 5.690783665777460198e-01
4.068068115084329150e+01 6.226924280206453943e-01 5.885581509891761876e-01
5.648032041611329390e+01 4.139336768670923150e-01 4.526960363376187901e-01
3.346650081064961313e+01 6.178158611767962105e-01 6.487408166917106866e-01
3.558794200280178188e+01 8.141259136478476988e-01 9.148624057730398995e-01
4.294451919275545748e+01 9.874260711936958534e-01 3.925298360869288739e-01
4.038830199058605075e+01 9.829994197219013019e-01 5.236472289105692512e-01
3.454654754414662676e+01 8.798565205405662892e-01 5.722302241843577608e-01
4.449221563304642046e+01 8.962243838341891200e-01 4.424375479348123807e-01
4.228594277074971330e+01 5.563059842417932277e-01 8.268741120658397170e-01
4.789420672409259083e+01 5.695654322860365104e-01 5.317405848494859422e-01
4.358484219833192697e+01 7.489045850043556385e-01 4.955924386505317081e-01
3.541238930483857672e+01 8.493702917758920723e-01 5.950973705120584656e-01
3.878616741975295668e+01 9.207699214840660007e-01 5.626737142258797508e-01
3.901365002905566115e+01 8.949406043665830701e-01 5.440491764509087780e-01
4.880403168366181177e+01 5.858615187163225269e-01 5.730408382813996226e-01
3.259021273549195286e+01 9.686025460860114844e-01 8.540577346936191194e-01
3.338484420485189474e+01 9.982031995489387688e-01 5.613904635688991007e-01
3.802453782059319565e+01 9.540769606329979613e-01 6.532457259937577421e-01
3.778931516728605544e+01 6.539013710073533492e-01 6.139389632558768239e-01
5.328603588018992099e+01 6.833457490848875437e-01 2.718839092410509362e-01
4.303551977354590008e+01 7.190137476645961367e-01 5.898176008300572981e-01
4.621887398749861120e+01 6.742747154061325965e-01 4.055790696929293393e-01
4.582101877477394680e+01 6.569722914438013150e-01 4.456446439284423855e-01
4.871023861952811984e+01 7.751575134155248570e-01 4.689527176918884543e-01
4.934188762653283788e+01 5.970670292254659506e-01 6.615617321041007415e-01
3.099266564733675722e+01 9.012995827622384271e-01 6.889204926660047468e-01
4.077796134770214564e+01 9.803088959633262656e-01 4.807430051658288517e-01
4.132653786381779071e+01 6.505834941316919195e-01 5.243740224419678464e-01
3.891680365183852075e+01 8.256418798595225317e-01 5.377950467723074945e-01
3.887853354965306352e+01 7.771008529272629417e-01 4.769683683971548405e-01
4.899795960359117686e+01 7.911900250562231562e-01 3.504077226469669570e-01
3.868628338146890400e+01 8.285757480691681165e-01 3.849530763874054462e-01
4.202894449995137904e+01 9.716648802013562181e-01 4.231416485777641512e-01
3.939243948979294885e+01 9.519720010359754570e-01 4.542176710540626883e-01
3.697334055203698711e+01 8.327797435682355864e-01 8.694331770334160492e-01
3.116074267693591437e+01 8.270918523315311521e-01 8.500712243314634264e-01
3.230500046230153544e+01 9.605122956297545977e-01 6.730531172384363048e-01
5.113650457345826794e+01 6.222296024140963056e-01 4.194553204172876693e-01
5.204409562561816216e+01 7.035568100974024519e-01 3.399879045288980439e-01
4.575127452004768003e+01 6.734395981908996021e-01 4.530023704437372567e-01
3.927090407466678101e+01 9.972147302292797555e-01 6.016947669981072000e-01
5.043109990782695462e+01 6.320931416644753886e-01 5.981660125189154353e-01
3.506301607597998071e+01 9.837499331937298308e-01 5.517324885633868581e-01
5.563072045847628999e+01 6.858657362508338018e-01 2.399650231170480652e-01
3.800570240038585013e+01 8.551263008959623102e-01 4.898636303277215664e-01
3.822554755032011542e+01 6.174623470703031192e-01 6.797680085902300107e-01
4.468129314735182334e+01 8.612257668399855293e-01 4.431339878819596234e-01
5.163676474418966933e+01 5.812484009624256931e-01 2.561623517356436674e-01
3.873939227827413845e+01 9.982052120298102738e-01 3.767134287558585592e-01
3.528098255121125959e+01 9.142023162442897144e-01 4.814897743983172496e-01
4.445508905669590405e+01 5.419358307652984985e-01 5.554965167461142217e-01
4.208054223659599558e+01 8.210341513679382253e-01 3.392237730924218542e-01
4.497488378992819946e+01 7.040520668746218513e-01 4.261865169455114066e-01
4.201345808288763095e+01 9.620852636139691771e-01 4.494225608838405273e-01
5.996549221889020487e+01 5.529269047193176023e-01 2.559272698218200692e-01
4.730228985687692500e+01 9.107482779537227069e-01 1.772321604958195795e-01
3.290063908653982594e+01 8.982696115387892588e-01 8.248633243950524996e-01
5.347338814659099882e+01 7.517206615223582800e-01 2.847661279258624778e-01
4.909952871920193473e+01 6.493501825486984735e-01 4.474155363262468654e-01
4.578382525880037690e+01 6.388602429854568499e-01 4.656991186158997986e-01
4.036950393826899131e+01 9.931490984985562598e-01 4.610077484967676775e-01
3.556433961745129579e+01 9.463994760335819878e-01 6.575003022934547969e-01
3.541747896387749961e+01 8.462318978460421359e-01 5.126190155778526103e-01
4.939416043187419803e+01 8.285108401771686948e-01 2.872945959011894979e-01
5.373650230686277496e+01 5.791791511189369190e-01 4.472615734580507874e-01
4.547630871727432122e+01 5.950819298286801340e-01 6.616221224146651148e-01
4.281827731067657083e+01 7.928559670506553081e-01 5.528804472481112509e-01
3.857946807768205133e+01 7.499396422631071646e-01 8.186803398411842680e-01
3.030709321012055568e+01 9.773093832308054063e-01 8.048147832883880692e-01
4.860764480099560103e+01 9.574901190494659042e-01 3.842025137212234931e-01
3.786309078757523139e+01 8.695842931039342583e-01 5.400559918904498380e-01
4.576118773758529557e+01 5.639766219798409974e-01 4.667456328077657091e-01
4.815566803692070152e+01 6.078306693135447913e-01 5.924506063238632603e-01
3.467206032722313580e+01 9.914137062382850640e-01 7.203723911908583855e-01
4.063284857675417072e+01 7.462085701998241172e-01 5.801339594463971183e-01
3.871138817335488369e+01 6.676626312491410475e-01 6.892081124986836338e-01
4.720649123596837882e+01 6.403642584472628574e-01 4.913899403786975983e-01
4.184644416966242630e+01 5.933368087891649489e-01 6.332372268851449437e-01
4.550297745914075165e+01 6.385680217192059027e-01 4.314911507239860833e-01
3.699779366678432524e+01 8.987112235514800318e-01 5.924716697365322027e-01
3.308228901437387037e+01 9.833173413759505044e-01 5.980529657846324065e-01
4.374652922450721348e+01 7.839593366755842618e-01 5.607661536102274136e-01
5.015909248174366297e+01 7.801153248434207210e-01 3.732578704239020162e-01
3.937428672952860609e+01 8.862031616934407108e-01 4.267089368567795749e-01
4.055908334083173372e+01 8.994743129774295243e-01 4.889482424365833579e-01
3.920125332112467476e+01 9.239058079077027141e-01 3.572758972604850869e-01
3.717879844287498514e+01 8.444383106980988263e-01 6.185932941613777603e-01
4.745410590030068931e+01 5.920786054597242387e-01 5.024384126350966984e-01
3.533216699639589109e+01 9.356220215891990488e-01 7.260601718833450402e-01
4.164216269280780836e+01 8.594113014131005146e-01 5.513803713894223080e-01
4.499861558217693158e+01 6.561928559253361604e-01 5.908997118683544381e-01
3.542671944739795720e+01 9.277225065595142706e-01 9.030172053288822998e-01
4.653638116371822520e+01 7.733085539509769735e-01 4.076972204652737908e-01
4.039964996625525373e+01 7.183055425039037711e-01 7.527179883436840857e-01
4.003352872755343128e+01 8.119156713729127617e-01 4.609914641867396967e-01
4.356680682900944390e+01 8.101780309573066718e-01 4.435855347843932761e-01
4.513877309691869755e+01 8.895657933129801354e-01 3.204511190045003510e-01
3.025539744138820808e+01 9.079983270401975615e-01 8.548753492006940791e-01
3.034654154255097325e+01 9.691431779134871416e-01 9.586475184866219967e-01
3.706003845127817442e+01 9.252289887222555631e-01 6.742443804753205372e-01
3.339842152014055188e+01 9.992519940937065748e-01 8.313682868824424643e-01
3.611277961571427397e+01 7.561380477689563229e-01 7.554519613956438562e-01
5.111180954652579089e+01 3.905826958378971203e-01 4.561387829813506323e-01
3.566642327475118179e+01 8.780830804163659575e-01 6.411627173115852507e-01
4.432309420520048349e+01 6.807368739724635187e-01 5.235261966552318125e-01
3.812760288976618739e+01 8.447830124291884069e-01 6.813676057855854173e-01
3.416558669660573599e+01 9.214111257969265223e-01 5.460526559706914140e-01
3.696434577675985622e+01 7.474636936649909913e-01 7.231988162712291723e-01
4.296846568784486209e+01 9.873288835160862753e-01 4.155969962319601141e-01
4.824828141039074580e+01 6.301873107119810857e-01 6.018549781481419281e-01
4.914466055651244147e+01 4.445580844767897943e-01 7.027814166338323121e-01
3.860319523948743381e+01 9.373692989201990455e-01 3.560163343392311885e-01
3.259008701771982430e+01 9.107544460877096126e-01 7.521964946812266239e-01
4.738857886946166786e+01 5.633078545399741177e-01 6.078650191779383372e-01
4.594695004273055616e+01 7.814319891516777750e-01 5.135015783658398725e-01
3.198003257656946374e+01 9.968327538972137081e-01 5.563644397922371532e-01
5.197883366888979850e+01 5.061814538043988287e-01 5.892260990355191463e-01
4.435757825545238831e+01 9.135700198999107124e-01 3.304065096701265247e-01
4.459838650117958281e+01 8.698105945427990759e-01 4.514547286220007005e-01
3.730791949464802570e+01 7.708443589882696401e-01 7.360742306377512367e-01
3.892921543248603200e+01 9.551920846053966185e-01 4.497452520371485463e-01
6.522417707989212943e+01 4.963712384016085166e-01 3.202771143752230487e-01
4.814892034329695036e+01 6.330615491196593947e-01 5.754383363117253625e-01
4.024311967227544073e+01 8.188933246067631178e-01 6.956652478759670633e-01
3.421572108954894986e+01 7.555878128985378250e-01 7.941126342869616606e-01
4.133548185353236448e+01 8.375291470978933894e-01 6.875876685564191737e-01
3.777040937574698631e+01 8.769050868963413903e-01 4.546323562044482514e-01
3.581941206392496468e+01 9.997709043088495173e-01 4.926649000431224112e-01
3.923778868809351650e+01 7.213411674891927472e-01 6.530079299628624989e-01
3.761050550693564531e+01 8.707297671200233680e-01 4.963163367725801911e-01
3.981744993566627500e+01 7.807042630695593122e-01 6.810542234310920096e-01
3.761802446735370609e+01 8.052784161252631856e-01 6.173261195532677714e-01
3.636362231157356462e+01 7.638077454961168522e-01 8.004300485809079380e-01
4.055651872050798090e+01 8.784349355604652576e-01 4.858312070052703269e-01
4.124725691037838260e+01 9.683007912009810036e-01 3.383025019547795664e-01
4.389658571104485674e+01 6.455588785457088141e-01 6.817147741327256316e-01
4.280861441870838036e+01 8.749372838642719419e-01 4.476324742956164782e-01
4.008459478213959670e+01 8.344364231138433619e-01 5.735792190019937120e-01
4.284868435051381397e+01 9.133931913452481011e-01 3.335506256133722869e-01
4.934252531752446913e+01 8.785654972124968820e-01 2.185350804257850388e-01
4.700029967494328531e+01 6.940185077798461943e-01 3.837654819681837748e-01
3.958869227283106085e+01 7.518069220252348028e-01 6.106738201363848262e-01
4.865431608020586651e+01 8.836216253463324843e-01 4.549625895688791388e-01
4.524530831165644429e+01 5.660314882085204502e-01 7.321579382705816208e-01
4.412904836988321478e+01 8.460408152491094569e-01 3.249852618523899062e-01
4.041803635986815380e+01 7.990691785495200872e-01 4.703604469887081585e-01
3.420109679393686264e+01 6.852408140701577999e-01 9.105897994271859863e-01
4.839151545859466097e+01 5.935336854355069969e-01 5.927200851061619202e-01
4.277356828502416874e+01 5.150396150741993750e-01 6.973788025448390826e-01
4.562157010105437394e+01 6.278650240575938124e-01 7.191752543035996315e-01
4.150855437699758710e+01 8.457193166081905522e-01 3.808599718788145405e-01
3.581122041332351813e+01 9.864787264430182612e-01 6.291072969969442319e-01
3.966406383615344566e+01 7.800193303391551591e-01 7.001186836827694160e-01
4.846810805604647499e+01 7.467237486654606515e-01 4.048517739388582393e-01
3.563696121461849486e+01 7.328122322970719305e-01 7.608634331876126256e-01
4.052378689105548659e+01 7.515321113419284327e-01 5.694909354039854321e-01
3.800374706874501385e+01 7.960530332955700894e-01 5.426001126309729639e-01
4.045028128184198835e+01 9.433984443957956767e-01 5.653133902060524241e-01
3.472916475592830921e+01 8.297175719763587587e-01 8.781317342727925634e-01
4.531122795750765420e+01 6.387118288660669219e-01 7.474562328443681292e-01
4.163169861996750853e+01 9.505061617623291603e-01 5.460407979580637061e-01
3.769604455743429128e+01 7.837871018853632687e-01 5.866603569665601592e-01
3.916208067994026720e+01 6.128587651225684274e-01 7.221810429679863530e-01
3.877216031765854609e+01 8.063982416490875771e-01 5.680708702809761368e-01
4.050836941786824497e+01 7.304536953358751195e-01 7.190254131785384084e-01
4.309532457764763791e+01 6.533641674860106718e-01 4.833153469925904333e-01
3.563372524288756438e+01 9.052372794268290779e-01 5.844697016765113551e-01
6.303459328963938191e+01 3.108665555923434964e-01 4.882654857110514945e-01
5.076650303676534293e+01 9.727712267200343543e-01 2.596088859080125655e-01
4.185869881923973423e+01 6.716305818563053087e-01 7.299278463590426203e-01
3.494805577723438716e+01 9.370628438531483084e-01 6.157140528005791147e-01
4.426722388317516987e+01 9.344625587955749380e-01 3.547589602246367102e-01
4.014004664261090483e+01 8.240632603732732653e-01 5.063663604171373400e-01
4.215123816590740802e+01 7.771885384124178620e-01 5.032026611850478615e-01
4.214223350053774197e+01 6.697600214105355887e-01 6.290692221084240865e-01
5.085298537792959905e+01 9.047168458359819976e-01 2.778066878910764870e-01
4.058205352424208456e+01 7.205164266760530900e-01 6.108772729536279256e-01
5.400611213033758418e+01 4.889937278772310547e-01 3.111501369230771363e-01
4.215611210677407428e+01 7.322096137721326725e-01 5.900955785511530216e-01
5.054225252531719548e+01 4.717573956709561478e-01 5.487106023192447335e-01
5.072408656471188948e+01 6.057310965240965128e-01 6.179675940334883322e-01
3.530175181421841302e+01 9.376118841434631923e-01 6.009037337831489856e-01
4.725897582597394120e+01 9.279779874491369540e-01 3.406987143361628334e-01
4.858966991580884809e+01 4.385783868111807204e-01 6.909418701210522373e-01
3.604165404610406398e+01 9.021271898070092332e-01 5.018598529513530471e-01
3.561261243040665647e+01 7.011395780797156085e-01 7.551152313424391860e-01
3.593797622667312908e+01 9.807348994120090868e-01 7.231679064781469934e-01
6.229375782845570342e+01 5.124431105087160487e-01 2.947043402110990362e-01
3.706245966268267722e+01 8.405865472325081411e-01 7.447318908014186611e-01
3.876169039852306497e+01 9.128713903213465652e-01 6.240996469902495569e-01
3.545582741229200963e+01 8.219998615035100098e-01 6.747717825851032858e-01
4.729168735798331369e+01 7.190463619061933098e-01 3.929707460085228310e-01
4.332214509769702460e+01 7.324501887537698819e-01 5.252578213168920263e-01
4.255459344934386223e+01 9.758967300368822650e-01 3.129159167114038964e-01
5.492138942465057738e+01 6.506982083002974537e-01 3.517254810796533460e-01
5.793537812053173752e+01 7.449783565486234327e-01 3.183441234858545021e-01
4.327724436428852073e+01 6.718289860732983287e-01 5.167199036092929854e-01
4.449181229362505974e+01 8.649881942980673921e-01 4.158839403837449322e-01
4.310062463140832278e+01 7.206873746827633376e-01 5.299186493442331614e-01
3.332255740917847930e+01 8.499262638025188998e-01 8.330854684379099817e-01
3.509578238811787543e+01 8.500644455545335321e-01 8.447125545089833043e-01
3.562763328699308829e+01 8.824918700172426078e-01 7.444735299414163565e-01
4.867886312338193022e+01 6.135216100450756604e-01 3.972810797430571528e-01
3.645686627421863335e+01 8.402522468674400447e-01 7.329379260076488434e-01
4.767818279815145388e+01 9.685887751297249659e-01 2.000018014335225025e-01
5.730485313703000116e+01 4.285052441522729794e-01 4.995693879346543853e-01
4.698496271103198296e+01 7.118519842407163845e-01 4.071507331700655041e-01
4.549519494408214371e+01 8.519675036555427461e-01 3.983851455641700401e-01
3.825801727280607878e+01 8.830192080896234197e-01 6.085101159742155597e-01
3.787489660243069522e+01 7.584840455525104774e-01 6.494498259600424150e-01
4.349528949218260720e+01 8.444004301583476479e-01 4.721446322948136265e-01
3.333812270940281763e+01 8.173688655958248894e-01 7.185528724265657363e-01
4.019359710871086122e+01 6.220987682770360294e-01 6.833074923657095345e-01
4.214871955417063276e+01 8.041103875786609345e-01 7.373951174934580965e-01
4.348177007579158015e+01 5.929891944322258635e-01 7.695100760358439818e-01
4.303661348718048885e+01 8.126968272586193587e-01 7.641168565534890433e-01
4.147403388961834736e+01 8.316081853011323410e-01 5.434169067033792766e-01
4.471505510540550432e+01 8.637088800227566976e-01 3.806949703394441054e-01
4.014481682273725482e+01 7.555875301883577810e-01 5.851441820571796626e-01
3.615238181483115909e+01 8.688221397828775894e-01 6.480595901182774066e-01
4.722113099855982910e+01 9.590693183914802411e-01 2.934934036547362513e-01
4.066603346714956047e+01 9.379591761258301297e-01 4.359779580362183049e-01
3.962493782218509608e+01 9.312491523758116285e-01 4.554459456817200325e-01
3.981312099848602770e+01 7.820200262753270737e-01 5.322137996861766585e-01
4.475071160820744609e+01 8.818169680647452990e-01 3.060187764911817543e-01
3.749631463518650065e+01 9.141335360180072866e-01 7.066787525534169445e-01
4.300775724217482576e+01 7.890517904914736702e-01 4.077347722886464076e-01
4.749321920343532355e+01 6.675100603418766543e-01 4.703719106479111733e-01
3.726584088696345276e+01 8.794422020066889889e-01 5.512364213752082298e-01
3.447950611471551952e+01 9.921858764251922924e-01 6.419145577136251557e-01
3.670919787500888987e+01 8.271173609653545977e-01 5.280534887261529864e-01
4.485859099878049250e+01 8.685021054561657960e-01 3.936290914213416148e-01
3.369323181804329437e+01 9.684126658779743657e-01 5.859431326433486298e-01
4.081199583510598927e+01 8.050457272342962378e-01 3.689383259496274436e-01
5.872480763914111890e+01 7.806159528564968753e-01 2.452842690526182701e-01
3.924415697557293470e+01 8.025110812574571817e-01 6.157787641608658546e-01
5.346584665933484359e+01 8.044939789678627884e-01 3.280642331476991691e-01
5.272809069701455797e+01 6.713152082281159672e-01 2.647344700288730701e-01
3.633857556373200737e+01 9.968165407534951283e-01 6.519245352598821430e-01
4.764809969457795091e+01 9.345100240992660900e-01 3.191862903885725467e-01
4.854849632135568527e+01 7.010640924214616154e-01 4.421478579386474705e-01
4.236018089542650955e+01 8.088065117881776400e-01 5.368105376902070347e-01
3.777766889020909957e+01 9.655241222822444902e-01 6.500771256401960407e-01
3.691727841421078438e+01 9.904979815367676022e-01 6.055168301211966142e-01
3.993996511612230904e+01 7.523554938484893206e-01 6.583614441322722666e-01
4.433480959857093495e+01 6.773113348480557239e-01 5.513216509885738859e-01
3.120101589303702383e+01 9.968142670271813444e-01 8.422304412549681540e-01
4.942348906218311555e+01 4.932806354433070806e-01 4.443928285205103745e-01
3.652828820771626539e+01 8.449875797237329511e-01 8.593369644993057443e-01
4.866089982814512638e+01 7.939857720954062170e-01 2.284873267638929673e-01
4.404791491323733510e+01 8.364998059314541212e-01 4.630575819676028826e-01
4.515140101327191502e+01 5.428328213234495658e-01 6.430744558159466884e-01
3.313751372924705407e+01 8.269206909640116621e-01 6.677482057178616426e-01
3.490426285711360066e+01 9.208054465343858963e-01 6.868701823847294108e-01
4.302477861115358593e+01 8.942962247064537573e-01 4.808372744733524495e-01
4.002911690548610579e+01 6.525198045294067217e-01 8.036770237691858165e-01
3.266861185671880463e+01 8.004977698177160317e-01 9.880990261251705320e-01
3.924338453996212195e+01 9.489890921355713660e-01 5.658815194391840775e-01
4.259525057270528237e+01 5.872521469814107054e-01 4.265127487577260457e-01
5.823144955458720773e+01 7.148449382459488577e-01 4.266182493260755049e-01
3.910391649203807418e+01 7.881348395384684125e-01 6.351680034566173916e-01
4.381566564302213607e+01 9.346436209975534926e-01 2.722008939583157039e-01
3.965931245473619526e+01 9.413896400843935197e-01 3.661535482245569795e-01
4.476263015086097852e+01 8.833529836809245195e-01 3.700730666339194230e-01
4.283930654251240355e+01 7.975631506997497011e-01 2.586196241680577268e-01
3.912559782862800972e+01 6.817491726808497798e-01 8.590477916691144911e-01
4.516446415543087056e+01 4.890910557957336424e-01 6.368025170794430201e-01
5.455174116566924880e+01 5.978329483753282991e-01 3.620088049868144808e-01
3.073083598529924387e+01 9.875222203284035327e-01 7.044792550824364730e-01
5.900195514581544387e+01 8.922196759399880772e-01 1.602145220949388604e-01
3.967559814268076934e+01 7.061558923571457091e-01 5.095414678694283328e-01
4.147109595485140687e+01 6.058724503814428841e-01 7.670990289637045212e-01
3.419859438717411138e+01 9.648111258989229277e-01 6.278247466454170977e-01
4.962314144568804153e+01 7.850326218762280206e-01 3.458220284853140702e-01
3.750144842755233299e+01 9.186695099662709474e-01 5.648324200204538625e-01
4.703817501979060012e+01 4.229809563946883566e-01 5.476355334208002912e-01
5.022665634611917795e+01 9.992251189912624287e-01 2.139677698597552136e-01
4.175266754826132853e+01 8.809282538638198989e-01 3.262544180437785268e-01
5.786389274843087094e+01 3.118577030160581964e-01 5.829118155507406751e-01
4.218883372705615642e+01 8.818951572860777022e-01 4.429278846982006024e-01
4.458586469197896207e+01 8.185269277877288419e-01 3.603205524201222865e-01
3.793490022296887076e+01 8.927774831537004241e-01 5.698901582872168969e-01
3.712554392833403227e+01 8.831843087188901986e-01 6.691170089863071047e-01
3.282412406214152867e+01 8.996915861663603575e-01 7.427972663804248699e-01
4.062915625703609379e+01 5.984002244164324802e-01 5.769490287470314671e-01
4.387653644761939375e+01 6.592602965144255256e-01 5.879162279204418473e-01
5.303346914301165782e+01 8.019497330819657099e-01 2.475184271667013880e-01
3.364215329675258204e+01 8.584505734779528385e-01 7.139825830042348942e-01
4.910976012325787110e+01 8.537243376632365210e-01 2.486538362930628132e-01
4.392901469178394791e+01 9.840504424845690767e-01 4.799274431395128548e-01
3.720692171965993111e+01 8.538628699900830954e-01 7.836911099568869554e-01
4.772987845001485141e+01 4.371675987319375012e-01 5.335608213356701768e-01
4.231772365224141907e+01 8.060715702980065789e-01 5.144653520551256687e-01
3.927533874038162054e+01 7.702993513786471347e-01 7.106924798067690840e-01
4.044322023544430067e+01 7.477409191419779333e-01 6.672121957750899446e-01
3.972255704981762392e+01 7.672461162812127533e-01 5.755767344515189121e-01
3.774720753184992361e+01 7.892978729485350398e-01 5.498209978504027262e-01
4.932085673446648855e+01 7.038005853633598763e-01 4.982571442237462844e-01
4.453532814541939899e+01 8.634246403787136925e-01 4.415834185046761950e-01
4.777812747540038885e+01 7.059930145100652421e-01 3.495326408120435491e-01
4.761410940114551238e+01 6.524204685134722403e-01 4.317320120767850766e-01
3.989038706506536869e+01 7.816000590391823932e-01 4.944971884098736670e-01
4.669020936941568323e+01 9.805746637057287662e-01 4.445005211328462158e-01
3.862744722023255406e+01 6.026396224769617893e-01 6.419021784228104988e-01
3.546863974200760339e+01 9.427525690729370300e-01 7.046417360965145926e-01
3.928958717925475952e+01 8.741861812017338584e-01 4.551414451825172014e-01
3.797070431778259803e+01 8.542369362133719335e-01 4.888286511828207059e-01
4.590832571479936064e+01 5.176312181835011073e-01 6.178749955571650743e-01
4.330728708786653414e+01 8.561612000738393347e-01 4.296968182825361415e-01
4.552077906586701062e+01 9.215478353484514162e-01 2.178272205275857132e-01
3.578704849853562564e+01 8.474764503302361085e-01 6.220546117379847084e-01
4.542858920785069898e+01 7.739002865962614219e-01 5.126285413830162785e-01
3.977553959932780003e+01 7.819598514603448569e-01 6.855398250706883356e-01
4.467544598838794201e+01 8.934766385281034395e-01 4.327663132977146443e-01
4.042610868360458909e+01 8.294049465802187937e-01 4.472321721316913079e-01
5.235343751989946526e+01 5.580226742283418417e-01 3.663156730167685948e-01
6.798641293242053507e+01 2.107554258232797462e-01 3.286085758181492289e-01
4.511081261084719074e+01 9.285635038768065286e-01 2.415065536889232367e-01
4.421906668359407888e+01 9.534953323992917396e-01 3.949265588180941311e-01
4.053368679936197339e+01 8.659656484745814620e-01 5.791627528167696548e-01
4.510924012667388183e+01 8.028454070136012977e-01 3.390904205885041933e-01
3.962612246792382109e+01 7.540623121133256390e-01 7.683104517048831017e-01
4.167380512175646601e+01 8.049710004493144666e-01 5.286335247232634149e-01
4.513500990760872611e+01 5.222403168127146555e-01 6.570441422950477062e-01
3.983144673323600671e+01 8.533197192256050112e-01 6.223875709333598349e-01
4.303043955223196093e+01 7.334788296234394656e-01 7.346192109342211118e-01
4.446934377518665826e+01 7.230877796224188803e-01 4.753581338317562910e-01
5.045716798401558378e+01 5.341520608913836732e-01 4.818104558256235403e-01
4.503692505276139002e+01 8.537718451450722057e-01 3.654761042414411132e-01
3.831965515548296253e+01 8.688157656222750269e-01 1.000340223838197318e+00
3.946614905446725174e+01 5.967551470869910668e-01 8.363250746509217626e-01
4.049067548528206828e+01 8.556999140347016919e-01 5.337674459089951640e-01
3.766371329854763417e+01 9.660481954034300101e-01 4.312988420905180531e-01
4.479257131838811290e+01 5.937942671254291538e-01 6.758498523461574647e-01
4.530287555489702100e+01 9.916007707906625557e-01 3.946234978130202520e-01
5.602790997175294052e+01 4.821149696619977387e-01 5.565245226813732016e-01
4.376298929744869781e+01 6.233965434366248726e-01 4.647864387007245579e-01
4.618498363577248256e+01 7.444992610897037677e-01 4.159519472731265100e-01
3.896163143098112158e+01 8.682438270149386295e-01 5.016791575739221187e-01
4.900923884349221282e+01 5.520303681994058742e-01 4.299024586406592907e-01
4.483838354778804813e+01 7.002889823326051699e-01 6.515562821959627327e-01
5.088937959019849444e+01 5.718282710880294717e-01 6.323143180588194356e-01
4.818649782929037428e+01 6.021725206496655325e-01 4.545471396465244895e-01
4.884280400837298686e+01 7.425161231064946188e-01 4.121993969718033557e-01
4.952031232739387434e+01 4.255317701291979060e-01 4.854569277748829736e-01
5.245667548782444101e+01 7.318888032320023385e-01 2.905009483568165574e-01
4.885028542719573608e+01 8.251870424160619999e-01 4.438659899216591542e-01
4.893366906153196538e+01 4.645842580684720335e-01 5.889378988621571942e-01
4.640980701577927903e+01 6.094127920026689571e-01 4.686561453484977546e-01
4.085800673709718467e+01 7.981841927071940956e-01 6.544633231506006288e-01
3.577874635583512486e+01 7.555878128985378250e-01 7.157352828262830702e-01
4.650934863434485322e+01 7.856655031688697388e-01 4.278186939143943657e-01
4.123263403665939109e+01 8.828638905091693578e-01 5.374940817679013660e-01
3.969259866336689413e+01 6.168141504048312296e-01 6.269937076236098417e-01
5.131454186767798120e+01 8.904734059240900779e-01 2.424858961294774073e-01
3.986439566641421095e+01 7.865164345060162709e-01 5.633582761739790445e-01
4.557818901773703146e+01 9.731374969993160651e-01 3.582404887617939293e-01
3.833523092261557963e+01 8.723113661616769265e-01 5.063766664074395019e-01
3.577726341862111781e+01 8.234616816905863113e-01 7.140953822617004398e-01
3.560773227331237933e+01 5.163978010740639668e-01 6.926057279008975831e-01
5.198340788152269454e+01 5.501002238324175231e-01 6.062883213644669755e-01
3.712111823225391305e+01 9.282094062880236196e-01 4.544188365067085567e-01
4.996874833070321387e+01 4.997660660430362500e-01 5.279495814256042197e-01
5.285933485615065308e+01 8.408567333515096776e-01 2.280102274371048898e-01
4.670362110657776356e+01 6.938121980576812398e-01 4.006615377935193734e-01
3.523681898103047416e+01 9.642245725946413382e-01 8.058273810098737222e-01
4.133032228423162024e+01 9.667044553974130094e-01 3.493458932723115251e-01
6.300152285249734518e+01 5.338317141135052735e-01 3.681838348153022578e-01
3.270666414005682299e+01 8.353902681455603885e-01 6.535501923513700184e-01
3.880731258557706553e+01 9.970492422299126467e-01 4.039523233867859386e-01
4.217154594487878683e+01 9.094036281402747557e-01 5.121965054476927959e-01
4.541892842113815476e+01 6.520134035104113712e-01 4.453180866473631649e-01
3.296316669378690989e+01 9.529773983828990769e-01 6.379171165616670525e-01
4.131694214874298865e+01 9.322385592086817052e-01 3.058532600836108006e-01
4.346788420035468192e+01 5.956815158924175790e-01 5.141443346035289297e-01
4.578041999183968613e+01 8.158696739268046505e-01 3.561198218835777141e-01
4.279307466328166498e+01 7.621798440480657133e-01 4.770180027794451161e-01
3.988637939436195978e+01 8.045517772782141419e-01 6.674693113437429881e-01
4.418253463093127209e+01 7.718702652966321631e-01 4.773483537291715040e-01
5.949107861720524681e+01 5.432186595710073451e-01 4.003115991262761186e-01
3.689849061551132792e+01 8.131074014466921351e-01 7.482085660892092704e-01
4.024065471827326235e+01 5.980364389029738659e-01 7.020895079008439010e-01
3.622232143317646091e+01 8.507774594717053551e-01 7.056175748252424551e-01
4.650763190275134917e+01 9.371863777228899295e-01 3.180977946205119644e-01
3.847201724107037535e+01 9.900950236019633310e-01 6.340428764660329675e-01
4.785232946391139564e+01 6.065375846776098756e-01 4.937183274674068478e-01
4.690224308401079867e+01 7.376922349297645454e-01 4.936084365599943125e-01
4.759232855977285226e+01 5.342511686434089357e-01 5.520912884610316151e-01
4.527261285828098636e+01 6.945992556263416162e-01 4.956973467139800249e-01
3.152508219477757123e+01 9.797137770102258836e-01 7.937640025024086388e-01
4.941351374773392280e+01 6.103722124085767531e-01 5.680092485796288670e-01
4.780724290939553356e+01 9.610882605756047026e-01 2.565736213684900457e-01
4.637446354776685808e+01 6.932686199882573952e-01 3.949528739813635281e-01
6.381449219231091519e+01 3.203667561925930829e-01 2.656900805294107881e-01
4.025729720062159345e+01 8.188170120525809503e-01 4.904157850199106217e-01
3.926610702127841535e+01 8.686324748374898430e-01 5.992329627387044111e-01
3.900684074826313008e+01 8.298809004693985525e-01 7.268112110955232685e-01
3.927365592911829850e+01 6.259196505663742194e-01 6.303150191264969004e-01
3.490862176605914158e+01 8.543099322706171339e-01 7.094081470634824305e-01
4.813080136251826957e+01 7.725250597873857261e-01 3.957075654634015227e-01
5.133327571978474424e+01 8.028974610385897215e-01 3.278775349121866300e-01
3.581682628384888289e+01 7.364137262074795798e-01 6.945405779592005446e-01
5.553487912876711619e+01 6.167138658134962981e-01 2.192583919863259900e-01
4.211204321193838496e+01 8.668486502454424425e-01 5.600601062442820410e-01
3.865368514961254931e+01 8.645102037056973110e-01 6.622336748887039937e-01
3.218089768352618307e+01 9.839404398834317167e-01 7.988032454616582623e-01
4.134403835593803223e+01 7.030252764639738361e-01 6.172016065123078210e-01
3.071621596329863380e+01 9.086868768957316878e-01 9.614294951300492720e-01
3.856957190129068636e+01 9.042863798602319703e-01 4.372814855341675688e-01
4.623993653613895560e+01 9.536653372754698710e-01 2.989158797479087304e-01
3.270805591702485060e+01 8.803808074647012649e-01 7.733539027654177112e-01
4.419406477782901277e+01 8.817998711440284687e-01 2.379333143105249460e-01
5.153009902718652313e+01 4.259006054852343404e-01 5.090777954730032473e-01
4.663024881995756488e+01 7.546845783267547292e-01 5.685582662760126915e-01
3.378927987589651138e+01 8.590199079769474944e-01 6.776913064078146087e-01
3.974014283336688891e+01 8.424823261746914316e-01 8.257039839254179947e-01
4.119978466916445115e+01 7.245275119065852643e-01 6.864481794918906310e-01
4.082773544116971465e+01 9.373724555961683302e-01 3.885290138610376642e-01
4.236094946525523142e+01 9.730794957693289504e-01 3.210776049288281975e-01
4.153371754481685230e+01 7.453178979803842807e-01 6.493489596455840340e-01
4.161551626958210903e+01 9.974633837804013359e-01 5.175070277007990383e-01
3.590739291373527209e+01 9.703189253756996369e-01 8.801313738346440152e-01
3.505967724027058807e+01 8.893614504632747497e-01 7.975695016046453478e-01
3.506294920105995061e+01 9.929245092686200813e-01 9.509880634803512534e-01
5.322198486056276323e+01 6.679546449673239294e-01 3.632215301464506996e-01
4.377872964487161056e+01 7.501865468662172187e-01 4.027647695237840386e-01
5.519395486867863099e+01 8.199239127564332819e-01 2.564637294494315767e-01
3.257934350325525941e+01 9.366306002215222248e-01 6.382132089861664026e-01
4.224296567958112547e+01 6.985114085160694097e-01 5.394315011828536566e-01
3.544206795325778359e+01 8.461679762214401324e-01 6.683230836045558343e-01
4.409094139715259786e+01 5.705531509323930051e-01 4.840312386596321015e-01
4.878949319502944348e+01 6.906445343459366448e-01 4.825647713172229736e-01
4.108574469335356838e+01 8.075959273661929005e-01 4.563612444334067542e-01
4.474525634319737577e+01 7.115529339264917708e-01 5.290316716259871876e-01
3.843042223350399667e+01 9.219096155502231049e-01 5.181778190071633095e-01
5.123466587248027082e+01 6.048542924473562232e-01 3.272753493667494573e-01
3.936400085120694570e+01 7.425294321406074038e-01 7.147784762209751230e-01
4.948478492700222375e+01 8.268973718939364170e-01 3.515841957825443509e-01
4.053808226482509980e+01 7.918034948465124678e-01 5.775964091765458663e-01
4.345470804917474794e+01 9.285689531800809249e-01 2.496862205435714244e-01
4.277096195130569356e+01 6.236084429135425600e-01 7.497419842562100811e-01
5.263562678575408427e+01 7.337153603872047514e-01 4.507981146113223536e-01
4.507966129750747086e+01 5.541360516850328821e-01 5.157676889080782257e-01
3.517002890694796235e+01 9.561605566325864780e-01 6.016642866325352390e-01
5.082118862920250280e+01 8.745232729456926535e-01 3.404534516147607048e-01
4.365198990340764595e+01 7.862009651419922251e-01 4.773915121580402654e-01
4.181563228744538208e+01 8.151977634242317805e-01 5.584843382687654234e-01
4.568247474157463017e+01 7.612850042188759048e-01 3.954505508707596984e-01
4.741326898582715188e+01 8.180134865117179022e-01 4.692058420456869383e-01
3.132471945060952834e+01 8.556494027137848679e-01 8.402500073866625563e-01
4.204748252743814874e+01 8.730037763955624808e-01 4.531526813617248739e-01
3.946514257534703773e+01 6.744910172066245213e-01 6.775179770996417883e-01
3.752978952047859451e+01 6.438263119231787401e-01 8.419997055665933150e-01
4.596811630636986479e+01 6.863726210646465820e-01 2.949377649569384086e-01
3.845795671205025457e+01 9.140155373562820484e-01 4.627960708856776462e-01
4.499852362598101507e+01 4.323465156251452557e-01 5.051408081945533146e-01
4.019406462006662650e+01 7.042741372164986746e-01 7.551238048726248708e-01
3.583392148679986633e+01 9.411921163851327821e-01 7.219268502501482443e-01
3.497497938293098230e+01 8.717945379241028858e-01 8.577935109570691274e-01
4.632580850965579344e+01 4.112045685392698990e-01 4.944158404150626462e-01
4.091784188990568083e+01 7.103713042084882634e-01 6.328676910703382452e-01
5.149514270048717890e+01 7.519784956816053523e-01 2.556354985161709004e-01
4.313699240738475993e+01 7.489879821812266414e-01 5.815126738775852067e-01
5.410518614159327910e+01 6.592554390294580458e-01 2.400623185967541429e-01
4.362742446782576167e+01 8.042515157452512220e-01 3.590765705325670298e-01
3.778833195686252111e+01 7.487095059451648327e-01 6.939864433028363200e-01
4.894124648488874385e+01 7.798519138472412848e-01 2.261680779902015825e-01
4.672737969799258195e+01 6.752922828528703514e-01 4.264777179146005959e-01
3.875518432824695481e+01 8.133747027101335680e-01 7.370904477265528554e-01
4.092483784668438318e+01 8.234522440119466102e-01 5.878503760893278862e-01
4.411100192405852027e+01 8.725430195552044133e-01 4.792295825803925546e-01
3.591281409590243356e+01 8.007702212258928087e-01 6.751984009783182916e-01
3.959728657447493561e+01 7.387425843718833374e-01 5.020513973374961525e-01
3.823330136265848012e+01 7.038294739866457483e-01 6.936861748713396558e-01
3.948010789913778495e+01 7.869796944170922570e-01 6.431106502593830765e-01
3.508783931704110870e+01 7.584296247350031939e-01 7.675459991301604168e-01
3.240504832634080401e+01 9.825221090511366828e-01 7.505283066096191114e-01
3.864075527333824311e+01 7.176013433892913795e-01 5.181046342649547887e-01
4.311412349977090486e+01 7.922220350391004917e-01 5.642282265764768656e-01
3.658001200224650518e+01 7.101888445794252158e-01 6.952382195501757289e-01
4.415701900993414597e+01 7.315065033669669869e-01 5.711789777987554828e-01
4.460929660208146430e+01 7.180340509131187821e-01 5.544874033638340638e-01
4.560246450050500044e+01 6.279322655605181769e-01 4.652063118388878871e-01
4.934164774090221073e+01 6.408565630405977931e-01 3.167684943097838768e-01
4.356043464093761486e+01 7.233644508300156595e-01 5.489001829319545278e-01
5.153028549878440856e+01 6.294188935942703900e-01 3.984266251777760504e-01
3.448013819240694033e+01 8.268841703674335575e-01 4.893844667239403701e-01
3.883475534934878937e+01 8.314598492848844780e-01 7.086413801526360023e-01
3.891541034085090445e+01 8.945771358299513532e-01 7.854037967784990304e-01
4.437117368551504626e+01 7.563992714559414354e-01 4.153986559533437983e-01
5.890514560545649658e+01 3.989649658983233094e-01 3.546071896819524838e-01
4.787588991524872029e+01 8.549614411600746644e-01 3.867757950483065033e-01
3.221386160731387349e+01 9.978186047399263403e-01 6.662750844525253680e-01
4.397881854772423083e+01 6.014575656791909530e-01 7.089357067992545502e-01
4.056773830973577333e+01 5.500689715274666991e-01 5.710207821635021608e-01
4.689635795444247179e+01 7.040895122437489384e-01 6.112130292031264789e-01
4.881876982255691644e+01 6.161396852534513080e-01 4.170553005641001731e-01
4.796883527508416734e+01 5.703468143465090234e-01 6.783364731518580770e-01
4.991395768787248244e+01 7.329284961056738990e-01 2.005918899422631796e-01
4.182859627049425910e+01 6.309721343700797069e-01 7.279474540376319469e-01
5.371920117054595778e+01 5.621898255290346258e-01 3.230442378516288349e-01
4.549049025896962917e+01 9.837490956332270997e-01 3.374945942710197433e-01
4.304818772165608465e+01 8.860780205957459188e-01 3.074798035196077417e-01
5.200924842833136807e+01 7.795378635987573190e-01 2.254747983513002152e-01
5.088234919617138274e+01 6.224571871743056484e-01 5.174530766864557929e-01
5.368039379151832691e+01 6.324541657071480749e-01 2.998819768587565604e-01
3.694585044239180860e+01 9.556521476839499041e-01 4.302351712797111705e-01
3.716168620745371953e+01 7.182111118687413143e-01 7.163032159106517138e-01
4.936165662093732465e+01 7.222174441237472209e-01 2.510319263866625517e-01
4.813113681314769110e+01 7.075165895156045881e-01 3.313549263372498332e-01
4.439718584084146613e+01 7.099146960213607027e-01 6.336314945741079452e-01
5.098997410671307051e+01 4.043662562110312830e-01 3.802772122377323094e-01
4.083613578160606750e+01 7.549188779802222804e-01 4.343215956089631069e-01
3.631996041878203130e+01 9.790011338709523336e-01 3.853878047128143081e-01
4.328198504421019521e+01 6.465701830104840786e-01 7.860690511985488627e-01
4.388622997829608607e+01 9.643986811790399294e-01 1.962769100792461641e-01
3.752601442621232053e+01 9.090829924539397533e-01 4.938538781209749762e-01
4.085504364255351817e+01 8.124033164110527894e-01 6.116262345863305860e-01
4.058641754720830619e+01 7.047282419426723621e-01 6.129318338251696918e-01
4.523315098991521666e+01 6.729783634377501933e-01 4.376353264058726600e-01
3.796361973461667816e+01 8.032994960079545832e-01 6.872601849778423588e-01
3.495830686284869415e+01 9.609690811380623421e-01 9.901709373158545935e-01
4.198656100051398710e+01 7.825883234357903229e-01 4.609214659106417034e-01
4.590436216326592245e+01 8.701055303439592103e-01 3.852957393621321835e-01
3.979933796831966930e+01 6.118915790468977267e-01 7.852991860092155552e-01
3.934989580038527635e+01 7.397343724850359292e-01 5.388790433680782366e-01
3.284540077782804701e+01 9.277122827902779534e-01 7.532694254877875251e-01
3.660204696120594292e+01 6.721646221130149756e-01 6.183460776178890672e-01
4.840988717107151018e+01 8.879268172215827315e-01 1.559083337563789418e-01
5.203278316472107434e+01 5.302561938366667782e-01 5.878101779305555663e-01
4.190764944880715603e+01 8.572555716387880720e-01 3.084651334433252678e-01
4.012519516543377307e+01 7.173972733515401323e-01 5.626589805565764824e-01
3.795131782416252264e+01 9.713081165726631383e-01 4.890488274546343495e-01
4.016073635377186690e+01 9.538341748199027359e-01 5.939299497409235018e-01
4.509474847625571670e+01 6.679323542175719108e-01 5.710050962294606069e-01
4.599619507322913137e+01 6.413081728800097414e-01 4.913045582303465775e-01
4.990899362925378568e+01 5.597385928893400253e-01 5.132311387157898475e-01
5.455191686662941919e+01 4.953216662875253862e-01 3.078052484366891606e-01
4.150362769335762181e+01 6.490878964334080292e-01 5.811023629734264340e-01
3.477955036542324052e+01 8.877584817793402472e-01 7.256411675010141504e-01
4.450030376697573331e+01 9.264463376403581085e-01 3.568995487584352699e-01
3.532418700666829636e+01 9.773117921740123171e-01 4.931704459487226688e-01
5.315591055768619810e+01 7.411759457679903962e-01 1.677263413367451883e-01
4.273853571287896358e+01 6.047747112642363199e-01 6.286479576353362075e-01
3.825348361870820924e+01 9.405608900664388372e-01 4.922069709912396118e-01
5.020646491875584161e+01 6.426571480281555448e-01 5.912274844679125119e-01
4.980709058537843958e+01 4.865118251170506003e-01 4.834960623634407817e-01
3.369136687226720284e+01 8.718846714212343807e-01 8.909913267096766232e-01
4.288360583437656004e+01 4.819865125793764693e-01 6.475789391500411663e-01
4.521090459624344504e+01 7.315909062907598459e-01 4.993215614597035779e-01
4.869558816372948939e+01 6.586365788508629082e-01 2.253748484890464310e-01
4.078029499386591539e+01 7.998030689271018456e-01 5.674964497803062224e-01
3.914935370911663171e+01 6.926533260043659102e-01 6.138378440112935985e-01
3.692385044784774806e+01 8.359601598693724434e-01 6.916138243110061534e-01
4.750716513766951721e+01 9.456570601074512084e-01 2.433783070493170664e-01
3.511225176758581057e+01 7.840720174878412774e-01 6.745351812985010964e-01
3.745113334571788499e+01 7.376565059930368928e-01 6.662928902808024079e-01
3.772255323705896046e+01 8.155481587009922873e-01 4.700044050573469745e-01
3.455954870132516277e+01 9.608819133917876343e-01 5.831840399530863195e-01
4.832304263244358111e+01 5.846952698246353775e-01 5.992537376301972918e-01
5.061430793534920980e+01 5.869482884430552438e-01 5.676483967633060290e-01
4.329436407478312532e+01 6.218247133190012432e-01 5.941259590962422177e-01
4.036463393324521576e+01 8.720657816804618934e-01 6.372802433508418796e-01
4.779707053199885536e+01 4.940213183328097668e-01 6.003945295344351729e-01
3.892244744989071137e+01 6.450698668032937011e-01 6.845580283385822584e-01
4.679317829688760355e+01 8.511376920632069965e-01 4.123850328585528802e-01
4.536144514105764358e+01 9.534174220796660659e-01 3.453317600426736300e-01
3.856441503404194293e+01 9.833644840280596489e-01 5.019900156726219143e-01
3.596947085736440641e+01 8.274688455610231808e-01 6.988592087798164432e-01
3.748147295471841289e+01 7.343553194357944625e-01 7.336377638428649428e-01
4.498378552421732479e+01 8.234248442159144421e-01 6.154158654651382676e-01
4.799438392873430814e+01 5.717966757368448949e-01 6.479808033240473941e-01
4.126516006533855574e+01 9.413461917814817115e-01 4.680215775133599876e-01
5.463345434362078379e+01 3.433773227743145418e-01 5.389311757442269979e-01
4.732429814334489038e+01 5.532643437444361156e-01 5.411423830980607308e-01
4.224957001081867958e+01 7.774534159546102607e-01 4.702511926740595705e-01
3.978799389480285242e+01 9.997395881469320900e-01 4.084969878323287951e-01
3.653523538080256117e+01 7.870023803468871870e-01 6.810515257180977944e-01
3.800100453995562333e+01 6.520457054090194049e-01 7.725093104568671043e-01
4.678191013341540128e+01 6.074430808983438679e-01 6.978455774127895195e-01
3.954506482045825777e+01 9.242769930442108484e-01 5.748594423962626321e-01
3.981297950607439162e+01 6.974259844613206472e-01 8.522669240347910957e-01
3.405613871717994101e+01 8.030823983747126249e-01 6.946562443911071805e-01
4.091882857891528857e+01 9.978693306001757968e-01 5.191201591652270242e-01
5.745497313598738742e+01 3.837498556874098243e-01 2.431316864967481006e-01
3.964750276928108974e+01 5.881561870118281465e-01 7.301735560383242341e-01
5.450534845983218446e+01 5.213971895901716724e-01 4.735019848978991308e-01
3.218004990353352213e+01 8.100441863850492696e-01 8.631382062485088991e-01
4.383593423445883985e+01 8.270935718648874113e-01 4.114957614507857575e-01
4.823592626199566524e+01 7.876028750943622203e-01 2.641571226610848200e-01
3.988249650056778961e+01 8.053029483610767425e-01 6.674870000568821071e-01
3.597800576479419021e+01 9.411057715032230542e-01 6.822396857589844155e-01
4.825297259419482998e+01 7.776036754048063493e-01 4.197132133893887174e-01
4.137086279112969578e+01 8.767629893333455104e-01 6.085290062502912711e-01
4.874984581888327284e+01 6.093469566198073117e-01 5.507908617637231607e-01
4.175781362849107126e+01 8.779998289280002144e-01 6.162364521583812982e-01
4.282187337674694305e+01 7.788483348363779424e-01 5.747172547215121385e-01
4.746254535635620897e+01 9.499256830499551718e-01 3.670325998336139706e-01
3.925146290132614268e+01 7.003298531641823921e-01 7.515897343807073083e-01
3.781281832258345332e+01 8.818286542763620339e-01 7.480729789580735645e-01
3.955206722342482095e+01 7.416342221057157236e-01 6.233530817144365965e-01
4.365400816148853380e+01 8.686614624177465549e-01 4.005063298313573106e-01
5.028721544979840274e+01 6.813365091515881655e-01 3.688064547102514190e-01
4.468050515746967477e+01 4.963762761986636463e-01 6.778274794167188366e-01
4.015483136888101967e+01 7.306886177070800459e-01 6.260557820921334171e-01
4.947141596221108983e+01 6.586365788508629082e-01 2.061580977143333826e-01
4.961906378842790843e+01 7.210028748055843373e-01 3.725502842440308049e-01
3.802389374303577796e+01 8.732874827751243574e-01 7.802185130843103389e-01
3.898720305267812591e+01 6.452722969909471251e-01 6.991249248768368618e-01
3.981652837225020392e+01 7.341186693894747872e-01 6.439224202935712738e-01
4.201131143681288904e+01 7.440950197518324538e-01 3.280860484538852262e-01
4.298130816849372593e+01 5.933263289982235733e-01 5.074397472983724899e-01
4.722015224054371885e+01 8.212267007420381848e-01 3.641193221655115164e-01
3.632097207360886415e+01 9.818092070495880730e-01 6.254063385019725807e-01
3.659931434773108094e+01 9.447719142796884295e-01 4.446978494416922723e-01
5.392980592286956920e+01 5.593336271234563561e-01 3.749557245638113212e-01
5.036065628848401587e+01 7.288141133399450577e-01 3.621985753375656647e-01
4.152551254534800762e+01 9.750920476794054936e-01 3.642761997117902051e-01
3.540120057532201514e+01 7.937355166067476819e-01 7.474396669076944777e-01
3.648348530905987985e+01 9.635042647321149234e-01 5.066810193907157478e-01
4.527128360950976571e+01 4.675548588258535143e-01 7.019859225280383752e-01
4.237606763117666731e+01 7.059914652949362823e-01 6.833223966502542934e-01
5.000120627163339293e+01 7.717628265297354906e-01 3.619163788943319804e-01
5.075060311242237532e+01 5.429910553950427765e-01 3.778667414911578981e-01
5.236046480765863720e+01 6.119416487589577347e-01 3.301593414129233572e-01
4.369783271117004375e+01 8.936816523250081801e-01 3.532724682144562367e-01
4.231864960698865730e+01 8.727944660021077494e-01 4.484712975603775686e-01
3.938403106382054375e+01 9.339484676765195115e-01 4.097889930531503633e-01
5.154720433813663050e+01 4.210058269622256044e-01 4.786900953631211819e-01
5.157448831008311885e+01 7.693814338829242372e-01 2.638077278533139669e-01
3.652773043818814358e+01 9.759648022646947307e-01 5.361959261023703238e-01
3.604404817502554437e+01 7.982310392387786946e-01 7.021538100866860921e-01
4.348705326329394438e+01 9.009947298081699696e-01 3.455056017975036697e-01
4.071805652022477773e+01 9.975143115742023392e-01 3.405507712372930484e-01
4.096366979761846494e+01 7.326793401988398458e-01 6.786151539518781028e-01
4.201852681951941548e+01 8.916216746931798776e-01 4.832549143321590579e-01
3.732277446854257619e+01 7.973230516219940167e-01 5.127162085122849433e-01
3.880477170569933065e+01 6.840474917771156571e-01 5.478364622140482476e-01
5.072643984996378919e+01 5.236475585100355268e-01 4.084838624816874986e-01
3.595173332870732708e+01 7.529739165666220480e-01 7.864646698452569806e-01
3.972389915025208751e+01 9.632050224357882051e-01 4.954566644004997911e-01
4.778316486106741223e+01 7.280749274531159720e-01 3.251246069028758123e-01
3.948284304429309088e+01 7.665381277138219041e-01 5.420823586290053342e-01
4.197573738732252480e+01 9.113449085746896383e-01 2.831576106864588382e-01
4.192627079594745254e+01 5.726026640806980428e-01 9.127159878576550645e-01
4.496480190694414603e+01 8.481509832660615311e-01 3.371405469191539050e-01
4.252428555915184916e+01 5.137643866844592289e-01 5.746202460941859380e-01
4.721504264659841965e+01 9.373460414595141676e-01 2.783044535203056946e-01
3.171988642777867540e+01 9.658140719341583580e-01 8.907602409898303097e-01
4.723291104942561702e+01 7.875852645324044055e-01 3.757340465613928093e-01
5.553757638524353268e+01 3.806484786801225262e-01 3.881980751894306692e-01
4.935348095083222120e+01 5.729866923616809826e-01 4.192050947585123089e-01
4.252750303910645613e+01 5.920748390959209573e-01 6.661064337729561968e-01
4.170733938832182019e+01 8.263140286362972153e-01 6.174432792710468076e-01
3.485378547812116778e+01 9.320328631248141482e-01 8.024204238757419727e-01
5.693829846535748374e+01 7.693920349113687607e-01 2.177679364585871913e-01
3.885141193885304034e+01 7.054750824320631386e-01 6.813435234206882685e-01
6.585521293775160245e+01 5.011499459018839975e-01 2.487816208998500922e-01
3.837595936502775373e+01 9.491895337290582324e-01 5.228016691948442762e-01
5.175045863459441620e+01 7.980655187711065413e-01 2.476188467556242612e-01
4.564906816307114212e+01 3.193241114424848481e-01 4.942466289196131290e-01
4.504877973288772353e+01 7.613525532409092245e-01 5.890170278048192376e-01
4.072630579670106954e+01 6.439294060309060930e-01 5.767278085713787306e-01
3.705133282927293692e+01 9.532058408040109398e-01 6.573597163874455029e-01
4.345800389784418627e+01 9.097622413223268589e-01 4.061340643036809306e-01
4.599308086745200086e+01 6.028478415442202198e-01 4.585591192025230689e-01
4.474179989306676930e+01 8.518066860126304318e-01 3.631668742823168650e-01
3.405970851811083833e+01 9.646608317368279284e-01 7.947293347690543852e-01
3.537609340319839646e+01 8.774706724012871772e-01 6.123520480014410516e-01
3.713729072467227610e+01 7.842400626379600892e-01 8.109761362980992816e-01
3.332530132126611733e+01 9.154287662810687287e-01 8.740238481654217795e-01
3.811562834310849013e+01 7.483319613397012571e-01 6.533129154440127095e-01
3.706586222415548804e+01 8.112754840395075551e-01 6.226943181909777580e-01
3.782171798954546205e+01 6.190693561218602037e-01 8.457067987094896155e-01
4.322614741254705706e+01 7.827070364320521945e-01 4.492738863983419817e-01
2.945365092873645452e+01 9.443595367954619180e-01 8.442794427896211928e-01
4.597524339643795344e+01 4.937394399171607384e-01 8.229276096360793602e-01
5.260322318410123899e+01 8.811568602765180724e-01 2.474478485177206422e-01
4.111527886396505949e+01 8.373558442976620775e-01 3.803122822674180337e-01
3.896674907613832062e+01 8.217201432889130741e-01 6.039913812632344836e-01
3.591662568618003348e+01 7.891539216618052022e-01 7.242826010680858406e-01
4.274740474835041937e+01 6.096607830493777636e-01 5.679876064463887930e-01
4.373763413661294663e+01 7.349342228705528779e-01 5.082146781141492209e-01
3.903275926575556554e+01 5.959646984520624580e-01 7.012099873449658682e-01
3.939709557114853311e+01 9.572354884272571418e-01 5.320102736753333783e-01
4.483068688278304847e+01 7.749462028850458983e-01 5.760984505507756870e-01
4.850366966658023671e+01 8.331950000407537527e-01 2.517950763745424592e-01
4.036610288515286982e+01 7.433984181590352902e-01 6.035612214488862426e-01
3.862195453549578161e+01 9.550019493190688991e-01 5.938822190800580048e-01
3.976032294406885370e+01 6.882199273013231977e-01 6.520003581782946034e-01
4.327406231361713651e+01 8.523145564273699737e-01 4.913381653350699652e-01
4.650897998690952306e+01 3.189394121372233770e-01 6.115587650393459196e-01
4.038092498816839537e+01 8.250676050278200613e-01 5.997113780463418919e-01
4.268354376355811297e+01 8.581452792178340117e-01 4.496023040484999345e-01
4.897709896120755957e+01 8.793629183045692521e-01 2.741842959484117048e-01
3.405367935637730881e+01 9.109936602521663263e-01 6.280235385207836307e-01
3.691096179354325812e+01 8.762870396056322564e-01 8.743239361736913073e-01
5.142081345437304662e+01 6.804031991458668882e-01 5.761127191084619570e-01
4.580074614421395296e+01 4.493684092229777161e-01 5.573481235747490548e-01
3.555589689912419971e+01 7.869171775067822505e-01 7.131291097175026517e-01
4.568080499736187505e+01 4.811358823867231682e-01 5.689745946929015696e-01
3.286334786227345006e+01 9.813945156182989349e-01 7.069983332330946890e-01
4.477762616559761710e+01 6.664306194084763657e-01 5.669699926573034121e-01
3.240848247901727319e+01 9.582265691203349922e-01 8.837808490775258541e-01
4.185378471086992391e+01 7.810041949218580193e-01 4.003533015097541226e-01
3.664355759348335084e+01 9.390688338536213875e-01 5.475633337959356917e-01
5.535610121491942692e+01 6.332388498298148205e-01 3.475821971681205547e-01
3.463140346745365861e+01 9.828195909384049855e-01 6.881114383645576815e-01
4.903868501536030067e+01 8.550037628390894096e-01 2.523069849309597101e-01
4.221608172463490405e+01 9.892642329995050554e-01 3.949359648791195276e-01
3.975708174105098180e+01 8.581791255951154440e-01 5.796739012177845041e-01
4.728539333982826776e+01 7.782404544207405239e-01 3.703065033048041355e-01
4.170376916874830897e+01 8.548238111520738425e-01 3.908426243509857678e-01
4.206120222710123358e+01 8.149960441306065562e-01 6.206850653662818740e-01
4.254863707305466392e+01 7.703595225587128725e-01 4.444227261506397686e-01
3.921955991357036453e+01 9.572807590820570089e-01 5.646875701793417912e-01
4.672398003308107661e+01 9.782421888643819674e-01 3.413485969637768958e-01
3.346766430514608714e+01 9.625847134527609761e-01 7.727509426833856221e-01
4.346014608727325879e+01 9.122065082622592413e-01 5.012671015742249381e-01
3.398563180059774425e+01 8.565190548633394574e-01 8.547637362371204306e-01
5.725562792736715778e+01 7.093256903697264804e-01 1.812899898895929673e-01
5.101322929355072944e+01 8.907307612269133035e-01 2.190113520041732098e-01
5.021524762307917911e+01 9.272692545943993503e-01 3.133126271030895471e-01
3.868574027613401256e+01 8.353115833185182915e-01 6.856328464944747569e-01
4.719309088948311626e+01 6.291484264651553415e-01 5.567857224087917611e-01
3.798987290087607249e+01 6.592969380613890040e-01 6.706464076969854693e-01
3.317891615874885503e+01 9.295624875647107155e-01 5.874342754292440905e-01
3.871033087204185819e+01 9.619810687805507854e-01 4.074256211283407425e-01
4.373838388374939967e+01 5.272150774668139528e-01 5.857530622363918971e-01
3.271367673256705899e+01 9.366306002215222248e-01 6.314861610770184930e-01
4.313801855560734566e+01 8.546383424489830682e-01 3.959709299438669006e-01
3.666809036603788030e+01 8.092410327674512960e-01 6.393288924171106613e-01
4.021136267092889938e+01 7.835793306482873311e-01 7.196055628365609635e-01
4.099150152690324234e+01 9.657106208253585233e-01 4.989634475920042278e-01
4.366809020028286881e+01 9.392471787745263478e-01 3.704339956616529705e-01
7.073452951514551046e+01 3.193701341053313270e-01 1.930526956080920731e-01
3.724207714374610845e+01 7.771290462705543467e-01 6.549919970465803987e-01
4.063518354447121084e+01 8.389642366750797997e-01 5.075607541272252332e-01
4.860570049536235615e+01 8.043369127808011054e-01 3.434439443313397344e-01
4.303318118467491615e+01 7.259308008999113548e-01 6.251211026072358568e-01
4.159820697154387403e+01 4.343873085732130046e-01 5.728874070466940527e-01
3.601208168058983006e+01 9.914949653552758146e-01 5.571404214353385953e-01
4.104946495527229189e+01 8.535878143200906765e-01 5.698934746918672412e-01
4.667671924932552940e+01 7.270594364173915691e-01 5.961919545555318667e-01
4.197297804254950648e+01 8.036592101350693573e-01 4.289241226502463755e-01
3.713337554684339636e+01 8.382153435033589117e-01 5.762583531115555990e-01
4.806847469544781148e+01 8.637764060814132616e-01 2.796432035743671163e-01
4.635528311554519831e+01 8.014811386604610011e-01 2.517131950491163783e-01
3.334387156358291548e+01 8.508357373177732885e-01 8.984489722847175397e-01
3.748572969679169375e+01 9.167970873329795989e-01 7.331784524021752736e-01
3.635644479572470544e+01 9.933838381510721183e-01 6.213496150912765081e-01
4.517996784859040105e+01 8.339673070366413477e-01 3.901092700340558217e-01
4.091023538215462452e+01 5.490683752838553255e-01 8.265351244854891588e-01
4.659181359647499931e+01 5.898194969423644629e-01 4.991025687404210265e-01
4.508564789487554947e+01 8.325764813228456740e-01 3.928992408597794528e-01
4.340107214210002695e+01 7.257323654448147865e-01 4.642048549072834152e-01
5.721854182278847389e+01 7.439345398609080728e-01 3.039932410442210964e-01
4.420568243736948233e+01 7.309407562327404628e-01 4.420231034395342706e-01
3.686207911077217858e+01 7.878884330844853068e-01 5.888790571100375182e-01
5.146542151276759824e+01 6.502950477784864569e-01 4.295706887910303862e-01
4.353589485334386211e+01 9.494043087059105268e-01 3.003699186764506868e-01
3.685268093638459419e+01 9.049120027870963812e-01 4.114761488304209958e-01
5.786614431944705217e+01 7.031817774494818485e-01 2.203554138103714088e-01
4.381564806468160356e+01 7.706161011391263749e-01 7.103367806761439196e-01
7.018894881691672083e+01 3.475573319179833809e-01 3.491964817288618628e-01
4.637136861224509232e+01 7.350316956881490782e-01 3.435605674617265848e-01
4.453496061695318531e+01 8.272621429338394838e-01 4.059591188674489537e-01
3.972946235706712770e+01 9.641954288499489101e-01 5.698554795929868799e-01
4.253536078574041568e+01 9.116110899582584581e-01 3.823091054161056324e-01
3.624095276306850621e+01 8.414957680186854194e-01 7.713984632334986991e-01
3.685264588357226501e+01 9.078698939801007617e-01 6.750633422086584901e-01
3.816940242546328932e+01 7.271682475434921855e-01 7.236004635448980427e-01
4.837877810268427226e+01 4.630735337871316193e-01 5.907966892337311871e-01
3.949539292995903850e+01 7.559898166239796824e-01 4.427022161856704607e-01
4.579311313437330000e+01 7.613364054461356778e-01 4.967539693400704892e-01
5.427639355306043711e+01 5.462642953069258844e-01 4.202401346630720846e-01
3.852093072883339175e+01 7.464894937338645287e-01 6.735037408839589235e-01
3.793577428427826703e+01 9.508804753798202336e-01 6.152829755867778028e-01
4.619856841806129921e+01 6.960683080418289537e-01 4.877171841527349061e-01
4.571760322562292345e+01 9.781085426067002153e-01 3.564456276157678682e-01
3.806644436835911449e+01 9.602492747909129323e-01 5.392704694132285370e-01
3.708431296061898053e+01 8.127678172908939791e-01 5.107917052637168664e-01
4.413098283535686761e+01 9.254367515302862612e-01 2.633989730185788414e-01
5.482375186210069273e+01 4.831980515043596824e-01 4.956055378956866209e-01
4.088949576798729879e+01 7.072192543689004296e-01 6.285367753076364083e-01
3.950351739889087810e+01 8.306477544206238850e-01 4.970204454432652907e-01
3.507182099360447580e+01 8.175404020269659844e-01 5.378474717639952773e-01
4.550356576153024690e+01 9.082994920807327954e-01 4.774842462166151713e-01
3.766828031678376476e+01 8.720634903355127809e-01 6.744097818974242875e-01
4.594296901086057971e+01 8.811830875201006608e-01 3.040439812153744037e-01
4.929087873183559054e+01 5.869532156942706136e-01 5.331285373877836520e-01
4.059374084013629869e+01 9.181547243030752092e-01 4.455196348051201349e-01
3.422534643108961205e+01 7.334824472371564985e-01 9.031794546912341737e-01
4.755018543030551825e+01 7.695003967107676424e-01 3.586453869727664889e-01
3.535211204543529817e+01 7.583391514360164898e-01 4.768454378505369573e-01
4.262270754658803895e+01 8.610396722030074779e-01 3.697835955535377361e-01
4.554958130983960274e+01 8.101314933734153900e-01 3.156509295118545277e-01
4.417083935494513014e+01 8.200786671228876834e-01 4.566755211684515592e-01
4.051783606220517697e+01 7.073585147069184620e-01 5.133596563798470402e-01
3.747549719407486180e+01 7.761372934733029583e-01 7.083528803877182645e-01
4.503879064146023836e+01 4.728644032764354188e-01 5.284409618544680942e-01
3.409304345737503894e+01 7.841473581168091345e-01 8.107068304998107378e-01
4.859975799884608705e+01 7.303849037033041114e-01 3.270551719969482796e-01
3.895545837034186576e+01 9.160594047143947316e-01 4.886384410001327616e-01
5.441350347978308122e+01 7.142194510381311146e-01 4.273441119166532243e-01
3.741524809663979312e+01 8.234519913392356338e-01 6.163568880982828180e-01
3.845132452873537687e+01 6.592969380613890040e-01 6.505970982425621774e-01
4.274051239564884241e+01 8.501863391230219946e-01 3.904356195315988320e-01
6.116525969283574682e+01 6.386641995961356288e-01 2.737406227802607339e-01
5.108755793694010805e+01 5.421693001606582296e-01 7.050726241080500500e-01
3.609873106249835217e+01 8.884100670158912028e-01 5.143384458187387764e-01
3.531454377095736419e+01 9.303535369994730964e-01 6.415808000475854422e-01
3.478036888975447027e+01 7.589087944363888116e-01 7.573488292121570709e-01
4.877889885446481344e+01 9.131645935597941799e-01 2.248511043713642688e-01
4.173193183138930351e+01 6.999895207905220129e-01 5.496583488549466878e-01
3.655686983856875116e+01 6.926436136781790598e-01 8.417922162838945566e-01
4.474681770798195402e+01 8.694974772194358215e-01 5.406230194118442078e-01
3.966050725255131226e+01 9.619777347098273923e-01 5.804971391949543813e-01
3.343664266471180468e+01 9.444260304366526304e-01 6.812080993233667892e-01
5.038636661485121948e+01 6.445470709820830812e-01 2.121737699899054752e-01
3.750093995767440447e+01 8.634065679121315506e-01 6.501688205460208758e-01
3.979899724880172585e+01 8.487905523850143297e-01 4.318967690786580937e-01
4.664014934090896958e+01 6.967104996925641558e-01 4.245817454547298753e-01
4.082407220032617090e+01 5.384722183247510063e-01 6.065940832813088157e-01
4.292073954221486787e+01 7.732460920092774082e-01 3.752904299723345827e-01
5.064480195860705436e+01 5.610229599896101593e-01 3.753994475597666747e-01
4.384116644293039400e+01 6.182906166192786435e-01 5.688345060693944522e-01
4.849075557479240217e+01 4.806283491926653384e-01 4.841540597879535057e-01
4.277976005556860173e+01 8.349570412829930843e-01 5.152266724448025803e-01
3.479921353807851148e+01 9.271960433841819338e-01 6.910519574154342370e-01
4.048843383559655251e+01 8.679170469393583387e-01 5.765527100205487532e-01
3.182588822597111644e+01 8.584021175968747919e-01 6.724385436411173256e-01
3.537374235275511580e+01 9.487427571621623867e-01 5.752660517570833409e-01
4.744803181358928157e+01 7.591561107357709393e-01 3.694786287756499643e-01
4.275956314557636517e+01 7.120634484513111984e-01 5.394443922334322128e-01
3.524818840193371017e+01 9.685822220752070555e-01 4.929113943660543562e-01
4.120025623965990036e+01 8.870880636641221839e-01 3.313447392812589043e-01
5.042994858101339872e+01 5.240959801306792620e-01 6.658707387726832128e-01
3.082270079791560491e+01 9.273399300637197307e-01 8.522595979787480625e-01
3.851972570770862347e+01 6.997237193759775487e-01 7.398181437154897067e-01
4.675261190840478065e+01 6.429714773853290044e-01 3.606558535371275354e-01
4.228101037255884620e+01 6.304689160666996361e-01 5.586066346978282304e-01
4.153562504676933997e+01 7.368851242687112224e-01 5.418140052748985358e-01
4.779305129323116574e+01 5.030025317315117706e-01 6.370617204716980675e-01
5.470763532024885478e+01 4.573588628011930335e-01 4.737953563942652324e-01
4.243178475162861218e+01 9.217244872713208359e-01 4.298947148777159111e-01
4.986131611369275163e+01 5.411452325295529331e-01 4.488266618551782772e-01
4.092385639317474499e+01 8.329481701801006999e-01 3.817286814496306802e-01
3.760007041645033610e+01 7.693169539552004998e-01 8.295986981542300409e-01
4.472038677058063172e+01 7.257425097993163154e-01 3.641737068627680096e-01
3.535122239439890279e+01 9.516316922942227308e-01 6.108740024710551664e-01
3.666944111513658555e+01 9.892747235545824580e-01 5.557764377667874234e-01
4.701177486411911133e+01 9.172193750775619048e-01 2.972932047504839304e-01
4.278184036291029457e+01 9.678610143856565262e-01 2.856303319677907515e-01
4.026739087785838223e+01 6.146170229159499954e-01 6.585051371541306153e-01
3.781413953490907431e+01 6.433009247579039025e-01 6.717448764542405248e-01
3.921890282507427372e+01 9.520267697973561205e-01 4.058769941983513263e-01
4.004080225220464229e+01 7.230943561433280653e-01 7.019804181916342589e-01
4.043328056706451434e+01 9.325346294344002418e-01 4.589063122228164704e-01
4.502478264138992614e+01 5.968742628160327302e-01 5.907069195404740514e-01
4.586448295156839805e+01 6.098278493712603332e-01 6.566545798808265388e-01
5.294302943943967676e+01 8.128018617736680884e-01 2.222718118528167197e-01
4.015430336189238147e+01 6.696127363683169742e-01 5.063636391907090362e-01
3.688841731499174870e+01 9.503080474081988527e-01 7.692757068100714024e-01
4.272021164239884428e+01 7.712583132062027502e-01 5.685276011414817088e-01
4.592901938142502161e+01 5.593589447627905775e-01 4.674696790615752162e-01
5.288304140473547221e+01 7.986682890145988534e-01 2.872665378648942558e-01
3.522883114232580226e+01 8.307142133150826613e-01 6.658734371902845783e-01
3.766562439675799112e+01 9.051475860046320765e-01 6.511943029793045845e-01
5.103760610800000563e+01 9.015259773799478848e-01 1.291712797315776318e-01
4.947100383882422392e+01 7.581237639777198556e-01 3.755376531533728968e-01
3.889081858510409972e+01 8.907263849717916848e-01 5.977689574835335362e-01
3.455125877112863719e+01 7.213428945557546212e-01 7.815501479967488230e-01
3.688071864294261104e+01 9.522043957099862732e-01 5.250712830154196098e-01
3.696367287963505532e+01 9.435127797663241944e-01 4.222912361137100556e-01
4.617003198364351135e+01 7.927262500354332886e-01 4.552623905837001606e-01
4.003279727271258537e+01 9.162817869730954801e-01 3.492427253100164330e-01
3.619403724788008248e+01 9.314228298802704753e-01 7.524422977000637669e-01
3.887237504534567734e+01 5.581732904374376858e-01 8.311972991857089488e-01
4.959037083988371108e+01 5.904181478387148241e-01 3.943981253371335316e-01
3.446314164534405933e+01 9.818956137009625662e-01 6.295342752906716299e-01
3.918828496431352448e+01 8.295353849665748625e-01 6.777582876250947130e-01
4.316904217576633584e+01 5.954052802095207708e-01 5.943801586756172206e-01
4.140687776927619979e+01 9.994220671217336482e-01 5.322385848465531755e-01
3.966279097336916237e+01 9.650785859201624906e-01 5.065682018085468918e-01
4.765885130681705562e+01 8.835318266222141892e-01 3.503901804550542676e-01
3.910585202959011042e+01 9.221204278303043456e-01 4.465852075185782755e-01
5.238039837065528559e+01 2.820031061451633847e-01 6.095471766311728601e-01
4.573461091963972791e+01 5.903926798768660555e-01 6.189572207707509932e-01
4.640080315046961346e+01 8.758145407463372445e-01 4.553099700584720688e-01
4.305627074207077953e+01 7.419662666745531210e-01 4.640241504026950126e-01
4.418706443214779966e+01 7.324663564575294439e-01 5.271757231905217500e-01
4.155555500595117024e+01 7.830556242003481326e-01 6.014271880914937585e-01
5.270292739670549054e+01 5.352149335980080913e-01 5.660215076744827822e-01
3.641193884740508935e+01 7.121320475478951639e-01 8.312107988299499706e-01
4.622397263972442971e+01 4.791399133329996007e-01 4.821688728006619518e-01
5.271833216635133823e+01 5.943777429362103737e-01 3.197386083776905252e-01
5.291650621741775495e+01 4.860770644516005379e-01 4.753958524715261591e-01
4.423532021237745937e+01 7.582621398018749570e-01 5.145510212462555133e-01
4.918279177972648597e+01 6.016294424847810074e-01 7.394293031458437637e-01
4.835415881890201462e+01 7.570950578540880382e-01 4.358633532498624175e-01
3.186649447687446113e+01 9.929171539711653116e-01 1.006800256959935247e+00
4.244309851035605163e+01 7.879739692837646192e-01 5.528516168481434345e-01
4.194056542540133847e+01 7.716200827104280346e-01 5.228370891402718268e-01
3.093404640033942599e+01 8.923491182089708929e-01 6.287172843557317092e-01
4.503548960670456580e+01 5.279406687336097859e-01 6.994687836528862279e-01
4.707383418391041374e+01 9.058836507712961783e-01 1.691693965939468913e-01
4.026994244951500690e+01 7.968516400185372550e-01 5.164048247046048035e-01
3.852569119712116930e+01 6.912984183127385274e-01 5.909673510105963867e-01
4.818515259315353205e+01 7.681181029719421627e-01 4.075668465927210771e-01
4.209460629862324055e+01 7.393227231441290570e-01 4.874630261818079235e-01
3.592028415900835370e+01 9.138171650166960758e-01 7.957070484035150271e-01
3.139778397083733807e+01 9.616200502223999358e-01 8.134610500333899763e-01
3.389798914329868751e+01 9.357840027442286823e-01 6.713280309134382895e-01
3.642510639786030424e+01 8.650466559472939077e-01 6.893118825620678791e-01
5.052022109956120488e+01 7.914834859781086918e-01 4.125214777322770976e-01
4.427577722579343344e+01 9.065152224547229354e-01 4.432133308484805245e-01
3.610743006661323307e+01 7.539680900904205396e-01 7.883883610649361495e-01
5.179589818250061484e+01 5.677196780999443915e-01 5.136436525190879454e-01
4.574762968612470360e+01 5.756812974011266126e-01 5.179394446716596434e-01
4.175771322066989910e+01 8.258242104495921998e-01 5.451661466147087465e-01
4.299512659512046753e+01 9.486684908704980934e-01 2.939541034741383618e-01
4.735525730009553058e+01 8.741139803516684292e-01 3.281615017480598584e-01
3.397345637672548690e+01 9.619897960383265723e-01 7.415167285885900794e-01
4.813045835306805742e+01 7.121975231073048862e-01 5.028153266318650116e-01
4.472819955938333436e+01 7.852039991435535438e-01 3.669986432899388640e-01
3.996690649271349827e+01 6.904876443792992147e-01 8.553658385271463160e-01
4.688566896666043249e+01 7.090449527119492279e-01 2.693929509678110179e-01
4.301523670500869656e+01 8.740465710670288768e-01 5.878013547780828185e-01
3.848794624188522562e+01 9.560323767902372261e-01 4.892328875524669662e-01
3.487457727892932269e+01 8.682794726760993953e-01 6.090251917593358932e-01
4.109214993935147930e+01 7.559337141411075489e-01 5.700401944892991013e-01
4.125644720757968287e+01 9.556044718214820044e-01 4.476215041254870131e-01
3.793767179932599731e+01 6.619671038617356285e-01 5.894395486199642820e-01
4.502163725825137419e+01 7.954512371520374714e-01 4.315899983132532869e-01
3.368952733389495791e+01 9.394890749994539991e-01 6.944976054205949101e-01
4.175827251244369620e+01 9.107585919311436129e-01 3.823875611071119729e-01
3.841168777605668794e+01 8.671498887442028458e-01 4.244244322759536114e-01
4.435239307913845863e+01 6.355425258555404966e-01 6.770751249858737442e-01
3.745490130973271903e+01 9.462257356269153652e-01 4.879093123049952352e-01
4.446837489016795786e+01 7.890777299042641690e-01 5.011161619814531454e-01
3.530955084281798406e+01 9.300658680085053254e-01 6.863993148066795946e-01
3.564041863300661817e+01 8.050528224937455457e-01 7.807817352841469605e-01
4.205274359683752294e+01 6.561645873333452617e-01 6.938632769472454775e-01
3.755125181578322469e+01 9.884935035085180566e-01 4.469663979695731038e-01
4.034589065498458638e+01 6.633769114223537766e-01 5.992562503906290194e-01
4.372587620636763006e+01 8.503168626184727241e-01 3.234564960301294922e-01
4.439906174480096013e+01 8.354595705202685352e-01 4.675035483124120317e-01
4.273149390509487233e+01 9.621620151428212919e-01 3.169661986167092715e-01
4.217365130167356568e+01 8.736585289421906486e-01 4.318372024822125788e-01
4.241318324157375486e+01 7.751563308370490457e-01 5.328899583108974713e-01
2.862600240098634785e+01 8.931923570469756379e-01 8.530642423830466781e-01
5.924632623000029241e+01 4.075808385900321906e-01 3.425037073656163611e-01
3.965431105404078949e+01 6.096942707510072390e-01 8.414670822361539626e-01
3.919086125590042968e+01 9.395779369002223991e-01 4.515924037885965525e-01
5.485907631236016613e+01 4.573588628011930335e-01 4.697268768290869256e-01
3.882295652850597634e+01 7.378286273778957849e-01 6.183472249079349226e-01
3.640340216410677243e+01 8.327195250560051054e-01 4.654998547245691176e-01
3.394506343793245406e+01 9.314577198159856852e-01 5.305823580590089961e-01
4.447667817723987582e+01 9.729358362615383449e-01 2.733011975328392129e-01
3.607865137305174130e+01 9.767891346541778264e-01 5.170730155627487612e-01
4.098189620851684367e+01 4.854279591554195861e-01 5.588904246935296749e-01
4.549647685801834740e+01 8.520240981521677304e-01 4.732150733854226243e-01
4.568997626192675199e+01 5.562853009761009604e-01 6.765318958892101442e-01
4.650869310558035608e+01 8.740568940254472841e-01 4.859051286828726113e-01
3.468169572082889829e+01 9.096214961135583588e-01 6.097609224576947540e-01
3.943762057358382123e+01 6.086180065304948039e-01 6.369611097847326375e-01
4.138668143760109785e+01 9.964086876199865772e-01 3.453580478554379996e-01
3.850635075078675129e+01 8.493702917758920723e-01 4.669322842166039322e-01
4.334900007530239208e+01 6.504394967293132268e-01 6.461420429450883685e-01
3.859203052497881004e+01 8.586554032967960159e-01 4.739744822068560071e-01
4.131476438149100971e+01 7.038080097863087525e-01 8.461725149333999552e-01
4.526646920194958312e+01 6.638342749835893786e-01 5.383033847624734136e-01
3.725430761171163851e+01 9.913916139822956941e-01 5.079301156893822888e-01
3.889185911460979383e+01 7.330996832863605484e-01 6.119096808068923421e-01
4.876421730652814546e+01 9.348083837449383537e-01 2.362793630164079228e-01
3.623275846186366067e+01 9.840596802296064372e-01 5.672571230729358538e-01
3.937478203850741920e+01 8.047166746919629521e-01 5.119368211651036393e-01
3.835290291746805735e+01 8.105217948261381755e-01 8.238749935870082197e-01
3.637671118800241032e+01 9.710507466847568825e-01 5.880480256399543970e-01
4.074290248291742245e+01 8.905375308267651224e-01 3.747149238127593929e-01
3.441885554381740775e+01 9.588160953463190639e-01 5.657762322851997983e-01
4.470305246421986567e+01 6.807654217625579429e-01 5.963382851068365076e-01
3.579369009378636690e+01 7.165414886816682261e-01 8.614899083569546034e-01
4.096337789526728557e+01 6.320516272077907338e-01 9.007543428006946629e-01
4.024906895601789358e+01 8.299431745190716248e-01 4.803155846482004554e-01
5.711102578424225129e+01 5.812576914613095669e-01 3.407966055956351825e-01
3.780747945482472971e+01 9.968743599046027137e-01 5.514520472622711500e-01
3.877481556025988851e+01 9.147061596180798837e-01 5.891350945269075989e-01
3.623371175953587908e+01 8.482592115297131752e-01 8.198013612899690550e-01
4.162454458764450749e+01 8.008754371613615586e-01 4.807346183501793324e-01
4.340921177321476421e+01 8.373264035731936561e-01 4.984554916464136176e-01
4.200151745983737328e+01 7.348631818805225757e-01 5.281585681640906804e-01
3.801970264979372871e+01 6.136130284054762685e-01 7.628071633395526741e-01
4.264256659325235432e+01 9.936659000962886346e-01 4.903956007772038994e-01
3.646320655252772980e+01 7.674701202281407619e-01 7.174471979169045888e-01
3.516285366737230333e+01 9.912303861221294365e-01 5.888921416896483185e-01
3.737065149417012577e+01 8.007921880028184836e-01 7.405433805542801506e-01
3.836835868249849568e+01 8.635132861114570568e-01 5.863994439636773803e-01
4.793767251757431325e+01 8.787534535617855802e-01 2.976711418691811994e-01
4.365286382420087108e+01 9.193494415890581806e-01 3.290803867223668355e-01
5.749205839783611793e+01 7.720238180919495319e-01 1.956467579464512829e-01
4.428868491637506821e+01 8.830858755250409198e-01 5.354680257626699413e-01
4.837291951703888060e+01 7.076793668996846920e-01 4.018381285778674372e-01
4.587710550765607564e+01 9.346795580349683830e-01 3.078345307034798251e-01
4.264481705843235204e+01 7.400870528219115618e-01 4.695810637470186899e-01
4.613189479894234069e+01 9.418243053752780591e-01 2.880152185113301067e-01
3.568291718456353578e+01 8.685060299730571476e-01 6.847570838153225203e-01
3.797498431296332200e+01 8.688543364715237693e-01 4.733682592529260824e-01
4.113235295823274384e+01 6.296800845916278311e-01 7.812679109901164987e-01
3.708624128046834301e+01 6.969325487616176984e-01 6.585631438934119730e-01
4.581955691633429240e+01 6.396735266221553751e-01 4.574712598236421734e-01
4.510094724446951631e+01 7.143101219137744096e-01 7.533218676282537052e-01
3.779058952404900396e+01 8.168745807432724604e-01 5.080888327824125694e-01
2.974881286580317052e+01 9.662365956712329895e-01 9.276338298555599771e-01
3.155079582902286006e+01 9.676944231065166546e-01 8.939326459788795587e-01
4.775715947721332810e+01 9.153141841480282315e-01 3.659441465506946822e-01
3.857323746635883310e+01 7.720680182380045276e-01 5.678668760885132727e-01
3.824335873849025091e+01 7.208096080989918608e-01 7.871697228705758498e-01
3.861900815067630788e+01 9.742995855622879064e-01 3.687243545756878627e-01
4.057615502061663193e+01 8.367516508863978020e-01 3.538120202268634218e-01
3.459888033088421366e+01 8.538938025692824896e-01 1.000273542207209987e+00
4.283724398372622488e+01 8.184507073475474348e-01 6.817674191148178631e-01
3.699817338131995825e+01 9.443444361017779842e-01 6.146401512310775139e-01
4.251469911506258370e+01 9.370318370221092374e-01 2.651707329972839977e-01
4.564485455529916891e+01 7.026464415282446252e-01 6.036986954721850207e-01
5.593998230072971012e+01 6.720650262226219862e-01 1.729149551076734903e-01
4.104795219030066988e+01 6.651789621146803055e-01 4.983834728336842823e-01
3.481000193269812826e+01 8.196468213068729414e-01 8.421483462424009803e-01
4.354055882066678862e+01 7.791635126115821208e-01 6.109671032569764515e-01
3.777660793202460354e+01 9.738221919062174381e-01 5.389301899811878016e-01
3.221616950374416177e+01 9.773588308206359043e-01 7.367040392590512576e-01
4.017465955740335914e+01 9.850746578282283394e-01 3.887993455229332151e-01
4.316962459403676178e+01 8.766503740371638376e-01 3.374905505811605644e-01
4.703386137813047441e+01 6.203078633372717254e-01 4.954173258287928316e-01
5.152316426234228430e+01 6.753121132688255646e-01 2.838060309257970371e-01
4.237408320997754174e+01 9.683007450942573424e-01 5.000640142175373226e-01
3.766791386705515521e+01 7.958572805769916769e-01 6.295663127070291187e-01
4.653096734867536810e+01 7.925531337304668744e-01 3.719208249612144801e-01
3.949970326162606682e+01 8.000154317179526409e-01 4.422067364342486262e-01
3.937563599802534497e+01 5.708003459335007079e-01 6.448184485296913904e-01
3.805655381627754252e+01 7.086262591167280522e-01 5.599811994228577339e-01
4.492805157671874383e+01 9.709875138242564097e-01 2.789206282303059448e-01
4.559730516335691419e+01 7.354822951228451311e-01 6.178790716499016344e-01
4.347982238529392163e+01 8.523205030931986226e-01 4.880175075186222178e-01
4.733031963786413598e+01 6.844856270441627144e-01 3.902241958274052513e-01
4.947753012950962415e+01 5.394846372587757122e-01 4.874426597192658139e-01
4.672020367317145428e+01 5.226779611239104062e-01 7.439289877094763526e-01
3.927086247479667236e+01 7.633958858193502506e-01 6.149666474830952634e-01
3.216025224692196360e+01 9.695881961980004071e-01 6.644647681560429398e-01
4.319876695027886626e+01 6.895813332282353381e-01 6.261050203388096591e-01
3.452670505533653511e+01 8.928271891842964880e-01 8.642735327711141835e-01
4.070371494833639048e+01 5.291754952033519421e-01 7.264801596377766790e-01
5.470923912081303797e+01 6.640535971427197204e-01 3.934277040717888418e-01
4.741799010620256638e+01 7.550382546383075377e-01 2.921842748374832155e-01
3.910856882299639636e+01 9.060944161820890796e-01 4.936130267712600106e-01
4.018894399448869592e+01 6.856673237973398560e-01 6.752060290705436119e-01
4.429271161420371783e+01 6.225684132132108806e-01 5.122106514885993445e-01
4.222962293837030501e+01 8.198262099765860622e-01 4.405074916095047532e-01
4.136770653685272237e+01 9.495060777512237538e-01 4.659340886888359012e-01
4.357087464223151585e+01 9.521154677944041467e-01 3.589089551288615620e-01
4.683708359370959329e+01 5.410847070927475855e-01 6.162227504673567502e-01
4.341077518733832363e+01 5.042179224098626289e-01 8.570661648241403308e-01
5.316344878323243961e+01 7.146833520787783112e-01 3.051840865502478684e-01
4.342986132985739545e+01 6.448357312687313936e-01 4.262821354416392317e-01
5.420478248573254376e+01 3.329030008553592324e-01 4.966360978390491066e-01
4.728494757402180682e+01 6.873102105344771617e-01 5.073681261909835927e-01
3.526684451726310243e+01 9.046978637377738330e-01 8.502536935095345028e-01
3.703219361038983237e+01 8.698894470420808211e-01 5.219475848677700425e-01
4.552961933402017536e+01 5.163332837118993490e-01 6.890316831832850042e-01
4.425512900711858322e+01 8.915230083463882016e-01 4.450616392125480436e-01
4.334619614391498033e+01 5.546966024028707754e-01 6.048742856377236077e-01
4.161544089706092819e+01 8.287413347600594005e-01 4.165201521936938156e-01
4.600952761768694899e+01 9.270221667631685092e-01 2.065441275704499313e-01
4.309628292670636540e+01 8.405904743376960697e-01 4.865746250391729810e-01
3.261431497809797975e+01 9.689993156544467467e-01 6.793849009311402343e-01
3.697116421047435608e+01 7.715157820086274709e-01 7.854710269407296774e-01
4.564029244667671037e+01 6.938660672891525660e-01 4.594448141420987564e-01
4.307027755112891754e+01 7.612122108306702550e-01 5.412513701866051852e-01
4.255898064684509308e+01 7.145397024294807276e-01 4.844282544538087709e-01
4.461022709647580342e+01 6.746869210846540010e-01 5.301755293161365401e-01
3.906601398923310597e+01 8.291407228519022121e-01 5.920723379749465165e-01
3.631983191578986947e+01 9.851916719425342084e-01 6.052657061479700396e-01
4.370449255497389629e+01 7.505845344306378841e-01 3.893471470568145021e-01
4.120634702207205891e+01 9.501674637756805097e-01 3.859238135365116174e-01
3.857947515098266678e+01 6.546233680344809569e-01 7.083009757630219783e-01
5.040355163978541952e+01 3.909216190471219154e-01 5.242122630090936264e-01
3.990264887864610444e+01 7.331996929159289023e-01 9.233403203741671339e-01
5.358331477068030324e+01 5.052846539972097872e-01 5.167378704991321126e-01
3.430996729351953434e+01 9.877536620251058386e-01 6.578949837362608744e-01
2.964998878474581190e+01 9.610424439353686399e-01 7.291568846903356826e-01
3.711205169646913049e+01 9.673087929614717639e-01 4.404768636708276675e-01
3.924544180583737329e+01 9.884561568628114081e-01 3.976560870065228848e-01
4.751778651433803446e+01 9.010280279203930487e-01 2.945862452078039095e-01
3.999563801691340359e+01 8.195837649328229224e-01 4.190906569685899363e-01
4.663038972855454034e+01 6.066913511789823188e-01 5.072653880171562601e-01
5.011713465404336176e+01 4.741875756153334787e-01 5.016152551231174428e-01
4.154634586536682406e+01 9.046441415682417997e-01 4.803255365125567167e-01
3.293381321531894201e+01 8.811507813641881182e-01 8.112758889450305544e-01
4.500844361586083409e+01 8.035592084235706478e-01 2.877646137342988464e-01
4.024141205996616577e+01 9.191118034141289028e-01 4.406018180332701428e-01
4.042128051685162404e+01 7.528770232587276290e-01 6.857737618676345015e-01
4.664026256756837796e+01 7.433814460223436837e-01 6.293526155760815755e-01
4.727748164362947136e+01 6.824496889997621052e-01 4.735656583217088267e-01
4.593933764132843578e+01 6.840590844953917671e-01 5.554827623449424268e-01
4.620480883045431142e+01 4.838668868739001705e-01 6.465337449647121648e-01
4.672337574809847638e+01 9.161734295975805242e-01 4.518601173143065308e-01
6.096182251813987563e+01 3.344650522289903116e-01 4.509896690485387660e-01
4.394778987783484325e+01 7.054100930068948339e-01 5.522117610649885933e-01
4.931430575320061394e+01 7.000602148369481359e-01 4.534475051594612505e-01
3.277161381209061375e+01 8.244393974476239562e-01 7.815418096015526173e-01
4.291544328079854154e+01 7.115529339264917708e-01 5.942259679369047420e-01
5.166502774380872864e+01 8.396770361710406139e-01 2.095015611170543968e-01
5.072870694072687314e+01 4.887810990026930646e-01 5.632270759546886829e-01
3.251423236013479112e+01 8.800078104645451260e-01 8.070189930422345670e-01
3.981669088841802306e+01 7.453590737503957842e-01 4.717831945140104066e-01
4.969178811224568193e+01 5.542870763893343877e-01 3.833218493291977724e-01
3.868960052732811050e+01 8.908489179128993296e-01 3.558951595782839372e-01
3.983381655218651929e+01 9.220545297356558256e-01 5.218376570804363901e-01
4.632079086018168113e+01 6.187144991624254908e-01 4.278421795146029050e-01
4.168054038977969356e+01 8.011527575044482541e-01 6.088022469138575365e-01
3.815917462292637197e+01 9.060033599697950857e-01 6.268417308287581591e-01
3.350300751820489609e+01 8.964840294199372117e-01 5.819707762652814864e-01
3.828131294969328735e+01 8.456448741508897360e-01 4.843429856614695495e-01
4.193375216356598401e+01 9.268395364737082032e-01 4.903146189215025208e-01
3.802662532303184406e+01 7.528980017761647270e-01 5.830617328305203184e-01
3.716844286855266688e+01 7.669616242762131719e-01 8.026807417864797456e-01
3.742191192043456027e+01 5.766061988899919832e-01 7.560436631508890004e-01
3.833042725361816849e+01 9.465313423115767621e-01 3.975938049180954836e-01
4.040638865788661604e+01 8.879216481603274813e-01 5.534167571763286553e-01
4.845864629544762181e+01 5.302028679420297541e-01 6.211839150353167804e-01
4.041639340921817336e+01 7.660407160742921384e-01 4.807279586392868564e-01
4.161115836028620407e+01 9.025733198100923671e-01 3.970449434776459618e-01
4.593414607988061249e+01 5.330962321918717439e-01 5.310660277997464318e-01
3.580630460841578611e+01 7.493275277948570068e-01 6.438852801396943715e-01
4.281399305393046717e+01 7.015315375641874018e-01 4.248508434074110274e-01
4.204039613177170764e+01 5.531621572687808186e-01 6.072963498099851476e-01
4.103405833145337311e+01 9.454787266910897880e-01 4.070157458297984365e-01
5.240448404383278813e+01 4.324480065869912848e-01 6.511500962883812749e-01
3.961264487705584969e+01 7.943842636688941417e-01 7.085510868285797015e-01
5.044061575097065742e+01 6.502614994183226749e-01 4.041240315218094792e-01
3.694278076486753548e+01 8.246861584167566317e-01 7.193448163610907109e-01
3.970517453148709563e+01 8.146876176374907574e-01 4.942006032974805008e-01
4.333166294477926783e+01 9.022102206439215344e-01 2.010448718043900684e-01
3.869954135796047723e+01 7.353988164671779737e-01 7.830858645799815276e-01
3.588968610619589583e+01 9.214672177486449289e-01 5.417815080490506752e-01
3.379890770824095370e+01 7.923390428508249039e-01 6.726359605567143740e-01
3.310356786633875714e+01 8.303624472159267800e-01 6.232897664134372517e-01
4.482659898682649668e+01 4.708440114487936201e-01 6.470003480741196578e-01
4.338617328113583227e+01 9.375760394403661602e-01 5.635470981446391026e-01
4.715345484280837951e+01 8.243698412545663601e-01 3.940049858098507718e-01
4.066352150879232141e+01 8.883434563777258264e-01 4.519355528151915991e-01
3.823850423671854060e+01 8.924390687705217040e-01 6.055329311055108743e-01
3.833023348899013172e+01 9.337690238470447435e-01 6.458257507699197708e-01
5.968830122891935019e+01 5.149169480184844216e-01 2.606166939329933041e-01
4.388382220771408981e+01 7.838261343343225773e-01 4.186067069621070003e-01
4.327990011936964976e+01 8.817430244573561948e-01 2.496932965208723820e-01
3.756563500093353269e+01 9.268989323163439042e-01 5.899827216389358364e-01
4.275867178909463462e+01 6.459789061979640534e-01 7.073923162334662118e-01
3.781419284585490459e+01 8.916762854074469224e-01 4.792474145116958906e-01
4.587532861929370398e+01 6.823956543057242419e-01 6.444295071038803613e-01
3.432258491368310160e+01 7.377550571046385119e-01 8.979772843133376758e-01
5.331957489276092588e+01 4.685435061928232559e-01 6.661983732695524463e-01
4.252559055386648623e+01 6.828296343799445944e-01 5.233525138876728988e-01
3.878058985253524327e+01 9.067029501389907153e-01 4.208594255169149645e-01
4.208933473445587481e+01 9.314731951696805234e-01 4.881686608416082040e-01
4.495952699630959160e+01 3.909361613407090208e-01 4.946141058125421153e-01
3.631902221542473086e+01 7.606982624847936636e-01 6.282154291269943513e-01
4.949034576425371768e+01 8.454462157454628590e-01 2.973753370166671295e-01
4.224766854351826595e+01 8.107447718038326423e-01 3.569605485561032632e-01
3.674902454142044661e+01 8.285539617950876679e-01 6.274907612425796311e-01
3.608935016948768038e+01 9.556905320022119898e-01 5.571666875894879523e-01
3.679437710106541459e+01 9.834946933709636241e-01 5.733590532004266827e-01
3.873694756439584808e+01 7.112481434244637413e-01 9.134016435849432458e-01
5.155751061080915321e+01 7.021199191775864268e-01 4.269631969122190118e-01
4.475072532202397468e+01 5.218570527141229709e-01 4.799365652040488706e-01
3.637796559266131169e+01 4.982315472460208117e-01 8.248560872913887065e-01
3.750366286924335668e+01 6.501128609734717623e-01 8.786688605611013836e-01
3.914637985391372865e+01 9.392883502473814428e-01 6.081815522370772609e-01
4.381746768046100016e+01 4.753865839040918861e-01 8.689328993966597414e-01
3.538416702541696424e+01 6.958600405331183403e-01 7.501793054246440606e-01
4.225130524499595452e+01 6.123277466961594140e-01 6.556591290109565762e-01
4.583419693802334649e+01 7.824049938175204888e-01 3.232286749778226498e-01
4.575401649595619347e+01 6.233473644815370474e-01 5.720507134234563695e-01
3.620907008861463083e+01 9.492020959535825142e-01 7.157542520579476264e-01
4.879998673025953337e+01 5.566690178121043164e-01 4.359828139972093397e-01
3.866450217696566227e+01 8.828813733971455635e-01 5.762653157459211029e-01
3.371338292862883890e+01 9.310389446155825643e-01 6.944175218915863423e-01
4.487371073275076583e+01 7.270269361467081026e-01 5.472816810879229665e-01
3.782977888321775595e+01 7.115655552587134558e-01 7.109104937117519674e-01
4.082257821065985581e+01 6.399811333239369127e-01 6.285453915589086504e-01
6.195528481580119262e+01 3.734289302250199949e-01 3.112115738004117560e-01
5.053708479528661002e+01 7.235898923212928935e-01 3.674482165330395511e-01
3.738096271594203301e+01 7.656308510163977177e-01 7.624524925137072806e-01
5.364613781015126648e+01 6.690843767458362068e-01 2.472084091951974039e-01
4.087081952910619265e+01 8.304707443777623599e-01 6.313965638421773496e-01
3.806540840921792324e+01 9.286603463038327622e-01 6.016870622863652596e-01
4.593328681628744192e+01 9.676593955383365753e-01 3.011187540799981632e-01
3.983931717934838446e+01 8.394803512614187335e-01 6.208303774013969045e-01
4.478713264582273723e+01 4.642563524410926457e-01 7.317840535274174885e-01
4.974693207396619243e+01 4.305252016356304057e-01 5.070374928613505805e-01
5.964877742290976670e+01 3.017679373480701144e-01 3.584428451968755813e-01
3.875843855704293617e+01 7.967758416599519666e-01 4.929116293519331116e-01
4.285894454934629039e+01 6.168739740274232775e-01 5.178401163409205310e-01
4.165264508838100710e+01 9.647037302438153938e-01 4.245026167981469922e-01
4.220583617519866948e+01 8.914248150978769658e-01 4.648458076091621094e-01
3.984708523732408025e+01 8.773951870406727638e-01 5.870942159288791151e-01
4.541521398514495900e+01 5.138185199557325777e-01 4.737107131049781983e-01
3.764079909771655963e+01 7.119310302898871345e-01 6.088303765075089302e-01
4.270287175261084656e+01 9.450613865006789460e-01 4.283077930662411159e-01
3.631248183212629499e+01 9.823245662667043909e-01 5.414469902460412598e-01
5.022452239265632556e+01 8.081718046084730434e-01 2.905262453248750876e-01
3.539331244270113075e+01 7.806221830142043849e-01 6.744716534179099332e-01
4.888041928556565807e+01 8.983142250333330248e-01 3.024156732080587884e-01
4.962085642209433445e+01 6.636068259972337513e-01 4.513817055543580259e-01
3.839651582466322566e+01 7.698455140731786939e-01 4.389444083853535905e-01
3.352533527977655581e+01 9.980268930312758968e-01 6.358813338049319475e-01
3.793006239765579579e+01 9.266362585139170660e-01 5.328447218140291985e-01
4.070741144023029534e+01 8.622417279836123161e-01 4.205477535319256943e-01
5.359675377121718753e+01 3.766837993572568211e-01 6.136890766237133032e-01
3.881773803133247469e+01 7.799086438534087451e-01 5.175100039206980140e-01
3.971206098463923695e+01 7.036572035680701553e-01 7.237102924369172019e-01
3.779418941547441335e+01 7.664926962736915428e-01 8.368210068853813022e-01
3.562392818132556016e+01 9.873438156864923210e-01 5.058899130004952394e-01
4.736437979104202611e+01 6.347986894525363688e-01 5.059230553039900657e-01
4.680910387424429331e+01 5.982317498767701913e-01 6.186332415038086063e-01
4.336861132003587471e+01 7.244406558325737766e-01 7.167431531683022827e-01
4.299373526068867335e+01 8.234968146694194857e-01 5.232816470977845746e-01
3.796208040347998036e+01 8.541505064190525465e-01 7.981985561211288882e-01
4.491180266493310569e+01 9.474396811201656332e-01 3.022067958909079310e-01
5.155345899659445053e+01 5.667648309882185043e-01 4.638940122196822391e-01
3.087195607125623908e+01 9.728285007852348620e-01 7.647207192934046827e-01
3.648871587726398502e+01 8.484832074869216312e-01 7.343483536861670213e-01
4.551977027231512096e+01 8.857008870728302341e-01 2.605582415700716803e-01
4.872349549465860719e+01 6.745221263688880864e-01 4.994465735833181763e-01
4.399411623189022436e+01 4.739021471992494461e-01 7.263701909054343098e-01
4.384414801487132962e+01 8.888947766765764591e-01 4.892738458886634612e-01
3.802612778191937082e+01 9.056169929134464391e-01 5.792551010445881055e-01
3.834951104230077590e+01 7.576808268285916137e-01 7.899615251842042607e-01
5.240275808567761118e+01 4.578086437767637795e-01 4.235513214588285114e-01
3.889800970898222232e+01 9.663930317283129234e-01 4.515374542003140479e-01
3.650959808728323708e+01 9.757426305029689440e-01 5.776231212400920745e-01
4.060115728522865197e+01 8.564012757163609324e-01 4.291538079556601049e-01
4.365294756610202143e+01 7.404508108182115134e-01 3.919068849469175553e-01
5.292957987850027024e+01 5.371720117735900857e-01 3.752844428340785243e-01
4.360330217995924329e+01 6.021952489286422905e-01 6.961766311893212711e-01
5.153881253734797951e+01 6.657279404249778487e-01 3.860726088830390701e-01
3.794030796640781489e+01 8.853588152337772410e-01 6.089657991663389724e-01
4.252610217896091882e+01 7.015315375641874018e-01 4.344967205273836397e-01
5.087807882542485061e+01 8.268046211744293217e-01 2.970625920972541634e-01
3.595203233111158170e+01 9.494839592453119259e-01 5.004036247044036934e-01
3.852694250175464674e+01 8.469413476404563657e-01 7.363547274995271286e-01
5.065247854506808523e+01 6.608610317073145834e-01 2.192530981760898445e-01
4.395890152315788413e+01 8.829539995606142666e-01 4.162732022784625951e-01
4.154028825881879072e+01 8.936944105072500699e-01 4.792978124068262291e-01
4.292699235212555919e+01 8.670113854263314934e-01 3.919086691011899881e-01
4.060626220637632144e+01 8.306400795725644715e-01 5.578888984088041791e-01
5.230759740787163992e+01 6.906769118932462037e-01 3.177371062220108455e-01
4.306389064995739346e+01 6.323262495457394605e-01 5.771066998546533489e-01
4.142174369257904942e+01 9.617245353152228393e-01 5.938880032087061611e-01
4.054553238612122357e+01 7.526526738590917365e-01 3.915160009502298144e-01
3.921245386233847796e+01 8.610219792883377909e-01 4.042440109931358938e-01
3.839834175853471265e+01 8.236001407512810735e-01 6.524976979508779751e-01
4.423309712407224481e+01 8.098468669456375668e-01 3.212549900888361787e-01
4.401271330758495992e+01 8.610444447222252995e-01 4.476276800925940158e-01
4.111930491604926630e+01 9.459184039797186028e-01 3.801273831414054838e-01
3.725122843402672146e+01 6.175934535214807619e-01 6.995954908768371450e-01
4.806523622683697994e+01 9.605670169533905289e-01 4.599143199428979423e-01
4.153684802498300144e+01 8.898324886215903673e-01 4.752084287567036602e-01
4.404155652304876156e+01 8.280794333846589472e-01 3.964569865231468704e-01
5.224145053663495730e+01 6.313034592631290298e-01 3.898688076703143435e-01
3.624214962385124750e+01 9.346334064779616702e-01 4.829003728305885645e-01
4.360278186055676741e+01 7.838214471474006517e-01 4.780816617509632827e-01
4.186959331638068704e+01 6.469707990464891312e-01 5.993612657661450127e-01
3.687552906748493342e+01 7.914163645406644410e-01 7.446190338363973815e-01
3.280047840755748467e+01 9.611076477920077465e-01 7.036618891562673728e-01
4.934473119542566621e+01 6.001263723569465469e-01 4.894484119351549256e-01
3.296749130443817677e+01 9.570420751599653109e-01 7.349550957709872767e-01
3.784505870773504199e+01 7.711360892195509020e-01 6.375890387610346766e-01
5.073543911094974135e+01 6.195087292030863058e-01 4.453333580103843725e-01
4.356052179282817605e+01 8.416029957656148142e-01 3.005017868537424031e-01
4.101509108435823237e+01 7.776129437554042401e-01 5.432306799012628362e-01
5.153707093102190129e+01 4.260138190885060516e-01 3.847285500608484399e-01
3.432431139215518101e+01 9.957767044577807702e-01 7.560576250294562817e-01
4.175702215053294708e+01 7.810041949218580193e-01 4.035983071124509269e-01
4.068902886155392196e+01 8.885788926471912541e-01 4.539372353268081861e-01
4.065456678017403647e+01 7.323464789878986192e-01 5.119311992614105078e-01
3.782117096419433722e+01 9.123966390225898282e-01 7.282102320294465692e-01
4.278107959177273756e+01 6.184905100308807357e-01 7.473430938815125435e-01
4.045911122973455321e+01 8.297069597706793198e-01 5.384428578976788726e-01
4.718624164800288412e+01 6.641236177225945392e-01 4.382928140465999767e-01
5.623793878172007510e+01 4.464239637256325888e-01 3.993781200410064236e-01
5.984813155830696019e+01 8.015108908529122722e-01 3.356672658278850863e-01
3.031141617024988122e+01 7.678891069882087805e-01 6.705909256429720688e-01
3.911239824620788852e+01 9.584977746455954906e-01 5.687536487048526768e-01
3.818667117414152301e+01 9.572962809094511805e-01 7.279162960956020445e-01
4.272025579634757975e+01 5.391175815131103999e-01 7.832455143534888808e-01
4.178020819374777517e+01 9.200029998861315450e-01 4.378536624693885049e-01
4.882589334289431804e+01 4.125422376185097217e-01 5.613941133510542691e-01
4.256104232198793369e+01 8.901990699998632017e-01 4.738586297492053956e-01
5.027346600219055972e+01 6.753121132688255646e-01 3.157188925365392307e-01
3.322415013584343768e+01 9.925225378808334442e-01 6.754829091214615833e-01
4.361321073559873440e+01 5.161810293038734399e-01 6.551271756452931028e-01
3.927676606307591811e+01 9.519720010359754570e-01 4.585004661531585368e-01
3.653487107000383105e+01 8.845958169150375250e-01 5.937697414685354502e-01
3.854500559245044400e+01 9.120991888373267686e-01 6.653971087780672367e-01
3.957226350905637702e+01 9.587545466717427578e-01 5.374193762808393560e-01
4.941615924548099770e+01 7.810456845289356353e-01 4.445195644280542924e-01
4.037954239450301230e+01 5.949828879160592443e-01 6.520077851805046176e-01
4.333540293747161343e+01 6.664592061121481503e-01 4.104148130785974513e-01
4.108659329555705142e+01 7.265852492008210151e-01 5.934394575062442723e-01
3.369583292610294478e+01 7.601097079969881820e-01 8.559777707955512627e-01
3.660091281594166190e+01 8.743372752756436439e-01 5.684759497220268631e-01
4.149993070919489924e+01 7.025853374731290124e-01 7.556692344382641702e-01
5.479531500595457061e+01 6.647911647590426520e-01 3.083681981153483243e-01
3.521056742267045792e+01 8.684992637862838372e-01 7.244997976926355054e-01
4.692758249493327583e+01 5.790202510968039951e-01 4.401564191721562547e-01
3.351069488028898746e+01 8.506470323607924211e-01 8.049249990273398270e-01
4.673721516367013606e+01 6.646753773381309793e-01 3.812818621843955813e-01
5.647505719304218275e+01 4.836231758981903162e-01 3.583508598696618086e-01
3.602230483565490715e+01 8.463287104525830662e-01 5.986503118257701095e-01
4.509571938841002492e+01 7.097987638868243909e-01 3.489777020302440302e-01
3.995762134018454503e+01 7.491962016111201050e-01 6.321758615449332153e-01
4.024108358651016459e+01 8.221199169972374099e-01 4.922551381232478374e-01
4.122859853805832131e+01 6.084244413921963135e-01 8.462273758256327882e-01
3.677532578367372196e+01 8.234021962954205520e-01 6.686614793588613326e-01
4.529053598703382022e+01 8.287664848622408043e-01 3.562230625650305571e-01
3.759040181689404392e+01 5.692218967229064619e-01 6.328392553074718707e-01
3.816967898693047800e+01 7.012372294217408264e-01 9.449406635596628856e-01
3.585507038508880839e+01 9.010725902665259746e-01 5.953203942549203376e-01
4.801494076283854184e+01 8.089616405200013016e-01 3.816756169078150962e-01
5.129573266482073279e+01 4.988885907358698302e-01 4.938689641771004668e-01
3.108149578322308315e+01 9.942301959481052442e-01 6.612802080470868704e-01
4.516928776495835507e+01 4.749859704859267784e-01 7.491381811421637948e-01
4.749210726614330014e+01 7.465715016695420037e-01 3.909501564256171458e-01
4.024993597771968012e+01 8.725824467759050185e-01 5.148270259399743143e-01
3.822264997555453903e+01 8.170989312781893332e-01 6.838184306338466190e-01
3.853044930003949275e+01 9.543390764837114126e-01 6.082846874373638579e-01
3.695100276943465190e+01 8.756665095348272754e-01 8.075434361814239903e-01
3.971156730925606126e+01 8.391929409792002748e-01 6.595023214429083236e-01
3.446060432937842677e+01 8.846116685681501002e-01 7.500605840658162160e-01
4.215132445140983464e+01 6.268728368087009839e-01 6.048481523750603994e-01
4.624748043956087429e+01 8.071409848112832686e-01 2.173109375195224069e-01
4.077024653074528260e+01 9.506323952998095850e-01 4.203505215199663803e-01
3.770640436179693467e+01 9.829935194176957491e-01 5.426183226963577910e-01
5.011577172935367486e+01 4.943348836025185933e-01 4.354317252628563395e-01
4.448707579884981556e+01 6.157419328969877537e-01 6.273852811238190830e-01
4.846816542434286390e+01 9.863162998388096403e-01 2.524579382981989029e-01
3.699006975850167578e+01 9.141335360180072866e-01 7.300363017623757722e-01
3.938234791612428864e+01 8.950809716339314104e-01 5.140571070428068268e-01
3.935867554973321347e+01 8.842361125261011257e-01 5.568067779294407771e-01
3.929137862611418086e+01 5.817806073999364225e-01 8.224409936217677020e-01
3.300748955180741007e+01 8.903127509115611460e-01 8.604543068392654925e-01
3.782664876309833346e+01 9.426178916590248758e-01 5.559036296689794376e-01
4.960929114487910141e+01 8.691130275460625665e-01 3.706221301878713792e-01
3.918690212659261363e+01 9.282301132421122425e-01 5.716241459302019434e-01
4.475700713338117964e+01 4.927127244435950959e-01 7.701647400299729274e-01
4.191145298604606495e+01 7.850447171326379037e-01 3.109350617250563609e-01
5.062627628903046428e+01 7.557809098766213873e-01 3.592363286925288612e-01
4.472404789618011023e+01 7.315017554873977090e-01 3.812609088420356729e-01
4.448309482292926020e+01 6.133128884350681487e-01 5.480201532299052714e-01
4.558186047669106244e+01 7.644394197857998785e-01 4.662601866709741305e-01
3.111092261163186734e+01 9.174017336552420243e-01 7.210123630866728250e-01
3.810486643652240701e+01 9.579837734305586272e-01 5.536693869682881575e-01
4.326146714229135171e+01 7.931413276725632899e-01 5.185087432514960959e-01
5.005121671136478056e+01 7.907378113446256185e-01 2.455984939122332067e-01
4.838135408674135363e+01 3.883820727207190071e-01 5.908624475973912604e-01
3.570375616265797447e+01 9.652462725843149460e-01 6.903413229102594029e-01
4.477525823044626918e+01 8.398202905207319269e-01 3.611916545590374561e-01
4.095149113257132711e+01 8.193372773309516299e-01 5.540386009975131199e-01
5.092498721171428144e+01 6.835479509886277505e-01 3.515965594364471314e-01
3.778237954195633108e+01 7.758000117303026633e-01 8.399213722623141143e-01
4.702129227606435080e+01 5.442483340334856035e-01 8.564287764224683963e-01
4.443729908827985753e+01 7.389380167510558595e-01 5.674976206920014921e-01
4.205637615708571531e+01 7.199102197833274763e-01 4.527737866130527311e-01
4.813474245083482117e+01 6.298960177901586910e-01 4.856996058389879689e-01
3.986729325688349235e+01 7.696309219033385940e-01 5.695672574254023734e-01
4.326089825115654008e+01 9.153594599264172071e-01 4.005232371276578607e-01
4.583542990051207511e+01 7.023307956768489735e-01 3.302429035890435127e-01
3.296300725308071122e+01 9.225577333677511538e-01 7.622729175543807578e-01
3.584277451511003676e+01 8.388597150845140682e-01 8.306179496683148145e-01
4.890300293928002162e+01 5.718954703152855368e-01 6.105721082806342404e-01
3.084787538255500650e+01 9.321568252603141813e-01 1.013293279054119145e+00
4.941050583222403247e+01 9.585839212146376465e-01 2.355347584668915084e-01
4.697141015081029281e+01 6.664673465136100594e-01 4.811155354427559816e-01
4.563577382786652947e+01 5.371885134073627333e-01 8.144597261317436665e-01
3.243548118070131636e+01 9.910597575617882127e-01 7.033071105686251601e-01
3.488391726517286884e+01 9.887679873153323307e-01 7.133765213264249283e-01
4.131980564752917218e+01 6.115241925632597386e-01 6.488108189006928095e-01
4.591785134802328372e+01 6.974059020433259759e-01 6.880735324400912845e-01
5.875440482409762666e+01 4.449364877555298525e-01 4.806639105843768522e-01
4.214913811282104206e+01 6.907553935295371872e-01 4.966924448175221163e-01
4.029040901493606697e+01 8.107746849396116895e-01 4.008135295938712872e-01
5.053624190351309409e+01 9.707684632495819921e-01 2.230013238609568904e-01
4.001865444078775624e+01 9.385328904705443342e-01 3.844042391232013745e-01
3.535833911776729366e+01 7.618187946631369556e-01 8.057048081825260999e-01
3.100507202767522941e+01 9.984431281106339595e-01 8.008222056130048783e-01
4.230452503065979641e+01 7.783865315549324260e-01 6.153153884413219421e-01
4.707447477050160245e+01 8.066353201022571362e-01 3.148276591014873005e-01
5.124349945415463736e+01 7.693814338829242372e-01 2.719708368995644721e-01
4.246559565181840412e+01 6.321336048034312816e-01 7.151963457501330224e-01
4.997992168288486425e+01 5.761812585778238738e-01 3.806455359505236946e-01
4.620168548387404428e+01 9.060210867840505777e-01 2.381918481634807683e-01
4.893552871477699284e+01 5.003830742628431194e-01 5.890686036029065820e-01
3.633099786859862235e+01 8.994240095314709471e-01 5.765991546074326068e-01
4.239270806190357632e+01 8.207659298951607285e-01 5.751335404874738932e-01
3.950433110538939729e+01 7.682362510111501175e-01 6.698418122519324003e-01
4.789617252596601560e+01 9.870245530214973861e-01 2.237229539795205502e-01
4.611779753482166910e+01 6.329063651495100418e-01 4.913687867980055524e-01
4.454805468988268302e+01 6.930903369833109062e-01 4.329277848805007656e-01
3.789212405350831858e+01 9.002275694752626123e-01 4.638546627057367755e-01
4.610228819054530902e+01 9.419089314875992436e-01 2.733858037114734185e-01
4.015342205274561849e+01 6.967707628693089461e-01 4.503062574816425467e-01
3.791993429412202943e+01 5.899001055423843676e-01 7.538462004832432450e-01
4.376819469209860358e+01 8.322484130163780858e-01 6.135398143922237146e-01
4.137868615935275329e+01 8.721351902770202447e-01 4.595773220895374434e-01
4.999929412325314360e+01 8.726389116006711966e-01 3.258847622768437646e-01
5.804567953387417845e+01 6.558959440442748701e-01 3.205442509407100959e-01
3.926381864938984734e+01 8.010740783836706180e-01 6.238669818095963215e-01
4.807626894886932689e+01 5.619201575711122443e-01 5.082772366013746934e-01
3.303803173814908689e+01 9.406340048075426674e-01 8.680217160882209848e-01
4.563607814486704228e+01 6.782964324717457583e-01 4.810294435451430983e-01
5.226392144349398450e+01 7.650460559992008358e-01 2.397751865900097645e-01
4.455363260981905427e+01 7.273901377449364380e-01 4.131533591512607795e-01
4.408398290791646446e+01 9.978844576068455208e-01 2.315608370050765141e-01
4.164578423667921214e+01 7.442056803474410565e-01 4.190215651089168603e-01
3.427610359460452827e+01 8.293363027016803501e-01 7.889746025652853989e-01
4.272070015922613351e+01 5.132178402434357523e-01 6.864975705528846284e-01
3.720283285872960732e+01 9.607202919771058447e-01 4.884169435935812875e-01
4.523517459508652649e+01 7.853295555374888437e-01 4.312759560216055665e-01
4.530215857672845203e+01 6.722078858121499634e-01 4.777283725960766447e-01
4.383179942450427546e+01 8.502496255615873411e-01 4.535982299317916633e-01
3.713123006432805084e+01 9.718529482586335533e-01 5.905352257655133164e-01
5.085034003506278566e+01 8.330884516482710556e-01 2.584472154194088489e-01
4.308434113711705038e+01 6.199733444792366877e-01 7.286226923679406386e-01
3.520464366545066071e+01 9.313215970166344171e-01 7.383822811573356182e-01
4.448070513326222652e+01 7.796670150427539303e-01 4.892421567585645836e-01
4.760055051296246376e+01 9.476735975999244221e-01 4.545125336551646411e-01
4.314543063189375260e+01 5.639937914862566126e-01 6.871581277819965861e-01
3.806068655906976517e+01 9.180005125461508930e-01 6.530808467626114666e-01
4.278685329605204402e+01 7.623954672463052473e-01 4.019716036849134699e-01
2.911202188275946057e+01 9.454326481083650258e-01 8.055471441901754792e-01
4.040231429571527855e+01 6.510463381020611395e-01 5.987479721418976775e-01
4.483218648869056722e+01 4.559886994790198766e-01 6.002396545298351871e-01
3.387140503108275880e+01 8.060753404761764607e-01 6.791804146583887425e-01
4.259511124493338485e+01 9.367826557763809792e-01 4.323737878646568000e-01
5.757699948320502870e+01 6.257800295593304307e-01 3.621907163965522036e-01
5.507305499999651488e+01 8.291171803283468034e-01 3.754770424471043366e-01
3.450526100494314363e+01 9.762787475092011835e-01 5.982808771842637041e-01
4.658468801162545248e+01 8.820851853328658398e-01 3.189605660557768285e-01
4.104811387248143006e+01 6.970817441739121101e-01 6.446608283828559882e-01
5.574601506528627226e+01 6.477972702821249706e-01 2.449022012716957075e-01
4.284360787349275057e+01 7.981432281986831079e-01 4.701839813734233764e-01
6.254557923158213129e+01 5.097187081748822957e-01 2.801840697148794690e-01
4.391171314785199087e+01 8.245718446705807558e-01 3.544148368901400836e-01
3.390369595443788597e+01 9.345488909420048840e-01 6.673276820914395557e-01
3.968754696243767910e+01 8.476664486363686413e-01 6.137321587124747735e-01
4.332683875750161917e+01 6.750782211582461168e-01 5.138600503678412146e-01
4.462311970175328213e+01 7.206400136247413934e-01 5.698073530065204118e-01
3.966673675093192486e+01 6.697437413642891579e-01 5.936747112621810762e-01
3.667145578717305909e+01 6.498411238024246472e-01 8.459316698723027272e-01
3.328724521428512872e+01 8.002236760710176311e-01 8.069940326999927027e-01
3.803147273478474233e+01 9.579781310560956387e-01 5.993236453032828592e-01
4.023196073932267325e+01 7.294448594822350307e-01 4.890845875164077095e-01
4.920339223721224187e+01 6.233473644815370474e-01 4.618429950457373367e-01
4.472109773487954243e+01 5.545926389259717704e-01 6.049156818726374452e-01
3.955221914186728327e+01 7.530281851110467439e-01 5.370294941487322449e-01
3.638105017909504113e+01 7.530966631826893076e-01 8.813397598456986781e-01
5.031708224700390275e+01 6.527344939265974366e-01 5.084280298207205506e-01
3.216100251915011654e+01 9.343410822950866113e-01 7.156662285825251546e-01
4.823752084188894429e+01 5.891704196029132756e-01 2.986401205409460191e-01
5.409501905725632298e+01 7.122610303382205243e-01 2.607580540003198166e-01
4.005473172958815553e+01 8.814154388761766823e-01 5.107266513518525786e-01
4.426587479949467507e+01 6.244666315257266787e-01 4.922139399669019921e-01
3.200541402608719466e+01 9.161415035999990186e-01 6.052489588001095377e-01
3.431862031777898636e+01 7.265790551052844215e-01 7.697697887835596164e-01
4.174487276829123772e+01 8.829604923998659594e-01 4.494042141981490213e-01
3.245466476715615300e+01 9.188058865990555990e-01 8.978060903022726524e-01
4.442991510736083427e+01 4.995565341110806412e-01 8.110703304053527019e-01
4.001260963245848501e+01 9.118428034219219214e-01 4.977291800068956995e-01
3.402241422180896535e+01 9.433673176576815589e-01 5.937440802496818382e-01
3.735465161136997381e+01 9.966574707969854119e-01 4.772028395810021251e-01
3.814391120243249134e+01 9.146431765935931768e-01 5.185486645738701661e-01
4.842797839570388163e+01 5.728718950091318263e-01 6.427343851128511920e-01
3.829170580524885992e+01 7.659898662657416146e-01 6.987713383852219851e-01
3.706040192768287511e+01 6.702401477566412025e-01 8.936336481375777296e-01
3.726945114925074165e+01 8.413098882278852164e-01 4.252566304925246565e-01
4.332196687146269198e+01 9.445079341005394591e-01 3.671123233505842465e-01
4.725401933744782923e+01 8.072066190488078608e-01 3.317554991914396512e-01
3.667791566251813862e+01 8.711714541803424749e-01 6.531885855431669441e-01
3.624048371134460211e+01 8.480644946019196828e-01 6.899785326820772058e-01
4.361095534484644531e+01 6.169253173062229090e-01 7.415233866088587478e-01
4.351621657504749408e+01 7.738877865879214557e-01 5.615823425162430604e-01
3.431497163644112902e+01 9.510304089592954702e-01 7.006013138404835194e-01
5.294049004588763552e+01 4.845835218172130365e-01 6.274160562100886684e-01
4.346240290917182136e+01 7.293847522264316208e-01 4.006333025356718092e-01
4.914834003972903531e+01 5.817532279327046751e-01 3.313321967965014436e-01
3.459779812105296770e+01 7.406938211232328984e-01 8.242329666838604796e-01
3.790525685413270907e+01 9.242404045273960866e-01 6.172082924008642779e-01
3.999185524432311922e+01 9.689973799411606414e-01 4.044978199011208253e-01
2.787660210745077904e+01 9.842894262505847980e-01 8.121062423219813642e-01
4.014454382352988659e+01 8.063982416490875771e-01 5.144647162822957309e-01
4.398364843797194368e+01 9.068789601790263610e-01 3.084189568500160794e-01
4.325443594047245455e+01 9.210780746499983573e-01 5.132482589576197185e-01
4.905745881913305340e+01 4.102996175795148304e-01 3.921855287326008188e-01
3.676671294440659210e+01 9.193937092455272131e-01 6.334278341967169990e-01
4.182318315021024802e+01 9.247771639291655354e-01 6.671388021245242550e-01
4.737519264937125740e+01 8.532660656720056913e-01 5.075258369145255744e-01
4.468985721937959710e+01 8.146754458782675679e-01 4.207446661053029779e-01
3.389843567194247242e+01 9.981987451289568991e-01 6.939688993305469511e-01
5.222398923727497078e+01 8.619756191496911191e-01 3.976225084606939131e-01
4.686403423348089348e+01 5.588869176054506172e-01 4.909582780806630020e-01
3.301683199763974130e+01 9.973481867435827208e-01 7.517180500244420305e-01
4.392018652516033228e+01 7.579428563720043144e-01 3.816713338320798510e-01
2.910617298016353871e+01 9.326852743348459374e-01 1.036012102604844776e+00
3.232139305661060291e+01 9.028619787134931629e-01 9.288989846348935098e-01
5.284972038215517642e+01 5.142815132851245030e-01 4.517708418357321287e-01
4.465775237303994061e+01 7.200696743936764177e-01 5.062182124957920193e-01
5.175046411137567048e+01 5.157875770456481490e-01 4.115295803743138081e-01
4.368362627551361754e+01 5.534965336068756736e-01 6.424610451710814907e-01
3.894435306320136192e+01 7.306601992247948596e-01 6.732189544635845957e-01
4.041348683792869423e+01 8.320445545960472034e-01 5.685139529360994093e-01
3.622426033855273886e+01 9.425174699815670465e-01 4.731900642352266373e-01
3.538905253705750908e+01 8.406090817759365175e-01 5.403510388772092554e-01
3.566490328152052314e+01 8.355182786311392551e-01 6.768426468427690690e-01
3.701941299150966103e+01 8.911101443458347982e-01 5.694853163167735710e-01
3.774686994872899248e+01 9.808177411173475413e-01 5.133923020838716544e-01
4.385692072621058912e+01 7.947181413409218909e-01 4.099279398231784333e-01
4.905889776880471942e+01 8.858147395811930558e-01 2.766611638268972606e-01
3.873083670695711334e+01 9.289755324168089690e-01 4.830769842392176883e-01
4.034489846075868513e+01 8.271760132628553919e-01 5.976332050654992178e-01
5.077897566375381189e+01 6.244620805827935106e-01 3.153899802549571807e-01
3.788968463700463474e+01 8.722518361233356776e-01 5.085979763342851623e-01
3.666647457220557271e+01 7.604495149414810529e-01 7.258382723598157948e-01
3.491202706936380906e+01 9.504733817200530233e-01 7.384753760540332390e-01
4.060580231587056232e+01 7.952526438106041207e-01 5.975515098228395550e-01
4.134323138600567660e+01 7.545176556789978672e-01 6.039210726566063281e-01
4.010446903837322452e+01 9.550659814006103865e-01 4.613240091140565213e-01
4.532787918572241637e+01 6.889013313371640246e-01 2.818784633178106347e-01
5.586668651715787348e+01 4.491126870951330785e-01 3.797669210177903598e-01
4.035206148030264472e+01 6.498255383016399156e-01 6.573374076461250270e-01
4.177601590274994692e+01 7.701443090336361763e-01 4.495281513645887350e-01
6.657429300556547958e+01 4.317626179655756347e-01 2.285976354869373173e-01
3.595920867411772548e+01 7.581292892478695977e-01 7.493035113457884311e-01
4.781120096351908444e+01 7.125131530584337680e-01 5.810123050489153229e-01
4.084228552325075157e+01 4.574862539629217517e-01 7.181646467118234511e-01
4.808385576231093239e+01 7.237140098663004117e-01 1.732351985085210933e-01
3.777240962829529280e+01 8.412726034048819690e-01 6.480655546467057881e-01
3.867834160277912758e+01 7.323085995421493299e-01 7.442004765110274978e-01
3.655471810011800926e+01 9.060354446348360957e-01 5.800503061669552984e-01
5.105625106180435324e+01 8.275215125746158140e-01 2.622684141825115112e-01
4.222196815958954375e+01 8.449030589513295553e-01 6.145457158619286320e-01
3.462619809573195084e+01 8.494125199931956693e-01 8.968743274339088245e-01
4.071457276229608624e+01 7.217814867470703222e-01 6.792732580238058926e-01
3.839362904553037481e+01 8.509703973739387584e-01 4.127430194967074417e-01
3.724209829050296605e+01 8.060991372561385759e-01 6.838730631135275795e-01
4.884294199838834061e+01 6.877050065598593331e-01 5.268031072145893390e-01
3.918530119948218271e+01 8.310125843796704048e-01 5.336374265481431678e-01
4.182990421008886273e+01 9.689022488436285219e-01 5.066845260314689625e-01
3.586023160269964905e+01 6.912194762219455724e-01 7.949709571045994183e-01
4.190045749840214739e+01 7.854691438575918117e-01 3.412743406419084802e-01
5.833013395787570943e+01 4.971874782199803278e-01 2.375484947352030640e-01
3.288860373067306853e+01 7.967189033647186225e-01 7.964306936784604218e-01
4.079260603246358841e+01 5.223491655865108996e-01 6.011510169772200651e-01
3.576516748352511144e+01 8.796576577991731538e-01 6.789702902433113474e-01
4.051138902153687127e+01 6.441489467462910845e-01 6.792107890198679776e-01
5.706307606499537854e+01 9.283427791139076124e-01 1.864436560189271230e-01
3.817374236040102176e+01 7.839795485646579021e-01 7.280096657964593154e-01
4.208988552938001249e+01 7.704070978576015305e-01 4.475504617938799723e-01
4.495284327161274973e+01 8.600547614389961737e-01 3.791894284276787763e-01
4.927600260970356771e+01 4.916106377566033525e-01 7.124465942310356237e-01
4.539481495534693778e+01 5.537520581885118087e-01 6.169288427607378944e-01
4.189031774301547983e+01 6.119004513435180037e-01 7.237288727045129155e-01
4.005095150415440486e+01 7.846131083041388843e-01 4.335818320703077045e-01
3.755462096120218973e+01 7.903380102199523138e-01 5.404871583358484832e-01
4.522798930289329888e+01 6.151402839403022904e-01 5.569635807795244586e-01
3.708571601376741000e+01 8.105770466272997909e-01 8.377402245322194130e-01
3.736320770788644552e+01 7.922784279761581061e-01 6.142992700748166612e-01
5.276651336691858774e+01 9.197589693326484461e-01 2.157032651939740364e-01
5.256958850366273595e+01 7.825008592994099343e-01 3.760158655502405245e-01
3.733367798662246884e+01 7.834291376106553573e-01 6.543132046780386624e-01
3.917713633332963497e+01 8.479048932306847419e-01 5.452510791369669096e-01
3.891031114666396462e+01 9.066677043975710504e-01 5.665119396402432672e-01
3.658411885791311846e+01 9.109926638464468374e-01 6.862683955404427216e-01
3.238917922825816476e+01 8.221374099725847762e-01 1.021635191372026519e+00
3.560659745137276389e+01 6.837111331396350522e-01 6.603823119162754995e-01
5.398311841144765566e+01 5.402203978992113909e-01 4.867206184873921204e-01
4.207917002656823513e+01 9.256374124387418689e-01 4.034190713507116999e-01
4.457096173672056239e+01 9.053036864507173487e-01 2.938649800939115431e-01
3.776731262967752656e+01 8.265346516950994316e-01 6.596648078654328007e-01
4.630561186681504182e+01 8.275411232776292980e-01 3.900893221946768463e-01
3.752711945582365161e+01 8.621966821451352292e-01 6.944558521886525781e-01
4.371456526848505320e+01 6.761497598599457426e-01 6.050193105821507489e-01
4.484908517244691240e+01 9.122516368951777421e-01 2.664814921171185236e-01
4.009116061091835093e+01 8.393082725816316536e-01 5.487033970915354830e-01
4.800762079058497989e+01 6.040697746742177410e-01 5.056067919276970857e-01
4.434712174543066965e+01 6.871495811671869403e-01 6.914034251758047755e-01
4.012250974357198885e+01 8.205988892954961811e-01 5.144904427830582216e-01
3.590914490636013312e+01 8.435540330003592491e-01 5.277317490422940294e-01
3.638942112448100374e+01 8.508172554568613766e-01 7.747500222436296546e-01
4.585510198275632376e+01 6.037694036627816452e-01 4.233594838772766766e-01
5.294589148961646430e+01 5.359630181925955084e-01 5.197523586366378234e-01
4.532719253153083372e+01 8.211322077413157894e-01 4.018115639845932785e-01
4.676380889076551739e+01 8.595394529889637258e-01 3.870045240931871966e-01
4.733109559389178145e+01 7.515237033249427823e-01 5.317823179693786928e-01
4.347120861087234545e+01 6.082251312281427014e-01 6.418202081852637519e-01
3.657944555649917362e+01 9.130001117292555479e-01 7.452538191919229060e-01
4.690938837279324503e+01 8.114313265935308994e-01 3.035545471105144943e-01
4.070820126664978034e+01 8.054977830931618898e-01 5.434499261185652408e-01
4.482405812953160762e+01 6.172180235907378520e-01 6.700211057905588463e-01
5.318274436167324382e+01 3.652285083775168584e-01 5.498051883244079452e-01
3.740841665433986662e+01 9.380626226480099916e-01 5.991631280602172094e-01
3.430689797454505197e+01 8.667635830901680993e-01 7.766387471256935848e-01
4.122231941659457988e+01 5.673481965799649362e-01 7.870688185519766344e-01
4.065401342688044650e+01 8.599300720160887312e-01 4.171121280242879314e-01
4.630737360117699097e+01 7.185678636261144669e-01 4.150419659165358044e-01
4.165278466580028294e+01 9.495105072288082537e-01 3.988725456244962553e-01
3.521636669114282370e+01 8.968080626620019702e-01 6.754545812683584449e-01
5.774722719734481302e+01 7.148698229657157732e-01 2.482407400137608966e-01
4.714718490889049463e+01 8.680825454601933666e-01 2.964917890871831552e-01
4.309075994360399875e+01 9.004430958844564792e-01 3.716281597936571535e-01
5.494313493316324326e+01 3.556901935276713389e-01 5.855850818197724239e-01
3.748053336498963262e+01 8.783554151871930671e-01 5.966333704758101097e-01
4.404384165034856125e+01 8.548238111520738425e-01 3.169464238942150680e-01
4.451234124652187774e+01 9.219540216959238865e-01 5.453280446194975761e-01
4.316377787194617355e+01 5.085376756656102559e-01 7.401841664194448445e-01
4.390309600064583151e+01 9.022030902921897022e-01 4.634213323406033425e-01
3.997525880562521650e+01 8.691551353450374107e-01 4.932890387373270458e-01
3.624376135493594120e+01 7.122777226695551356e-01 7.711326934787492426e-01
3.720917999832128942e+01 9.425892545354901397e-01 6.435369747705866894e-01
3.987249467722055840e+01 8.879676701248042647e-01 4.126739655520539896e-01
4.304495302267469015e+01 6.803157519932190311e-01 5.390255773908232406e-01
4.445503032369105512e+01 6.414339886598299234e-01 4.849691144650804531e-01
4.006625796747304946e+01 9.880050467275027781e-01 4.129182204496735786e-01
5.810739847751523968e+01 7.919625579833253770e-01 1.543006557246308086e-01
4.940695127662221608e+01 4.301613892691582008e-01 5.618745954261396003e-01
5.230883049679066943e+01 7.426953841687241598e-01 3.220295274197313984e-01
4.480130597879273324e+01 5.668597093288529898e-01 5.906223790844342680e-01
5.895694250812629633e+01 5.111246997549346860e-01 3.803002843004486544e-01
3.957052777985628467e+01 7.846131083041388843e-01 4.509868746990275401e-01
5.689161873311741147e+01 7.383574018461204203e-01 1.529467674251597520e-01
3.567439618268771540e+01 9.989795496646689532e-01 4.410585743751098131e-01
3.957269587681743417e+01 8.727954438190315134e-01 4.291867367938187461e-01
5.857055405904520029e+01 8.360221478296792075e-01 1.243428878991479219e-01
3.965751949058200410e+01 7.448218071352056269e-01 7.390214957473968393e-01
4.209955561163840088e+01 8.862253040169316698e-01 4.763477627113947288e-01
5.170943005060676256e+01 7.914723932155293129e-01 4.642098518916384919e-01
5.189121358018938679e+01 4.411452629962508420e-01 4.320161243369755599e-01
4.855380794198406846e+01 9.608871264080046659e-01 3.258531129861715891e-01
4.771299562489839019e+01 7.224467180181427528e-01 4.968819063596467966e-01
3.785344476580494444e+01 9.968165407534951283e-01 5.858156350502387033e-01
5.164036954879867380e+01 6.857570445860006192e-01 3.005723113797429402e-01
3.777698648562159178e+01 9.593934379127690981e-01 5.063424945477218442e-01
3.441950939311940516e+01 8.100197687742558550e-01 6.744631018468514316e-01
3.529132652250775237e+01 8.939420988232404941e-01 5.747563132798000352e-01
5.411894715903103048e+01 4.141626793852842270e-01 3.496312388398208348e-01
4.743369877921976752e+01 8.694968842865523628e-01 3.711083739582319851e-01
4.759530227445493722e+01 5.669863902198788441e-01 5.021364545995131712e-01
4.228982868698503950e+01 9.527986578070521961e-01 3.100889495263346451e-01
4.779866985093253362e+01 9.760064098652984077e-01 2.485206444091125899e-01
3.971907594028120769e+01 6.575440646405144030e-01 6.403534476013174048e-01
3.552852279824156057e+01 8.506671833768407742e-01 8.498742362100891734e-01
3.720661024828618224e+01 8.503879440597321704e-01 7.211896582610755058e-01
4.021096483648856434e+01 8.055121187743286004e-01 6.109615350565514857e-01
3.854253705344840597e+01 7.975966329638656260e-01 5.780471069731420997e-01
5.036469080886882210e+01 8.432403940744984672e-01 1.996232393986573928e-01
4.769061177058490131e+01 7.869154521011394454e-01 4.294479097261650336e-01
4.515971538354576609e+01 8.028179281527013655e-01 3.205876554715286764e-01
3.329999065329602814e+01 7.265540460090792463e-01 7.753541724183666828e-01
4.498939800173903336e+01 7.693522572301209062e-01 2.722868558478974688e-01
3.999240537367983706e+01 7.521766509397346256e-01 6.553586971317348908e-01
4.316652160741422506e+01 5.117134816761627070e-01 6.316959688976866438e-01
3.878663323446789235e+01 9.518757313560423095e-01 4.765468658723525652e-01
4.220887793423871415e+01 6.190864971555819496e-01 6.264625801276081374e-01
4.453123524202440819e+01 9.221005978899027289e-01 3.981089531072192211e-01
3.771061840058313663e+01 6.786086127732130491e-01 6.361515474176877571e-01
4.537809514075047446e+01 4.955565746329434473e-01 7.439793681843455131e-01
3.697361789543221988e+01 9.663930317283129234e-01 5.270866417811536087e-01
3.969728046186573778e+01 8.062448467777458827e-01 5.370659835089647283e-01
3.720147185156883296e+01 9.610990114310896670e-01 5.168692239686508705e-01
3.976053168129151061e+01 8.810422939182388502e-01 5.629434808634636855e-01
4.076368154168808644e+01 7.622696170509107860e-01 6.727004111385048724e-01
5.976507222058092594e+01 2.771168151615454600e-01 4.851371921341298132e-01
3.459753459580178259e+01 9.523027908568245659e-01 6.888597022594077357e-01
4.754705103835292590e+01 9.715794597329340254e-01 3.522201206252166261e-01
3.728889069394931965e+01 9.189391614472003367e-01 6.493003329131508128e-01
5.908790426948446139e+01 6.398538756341718425e-01 3.509168345931886757e-01
5.457730762071714992e+01 5.594496063306642064e-01 2.559377087269467665e-01
3.977638719850355642e+01 5.539584759062495811e-01 6.219029820973228651e-01
4.538127665439169789e+01 6.784240758853909981e-01 4.873708515328135094e-01
4.347729658759760696e+01 9.135502401871921085e-01 4.376759519326179348e-01
3.887816345320281641e+01 8.715233361372838328e-01 5.349803728841316941e-01
3.979350499700341715e+01 8.028325553618663735e-01 6.034447652609487012e-01
4.568041817096358415e+01 6.876209347046972065e-01 4.352164970525569387e-01
4.122063848965198929e+01 7.105367415808891973e-01 5.295001478014799146e-01
4.436925803669333845e+01 6.450526913558227715e-01 6.525382817357562315e-01
4.252243354459895386e+01 6.085571436455660121e-01 8.620796748362307138e-01
4.181553856257669821e+01 7.214567442303847500e-01 5.008838909079020851e-01
4.739860745888810811e+01 7.463516700839640805e-01 4.409679782632595080e-01
4.096099058346350574e+01 7.896566314023705235e-01 6.553693741980453069e-01
3.709780862452274874e+01 8.985313729192162535e-01 6.508477736164358651e-01
3.936975406380408771e+01 8.953488042794855994e-01 5.245026602082409894e-01
4.375118675933121892e+01 6.047271488117001992e-01 3.634334329067870351e-01
4.857905856330047811e+01 4.933179463052447256e-01 7.043933999379718980e-01
3.785291447028861711e+01 9.260509924436177709e-01 6.532885150731972956e-01
4.818963026356133383e+01 5.724749767211767537e-01 4.773654623334622760e-01
3.738566053396602484e+01 7.552740021867992981e-01 8.388224520906625292e-01
4.249264807521828402e+01 9.029857602325145338e-01 4.061565964316671828e-01
4.202102907764913908e+01 9.311738188226246216e-01 4.263310457865724379e-01
4.712220089287435343e+01 9.800486038024022184e-01 2.863906176944520654e-01
5.825506752149271250e+01 4.795591375824846958e-01 4.236341881277501109e-01
4.018397396973573166e+01 9.823202710937379845e-01 6.147682942232244319e-01
3.566932191257293994e+01 8.024797840073009114e-01 6.630276323526400617e-01
3.722653298234632047e+01 8.117221056897664377e-01 7.782294985991470293e-01
4.869125934546540435e+01 4.937988756743605379e-01 4.174815765663563716e-01
3.995831523661203732e+01 9.683015542317476854e-01 4.600132238321574807e-01
4.764636329689472660e+01 5.846564169224963692e-01 5.345648729390739540e-01
4.723613444586730736e+01 7.748416048999093864e-01 1.839877070338903908e-01
5.022808286940003342e+01 4.960853878041821541e-01 5.064829373265825607e-01
4.128885154667982960e+01 6.928310806286230861e-01 5.062193129073073727e-01
3.423864158088872500e+01 8.690493668327716748e-01 1.094631905322491550e+00
5.977929812037097435e+01 6.179005626195870349e-01 2.852769149538744720e-01
4.044384727741309149e+01 9.018605933223438065e-01 7.274567765709102352e-01
3.680343108180687040e+01 9.878402895758950919e-01 5.236298614391475814e-01
5.888079648861563697e+01 4.225670883802142841e-01 4.970128842690570425e-01
4.016646018059203982e+01 9.639163083236160778e-01 5.206315067276039432e-01
3.790912242727661408e+01 7.232305488043208053e-01 7.518257605477033367e-01
5.180409264182485884e+01 7.318638190108018859e-01 4.098199495398135439e-01
4.027057730324700202e+01 8.337276201441189416e-01 7.923572752689734822e-01
4.159484881736069894e+01 8.440770937851626021e-01 5.148887745377510594e-01
3.558199645403325206e+01 7.156002165766752743e-01 7.063319496728063251e-01
4.062961461898797921e+01 8.547282402209415153e-01 4.970336324431832709e-01
3.668561505779943133e+01 8.735133454773996720e-01 6.696603524639884730e-01
3.528154440827978533e+01 9.389339764270647759e-01 5.937782191199832971e-01
4.172776021876917696e+01 6.632989532119066833e-01 5.487042381871413133e-01
4.077402657941193809e+01 6.796822838441373138e-01 7.198352889095388507e-01
3.815488083322778579e+01 7.209078212532558094e-01 7.192070754420938350e-01
4.714256168846186057e+01 4.558467335429456369e-01 5.725151655478404322e-01
4.182969931203262348e+01 8.374717624887364487e-01 6.305753684917075885e-01
3.941091550877536065e+01 9.271291385711041277e-01 3.902462711157370090e-01
3.141628244005308090e+01 9.945799377075672520e-01 6.807125252798146287e-01
3.739264515967744984e+01 9.700542458115665179e-01 5.704949077715040229e-01
3.543276086415504267e+01 8.791455040316953351e-01 7.353654196057600734e-01
4.249749912427762411e+01 5.743698998631036057e-01 5.536192193723136201e-01
3.353044754067519762e+01 8.718337121155057545e-01 7.264564197697651604e-01
3.893100949800930977e+01 8.941713015618799609e-01 4.715695521762034437e-01
3.984589169690546839e+01 5.966640205837145938e-01 6.285189296212134735e-01
3.454912249844817751e+01 8.045467110877038142e-01 7.940940621152632328e-01
4.689192306892746842e+01 9.624868866269963297e-01 2.702318911432115556e-01
3.778194960307425987e+01 7.060340074485115247e-01 6.358564302112679201e-01
5.121176029082317172e+01 6.908119484177444036e-01 6.569968025297393543e-01
4.446261683749891347e+01 8.686024361709029362e-01 4.180251600823561842e-01
3.901479228484284789e+01 9.875125188367903650e-01 4.023119529262757510e-01
4.080593241951262939e+01 8.977632951170769759e-01 4.205680247265497496e-01
4.320675238156435682e+01 6.508465621095599341e-01 5.870250482614894905e-01
3.511065817451251547e+01 9.017500046860382756e-01 6.493280741520269794e-01
3.647017549115017232e+01 9.759451708425140870e-01 5.141395105794976939e-01
4.801979835861341428e+01 6.284184724229130437e-01 5.840568804095397359e-01
3.696136630167443826e+01 6.950786218226120416e-01 8.918116225232011196e-01
4.755349125983268266e+01 8.715179381348244769e-01 5.161926429611017886e-01
4.351938031051720657e+01 5.685532581685986964e-01 8.492891632220432863e-01
3.593013411450647254e+01 9.618260205283754027e-01 6.094250370155085417e-01
3.969854482035589172e+01 7.633884846740153218e-01 6.569871987306057370e-01
4.212109442170131501e+01 6.886462947756718522e-01 6.597260876581201305e-01
4.049032873906524088e+01 5.976600848537712007e-01 7.119095260750799570e-01
3.980933317216016576e+01 9.776516371422523388e-01 4.609943993870495027e-01
3.458533668152565355e+01 9.554993217987082232e-01 7.197575277058648746e-01
3.947339493725613124e+01 8.544324669653248217e-01 5.515851339784787477e-01
3.930426345865060256e+01 8.819494589517269389e-01 5.944939157108005690e-01
3.616128081052416832e+01 9.003878791766469769e-01 7.696289105141226328e-01
4.372126759154426878e+01 5.532338927874441703e-01 6.649891631247516477e-01
3.108299940463932032e+01 8.395819243277672372e-01 8.954506881260482221e-01
4.490004272053914036e+01 5.955558452028038019e-01 8.737290073063512796e-01
4.852330705389668708e+01 8.785654972124968820e-01 2.391075898725785742e-01
3.761401302215587350e+01 7.145120520462120428e-01 8.957908098160354271e-01
3.745833438346766542e+01 9.288625082854184978e-01 6.090696976595519896e-01
3.609305748302502792e+01 9.974347491869189897e-01 6.267381852789710717e-01
3.939426330018469713e+01 6.628799675506700240e-01 6.162266037334604984e-01
4.425621734991339196e+01 6.737824425504143067e-01 5.109182905099004524e-01
4.391196678480827131e+01 5.471264922063613367e-01 7.476503923049769851e-01
4.056108717782539230e+01 6.575373878491390656e-01 8.902516389719672407e-01
3.851190784829749703e+01 9.774416794600411240e-01 3.610889588885529689e-01
4.631093246101718819e+01 8.534543981390914080e-01 3.907714327151551870e-01
3.840456298398553514e+01 6.042753345006428578e-01 8.333590748814755367e-01
4.599847719900905219e+01 7.118831895460081549e-01 5.239734374706855879e-01
4.188870935380344207e+01 7.566975917591417522e-01 4.546917833327712155e-01
4.664421019385547140e+01 8.405046294687523734e-01 4.111968760400016021e-01
3.409593358429540899e+01 8.808808979182767285e-01 5.588492194974677973e-01
4.397513717888669049e+01 6.576905525048423184e-01 5.285923473238460790e-01
3.534732220613607012e+01 8.589100140455404597e-01 6.585323991298628332e-01
3.529233377580587927e+01 9.613763344687915602e-01 5.906845076646167758e-01
3.773448813421936165e+01 8.533100060811951160e-01 6.124310334627657282e-01
3.638685240328226911e+01 9.883061641314486723e-01 4.749450077326851094e-01
4.182556402427950815e+01 9.691241020112305593e-01 3.121265469159164030e-01
5.347440314486584612e+01 7.205361062309371123e-01 3.537001360159472974e-01
4.166280994483239652e+01 6.687947285504638462e-01 7.545351957716170954e-01
3.768218539914068543e+01 9.378608338116080079e-01 4.739701289928884842e-01
4.133095346058326669e+01 7.302479166631541396e-01 5.935962316025329422e-01
3.508860520319681342e+01 9.493023943135147080e-01 5.956377380547568379e-01
3.174253072767898587e+01 7.983004172121204167e-01 7.230554753910934940e-01
3.406593813287035033e+01 9.104782136615454657e-01 7.351436894640089870e-01
4.192133523748017865e+01 9.147061596180798837e-01 4.698582438167773212e-01
4.537795913938698078e+01 7.971331796313435580e-01 4.561669297804925582e-01
4.811525293602279163e+01 4.355244996648922062e-01 5.718980473091990202e-01
4.490836769425175135e+01 6.160086006525894442e-01 6.643612147656692279e-01
4.854409170873552881e+01 6.620678132808311966e-01 5.186456999231550125e-01
4.779107467066071280e+01 6.518453297708988181e-01 4.170386865883317085e-01
4.607122505558378833e+01 8.011905799462158972e-01 2.832324553172420045e-01
3.638970383057389313e+01 9.419069809146928263e-01 4.901699883276210978e-01
4.341176543918596309e+01 7.733909334912195677e-01 4.376829962366046156e-01
4.285691050354230214e+01 8.660317030567085128e-01 5.567339128418553607e-01
4.503785929819464684e+01 6.718579131594556442e-01 5.195978046232979652e-01
3.977754068878193294e+01 8.116066012799807439e-01 5.849782420340181588e-01
3.635290576938434270e+01 7.208524939138164500e-01 7.961519204205579348e-01
3.845279700939222067e+01 8.766087752728394245e-01 6.105619723386789266e-01
4.299119620095808614e+01 4.587187893873987954e-01 6.502304392818136769e-01
3.297916574281466495e+01 7.878884330844853068e-01 7.759510946210068649e-01
4.451187259559338116e+01 5.764713277032110783e-01 4.139721723364738204e-01
5.768078046869578657e+01 5.684220551401689692e-01 4.030623077168425383e-01
3.913387965612790964e+01 9.118428034219219214e-01 5.313598738829369283e-01
3.820236919650622553e+01 8.918032537176615593e-01 6.020771316147007779e-01
3.939381344272442931e+01 8.862656359649015991e-01 4.929384342275735520e-01
5.392678745588966649e+01 7.291864194687297518e-01 2.459661634800854868e-01
4.645239746848978513e+01 4.896741955107081212e-01 4.894437979564881247e-01
3.853889484242753127e+01 9.782979998797411980e-01 4.365325460065682672e-01
4.010018456014935140e+01 7.679432525071999693e-01 6.727051134027343116e-01
3.663300077401267885e+01 9.220095701844874814e-01 5.622358074171410758e-01
3.286236752939061034e+01 9.507212967697457051e-01 5.760807405185626173e-01
4.400683375693056831e+01 8.072550459495906328e-01 4.737983170903974917e-01
4.721904196480801374e+01 6.301133428307883477e-01 4.540241502659994599e-01
4.381516546654764710e+01 7.615213682327861555e-01 3.529829015694326277e-01
4.426075448186590222e+01 8.003940923631134297e-01 4.071240725174264385e-01
3.482157096298662680e+01 9.965714681075719117e-01 6.065807931126485641e-01
4.571584442201750420e+01 8.882435491826953244e-01 4.077997192178142161e-01
3.609434005389351796e+01 8.473243267361917352e-01 6.880602046789976445e-01
4.218979824607787066e+01 8.111343334265449512e-01 5.670540994878013885e-01
5.359002656121541719e+01 4.563993716307366277e-01 6.776983283997717322e-01
4.040909825820703105e+01 8.446677555510042623e-01 4.550372885127167422e-01
3.618071200201926985e+01 9.956936470929552696e-01 6.354152838189125463e-01
3.867482338284788312e+01 8.070685937847565938e-01 6.165039938361479566e-01
3.981504237386067047e+01 6.689403796739611385e-01 5.856474501597638271e-01
4.272564671834737737e+01 8.350888363090280819e-01 2.984891409552360431e-01
4.596959108352733381e+01 6.359206220610845728e-01 4.650838434564459334e-01
3.769066867798323273e+01 8.401434488963271940e-01 5.143888549346451455e-01
4.477162448912785919e+01 4.814148816856827495e-01 5.974667860326938751e-01
4.379502916561977344e+01 9.895621763644285585e-01 3.189596306982180329e-01
3.691937258765487684e+01 8.972734779427121721e-01 6.126559599002786571e-01
5.711708174365357138e+01 3.215784864706026647e-01 3.912770645686592941e-01
3.801543135630204517e+01 8.104442993062431766e-01 6.755434858127106201e-01
3.822733960755284954e+01 7.057362729044394101e-01 7.998274474472970574e-01
3.985357092290786341e+01 7.477066014874548250e-01 8.890509451581990463e-01
4.527039362701270875e+01 5.988535428096729563e-01 6.744549231678914625e-01
3.017062792709550934e+01 9.906057827230122514e-01 8.070145762299104630e-01
5.670040402357643927e+01 6.231002920238539744e-01 2.820736121043946887e-01
3.945569806045605077e+01 8.962079217918762497e-01 3.993519123608020305e-01
4.081579472931520058e+01 7.419160878050651275e-01 5.091078731719647088e-01
4.384898784009444483e+01 8.546383424489830682e-01 3.733366001197365724e-01
4.292415913445021403e+01 7.906686457884507524e-01 6.085387509955678675e-01
4.114829761938953112e+01 9.001437594936574360e-01 3.481157495958328019e-01
4.112755462244464866e+01 6.584034157671465604e-01 4.569197630987615333e-01
4.377067008434663364e+01 6.332798463052923266e-01 8.634371730131521483e-01
4.669638597030889571e+01 7.188026689941646730e-01 4.532369565001623801e-01
4.659654773789169724e+01 6.682378051953046239e-01 6.000560422938202576e-01
3.821762976830072489e+01 6.456441002020150144e-01 6.698426457698296588e-01
3.453301508854531932e+01 8.512684045708678315e-01 7.134296437634657373e-01
3.536298434296593030e+01 8.908263857208544856e-01 5.703663343683680331e-01
4.402555322488012024e+01 8.988699969874122120e-01 4.733995377932923021e-01
3.921154794382977826e+01 7.317335986227810896e-01 5.944500202357839713e-01
3.401412116885477133e+01 8.201023900679539347e-01 9.263826985485831278e-01
3.640973525688955448e+01 9.110855123265965139e-01 6.496168143605172141e-01
4.094385565482094336e+01 6.680952164044898778e-01 8.354245792865131470e-01
5.330364441828977817e+01 6.030020601919624523e-01 2.752421184881176930e-01
4.345070301903625420e+01 7.081009059422697094e-01 4.205539137911402103e-01
4.347032161627041091e+01 6.459761536599287757e-01 7.246276778626065118e-01
3.936870743046674903e+01 9.332427681462001079e-01 4.055739274803827343e-01
4.715128516971221728e+01 4.777405630232823275e-01 6.959633265474756136e-01
4.078638824442051458e+01 7.122970366921069774e-01 5.786374765370976281e-01
4.554920448874633365e+01 8.073449547548362526e-01 4.199727850258372919e-01
4.377066762249910425e+01 8.574852737466892583e-01 3.972529758259279453e-01
3.861022788166663844e+01 9.657653365142322421e-01 5.661367916855716276e-01
4.783878802423608789e+01 7.932528122007759253e-01 3.942386866161028403e-01
4.179759291640854002e+01 8.136571702461006250e-01 5.258826246655586845e-01
4.072599495486987564e+01 8.334870627207298099e-01 5.958775887548932726e-01
5.041386836825545004e+01 7.512888249305462729e-01 3.439804002084906887e-01
5.021965304453700440e+01 7.076735501198246903e-01 2.462484780653663996e-01
4.326171644147695616e+01 6.948183076443875672e-01 5.786635872865734109e-01
4.287304288164123989e+01 5.776644165770563610e-01 6.396488163784578296e-01
4.208151623997711255e+01 9.462305962553417826e-01 4.458525506086433166e-01
4.344551231512243561e+01 6.023598433712145095e-01 5.755126431283259514e-01
3.726518596972840669e+01 6.824925420033075563e-01 6.262429220027883048e-01
3.754894569304892116e+01 8.818853122477112727e-01 3.951206910599410760e-01
3.040965735862880592e+01 9.735926174361436702e-01 7.513441429958275242e-01
3.584270789386991396e+01 9.368778941682474048e-01 5.540239825562673914e-01
4.069754333370971722e+01 9.727065197298123689e-01 4.395369006414512891e-01
5.070987697884358170e+01 4.126086732877513041e-01 6.314444816844632102e-01
4.365403647097767958e+01 7.661708736747122606e-01 4.789459754593508589e-01
4.440131504918983296e+01 5.467962658059379866e-01 7.216822591550136057e-01
4.427744240133052500e+01 9.933953028961698406e-01 3.491013405289737359e-01
3.978180476142032518e+01 7.201051819986427072e-01 6.423251144310594407e-01
4.136448353650499143e+01 7.330346547896589016e-01 4.785755151497529392e-01
3.996221009481802611e+01 8.498470920514301641e-01 6.131858951144455450e-01
3.931739344477468023e+01 9.796990500067841445e-01 4.524204877395615609e-01
3.569362944660459647e+01 6.772830518413246459e-01 8.185363196692870824e-01
6.050519010635056816e+01 4.613983424422026247e-01 3.521418805228160864e-01
4.263661605892809803e+01 8.686479408096310362e-01 4.721212315161386619e-01
4.016257878409737003e+01 6.895909611187305277e-01 6.160710186007111178e-01
3.712182945790195276e+01 8.068801020469217322e-01 6.705899128449542834e-01
4.784850652922088443e+01 6.298239297519429014e-01 4.334927711622635349e-01
3.987285934417968036e+01 9.012542781830203964e-01 5.280733075880904570e-01
4.266249707725508244e+01 6.058672245094771647e-01 5.953072626724101868e-01
4.857922065650725330e+01 7.926302854085516270e-01 3.826092934481859498e-01
4.227703676411908162e+01 7.409342466009374295e-01 6.947822713097144831e-01
4.919989692137663440e+01 8.614144962382960236e-01 3.086836759979080802e-01
3.873217857676961273e+01 6.698958745966422379e-01 8.622566003612531782e-01
4.770529640027071139e+01 9.596216498157323915e-01 2.333592879892185945e-01
5.204771413643027955e+01 7.795378635987573190e-01 2.245691148518791924e-01
3.978838735497784285e+01 4.756793324768409659e-01 6.583638885714109268e-01
4.314863559704535589e+01 6.903925273475023383e-01 5.930749274207256505e-01
4.538396676539013441e+01 6.483873115462435166e-01 5.704715700597086103e-01
4.463854399415701124e+01 8.187956245582885817e-01 4.492449030130217791e-01
4.158804086489998753e+01 6.286289561704145878e-01 7.115588326040693801e-01
4.155600527015484857e+01 7.302479166631541396e-01 5.849659093827457301e-01
4.102058103920450804e+01 9.172791984905042106e-01 3.609927021019798121e-01
3.859640405591228074e+01 8.158228879578158788e-01 7.403571921214221474e-01
5.472285042427657231e+01 7.218797156425154071e-01 1.404922730042244272e-01
5.433272185451993863e+01 2.691370441397716307e-01 4.479564983993427618e-01
3.138407951454200528e+01 9.429901588564840731e-01 7.832310598010404634e-01
4.328371056012492346e+01 7.954203013728817773e-01 4.360365839911090613e-01
3.729819366291366123e+01 6.559812117469614456e-01 6.231372815119843311e-01
3.846078189760961408e+01 5.739031720095728595e-01 7.186078464490176509e-01
5.603516831742278725e+01 4.431558947188577458e-01 5.499123234932064008e-01
3.910861137850077540e+01 8.561575991028946842e-01 5.008235744824661717e-01
3.819229780533424901e+01 9.693408686284772369e-01 4.023356250416598168e-01
3.615048228495069083e+01 9.350565953627090199e-01 4.559603259770192429e-01
3.903962498239165058e+01 8.150915872590582811e-01 5.587504932095777033e-01
4.142197376788854513e+01 9.434331717152769636e-01 5.380680835731814771e-01
3.883950269584965298e+01 8.629013631788730043e-01 6.237377433274907679e-01
3.733788039389538937e+01 8.321400940885405051e-01 8.883540783939057883e-01
5.019517215208341554e+01 6.440156547126445474e-01 4.345239495890289572e-01
3.850278799117612039e+01 8.537595623437744807e-01 4.691837935406609206e-01
3.247439581703909539e+01 8.635225423871052408e-01 4.613811524684715559e-01
4.294733246813733274e+01 6.630110000892586175e-01 5.420200754473730731e-01
4.155363400392151618e+01 5.688816477729793375e-01 6.622914261114304368e-01
4.314233416049928138e+01 3.684380647095967798e-01 4.734730139088855760e-01
4.329651427343474523e+01 6.284964462073585612e-01 6.737156374831692052e-01
4.071806196064967054e+01 8.261417480700874449e-01 4.808342626858284063e-01
3.414302377268488442e+01 8.838571965749892900e-01 7.294415589795438803e-01
4.786573648651069135e+01 7.624708221909972661e-01 3.415238052437020722e-01
4.859283366857236075e+01 8.671519468134568642e-01 1.666516787741783023e-01
4.101773718410323255e+01 8.374553244303282185e-01 4.010231058065172882e-01
3.994170354413331836e+01 8.130669945792977638e-01 5.577920569766847692e-01
4.284602322389326901e+01 6.777135279805670542e-01 4.871472233939977969e-01
4.310357013642357060e+01 9.923006931739466463e-01 4.356417698852651510e-01
3.959915786566160278e+01 8.264826224291652590e-01 4.952370866878986755e-01
4.312480570341672603e+01 8.396841141305259049e-01 4.867624715699350180e-01
3.355468861722864915e+01 9.947481343270604404e-01 6.919578201646841009e-01
4.164783037070691307e+01 6.743779867218827606e-01 6.275183678410318766e-01
4.583186831806716555e+01 4.599890846946185774e-01 7.488416374747745019e-01
5.029712100274544895e+01 7.030233641945310419e-01 4.351873251121423647e-01
4.534225985805665005e+01 9.453058160394889331e-01 3.087169761620402464e-01
4.688055700026093575e+01 6.392500624039167967e-01 3.230258631714887918e-01
4.122218657110202855e+01 7.214567442303847500e-01 5.224876077341888969e-01
3.656577726552180252e+01 9.865969485074292944e-01 4.914196679810160506e-01
3.771597087471393905e+01 7.361836289677163858e-01 8.673501300490483734e-01
3.948456775995412471e+01 9.672807770461372412e-01 4.630056184076483672e-01
4.130089475722636649e+01 9.732913292688000206e-01 5.822357730813393362e-01
4.492441726506636712e+01 8.689949485547405761e-01 4.867085912015018945e-01
3.604316294440876334e+01 8.852378488943188906e-01 7.319784298461774474e-01
3.999218248578367252e+01 6.422602724096870830e-01 6.440356478158059117e-01
4.594224998082619749e+01 4.867671570685097038e-01 6.466560705408131993e-01
4.473031130043624159e+01 7.725325470504031955e-01 3.754619604211907880e-01
4.539226606915817541e+01 5.144266079070731745e-01 6.254995156813986101e-01
3.816720601585274153e+01 7.941851507643031827e-01 5.987678748622207170e-01
3.688731000407742755e+01 9.892167661250943489e-01 7.211742801699423389e-01
3.866784367115932497e+01 8.359326757896030635e-01 6.056243997494958897e-01
3.943543604752767351e+01 8.736741258787223963e-01 7.651523522848999725e-01
3.738349400434906755e+01 8.126452353899091818e-01 7.432051572630401504e-01
4.860664373969826357e+01 7.897175137200300732e-01 2.702419289825685467e-01
3.544519056078983965e+01 6.156983486332697764e-01 8.979382751866007428e-01
4.874520680439428588e+01 6.081201539496697839e-01 4.332499656359879436e-01
4.247373061733784283e+01 8.171333647728034055e-01 5.642677426962802167e-01
3.240790255333194381e+01 8.834129397185879196e-01 6.353210736939656211e-01
3.504765736257461839e+01 8.539080922221736758e-01 6.527915571675401152e-01
2.914236653611824934e+01 8.520573888919928951e-01 1.218208575818564565e+00
4.064701302119067350e+01 7.750535512245443348e-01 6.410920022457019529e-01
3.205523765176315720e+01 9.589371196112089768e-01 9.033505296430570652e-01
3.954366398456317455e+01 6.368133223262680831e-01 7.023820593050497108e-01
5.180318075916409981e+01 8.259862991661954812e-01 2.133100706733569718e-01
3.869291238436337466e+01 8.574820118610224640e-01 4.302961998626528284e-01
3.948790711103588791e+01 9.496520985559508965e-01 7.337947384462670808e-01
3.179397708753662144e+01 9.762335225044873610e-01 6.398366233296699512e-01
4.340858965261931246e+01 7.918233237929577228e-01 3.688293295904377378e-01
3.905497270165111701e+01 7.143583993102802232e-01 4.634293243981609800e-01
3.190440354373813037e+01 8.710427154925314275e-01 7.019524159661515439e-01
3.508193130425063089e+01 9.783895254896128879e-01 6.190334629699834057e-01
4.380452295305985899e+01 8.479044512739540851e-01 5.419132876967295287e-01
4.016881625482038487e+01 7.318938084197512683e-01 7.305369538164721011e-01
4.395165776398979318e+01 8.237883148391451638e-01 3.403869740687769929e-01
4.345785731990228129e+01 8.863891751769706895e-01 4.039642319006070403e-01
3.268749378793462057e+01 9.866213423939916849e-01 8.937494872651305933e-01
3.449181554102696623e+01 9.921465813623896457e-01 5.148565409880238031e-01
3.695476883566476545e+01 9.304103658213199735e-01 5.854411844396741893e-01
3.625009900448753086e+01 9.027799632303917798e-01 6.977797908031162510e-01
4.516962217836014304e+01 6.765508229052393796e-01 5.179404160145041347e-01
4.930264966011113614e+01 4.425921499041963747e-01 5.762060010027156842e-01
4.258661009339591175e+01 9.296921519408930523e-01 4.040011387240433627e-01
4.611623711125503178e+01 8.118435814517596105e-01 3.845018998802360866e-01
4.315014432913535813e+01 9.981247176166928581e-01 2.564112897481283238e-01
4.181496819883750504e+01 8.670766493415458243e-01 3.825305945820488551e-01
4.109792360885806062e+01 6.808417496341871988e-01 7.043136195368903119e-01
3.936134859239848538e+01 9.553393476464852041e-01 6.168319114084296340e-01
4.410024745357141285e+01 8.032469361937892849e-01 3.963203008342541800e-01
4.453133042625176330e+01 8.888255988315200140e-01 4.943552103904998996e-01
4.330474949606166746e+01 9.711357613672738642e-01 3.196742462583774813e-01
3.755527396517955907e+01 9.020966498815240486e-01 6.833260958238889238e-01
4.007590652167974099e+01 8.927006272699880007e-01 3.019241048317466425e-01
3.845775645573869639e+01 9.288826931400002707e-01 4.457242582045918833e-01
4.888819168970575646e+01 8.113667452646720069e-01 6.174947207237998503e-01
3.758433570156237380e+01 6.424818954235438362e-01 9.185001731465147756e-01
3.992741644559420422e+01 6.447621104677226933e-01 7.241206764004411989e-01
5.006280395944943962e+01 4.419188484215502699e-01 5.767519840004302623e-01
5.132948347393791266e+01 6.320032329976814633e-01 2.705365357827322348e-01
3.956254304907344022e+01 9.990306052473277854e-01 4.847269470083230836e-01
3.876423145597861009e+01 8.691957135167497350e-01 4.988616355980106665e-01
3.688998297209266752e+01 9.174813449530966336e-01 5.728547038797049407e-01
4.237033544986012856e+01 7.419662666745531210e-01 4.877253041166723646e-01
3.959022108294348641e+01 7.981963926826736166e-01 5.897609708310277421e-01
4.518865636741231384e+01 7.217919181908569737e-01 4.119729670786489439e-01
4.505382342305491505e+01 7.758341749158547129e-01 4.605761903087363107e-01
3.856228031091539066e+01 4.361328852121982846e-01 5.476254060071109597e-01
4.618317602010262135e+01 7.677869441966761466e-01 2.973599450765239682e-01
3.932897398759147478e+01 8.778520963890357187e-01 4.661940894227457610e-01
3.777028949670769720e+01 8.475692459110403254e-01 5.621753055795928322e-01
3.677635440212269202e+01 8.989268494000662857e-01 5.493003753387124544e-01
3.472592279653847669e+01 7.531695761744926498e-01 7.490453719009155797e-01
3.871656641461446213e+01 7.198570635158266784e-01 7.258252526564620277e-01
5.410074100176149869e+01 7.205361062309371123e-01 3.380280097867710554e-01
4.707291000978717221e+01 8.594678616623979694e-01 3.636186915847245404e-01
4.232706166106248702e+01 6.402128367919501795e-01 7.272133403541511942e-01
4.341290084462383447e+01 6.069958409948662537e-01 8.003226452077703001e-01
4.506611441322106515e+01 6.983625063970919644e-01 5.733655483458816038e-01
4.476513167322249842e+01 8.891704051507144380e-01 3.007842453565833241e-01
5.109363300398797492e+01 7.619988843909852871e-01 2.590849188280693327e-01
5.325005951766944889e+01 7.753402297091358530e-01 2.244485624338719287e-01
5.206862954843001035e+01 8.340329149056648905e-01 3.955465646053649142e-01
3.554302095653472549e+01 9.327306144919215170e-01 6.675688278464708691e-01
4.273258982925407423e+01 7.827744273461657576e-01 4.241379105778933511e-01
3.629317780260362980e+01 7.673755890338324059e-01 7.723234953970057326e-01
5.008391600858281834e+01 8.219591465423770060e-01 3.281122369307125086e-01
4.867209704697787487e+01 6.818874512802181043e-01 3.735733456290796228e-01
4.991547678912044717e+01 7.214103639864674067e-01 3.977003097620901428e-01
3.684112660309519782e+01 9.930254136605027870e-01 6.856865037774250160e-01
4.193858380018520648e+01 8.315705772716389665e-01 3.520085019926117442e-01
4.099223767207641345e+01 7.013959761514300117e-01 4.395313016540023932e-01
4.417966558891578899e+01 8.618482351134324482e-01 3.475318956226903788e-01
3.237814095683165760e+01 9.791874320061073611e-01 8.493391458683410278e-01
4.299762172874903143e+01 8.940020523964798960e-01 4.866252583860890546e-01
4.135023589730661087e+01 6.676118582591142880e-01 6.030017256323384478e-01
3.974579142317264058e+01 7.988794800013003794e-01 5.618041926958726728e-01
4.515705333382009456e+01 5.302551250034740482e-01 7.512768262261136920e-01
4.640946763766672944e+01 7.719010511204186242e-01 3.937681772343067932e-01
4.372587534577749580e+01 6.593442919744290087e-01 5.642107431759741942e-01
4.013284493246145956e+01 6.494007711831867313e-01 6.178898334542201054e-01
3.913032688672529957e+01 6.499840996435284346e-01 8.515539678868422335e-01
3.086986851240777696e+01 9.691705939622490273e-01 7.530072391049491554e-01
4.152772799435014406e+01 5.872227300983610121e-01 7.000679248706226376e-01
4.129384888000276987e+01 6.184120342031041995e-01 7.607534798807619181e-01
3.952690037468345707e+01 9.424129395520827179e-01 5.103704642636014421e-01
4.987457712616885175e+01 5.718282710880294717e-01 6.655271629085415253e-01
4.194601344219975658e+01 7.535329958582260845e-01 5.462606351894490064e-01
3.975585094751110660e+01 9.359512601710469060e-01 5.178417812463045333e-01
5.394156307293701502e+01 6.144160291419192843e-01 3.944701703386123137e-01
3.771763757885392465e+01 8.687613484651885987e-01 5.411465116643487949e-01
5.306342876272972831e+01 5.093081108139797530e-01 5.857214182315065854e-01
4.150571831838504977e+01 6.099237170806902641e-01 8.196340683703332575e-01
4.340074044963493805e+01 9.836977269650448719e-01 3.548323450810971780e-01
3.515813442248200715e+01 9.718635303240316103e-01 5.725515725105897458e-01
4.260766389121300790e+01 6.032563613299168903e-01 7.716751929257709142e-01
3.773808329936903050e+01 7.861277742778682853e-01 7.205754535692404650e-01
5.359589839196772942e+01 4.798210164936683175e-01 4.740266521094343988e-01
3.159410192340779844e+01 8.135042996166074181e-01 9.431209447784697497e-01
3.828464813592954386e+01 9.925043071374594073e-01 4.333784411833565553e-01
5.143591487377399574e+01 7.724537807580788007e-01 3.827399704473830599e-01
4.575085429903145950e+01 6.319164064835092187e-01 5.092151688075603477e-01
4.468609886711269041e+01 9.023582365853309861e-01 3.401945805181384452e-01
4.548009871253386649e+01 5.805426764700496456e-01 6.051643354080488146e-01
4.788360820997163358e+01 5.593092242969748273e-01 6.448972897211967537e-01
4.196552076596031355e+01 5.973292154361928841e-01 5.998363429777084921e-01
4.465024947058308413e+01 8.790095216188120730e-01 3.491179824445221347e-01
4.661332215095056597e+01 8.593559827978282106e-01 4.547344605014059238e-01
3.500699160157156342e+01 8.584626497284563174e-01 6.163643511059626601e-01
4.120773651830239004e+01 9.777580196837194482e-01 4.578981648297258955e-01
3.599920051137664245e+01 9.330994764064604041e-01 5.193287196379872128e-01
4.095409975964928861e+01 6.300773070675174115e-01 7.525378474837167708e-01
3.774828368294599557e+01 9.065144486125512602e-01 4.767278935522153982e-01
3.105883347118280113e+01 8.379010296609412656e-01 6.867352699362786472e-01
3.363633085536483236e+01 9.138845690960566426e-01 6.275394053989460375e-01
4.438108670233944508e+01 8.852965362295625029e-01 4.349429454977847276e-01
4.692199548306940216e+01 7.410589755465507578e-01 4.352394441060266628e-01
3.497562452072434525e+01 9.068422918282335043e-01 7.649109628966569430e-01
4.397651142195901031e+01 4.039919895393670468e-01 6.328143602961348035e-01
3.652575460051343725e+01 9.321772594771511322e-01 4.876557313719240838e-01
3.322022912347977552e+01 8.804334243144675831e-01 8.072393954647540948e-01
3.467295527382049158e+01 9.556941702879175882e-01 6.929117333157889247e-01
5.210318001754436068e+01 5.180924541351676904e-01 3.190179100317221406e-01
3.483289273121948071e+01 8.126627956602848757e-01 6.857521751118662579e-01
4.620962180472214698e+01 9.581048309825704878e-01 4.223557352189608038e-01
4.205637102939188310e+01 8.607315725303228415e-01 5.182426534245196947e-01
4.191425928906342335e+01 8.074667016546407394e-01 4.644859984610634207e-01
3.892926710547698121e+01 9.176249791702373315e-01 6.290910373801311684e-01
4.481879646607122680e+01 8.079413820244646383e-01 4.803409751156418328e-01
3.836774141364027457e+01 8.939560501801601111e-01 5.421329967425826402e-01
4.384369210786017135e+01 9.510468100242452927e-01 4.667723706272678963e-01
3.730825345996967712e+01 7.507915232642499159e-01 7.512710745246951038e-01
3.806235110184358206e+01 8.234556350219708332e-01 6.518914750837777605e-01
4.438566279656934199e+01 7.799083893279178392e-01 4.808160221817173730e-01
4.667058277047629389e+01 6.264096801485929955e-01 6.420305236748372613e-01
4.829584478074777820e+01 6.721424132187204803e-01 4.061226929504145322e-01
3.296009298439996371e+01 8.671066677215812923e-01 6.035267895737611576e-01
3.150020048677856366e+01 9.472417574746724300e-01 8.107564704028675795e-01
4.173366204660840140e+01 8.002173314091728384e-01 5.659316749421343662e-01
3.788297480702826903e+01 8.733703772589785919e-01 5.990553855800582195e-01
3.752040385434152370e+01 9.057274609579908375e-01 4.365378795595376005e-01
6.267463445727109672e+01 5.636189171712489010e-01 2.073347633922277833e-01
4.661403978663771142e+01 4.887868049490016742e-01 5.265856728603238723e-01
4.651462968900017358e+01 6.853045969022470985e-01 5.068279940241336989e-01
4.534693406412982597e+01 7.244265879598752456e-01 4.705828989596223533e-01
4.020733175625586142e+01 6.355363926340114045e-01 5.583632818986129509e-01
4.078664827522694480e+01 7.231140822908117549e-01 5.536746068836166934e-01
5.263773472508743367e+01 7.187202324918543495e-01 2.744822990057254608e-01
3.326076015927488783e+01 8.571835415915294298e-01 7.697662348746513450e-01
4.029629269113558365e+01 5.527929154679749324e-01 8.586766904933331723e-01
4.090217371906528143e+01 6.953747472856441902e-01 7.632609575508416677e-01
5.175819110672323831e+01 8.678232951961660779e-01 2.782951848873068124e-01
4.497038163698281465e+01 7.652383706906541461e-01 3.540721355899643097e-01
5.087851516864190415e+01 9.205102982879179718e-01 4.195512669509247061e-01
4.194611011199050665e+01 5.630981617299898323e-01 7.392948846613233149e-01
4.003504028418851135e+01 8.452561281518101710e-01 8.223840423642934105e-01
4.060317199847599312e+01 7.882590382000160822e-01 5.734236074941979622e-01
4.184663765195571017e+01 6.167398925392915121e-01 6.952560830200179565e-01
5.192082706655082092e+01 5.195107318414540210e-01 3.421791223660672898e-01
4.118695045744024696e+01 8.974628709252627790e-01 3.302894084857393442e-01
4.265165567475228414e+01 7.625305408476045210e-01 4.680369254904875320e-01
4.645659703954177644e+01 7.536454749169489986e-01 3.861192660756288531e-01
4.350702088281609292e+01 9.764398764815993559e-01 4.389867465174205896e-01
4.670438699784209291e+01 7.888962828739418676e-01 3.056132413290820193e-01
5.615776888836943215e+01 6.819001736606515873e-01 1.927847824674238653e-01
4.888557032214464471e+01 6.500328529701605573e-01 3.460264555160886824e-01
4.379855670582933413e+01 8.440302831412002105e-01 4.534599652861484032e-01
4.987741321181825072e+01 4.428944432048587121e-01 6.657676756456800682e-01
4.432524650593355631e+01 6.698736548500288102e-01 4.647652583584765962e-01
4.624051714466773433e+01 7.052926183968477591e-01 2.459058464852151293e-01
4.505744823235435348e+01 8.187515863949105244e-01 3.937045144196443802e-01
4.330540962642826486e+01 8.537330555951725408e-01 5.305553768851438701e-01
4.777604538263216938e+01 7.303153497514472958e-01 3.678131529550600076e-01
5.610586587406406522e+01 3.275218652882495030e-01 5.166939740949223481e-01
3.791983723442103837e+01 8.036093184264648803e-01 5.896275435375147866e-01
3.383560944686394834e+01 9.902042324342335000e-01 7.553218729270230192e-01
3.836159474281618031e+01 5.195496319052980150e-01 8.356639275175804515e-01
4.445321994064236293e+01 7.205441815424632468e-01 4.601074540460760032e-01
4.977967948214582350e+01 7.971252388171484737e-01 4.174615773753145853e-01
3.461259562544914559e+01 9.690784469304000170e-01 5.580385124410964792e-01
4.437396590058455104e+01 8.071249395036832475e-01 5.278669513537190827e-01
4.218368703893410299e+01 9.570779314154269635e-01 6.111344875395061660e-01
4.044118970653379819e+01 7.731867141464050519e-01 6.011703777729929810e-01
3.974812834759963920e+01 7.102306473315415092e-01 7.716737347773170441e-01
3.753811445071292496e+01 7.371057216686558444e-01 6.445429106742884828e-01
3.764533408517620217e+01 8.274653343301309194e-01 7.297729873419238622e-01
5.791170269564621265e+01 5.419126682165890108e-01 3.979117903933810929e-01
5.167098936321351488e+01 7.378245420012244926e-01 4.180190451736139901e-01
3.946340497345244103e+01 8.643190342656053016e-01 4.868586742444668825e-01
4.040012700832086523e+01 6.614073446836785664e-01 7.992010268935313411e-01
4.293617486897097280e+01 9.481790747444576173e-01 2.652735872673231965e-01
4.681612511514827446e+01 6.588325211403394110e-01 6.054141775967006867e-01
5.654904880826913427e+01 4.490778122201303235e-01 3.096820116480909491e-01
3.861463506112498578e+01 9.527025338006244182e-01 5.073508504706364386e-01
4.763700447328534437e+01 5.855708974396734989e-01 7.525933446722060660e-01
4.150064362164928866e+01 9.043682609916894322e-01 3.887012578748438307e-01
5.120821055846524672e+01 5.393764380122417768e-01 3.010684863501081332e-01
3.448611173373390670e+01 7.382767776329869358e-01 6.710040970965860385e-01
4.424427440080185647e+01 8.273237050993843544e-01 4.834395159345297732e-01
4.146463033032502210e+01 9.163649882220969989e-01 5.654946995277158051e-01
4.517766973044410150e+01 6.939926977857944213e-01 4.931204819212550716e-01
3.790959222189631816e+01 9.269093108913120105e-01 6.076081125662784466e-01
3.911421875669755366e+01 8.065849735006083154e-01 6.550120917068160686e-01
4.255549022862928155e+01 4.727073400129592207e-01 5.391967910155550658e-01
4.757306504487682020e+01 8.029874564098186118e-01 4.800405425544997939e-01
4.800912720700560499e+01 7.027607132866144912e-01 4.661455247144914993e-01
4.281787014883011722e+01 7.209847989595891127e-01 8.070503210705362029e-01
4.315068600067249349e+01 9.516912430340059847e-01 3.746874614942515835e-01
4.348018792382253395e+01 6.281085644953267044e-01 5.973944068890743031e-01
4.242186965527366738e+01 7.905104049690230283e-01 7.684800931604773844e-01
3.237123320296218054e+01 7.150416026168473493e-01 8.698207640251796047e-01
4.380541980031357951e+01 7.924549845830678452e-01 5.794219371801277996e-01
3.923982067155836262e+01 6.122187130667972044e-01 6.394014523778716041e-01
3.457083693274466185e+01 9.638510262766496473e-01 7.243758696375643957e-01
4.056936506219602023e+01 8.134051346345012590e-01 6.579851544849156797e-01
3.814802873477887601e+01 7.897658726974851051e-01 1.025640709700695208e+00
3.590612760861777986e+01 8.558365620395309570e-01 8.648699389106209168e-01
4.429522793544850146e+01 7.252561808734034887e-01 4.569767446292417601e-01
5.288919066607422081e+01 4.794314783627428023e-01 8.190853705332626911e-01
5.575148853150409423e+01 8.118553708431553995e-01 2.426112705645995793e-01
4.524551308141140993e+01 6.919154826132506431e-01 3.290608704513811600e-01
4.396860529526304617e+01 7.426169556907491476e-01 6.666868896088231633e-01
4.587949664053975596e+01 7.269836097532478281e-01 4.192562204892130162e-01
3.611531302431230017e+01 8.662154906392856013e-01 5.362572093075879121e-01
5.772602115646802190e+01 6.664729991033215839e-01 3.607750963310324965e-01
3.923753081914913565e+01 8.610860834915013973e-01 8.121341102661638889e-01
4.665511394524310873e+01 7.303700901946178492e-01 5.606314901610857104e-01
3.969131391846757850e+01 7.930962039213459436e-01 8.723765394277291918e-01
4.645827526241961181e+01 6.094049612439765840e-01 6.747216628366032865e-01
4.330011076987630503e+01 6.113977685859949274e-01 7.627630424701115075e-01
4.578904906777505346e+01 7.761291891303998547e-01 4.186652992913191818e-01
3.872914137511893529e+01 8.210865498565802501e-01 6.093103742300202130e-01
5.758267529351940794e+01 5.732969340988081086e-01 3.541000240531610999e-01
4.500769220027043360e+01 7.557959965913674250e-01 6.650296057514745174e-01
4.296438522037660590e+01 5.826497263118758374e-01 8.279861237896138926e-01
5.366962088109349338e+01 6.008938937410837067e-01 3.423550384232217358e-01
4.381832515070089329e+01 6.975996046982344545e-01 6.858623816848097299e-01
5.747045012705270750e+01 3.498286463633705767e-01 6.150863582031966814e-01
4.987082671148986890e+01 5.937254946569560099e-01 5.864831248480490977e-01
4.116595605438814687e+01 9.679495530927848534e-01 4.703900941843355832e-01
4.855812140971759305e+01 7.970903368311154091e-01 3.463825638632800907e-01
4.653916446913591187e+01 9.440260619172443635e-01 3.121676913752687299e-01
5.624270723094177526e+01 7.637861719383330916e-01 3.684683008583407027e-01
4.373065922394741989e+01 7.924027489643501454e-01 5.221086116979787306e-01
4.154507860307680289e+01 6.166555442168729639e-01 1.129234845001563237e+00
3.887163674604384056e+01 8.719416892677349651e-01 5.866560855911745476e-01
5.184291965002859826e+01 8.511336623610179508e-01 3.473636413909313436e-01
4.268131975931081001e+01 6.308516243437494175e-01 7.012133506991740095e-01
3.634752427367598671e+01 8.584928746204171235e-01 7.249803460591787152e-01
3.851530342652640826e+01 9.138175359575025913e-01 5.341113724500877735e-01
3.703528656374563610e+01 8.333340594524047962e-01 7.477298545696372534e-01
4.233906656827638670e+01 8.013088164754010867e-01 7.500213161410834717e-01
3.510959524995978853e+01 7.781743213657366098e-01 7.482192136655372305e-01
4.364404808068584884e+01 6.588293762639797491e-01 5.748495848261354624e-01
4.171022025541871869e+01 7.987233739104012686e-01 6.497561168131310572e-01
2.875131104438490581e+01 9.825786560824619764e-01 9.324957708615916330e-01
3.544380112831463236e+01 9.545113226138167706e-01 7.061534901709763945e-01
4.045036857201071712e+01 8.736203660712678065e-01 5.787037857594896639e-01
6.509927537147635235e+01 6.280783032004824129e-01 2.858035595996173961e-01
4.737998272030141322e+01 6.339757739839558814e-01 6.239259193953229365e-01
3.462350635338070504e+01 9.537070280399435607e-01 6.891887668185101568e-01
4.412933150587647191e+01 9.124857147693131720e-01 5.075007875689486747e-01
3.749702860856965714e+01 7.410231965067053395e-01 9.774670620981894542e-01
5.981703640655751286e+01 5.482324910218207004e-01 2.303367806421791619e-01
4.677606167752420419e+01 8.882612857862858258e-01 3.325853815938273894e-01
4.173640989249972222e+01 9.144542030067356331e-01 6.661073192233596396e-01
4.966792405816271128e+01 6.759851976321320510e-01 4.218497015760385160e-01
4.357101888305172821e+01 7.520279627764212549e-01 4.169921563164446510e-01
4.364881789152082092e+01 9.616547624268280137e-01 5.265220278266380394e-01
4.131435109064223354e+01 7.374603329926757711e-01 5.598221271493346585e-01
3.858325138181517389e+01 8.443347940437132548e-01 7.783213322539855872e-01
3.500778860840655682e+01 8.645162939420900639e-01 7.813341395984404469e-01
4.381036334422026357e+01 7.355014757016927751e-01 7.049303703128051435e-01
4.286956594517610597e+01 9.850790943195779636e-01 4.876446633856401647e-01
4.524390202406058847e+01 8.494663454698941907e-01 4.644632986068298885e-01
4.310947453000027707e+01 6.780436887161325199e-01 4.686574979228724236e-01
3.743180783730079497e+01 9.393105537342776312e-01 6.284132806233014845e-01
4.304584226979765305e+01 9.322083249385515469e-01 3.561020977154272238e-01
3.598907606378968893e+01 7.537346618155859046e-01 7.484037347463398104e-01
4.402264988822740577e+01 9.415025909163340367e-01 4.108618894522639842e-01
4.450849272531753797e+01 6.653884325513717002e-01 7.957329962453764116e-01
3.081255053130931643e+01 9.639442035739476111e-01 9.242472621587469739e-01
4.632376330894673089e+01 8.637373144661190105e-01 6.449054773855877887e-01
4.696775793128350074e+01 9.328335550705779688e-01 2.658151382695845277e-01
3.415552539782553509e+01 9.849084971525503551e-01 7.765048346720196948e-01
3.444827458288554567e+01 8.460454879100336445e-01 7.382914739581735164e-01
4.171780789828208924e+01 9.362077891801535712e-01 4.493712648427505840e-01
3.486432490321153921e+01 8.564656902743326139e-01 8.842781032581698009e-01
4.439807714105005942e+01 9.124591370942050084e-01 5.693878538621783836e-01
3.839877889251336995e+01 8.811992901568028724e-01 9.199979823935054979e-01
3.542482403912755018e+01 9.884287544273792081e-01 5.614965070511702683e-01
4.550414716449630959e+01 5.871988387811445387e-01 4.211584224669609466e-01
4.461936566363959145e+01 6.787862078514108610e-01 6.743944672633850335e-01
4.254972908948363397e+01 9.015618939820162492e-01 4.747036548232342335e-01
3.755769678452156057e+01 9.810812829358731557e-01 4.206548741825274496e-01
4.368000557190580935e+01 8.156602875049107082e-01 4.857126080986557959e-01
4.233408532421224635e+01 7.704784075995915194e-01 6.645986433937743909e-01
5.153546993773447582e+01 6.633431708562670392e-01 3.426463188091728451e-01
4.265612805631889159e+01 8.132246349463886359e-01 5.110240881427585702e-01
3.778815940698851961e+01 8.194289697752106250e-01 7.148794759242900199e-01
5.755148501511524017e+01 4.677459907231967806e-01 3.818366108035820550e-01
3.855410303686075224e+01 7.052282751494586277e-01 6.278430583638915374e-01
3.621860262316659629e+01 8.639828372669473566e-01 6.036930967305705886e-01
3.989864096778187275e+01 7.467478703720621391e-01 6.023206417387440004e-01
4.253809590626589454e+01 6.493947842012072202e-01 7.944703300355302478e-01
4.843941871626198292e+01 6.266867895450363157e-01 5.052347640068165502e-01
3.829151787697528420e+01 7.408190898679160030e-01 1.020248929502887814e+00
4.229414065919407761e+01 9.649068144201128350e-01 2.169593281193949730e-01
5.057189670094565770e+01 6.443649116893629403e-01 6.613948750399327725e-01
4.142836425709020887e+01 7.623585927192363387e-01 7.959134359804370673e-01
5.300521131712128664e+01 7.706854568804385464e-01 2.831512281516137541e-01
4.936826196627753660e+01 7.115819881309587425e-01 3.683908306544295130e-01
4.810532216589866294e+01 8.971600748887982313e-01 2.583753995293330830e-01
3.717505668336796276e+01 9.846547675098228369e-01 4.674668949303031895e-01
4.947524125464531863e+01 4.490778122201303235e-01 4.969360456235524248e-01
4.286403451213935512e+01 8.165092404689923145e-01 6.356640432468878554e-01
4.357742811173562103e+01 8.819954258405533487e-01 6.599800661599642959e-01
4.937970969522564246e+01 6.469943320274958998e-01 2.580692835868669821e-01
4.926872759904538412e+01 8.644371899976498463e-01 3.822868849838037542e-01
3.502346938972304002e+01 8.161605170153142241e-01 6.595751938000575798e-01
4.031462583620417917e+01 8.109606252282914873e-01 9.773763081390355323e-01
3.950895415233857477e+01 8.279140091373393684e-01 6.626116891558327948e-01
4.431110977791228578e+01 8.300507625237149023e-01 6.210950337291323287e-01
4.373529930528614074e+01 6.499144269919863159e-01 5.508363970839923462e-01
3.877024169295218314e+01 8.319640050640333406e-01 7.258159371279656602e-01
4.079579508635498541e+01 6.130467976765151539e-01 6.145475988536507339e-01
4.118080039293482031e+01 8.498272065249975471e-01 5.931366892824109227e-01
3.857452023514969142e+01 8.222255539008500591e-01 7.617951587139494274e-01
4.409224247101096239e+01 9.062074041949114145e-01 4.389533950720215238e-01
4.098431772544049068e+01 7.826719458098925220e-01 6.194334731794454152e-01
4.508798461040593253e+01 6.173825430842900808e-01 6.816211382067668412e-01
4.036951848021895017e+01 8.713220536383935455e-01 7.054266335560858137e-01
4.982973355258804560e+01 7.955932956190836514e-01 4.684615947780751966e-01
4.706005198099366993e+01 8.939849409294364779e-01 5.034783435550729269e-01
4.019223618474775606e+01 5.343726294362677320e-01 8.100273312885977184e-01
4.068486105625522953e+01 8.600361133098254340e-01 7.683127367824400533e-01
3.800974605175252208e+01 8.322460052668643193e-01 5.612298203519281437e-01
4.920602270954385915e+01 7.214015624815509620e-01 5.008889549139627917e-01
4.010605450930624016e+01 7.125393706639544522e-01 6.279349289980655779e-01
3.836540137952900409e+01 6.010721877102673805e-01 7.487140910194653998e-01
3.618814225760092285e+01 7.691959102720885566e-01 6.260497314597712748e-01
5.923750396076147950e+01 6.156356673149006031e-01 3.021436901037253819e-01
4.613052258032489306e+01 7.135803542278493783e-01 4.978021954919154002e-01
3.571340829224877211e+01 9.878196489427392146e-01 6.705676061992927872e-01
5.621146480895950504e+01 4.185318192898054845e-01 6.847967816150033471e-01
3.663438909940711596e+01 9.126769162733936458e-01 8.097866957763191209e-01
4.709252343124545348e+01 8.668225634769004539e-01 2.372823275242147423e-01
4.375210931259431391e+01 5.263659092621093549e-01 8.969816382340410899e-01
4.897208488007398586e+01 7.471870544851225704e-01 4.891659029545044612e-01
4.558485754391125511e+01 5.418174501109491725e-01 9.302132273911773996e-01
4.543539636392261372e+01 8.684466342033957398e-01 3.462089008772836207e-01
3.801020494654418513e+01 7.588367167127045843e-01 7.536910704308217301e-01
3.706213398586439922e+01 7.729873062862978594e-01 7.984907999475355789e-01
3.966644343648027871e+01 8.002142643700366209e-01 6.669048261380259301e-01
4.105994882287639314e+01 8.005835259410279958e-01 7.537227654770273233e-01
4.184163518495157064e+01 7.932327329235900892e-01 6.822316022992082063e-01
4.421015307944195172e+01 9.502804065621546226e-01 4.756771794652989160e-01
4.201619341619260695e+01 8.929581647680262524e-01 5.684964924643068906e-01
3.633582052815346231e+01 7.822909195971212704e-01 6.651464621012305178e-01
4.515030492806850049e+01 8.387897118383539352e-01 5.280180080713218205e-01
4.718977294218204577e+01 4.713087069748260194e-01 5.291465820022511757e-01
3.394213672202115362e+01 9.650833795485167510e-01 9.113134370798366968e-01
4.505110537636556245e+01 9.775857098291643732e-01 3.359826689530064914e-01
4.522287385744559174e+01 7.889885100740005042e-01 4.197928951264295883e-01
5.149207863830586973e+01 6.567177046109948790e-01 4.016426197700411205e-01
3.785583261128096666e+01 6.989504671056500085e-01 8.622891147028050041e-01
4.353425033045266446e+01 7.301838256631546509e-01 4.541094774685597302e-01
3.802069304656569670e+01 8.187461964177198404e-01 6.642915720263457002e-01
4.379986115546269332e+01 9.730908142598896360e-01 4.464611377449178575e-01
5.148426766351135342e+01 6.924269315606014219e-01 3.639275294531938432e-01
5.439318727877235204e+01 9.031267625935304189e-01 2.820986871496669046e-01
4.542418312349282417e+01 7.593062111519790491e-01 6.017824426735726151e-01
4.333119478192048746e+01 9.062083885241084547e-01 5.718633733224115501e-01
4.132465746315117627e+01 8.316492382771997205e-01 5.453031415189008024e-01
4.798456750628197653e+01 7.396718271095882313e-01 6.949516110435366434e-01
3.590079630140595413e+01 8.560847230124738472e-01 7.427034619159645912e-01
5.289160040949232666e+01 5.745563172889841530e-01 3.769688463979499748e-01
4.275339416698835038e+01 7.680604675710029916e-01 6.035439369381256913e-01
5.350459840921719490e+01 6.788168123038285096e-01 3.840404414145278111e-01
4.197196036014815945e+01 8.711914386957555489e-01 6.355736403768410536e-01
3.575952516533952519e+01 7.887863219191310060e-01 9.519919986984886062e-01
4.151345833689805431e+01 7.873398030538839576e-01 3.427831414964025991e-01
3.492073908704388430e+01 8.908057266529026963e-01 7.958389953798856720e-01
4.205054084736215714e+01 8.584357097465666886e-01 4.441867042908564933e-01
4.773845767996601097e+01 9.143992882512379516e-01 3.745450353654304898e-01
4.918153910626219272e+01 7.680490105572376214e-01 3.539778382316047245e-01
3.324556290083890531e+01 9.125990855648750122e-01 1.038952091206418071e+00
4.364902597796250205e+01 8.404987599849410573e-01 6.890760411749620173e-01
5.040448961527039273e+01 6.007780850442278053e-01 6.659841938873589662e-01
3.631384284104371574e+01 9.885750695903348095e-01 5.721921596100369989e-01
4.201067797551390015e+01 7.303834861753114582e-01 5.751452532751115676e-01
4.082956130832922526e+01 9.182519762580714229e-01 3.783349170719483845e-01
4.908780938372920133e+01 5.579285113555969566e-01 3.882163790871346332e-01
5.072468746729738598e+01 6.606304496335254628e-01 3.677352875703476243e-01
6.521288303515107998e+01 5.324209551357923509e-01 4.458081227474373631e-01
4.395461905928896584e+01 6.286815626833859305e-01 7.439249535209140340e-01
4.011710403954974424e+01 8.015824607251902378e-01 6.116882449006822986e-01
4.257089814384764992e+01 8.232953545488300717e-01 5.245137131169345102e-01
4.563686062159314361e+01 9.958523345231682367e-01 4.404149212861702134e-01
3.460394708974214240e+01 8.796797100091733324e-01 7.946138583251068921e-01
4.418000772785969588e+01 7.031779168499766586e-01 6.935978477164657097e-01
4.966454827470223421e+01 5.562598427861110695e-01 6.810928096677744126e-01
4.874903161258576745e+01 7.319101021420845177e-01 3.385923543792568879e-01
4.063977221887279967e+01 8.965087267075390054e-01 6.049210278228537296e-01
3.720389658736997518e+01 8.338569907833397465e-01 9.719642491670067441e-01
4.026009490355579601e+01 9.423911576612760133e-01 5.990678649471847805e-01
4.090132257388798109e+01 8.772327651224234302e-01 5.278550195317004423e-01
4.243930355179298175e+01 9.268849907671106170e-01 5.382783772671475564e-01
4.086251399456705258e+01 7.863889785568114466e-01 6.481428433148843649e-01
5.367576954718781934e+01 6.738639140407769457e-01 4.063749553443520846e-01
4.375933334391919516e+01 6.767801995901734369e-01 6.828615605551303647e-01
4.870454022547464490e+01 7.890101373158422415e-01 4.065346409772497838e-01
4.231252489332697309e+01 8.870284085031165944e-01 5.824848828758969477e-01
4.320717042601146574e+01 9.808446787576048376e-01 5.333320221338955225e-01
3.649423272304625243e+01 6.360151147778211334e-01 6.308636340342816951e-01
3.541093154421445632e+01 9.949291971196554396e-01 8.553216799159311101e-01
3.923290596457844970e+01 6.228426780004312491e-01 5.385418825334407078e-01
3.721758616195387503e+01 8.997794420752414091e-01 7.531663315312259188e-01
5.069400087113189812e+01 7.678323859917649541e-01 4.925149070860982414e-01
3.707787657444809071e+01 8.756848979782827502e-01 7.176068557250693258e-01
4.689034002226276954e+01 9.174967485829683689e-01 2.772690275132247972e-01
4.312624143142585353e+01 6.902609542638072915e-01 7.120241771451519819e-01
4.169072955483246545e+01 7.572869160889619256e-01 7.467733900943159808e-01
4.096678259852275517e+01 9.615748456461710170e-01 4.802329388246043274e-01
4.519149666321985137e+01 7.932448717032504204e-01 5.023554653647234192e-01
4.040292861427344917e+01 9.398135789191931488e-01 6.036972868622622057e-01
4.073498169513364786e+01 7.771250092167205636e-01 8.248444925379779802e-01
3.942176247537731371e+01 9.457381756731282341e-01 5.474395909645621838e-01
4.810308028153365711e+01 9.362077891801535712e-01 2.569796288744490842e-01
3.881261711524969371e+01 7.404708477962357316e-01 7.138879556221353617e-01
4.048050217271200069e+01 8.761971914346204926e-01 5.894010337493190699e-01
3.926749078454913189e+01 6.550501037696317974e-01 7.149666722911085515e-01
3.349746810996481372e+01 9.678600309970724069e-01 7.335638565090643048e-01
3.997257454884201877e+01 6.358615214270336713e-01 6.594687169561268547e-01
5.133256964984568071e+01 5.945554176637376509e-01 3.470826898338973954e-01
3.535339989944144179e+01 9.870657378661266135e-01 6.784170452850135646e-01
3.684706769408181515e+01 9.681586870543700263e-01 7.089781342387264651e-01
4.177522177503355749e+01 9.819974045009658425e-01 4.501296324943649951e-01
4.168729700488064793e+01 9.533135038077348300e-01 4.799521780646245350e-01
5.513310838981102791e+01 5.814036032888477701e-01 4.804008767821216774e-01
4.328971679508332926e+01 9.020652363831546117e-01 6.615994126385587037e-01
4.093989627068983594e+01 5.430555997503550003e-01 6.611423622166908709e-01
4.470287588356256947e+01 8.015824607251902378e-01 4.463558266007305875e-01
3.918062325967042625e+01 7.967539374293870491e-01 7.204439437640285382e-01
3.088066178583395427e+01 9.069627466610311606e-01 9.253912177256251592e-01
3.778078351630833254e+01 9.855770126956105992e-01 3.815924960229722940e-01
4.365086403643380208e+01 8.009904048768956564e-01 8.150709670688321973e-01
3.652352144877039564e+01 9.878553700363683632e-01 7.325298462459822746e-01
4.607007705755270166e+01 5.369613978103596752e-01 9.678162874949581829e-01
4.584643080947232363e+01 8.859331042636685583e-01 3.585060581669488600e-01
3.997198921201935207e+01 7.864973413607622144e-01 6.169589073281648295e-01
3.662291787722146807e+01 9.073805854826435535e-01 9.446291865317426595e-01
4.266359479540946609e+01 7.038396989246124003e-01 7.574646337131372142e-01
3.986818337540439927e+01 9.523847767855350144e-01 4.372656376249736687e-01
4.545088345142585950e+01 4.954467658265224728e-01 7.310319849796402814e-01
3.483832255279425283e+01 8.624643675185166281e-01 6.897077897706799243e-01
4.405889161498183881e+01 9.034813358451163623e-01 4.470159294320751875e-01
4.375023064933941441e+01 6.675423768074471020e-01 7.751638070774981015e-01
4.600256319685122719e+01 5.479803933392495274e-01 5.850562214974790454e-01
5.124469942761628261e+01 5.515244099044962489e-01 4.016808138656147720e-01
4.549605199535512412e+01 7.965331786695325489e-01 3.297724603923133380e-01
4.872579660765422460e+01 5.740462834322318519e-01 5.548556673180955467e-01
4.644777984657743275e+01 7.308078871061417514e-01 5.646586174851402351e-01
3.811365028671565369e+01 9.550013601514971695e-01 4.997973054269176374e-01
4.059203152374981727e+01 9.761017625391984476e-01 5.367269303459968333e-01
4.256711031631687092e+01 9.682713793584551976e-01 4.377885307506952928e-01
3.679171515461968056e+01 8.373467795249890377e-01 7.001636574191021367e-01
4.143854549514079366e+01 9.687564502990851922e-01 4.931057608490458377e-01
4.749232104151464284e+01 5.691600813576445095e-01 4.606106519696788748e-01
4.108195959457267321e+01 7.467478703720621391e-01 5.561676373501382997e-01
3.533527461987432616e+01 9.949291971196554396e-01 8.592941389805351937e-01
4.821641532584636280e+01 7.069618652291619343e-01 4.659193040862857349e-01
3.384453814558535356e+01 8.374268884748405917e-01 7.550031188044947772e-01
4.770238670329732855e+01 5.262984426733913201e-01 8.449081708927728140e-01
4.189558952004333037e+01 9.071722629762766221e-01 5.308813585094929177e-01
4.018012874962434466e+01 9.069128203710126179e-01 6.200414738742862086e-01
4.427469308203563969e+01 9.089416742144014183e-01 4.501941748310346325e-01
3.281575965301266251e+01 8.790964677176532627e-01 8.028162878310428630e-01
3.979014753299578189e+01 9.508241616040875588e-01 5.677933575961092716e-01
4.031035828280487721e+01 7.430447310607926070e-01 6.370894184820469208e-01
4.354967070257838913e+01 8.657857242588509195e-01 6.950698319661334779e-01
3.613490458109304626e+01 9.294763154336771471e-01 7.879315235221168168e-01
3.683191568175235631e+01 8.576635005419106506e-01 6.768620870458497141e-01
4.540401580704427431e+01 8.001706568855434520e-01 4.660887108067756635e-01
4.215148725532597496e+01 9.469743953682540072e-01 5.240300920077983760e-01
4.309248452814945551e+01 5.974086409830321465e-01 8.542054809535318816e-01
4.122605496183031448e+01 8.391728687837886058e-01 5.218726860498633657e-01
3.227368704604756999e+01 8.503810337488434401e-01 8.972968571156461071e-01
4.440553920012562372e+01 6.123491938484255659e-01 8.076409710564426137e-01
4.687490383050855058e+01 6.228738626297533054e-01 5.793329895178757072e-01
3.914002400052213915e+01 8.684905216899451164e-01 6.124614026592846150e-01
5.010584807676088559e+01 9.283965378151132208e-01 2.115563617843542465e-01
3.392713110596827164e+01 8.951446487318970302e-01 7.775742608956094370e-01
4.239891550544874121e+01 7.734684330996285384e-01 5.913548069721059619e-01
4.390373388901715401e+01 7.877933407285977463e-01 5.999151502139461467e-01
5.290882265926729389e+01 4.251556496529053097e-01 6.809255343432284446e-01
4.538152685667222386e+01 7.921050250561078032e-01 4.675867167348939368e-01
4.429782138156787852e+01 4.900378063279676732e-01 5.540043020861425971e-01
4.088270501993743977e+01 9.235364779059336282e-01 6.239427887079079804e-01
4.799515014008368752e+01 6.826866094988340850e-01 4.601736382833162553e-01
3.561678330609397847e+01 8.346306644502318184e-01 7.310706155053283695e-01
4.419310207532796397e+01 8.180718772651285331e-01 6.009750091632357627e-01
3.938331207439523496e+01 9.464969836264860437e-01 4.708769260079946894e-01
5.210541958959471742e+01 6.832885793982966804e-01 4.473894000665624149e-01
4.660705100817108359e+01 5.471001733091848118e-01 7.726925478618070775e-01
3.980526853056848324e+01 8.427870179874665801e-01 6.748335198091397480e-01
4.177527449350660760e+01 7.891729181043863894e-01 7.499182922511472560e-01
4.705314910662588090e+01 6.248057495036308806e-01 6.944020435132381985e-01
4.175311559223767688e+01 9.102362372986736450e-01 4.727053329508089652e-01
4.146620345361721149e+01 9.672431670079372212e-01 5.980988004875894548e-01
3.770017580321925266e+01 8.017026921365429937e-01 8.848203883954377513e-01
5.301528719319945537e+01 3.850033595103097284e-01 8.656368235743020501e-01
3.766363365516763650e+01 9.787200168504718301e-01 5.050815468045601886e-01
3.555668358255235972e+01 9.222796780855275767e-01 5.504833816124591328e-01
5.008737544625184057e+01 5.490429957639496594e-01 7.315380218527715028e-01
3.696701562770757477e+01 8.262243706116531028e-01 8.947980465996757671e-01
3.998338524399380134e+01 8.637069844551079623e-01 5.857404422634341357e-01
3.989691687113602114e+01 8.185292072328521629e-01 6.379015253501041371e-01
3.778248561447843201e+01 8.017830644857066869e-01 6.726306639757687611e-01
4.554017131887065517e+01 5.739502870729764616e-01 7.621608499910683676e-01
5.192366231490066752e+01 4.649664756346871264e-01 8.116969182469341293e-01
4.487006226136434606e+01 8.166858209693511617e-01 4.244108382936888635e-01
4.991932836745073843e+01 5.645914086049448333e-01 7.859381308930223353e-01
5.180061880804180419e+01 7.272961620869166088e-01 4.151540403725758055e-01
3.885694027525768490e+01 8.810951872135996954e-01 6.897724199300602210e-01
4.619139836001281196e+01 6.876977623075654078e-01 5.414821704475512032e-01
3.930169162902507196e+01 8.660754531024829062e-01 6.633231621949302603e-01
5.575013515875902215e+01 4.869278232659932093e-01 5.478207138739570325e-01
4.514975250884262437e+01 7.148476601217454984e-01 5.059795950527788966e-01
4.635101638572839278e+01 5.661516327058058184e-01 6.862327106178679470e-01
5.279475295803666057e+01 7.937049420118756915e-01 3.102632766362792283e-01
3.358601169357638838e+01 9.795981592048511599e-01 9.268655531486476029e-01
4.245046820188377268e+01 6.729367473749177098e-01 6.612498986965373859e-01
4.583860756010101767e+01 9.370698662545779989e-01 4.609545875099967938e-01
4.244747940730870539e+01 8.023724228597566288e-01 8.107596510610637353e-01
4.223620882341053573e+01 7.027633178782749512e-01 5.697527985336422462e-01
4.692627353565526249e+01 5.739502870729764616e-01 7.101103700259842055e-01
3.302882328352575314e+01 9.779305153120068095e-01 8.037309560984302603e-01
3.833396061488524964e+01 9.428524016055009893e-01 6.171265114705801746e-01
4.874178151403155113e+01 6.431251606566071866e-01 5.004266714983873765e-01
4.144002814740589002e+01 7.957655508517810228e-01 5.597772947952555089e-01
3.534626423159514985e+01 8.345688542913021202e-01 9.573073280586916756e-01
3.877321533351463501e+01 8.270387609869922496e-01 6.400489217368141581e-01
3.973944273193607302e+01 7.608092828471454405e-01 6.558611917101265787e-01
4.184120361395629573e+01 7.695265194573235323e-01 6.446851203163360688e-01
5.241626150011774854e+01 4.555152064612920104e-01 6.687297509724824396e-01
4.763948533698685850e+01 6.222314652581824035e-01 6.484980776865623131e-01
4.053673258211957631e+01 7.068888522671114005e-01 5.422792864064382989e-01
5.242152005958129024e+01 5.906533343797565339e-01 2.362267619547088471e-01
5.417477431947663291e+01 4.846494402363397125e-01 4.003380716018254404e-01
5.640913171726489850e+01 4.185318192898054845e-01 6.788929756033468266e-01
3.598407538779812143e+01 9.892614223632766324e-01 5.711595585187967394e-01
4.971560083512310513e+01 7.678421201710629029e-01 5.891971065988298450e-01
4.625013036209526973e+01 7.138811489007861333e-01 7.017460790662815029e-01
4.207628888871803241e+01 7.223868541693172496e-01 5.494937106366654112e-01
4.259754783404330425e+01 8.258226529300766172e-01 6.217084436205898568e-01
4.700871745547777181e+01 6.915378920738984858e-01 6.994179659477386402e-01
5.840935832466938393e+01 8.441145340903958294e-01 1.823489245700578021e-01
5.396574831477708045e+01 6.143341319003191581e-01 2.481185585924037262e-01
6.065021082861520085e+01 7.159815443259837098e-01 3.273994583052002305e-01
5.228242236400252807e+01 4.664040586385246878e-01 7.247758792080676304e-01
4.140586723095800181e+01 6.574771601807074539e-01 7.444412550788355176e-01
4.637780736924500502e+01 5.930525419511426533e-01 7.853561368429123890e-01
4.474709550380673306e+01 7.548412162392978964e-01 6.093173241573580645e-01
3.800744724904552641e+01 9.366198608706104434e-01 5.453428012446953632e-01
4.614180497980991191e+01 9.754870230027220535e-01 3.422086766458165563e-01
4.196806139820409243e+01 6.708630954215675235e-01 8.359681727709548094e-01
4.527586754010730630e+01 7.088263713785390996e-01 4.378956723983228327e-01
3.746031965639049588e+01 6.381278677855731774e-01 9.264792095197416089e-01
3.910072402512173539e+01 9.065287233996556227e-01 5.556028824663338250e-01
6.224871374954613401e+01 4.515258808448989747e-01 6.316043156914309398e-01
4.375051888939301392e+01 8.830714575352467399e-01 3.597662498677935972e-01
3.868110749682524130e+01 9.596544668444634274e-01 6.282659695090004881e-01
4.686744609634983050e+01 5.415312764239159637e-01 4.902539783459561873e-01
4.863468429425996220e+01 7.374611672389566053e-01 3.946565703934338809e-01
4.868193773286460413e+01 7.440700738947737536e-01 6.504469160798975746e-01
4.552321594057445253e+01 7.423361180923242486e-01 2.914186044488433769e-01
5.677749946438510165e+01 5.308835594079647224e-01 4.975489375564178252e-01
4.408533254364970588e+01 8.356221897035254198e-01 6.842476559858788887e-01
5.149312758705402615e+01 5.417837899774603505e-01 5.031597540690043724e-01
4.797796086521696424e+01 8.473230184566999945e-01 4.356281250363746582e-01
3.937221985828034576e+01 6.011596533263005027e-01 7.197026544024103245e-01
4.824639524695327708e+01 7.668452723345154931e-01 4.081723546857173868e-01
5.348466726891447820e+01 4.826381977822811753e-01 4.094193317308439384e-01
5.365429557274443795e+01 7.919594014245483482e-01 1.650103376206286110e-01
4.275397519415674452e+01 6.686890986599672848e-01 7.515582506637834559e-01
4.119416593690219486e+01 7.250153440934029581e-01 6.190410336783592760e-01
4.114960070546850091e+01 8.884631904196198526e-01 6.290478364493962138e-01
4.809233710107172755e+01 6.996468077621128545e-01 4.935675687592919747e-01
4.887736069515272419e+01 7.350122090857493795e-01 4.270599313869530289e-01
3.275871212313310821e+01 8.796294151273218453e-01 7.881226459643131399e-01
4.562170133475700595e+01 8.338748790705484693e-01 5.141587660908288893e-01
4.641361459191419669e+01 8.664259883230855941e-01 4.311182308040222289e-01
3.903949436693932284e+01 5.981161409100942405e-01 5.335120490366528356e-01
3.294375778158576651e+01 8.788323770745544161e-01 9.616113446572743806e-01
4.412303759542258774e+01 6.025001291592025909e-01 6.608478924760700091e-01
4.614966402683084112e+01 6.917992680968142460e-01 6.759112906008134525e-01
4.359781192216225065e+01 7.220753563593673707e-01 6.201183244266100791e-01
3.855348227585066923e+01 9.228903458231038082e-01 6.017043949018345828e-01
4.201233043369298770e+01 9.382915763349751748e-01 4.648048171744921797e-01
3.865060382295169461e+01 8.125949154696954224e-01 5.688120236815837893e-01
4.608165437963841526e+01 7.066447209633496263e-01 3.880430045554695839e-01
4.337715895115952947e+01 7.785987902227708979e-01 4.971482819592087377e-01
3.854598600045972745e+01 9.536062349185143727e-01 4.796654572364488778e-01
4.275242397677893536e+01 5.923524179288179869e-01 8.275966303674089364e-01
4.003998908644885546e+01 8.803214343234282424e-01 4.432410776944381015e-01
4.629705193059852775e+01 6.044835236360694974e-01 8.137692250011570039e-01
5.545278994716985466e+01 6.705508513317199881e-01 3.708166906015084030e-01
5.043118202492807001e+01 7.428165897937949458e-01 5.092512993722271286e-01
4.688758948701694607e+01 8.463799385457810853e-01 3.648660914359896923e-01
3.378189562048168426e+01 8.818055636971382505e-01 9.214509371891330680e-01
3.657311395292028067e+01 8.974869840512157415e-01 7.816592834802099654e-01
4.238872650080422488e+01 6.159382517344080821e-01 7.518892198516768932e-01
4.543574206233818558e+01 5.772490767614461005e-01 5.617539579884730516e-01
3.733322142231803298e+01 7.903902663910797877e-01 5.982565052457554655e-01
3.963400028699673783e+01 8.021871039873884612e-01 5.933841283419274415e-01
4.930175900330900163e+01 9.481562027874399501e-01 3.512887237051437461e-01
3.522680061742575219e+01 7.471290231835603368e-01 6.626237686492465473e-01
5.114828829492994799e+01 5.875474325500436024e-01 6.117988059469801065e-01
3.457449125559007541e+01 9.499765688910362105e-01 7.471514346645171667e-01
3.615549633842101684e+01 9.715294532808366190e-01 7.479688401578177270e-01
4.071159837453143382e+01 7.714080268878797941e-01 5.624082949244335605e-01
4.591212714246530169e+01 5.794312004858885867e-01 6.412634676275595913e-01
5.162829133317328711e+01 5.175143637230551485e-01 5.860477053476603748e-01
3.643594095045094861e+01 9.570984838861101851e-01 4.717247476309880394e-01
3.446911521959014379e+01 9.758589055755112485e-01 7.854373577022664143e-01
3.750325756824131673e+01 9.352910840112516055e-01 5.789684640660642811e-01
3.807230241816778005e+01 9.334651578396692129e-01 8.215814278388875458e-01
3.441272653874466414e+01 8.436264207455922426e-01 7.994454444137429894e-01
4.477460358624172443e+01 7.595595310222621466e-01 4.228318934704252685e-01
3.960210301657261311e+01 9.509333889216255997e-01 5.761995764184102420e-01
4.809651013672166187e+01 7.374077028576797588e-01 4.434932348031740412e-01
4.462230659521371479e+01 7.225594077041405106e-01 6.622327857869166889e-01
4.141193321984967923e+01 7.494002191574782312e-01 5.226315242336055933e-01
3.451423847682607970e+01 8.164054553402179115e-01 6.941230512520063511e-01
3.750371702224673243e+01 9.122544831359508111e-01 6.409371093402429498e-01
5.416223128163705525e+01 4.944110413354326772e-01 6.375895324325564495e-01
4.002283216796543996e+01 9.122896870826847637e-01 5.691101453401330446e-01
4.510000845355301635e+01 7.824956158210374380e-01 3.410063340073582472e-01
3.688786241288359236e+01 8.009730000621132495e-01 8.020894313676093512e-01
3.783404828470074222e+01 6.810601540367704487e-01 8.105386842174088224e-01
3.967279283011558988e+01 9.469891984866836143e-01 4.315787457465601329e-01
4.657065803302319296e+01 5.004519560833691205e-01 7.680155161564279354e-01
4.731665795177687528e+01 9.556303793383408296e-01 1.835285166816610358e-01
3.518456973757263739e+01 8.541270168369705651e-01 6.771056301133822064e-01
4.325385947512147311e+01 8.424614425225931402e-01 4.218535119478440953e-01
4.378127457631541830e+01 9.460387732984956166e-01 4.457907315983657415e-01
3.672397561599226634e+01 8.606278512711842410e-01 6.386147738807133045e-01
4.543616574894364391e+01 8.803434012585874546e-01 4.893804722413954145e-01
3.598893108663160234e+01 9.797645041550642198e-01 6.656087355221986801e-01
4.775233339988542980e+01 6.171172571234805337e-01 4.189366922153915374e-01
3.839852461307820874e+01 7.906386422550802928e-01 7.704392209081342147e-01
5.345756786919391601e+01 6.056803818130656047e-01 7.118390089111229502e-01
4.030052272910444344e+01 8.996773042346394300e-01 6.099814743381076765e-01
3.932755715640382732e+01 9.102362372986736450e-01 5.635356082620907037e-01
4.551132613199745691e+01 9.536655135548843809e-01 7.181645239957772375e-01
4.486470951904472315e+01 7.863595697087653047e-01 5.698259891798274079e-01
4.795380557426260992e+01 5.910662643632889068e-01 6.899874166294710509e-01
5.142172542595626794e+01 5.460293399545398385e-01 6.447430011228019175e-01
3.751049138638902747e+01 7.815781405438877449e-01 8.519249264008977862e-01
4.155322578682670809e+01 5.893885091378080476e-01 8.189299042088158398e-01
4.627886287404414389e+01 9.039729504868023735e-01 2.176823608085234341e-01
4.433666068561867490e+01 8.840822949705267053e-01 6.099162610853262612e-01
4.184562497003913251e+01 8.891527539492841692e-01 5.444925735073701256e-01
4.686463167603638880e+01 5.410185153284307047e-01 4.412017460608015362e-01
3.689517616190355653e+01 8.910455103663954546e-01 6.686119543065953685e-01
4.207557240323401970e+01 7.242418715138894125e-01 8.154687538874394459e-01
4.125087041812542310e+01 6.449661592796643861e-01 8.143295702947038750e-01
5.019695916542439562e+01 7.374611672389566053e-01 3.512508153426215918e-01
4.633186039486329122e+01 6.586608164393784604e-01 5.267333622511385371e-01
3.768773579545815977e+01 8.069372457913458474e-01 6.098308300949086824e-01
4.630350416623485899e+01 9.115807764756923559e-01 4.353082384737391730e-01
3.686151634520216192e+01 7.664758796090493931e-01 8.017640776908674383e-01
5.171620243313424936e+01 7.343487398630568208e-01 5.153577082796345632e-01
4.193748935121570298e+01 6.050390128545632962e-01 6.728916557797292031e-01
3.679203350610040246e+01 7.901220646241885470e-01 8.335113493744465973e-01
4.245584456109273930e+01 6.023510368666041837e-01 5.406482588251795285e-01
4.214871042318269900e+01 8.803075475778430192e-01 5.028064527725358834e-01
4.515114575527448437e+01 7.752033371273922002e-01 5.661828690524246532e-01
5.476809700617638299e+01 5.552998958688523112e-01 4.913034132040250412e-01
3.955357565743419457e+01 8.693495755251472445e-01 6.046072180599690871e-01
3.999025784029994668e+01 7.073139311136403817e-01 6.592521174777781212e-01
5.072458711364672013e+01 8.382527956618549547e-01 3.101567658127011851e-01
4.654352302493078497e+01 8.551687519717523500e-01 4.161407155340281494e-01
3.990513296825516676e+01 7.497370964826185480e-01 6.820287769344288709e-01
3.755405677735274139e+01 8.682603442934371252e-01 5.103372809034310009e-01
3.593419318195462608e+01 6.481920829951572927e-01 6.388824343932744121e-01
3.651848997487179105e+01 8.608086136467826277e-01 7.883313095622946909e-01
4.445181081804032885e+01 5.892647683050741270e-01 5.909979525805475475e-01
4.583432572055964727e+01 6.346081946443200561e-01 7.300530498353271502e-01
5.067973565374207823e+01 8.735980852454301449e-01 3.310242275310525950e-01
4.696335816903284410e+01 7.391913852942088026e-01 3.447022415369262460e-01
4.751496230335708759e+01 4.864224073009156823e-01 7.438340258168695263e-01
4.561620301228741425e+01 6.325711128834436980e-01 6.741893879117590860e-01
5.030061014801001562e+01 6.368782759993417697e-01 2.824949202440668050e-01
4.073746448533717768e+01 6.025001291592025909e-01 7.988761678178721848e-01
5.257271498374738172e+01 4.432550042178294847e-01 6.458035508865884733e-01
4.515455100051882198e+01 5.949757672073147097e-01 5.172256723184518457e-01
4.395581143337222585e+01 6.435836706886277625e-01 7.016353142149627242e-01
4.202929836068591385e+01 9.691647827028774254e-01 4.769936549325470843e-01
3.391494470031086905e+01 9.194380715926684378e-01 6.561286328585745897e-01
3.468700899605168786e+01 9.012160842876335565e-01 6.026783112469533688e-01
4.725126461069574901e+01 6.814793248633024270e-01 5.237448477453532369e-01
4.605773625814244099e+01 7.804305482446866060e-01 6.402003471598056716e-01
3.924223599761326398e+01 7.863595697087653047e-01 7.947444942812021962e-01
4.991203263023260206e+01 7.393112270417098175e-01 3.985717135013557844e-01
5.154047261237275990e+01 6.526631859855345219e-01 3.154068747077182766e-01
4.583445203345630858e+01 6.935416232508537782e-01 4.025757950171411359e-01
4.403456439492915564e+01 8.013987544333881496e-01 5.223349185150457652e-01
4.340895062672741744e+01 7.072596061317963922e-01 6.732445256411817569e-01
3.628429374279565423e+01 9.552219225334728225e-01 7.228463765375613415e-01
4.275990781039995881e+01 5.676121098753400540e-01 6.407003801569650658e-01
4.990634979314587127e+01 6.158533772909555726e-01 6.469042384519994027e-01
4.904856153133958685e+01 3.560778028525246053e-01 6.618961995025451905e-01
3.201305910359769769e+01 8.569520559412669991e-01 6.642455763939337787e-01
4.608956384499167314e+01 7.806882693684501495e-01 5.147533883114925324e-01
4.589058219975940034e+01 6.468682816702089333e-01 6.275218883667068592e-01
4.954783629926093624e+01 6.965967643480885929e-01 6.050631256563314686e-01
4.965033362304991726e+01 4.786254351921607753e-01 5.509591251618604080e-01
4.213306641872728875e+01 8.234336843620453372e-01 6.201782305989114175e-01
4.019996029159946715e+01 7.020645292033222962e-01 6.748127986103835685e-01
5.637689700380246194e+01 5.661516327058058184e-01 3.863586709060705116e-01
5.281747128634661692e+01 5.491250188536067611e-01 6.667506386803638829e-01
4.393111919218868167e+01 9.175564094162558249e-01 4.534736918642752190e-01
3.932929026366463177e+01 9.892847191513262084e-01 6.166268847912754758e-01
3.629083650837896613e+01 9.799742485247090462e-01 7.248652283214087610e-01
4.584832120432728431e+01 6.457128477029715485e-01 7.084682043408596641e-01
4.511334273101852688e+01 9.380305140587471557e-01 4.629978849831485332e-01
4.638251620227946859e+01 5.477708331961449462e-01 6.730491002596004080e-01
5.061534261823459246e+01 4.926152185428365748e-01 4.811351483965280451e-01
3.985385593329881715e+01 7.827693479945914135e-01 6.612640721843396907e-01
4.043853453150158828e+01 6.735490071559339098e-01 8.820979514158932000e-01
4.538754844933226451e+01 9.462733809900679693e-01 4.701990144828300244e-01
3.981084182281624351e+01 8.601576854224823876e-01 7.279530864020714587e-01
4.203393897375640620e+01 7.004249793066091856e-01 7.252613666608084264e-01
4.416820643738153507e+01 7.133732288379862618e-01 4.333550104588120844e-01
5.136400886624311113e+01 5.920885969482120315e-01 3.992466629144715284e-01
3.900280828257646704e+01 7.361093539020250320e-01 7.819079204880519107e-01
5.377045165174772734e+01 5.806515266809881837e-01 4.536725022554158882e-01
3.992410889249249806e+01 8.336947335145035165e-01 8.086672189589829696e-01
3.524280759837092347e+01 9.905618532445156221e-01 8.196459751681171024e-01
4.816074239823772984e+01 4.765832271897392780e-01 4.805166292994909050e-01
4.255850725230614273e+01 6.759851976321320510e-01 6.593703012497752480e-01
4.362114822233828448e+01 8.655323665291211332e-01 4.876983675264048856e-01
4.433134907101379696e+01 9.314541249372535470e-01 3.570262863787976304e-01
3.741956868046371909e+01 9.766342199423103665e-01 5.639763114253709686e-01
4.163978314116926782e+01 8.690894990167029599e-01 5.902344586067552745e-01
3.631471637225597959e+01 9.777891351051916091e-01 8.157067047995730791e-01
5.672328444407075665e+01 3.607305882054108737e-01 5.498216272486889933e-01
4.594998734903496995e+01 9.478718930441247803e-01 4.454241411536509765e-01
4.485325238244381296e+01 7.513026954249903966e-01 3.478363728125736798e-01
3.602977793442670418e+01 9.934253014200743470e-01 6.754337234568508208e-01
4.926367465772429455e+01 7.158988505300706295e-01 4.216070052951093050e-01
3.590470088234162205e+01 9.304357432009447981e-01 7.782206627823626821e-01
4.638851266214382463e+01 8.553643105556602011e-01 4.578352294357577179e-01
4.053121328046353256e+01 8.848701280002313485e-01 4.985163799494677916e-01
4.386334467392357084e+01 8.167963065910635034e-01 5.118273695946186086e-01
3.917853657383412980e+01 8.701641252041466545e-01 4.028211568449963642e-01
4.356831939965542944e+01 8.090616165622741551e-01 4.479692553965926582e-01
4.269162316610252361e+01 7.703681373694211132e-01 4.554444031853041031e-01
4.374346063532442486e+01 9.141386659204170373e-01 3.755043182708572846e-01
4.999511566504538962e+01 7.856730895529202563e-01 2.750352939890958193e-01
4.330902113165177525e+01 7.000380412388781393e-01 5.795171355190358309e-01
4.171684288856528156e+01 7.035461498041301054e-01 6.309727028420384354e-01
4.070285656047191480e+01 5.127848839986438589e-01 9.534598973875588745e-01
3.702913406704002597e+01 6.023510368666041837e-01 7.664340430315819130e-01
4.188869167693207629e+01 9.064902221499924195e-01 5.127129414475161129e-01
3.762066455030856105e+01 8.316419174352787103e-01 6.966648453177437528e-01
6.693298263303951501e+01 5.465301133800737343e-01 2.694306851052922225e-01
4.294578788656611579e+01 8.915793196555773514e-01 3.538961761180793864e-01
3.744575475484079874e+01 8.974452442205498315e-01 7.953246620382034004e-01
3.689787869651361518e+01 8.326455704915968203e-01 5.543871362290317961e-01
5.576271417376550943e+01 6.579278510014036074e-01 4.736559584228527409e-01
4.351780552540782310e+01 5.360585922190254093e-01 6.639391422833337275e-01
3.747277504582318386e+01 8.254177838099906461e-01 5.786717404211518812e-01
4.600445730207992767e+01 6.199735056885763429e-01 5.666324357822936086e-01
5.075242346062843524e+01 7.648450275813394317e-01 2.701027577531531221e-01
4.582804594492000660e+01 7.163851555498051971e-01 5.020199875580830806e-01
3.635246202964887630e+01 9.766339111729072098e-01 6.859111757001390419e-01
4.238100182983325226e+01 6.398646180595074506e-01 6.830107576595867425e-01
4.315534605125252909e+01 7.702488590404213964e-01 4.635547800958219056e-01
3.591460815884823887e+01 8.325893559380707076e-01 6.984063067098255084e-01
3.928536387298787957e+01 9.517456376228420334e-01 7.031385331269742744e-01
3.931697084688851618e+01 9.195949237974732071e-01 5.519921470458095669e-01
4.804777850784856952e+01 9.444406215730219989e-01 3.193200178785630117e-01
4.203692881086633548e+01 8.655402174754740496e-01 4.887025234779582283e-01
3.851507894574157831e+01 8.365527883036077972e-01 7.891037195347292421e-01
4.088941064228924205e+01 9.953620031107671684e-01 5.966045236289323483e-01
4.056501049707735973e+01 8.359695922878930263e-01 6.085783832029647566e-01
3.214742556388849692e+01 9.719163169973683569e-01 8.693156277964541045e-01
5.176135970342125603e+01 7.751561673882080283e-01 2.763167231024921677e-01
3.449580604054103361e+01 9.089416742144014183e-01 8.612958898406704034e-01
4.307056148751572522e+01 6.182250558744444291e-01 6.825686616833552822e-01
4.715230787530525447e+01 8.268515084314047581e-01 5.258016254529777056e-01
3.830626099531095718e+01 6.822790131885331233e-01 7.605443926844037694e-01
4.363926067816634458e+01 6.439710758234643562e-01 5.126375418414548246e-01
4.905281544482963341e+01 6.953591286581510822e-01 6.416802230357623316e-01
3.890829210341649258e+01 9.710369156466416296e-01 6.365296073843551561e-01
4.733210094911566301e+01 9.042364617371392299e-01 2.896074287008899018e-01
4.420817319802343093e+01 8.685018663818755424e-01 5.195432459761419874e-01
4.739779511091745690e+01 7.859217991088489619e-01 3.491263433321811216e-01
3.802818016034298410e+01 8.744904782760610784e-01 5.943864456398207929e-01
4.125884071259970654e+01 5.926942540710954388e-01 8.464766746762940608e-01
3.948042474888440267e+01 9.478279284718067466e-01 7.752793554223472716e-01
4.827010962760193280e+01 4.490962981736132953e-01 6.754036529835352187e-01
3.534833273228026229e+01 9.141706484401244115e-01 8.314747258469569191e-01
3.623321211965213706e+01 7.330283963226340571e-01 6.429949076392164065e-01
3.725761745653696977e+01 9.357278897205871804e-01 5.015064789169629833e-01
4.194882236806331832e+01 5.883128015365411967e-01 5.806852315950075116e-01
4.011080783129329319e+01 8.551009901799011548e-01 4.891387939935712970e-01
3.685782961573545435e+01 9.573373204213248000e-01 7.632740906766276590e-01
4.148063803519274728e+01 7.744804818379267264e-01 5.491872604630583243e-01
4.578786988798934487e+01 6.109926488898369534e-01 4.712336512878593231e-01
4.205084574958755184e+01 7.973164903956462268e-01 7.123999462176401343e-01
4.948966932829254972e+01 8.692035999170494298e-01 3.745519807122740241e-01
3.651763080965224617e+01 7.493087857967696275e-01 7.368417554414723458e-01
5.626804437463535180e+01 7.449370819498094543e-01 3.218998958764153207e-01
3.797238077653389610e+01 8.738321857675845905e-01 4.854880006591165142e-01
3.030227139223798716e+01 8.912645898999315142e-01 8.496988319614015017e-01
4.793933746737366164e+01 8.245226368135346595e-01 2.463132816689972970e-01
4.712841304433318612e+01 8.026676382799037279e-01 4.642309711359465796e-01
4.540389829722628434e+01 6.860707282077155300e-01 7.419327627388243585e-01
3.966391586705078964e+01 9.474958316602227759e-01 5.316844963980927874e-01
4.170554483826063574e+01 7.137126405771893056e-01 5.759660796878626199e-01
3.527869131941555736e+01 9.705514600515168233e-01 7.215206043251304324e-01
4.560436774658379733e+01 7.063566577814939240e-01 4.054447888886975604e-01
4.233247116347991579e+01 6.499144269919863159e-01 6.022285525942437934e-01
3.513583738034710535e+01 7.670234682604194498e-01 7.627535478816624970e-01
5.678238639584056813e+01 7.293250044189689696e-01 3.590010018608989495e-01
3.704215202951832708e+01 7.512264707806551867e-01 8.362634532085654326e-01
5.335341433097188713e+01 5.968245397042356570e-01 2.544205621934905182e-01
4.254371236101806630e+01 8.140472588166941526e-01 5.847163366442679200e-01
4.569268668114992948e+01 9.256457717761203963e-01 5.718134830016201597e-01
5.528542781520899041e+01 5.108564062873534040e-01 5.354162996392309859e-01
4.826750654272046859e+01 7.159563236930708285e-01 3.180033226637524191e-01
4.186139782483680705e+01 8.190913277459836994e-01 7.410487892680427402e-01
3.303299483622553367e+01 9.367743954672079765e-01 8.207715739428379509e-01
4.474394247583052930e+01 7.421487267282507183e-01 6.226594033196518607e-01
4.409681129829418467e+01 8.900270595081257730e-01 4.387238471924201355e-01
5.008445698670805513e+01 6.606304496335254628e-01 3.852190714259367543e-01
5.976762097700299847e+01 2.943143489383793221e-01 6.614775254014041428e-01
3.801876267033006229e+01 8.265721468436261210e-01 5.729246245740811094e-01
3.865720986756167576e+01 8.503810337488434401e-01 5.839933924300647616e-01
4.445219234998667446e+01 9.109202083235632408e-01 3.613954858183309748e-01
3.562746916024789812e+01 9.115746440435074094e-01 6.362840912945263439e-01
5.088288143592366453e+01 8.519671590765466318e-01 3.489197754343737468e-01
4.096846150465402303e+01 9.386677139646135704e-01 4.647771431002575837e-01
3.987305748593088595e+01 9.368127627314442041e-01 6.856119705321084279e-01
4.036668262275071584e+01 7.483176768921860900e-01 6.025668644750228342e-01
3.829379022589247228e+01 9.529574820685939862e-01 5.614534797229369101e-01
4.339658003153915899e+01 9.623384494137747769e-01 4.315351567992359860e-01
4.238965677925152420e+01 8.115183702384581865e-01 4.941169807017793403e-01
3.902182445418629442e+01 9.298751984194367770e-01 4.155935754581021602e-01
4.206991042443743822e+01 9.707991810800628008e-01 2.951162351025752306e-01
4.065461331721810723e+01 9.283039750746088226e-01 6.284966599832441103e-01
4.363551020265666125e+01 8.594162271229658367e-01 3.854655925695874563e-01
4.471333069712189001e+01 5.496781807177822943e-01 9.645699980398519946e-01
4.364343579643637128e+01 9.809126166522855739e-01 3.804071769463955865e-01
4.595734503795200965e+01 6.287244165005653196e-01 5.765547148158050028e-01
3.929406456965338634e+01 9.261739071139137858e-01 4.570089561112826160e-01
4.312511452235368381e+01 7.669790359405573854e-01 5.220963405436417348e-01
4.489078181188121164e+01 5.499628458494929539e-01 8.221946844853149639e-01
3.645342172269038628e+01 8.639803929568073970e-01 7.986864305576862888e-01
3.447473825331016428e+01 7.930791809394281966e-01 7.279503781085326919e-01
3.995270236317983148e+01 7.611738298891301824e-01 6.176613890218992653e-01
4.115044373131799915e+01 9.617911324097654369e-01 6.293828673582687605e-01
4.889402193353477344e+01 6.271722875052132551e-01 3.973320111173094804e-01
3.648045445039124246e+01 9.573373204213248000e-01 7.815144295523709372e-01
2.973385526989619265e+01 7.816708989810172703e-01 8.967016381860826169e-01
4.755528989881529611e+01 9.678600309970724069e-01 2.211049522262854561e-01
4.014939348281382792e+01 8.574125796141861544e-01 7.905699380184423308e-01
4.242941935179888446e+01 6.527100981005155012e-01 7.546587046764187123e-01
4.553597788302562321e+01 5.454913708731186084e-01 6.411958735569014411e-01
4.863083595118175140e+01 8.498272065249975471e-01 3.490749792140003804e-01
5.092349713429972269e+01 5.732592974539750807e-01 5.681927105161717062e-01
3.602442867229373036e+01 8.427910671206702009e-01 8.596137806766372957e-01
4.681590583848856113e+01 7.826719458098925220e-01 4.177099601356935032e-01
6.234163143847692368e+01 7.575428797799047542e-01 1.857129705203291736e-01
4.110747770848210081e+01 8.724813107261806255e-01 5.368219244199582407e-01
5.053149600624958282e+01 5.408326337302569176e-01 7.478742562673486027e-01
3.315746092562179115e+01 8.401061135667814428e-01 8.979913794113849601e-01
5.329532717921870244e+01 5.301452571019553694e-01 2.703789353300022347e-01
3.779770363045154369e+01 9.730977622679946037e-01 6.558645893391357173e-01
5.096940674604222465e+01 6.635070430370809680e-01 3.390614362075091703e-01
4.208465001315720855e+01 6.125579977133683851e-01 5.816345859877676272e-01
3.931538411605776417e+01 8.569397243148978438e-01 5.500579574678385875e-01
3.787928324690964388e+01 9.818001889127347948e-01 5.032395050570430683e-01
3.792515019495884587e+01 8.861977483143916867e-01 5.031257808328334358e-01
4.703250680994207045e+01 9.094367781353888125e-01 4.330720297849890987e-01
4.015942529617217360e+01 9.105508356643864376e-01 5.604100043227701056e-01
4.827896838680908331e+01 9.956796462467432107e-01 3.380766441076331619e-01
3.732308870138444234e+01 8.098650262137173650e-01 7.739124842994068443e-01
3.779509834250759326e+01 9.660836727429198412e-01 5.990907988199752898e-01
4.681974481335753069e+01 6.153905869001347062e-01 7.008736018843170212e-01
4.050730976102788361e+01 9.261509445493592008e-01 5.987743294250464920e-01
3.833781791602657307e+01 9.775173118599878030e-01 6.504810247311556548e-01
4.240369176482967362e+01 8.250953263712298424e-01 6.413132230558643565e-01
4.908062534727125126e+01 5.746901140561577748e-01 4.411371187619249623e-01
4.740116029702711131e+01 7.433862088109831623e-01 3.462317293528825446e-01
4.134914219202664754e+01 8.323344057500549065e-01 5.486820428489613821e-01
3.282205887800397903e+01 9.366145888241540485e-01 7.938140693378857859e-01
3.866319091591161339e+01 6.811994917123692650e-01 5.727643931989787607e-01
4.587448999982427722e+01 6.892566483968928237e-01 5.005550143503213478e-01
4.349059671581825626e+01 5.647284305253176262e-01 6.843014244814273894e-01
4.065413489187031360e+01 9.631034398858530077e-01 4.153468067403477959e-01
5.537862364564001183e+01 8.534660566860114983e-01 1.915768333689031044e-01
3.793579903615690085e+01 5.963670539137870819e-01 6.670377745233486699e-01
4.011870831076878119e+01 9.084289210724736385e-01 6.840981637951772942e-01
3.982737525158032099e+01 5.700390087156504970e-01 7.960887592551461056e-01
3.658135421952925270e+01 9.062674672763035844e-01 7.745660975378558799e-01
3.296992666039170672e+01 9.520291103100519958e-01 6.715095416395220340e-01
4.658929515004276567e+01 6.070211647900506380e-01 4.442413387732532248e-01
5.618722431300881937e+01 4.783862678922216061e-01 5.033905844756714210e-01
4.250540538708489180e+01 8.370513403255261942e-01 7.077313659042414606e-01
4.801761291232413953e+01 6.083316848540260002e-01 4.220856027283692580e-01
4.999771699758365173e+01 9.763139902839740314e-01 3.524541731229047237e-01
4.128641905169440918e+01 8.417664146098269295e-01 4.007718840325659171e-01
3.652890409196276522e+01 9.284620965712083729e-01 5.483369514073200834e-01
3.459319000559568025e+01 8.968852239644194979e-01 6.460875678360112895e-01
4.142348727784035844e+01 8.289926675205085971e-01 5.056453258430648745e-01
4.809945100191700362e+01 7.403004384356083323e-01 4.659782498804345141e-01
4.893610207284485369e+01 8.331634609952861537e-01 4.585380726432402576e-01
3.636049150506944727e+01 8.803726265073767987e-01 7.519466421711764603e-01
4.320641119327436996e+01 6.451309271223145680e-01 7.481863897957269360e-01
3.835700600868172927e+01 9.671551874239595614e-01 7.213078618559564115e-01
5.198548296410863401e+01 5.832467017191663716e-01 8.665864865965433594e-01
4.333277979051799633e+01 7.915141047957549025e-01 4.048200068004986218e-01
4.638630514974731511e+01 6.485159260766300005e-01 5.008503862347236657e-01
3.117334844190543564e+01 9.825786560824619764e-01 7.823490185388582985e-01
3.423004373215719198e+01 9.809933117194552521e-01 8.430101782409926692e-01
3.903774853202121164e+01 8.979192341013265688e-01 6.737652517640461136e-01
5.504888024747225472e+01 5.829040921981820667e-01 2.472821189337962577e-01
4.116294085960485205e+01 6.208701670946424889e-01 9.165855099877169287e-01
4.332428266916674175e+01 7.490348014721054382e-01 5.856586830205274818e-01
4.491833249475457279e+01 5.206020030079514527e-01 7.800026305370278967e-01
6.923863669260538245e+01 4.555152064612920104e-01 2.632914103772575620e-01
5.612390543299025580e+01 4.393476387970132180e-01 5.695110545215448239e-01
4.085409463050658729e+01 8.531112987364773970e-01 6.685660425600947754e-01
5.086318033568294084e+01 7.833667093944565174e-01 4.183840554969757708e-01
4.982667606861544840e+01 6.325711128834436980e-01 5.327163886034055329e-01
3.670449239108405237e+01 9.388415325747884177e-01 5.803768754500082672e-01
4.053504770172288829e+01 8.819954258405533487e-01 7.845707875391338959e-01
3.963160588765491354e+01 8.278511394450958072e-01 6.956703997940489881e-01
4.159559495034072540e+01 7.413664927326002463e-01 6.777447006904356863e-01
4.673559278950935436e+01 6.199735056885763429e-01 5.421239081015333250e-01
3.856359985102690047e+01 8.651431764694061943e-01 5.717743476789535206e-01
3.655396065217986035e+01 9.039729504868023735e-01 5.416374585564763811e-01
4.331098033555478821e+01 7.481029996915705693e-01 6.171126457394892073e-01
3.843802623896623771e+01 7.410886726808562086e-01 7.358212303929794196e-01
4.670628292761483635e+01 6.933974621494127799e-01 5.255914736445670421e-01
3.645914115049296811e+01 7.864973413607622144e-01 7.727533331960038110e-01
3.680587553494822828e+01 8.862290170124053068e-01 6.856026408362759783e-01
4.714060610142372099e+01 5.747272299422044872e-01 4.798485163705419887e-01
4.268694256180062752e+01 9.803876971958878084e-01 4.651585765237762904e-01
4.175904712977381195e+01 7.349977924061688039e-01 7.407006863471440328e-01
4.166070554247145452e+01 8.208935982691778488e-01 5.988515348616559875e-01
4.608057925677545796e+01 6.835362243087675926e-01 5.316724342093036570e-01
4.814172811759015502e+01 5.005818163773189111e-01 6.618025178611861570e-01
4.441055814061247986e+01 9.509333889216255997e-01 4.055400475347219480e-01
5.686762173832332223e+01 4.767157096463802146e-01 6.449251989196694845e-01
5.049648793805089042e+01 7.665129542991754308e-01 3.486800722368953442e-01
5.435359560571519921e+01 5.164053518746195559e-01 6.956411249876739422e-01
5.444733945650322937e+01 7.075105456820194316e-01 2.339504311991749130e-01
4.125988191693729590e+01 9.386037387149144262e-01 6.002301492990076426e-01
4.638442789595286087e+01 8.789805567205555281e-01 3.801538555913863138e-01
4.561640383548500921e+01 8.100308557313404823e-01 5.667970946978112545e-01
4.176114219070495182e+01 9.181720822683240302e-01 6.215860114830078498e-01
4.800032809582090465e+01 9.810256301306331528e-01 2.689014933067273572e-01
4.115166708539885576e+01 7.427423276384718109e-01 6.281133850777173011e-01
4.023538067325645784e+01 6.430152767865988661e-01 6.324131125633043471e-01
4.361616760435667572e+01 8.546100703034387180e-01 5.307661050286994753e-01
4.301148664629698715e+01 8.330338797624301517e-01 6.029444312624268054e-01
3.992279681214999698e+01 7.562583929550193984e-01 5.272357617351121073e-01
3.725734958610321002e+01 8.616530685385357380e-01 6.605010471028150976e-01
5.935866594041344513e+01 8.361670544628828639e-01 3.457395097151945151e-01
4.680896103342444547e+01 4.123661958516233184e-01 8.363538754603182523e-01
4.329118011508208497e+01 7.591756553013462305e-01 4.424515763719002459e-01
5.237897638627916308e+01 7.557850577332677622e-01 1.896721986404319715e-01
3.686017299572910844e+01 9.331348480869176010e-01 6.545199884728234441e-01
4.319031230825629564e+01 9.225469692519999709e-01 4.280840008700125265e-01
4.136524596646669494e+01 6.041150352227994125e-01 7.455150407792301426e-01
4.495092467791229041e+01 6.605759900289809305e-01 5.390762146878521621e-01
3.470681022257864612e+01 9.340948784749175671e-01 8.186482593821713394e-01
4.897450470743649475e+01 8.730829260431798300e-01 3.154844828929411205e-01
3.927734176511830810e+01 8.701195678381778986e-01 6.556051931638181562e-01
4.315002280986258398e+01 9.364884206680618162e-01 4.249749361881231535e-01
3.794303865178142843e+01 7.052282751494586277e-01 6.540591167716983678e-01
3.937296014350801698e+01 6.905582490314762234e-01 7.816418614277442778e-01
5.048446388276531849e+01 6.193090322105940793e-01 4.200700470243964868e-01
3.902079077830246945e+01 7.845221217409372727e-01 6.285064380431412134e-01
3.687869123595320531e+01 7.930093858746776192e-01 7.838914504607846778e-01
4.242341595922491138e+01 4.551087413609821164e-01 6.162050945143339176e-01
4.915734680073849461e+01 6.794334935879161597e-01 4.806963096492122833e-01
4.916389645825783106e+01 6.230893044671270697e-01 5.947150378238809099e-01
4.035625182005963296e+01 7.233074203721552298e-01 6.290860036541140454e-01
3.996163165503208603e+01 9.515817176853348380e-01 4.699100003491294975e-01
4.091804135939243992e+01 8.827272409818186505e-01 7.363517079414509947e-01
4.629898940263569074e+01 7.527436168395401639e-01 4.333661243202451274e-01
3.913699848043223994e+01 9.617362054351715761e-01 5.530920193174888588e-01
4.324880972650853295e+01 6.809598094345126196e-01 5.494610007480982272e-01
4.253899252517889096e+01 7.020712899559935494e-01 4.611059009733475822e-01
4.880983620430639291e+01 6.122706424009015658e-01 6.169551700531366034e-01
3.588904703933135920e+01 9.907737040080539792e-01 5.880414416560060253e-01
4.417617373786725921e+01 6.643565845335346332e-01 6.705897264420471737e-01
3.929961858523105178e+01 6.972519535064005680e-01 6.706371553609316027e-01
4.289204117282638151e+01 5.859404372312072562e-01 5.548248853740777031e-01
3.475187708835657929e+01 9.114611137209294167e-01 8.037653287224016951e-01
3.913460103088851127e+01 9.303989079239651794e-01 7.303025255464731247e-01
3.801674039888383305e+01 9.476544644275748386e-01 5.116959633311251032e-01
4.307215773017310312e+01 8.787939103751369885e-01 4.597842391339911905e-01
4.349421120639276239e+01 6.979161323647238291e-01 5.764598804799583309e-01
4.695674185705906467e+01 7.634951891938391855e-01 6.289081604690048843e-01
5.620541449868722594e+01 5.565039199213182020e-01 4.281107205761249257e-01
5.199370550113669509e+01 8.045344594533349047e-01 3.155904035057583989e-01
3.962427876608492028e+01 9.915970362105239744e-01 5.843489132156345356e-01
3.944048001244699719e+01 8.829018488094250161e-01 4.737061004748621684e-01
5.084165562175524400e+01 4.630686685488487053e-01 8.197243553259003779e-01
3.321784276721417939e+01 8.955650145076389235e-01 7.538247263154783662e-01
3.965311310994925265e+01 9.164666237348395583e-01 4.780870252856426195e-01
3.691996725508289501e+01 7.222480536323792055e-01 7.457250044317595972e-01
4.128109773212192124e+01 9.433037628653554441e-01 5.071663162577900730e-01
4.785745564813610997e+01 7.331231581464530134e-01 6.232720262266094879e-01
3.720331196721440392e+01 8.447430941861857612e-01 6.843372991958888152e-01
4.434467255880477410e+01 8.771958823268591887e-01 5.120368948735614101e-01
4.607821570974616066e+01 7.326148186666457951e-01 5.662417237379085977e-01
3.925792651753113915e+01 7.480113213476805578e-01 6.491026078794391863e-01
4.514127448132254017e+01 7.505679249402688047e-01 3.877481909802881765e-01
5.248602318014186352e+01 5.586832238430445852e-01 7.246071147232104881e-01
4.122846521935673536e+01 5.680866677880083149e-01 7.439883249945009602e-01
4.102423778321665537e+01 8.441736520187782533e-01 6.735920204735277306e-01
4.288290791825070869e+01 7.412250204037901247e-01 4.597293429664762177e-01
3.466319941687142148e+01 8.997794420752414091e-01 8.823599695832436973e-01
5.354948793618359559e+01 7.575428797799047542e-01 3.803919299488290884e-01
3.935801376872726820e+01 8.871070420647414467e-01 7.284340973032754629e-01
4.360262754538922536e+01 8.103234290545930918e-01 5.485106930703727013e-01
4.102014529081043293e+01 7.981720362871469465e-01 5.684391301854623268e-01
4.877338263687831699e+01 4.490778122201303235e-01 5.184772512374631326e-01
4.214781863760980229e+01 9.539703311757365967e-01 2.676146649336975658e-01
4.470060701505482115e+01 7.530875709775703974e-01 5.668276490386737754e-01
4.929995323691986187e+01 5.802815816096473789e-01 5.862428433590506360e-01
4.074349024237766059e+01 8.936511433073597299e-01 5.580842883698766688e-01
3.759025529072982152e+01 9.665717607434656244e-01 4.550651379451715051e-01
4.546426077283408773e+01 9.153949262958932520e-01 3.958552040929624871e-01
4.889423430412335136e+01 9.302675843007683909e-01 3.370029397205850930e-01
3.791339518298132560e+01 9.688960428968356187e-01 4.681282889954838100e-01
4.523497789690697601e+01 8.691428931880561537e-01 3.731076014131766705e-01
5.777072952607193912e+01 4.214246062846396801e-01 5.850789448430614437e-01
4.134133702541202382e+01 8.775684396026990353e-01 6.150649399403296247e-01
4.778853992122988359e+01 9.363022501731570468e-01 3.015229195644208438e-01
4.162015031025745770e+01 6.130467976765151539e-01 5.825688400689622570e-01
3.917236332331000170e+01 9.321246752369080069e-01 7.194879574681858347e-01
4.831406092230083260e+01 5.641854022416668002e-01 5.668890702800989390e-01
4.394559520071332770e+01 9.146117974110458126e-01 3.479192790416113512e-01
5.491084102284699497e+01 5.463527675132603401e-01 3.910886735138111581e-01
6.192374846059915683e+01 5.988167404259870930e-01 1.352788186705288498e-01
4.305676571265573216e+01 7.349977924061688039e-01 6.882364663687251527e-01
4.980351936636441934e+01 5.357065625653520957e-01 7.594374075334864305e-01
4.043934942919722175e+01 8.934080942216078292e-01 6.534218513348456492e-01
4.279635826152572520e+01 5.132548523462856505e-01 6.784666480507006714e-01
5.154654182488231129e+01 5.449859354335246930e-01 5.719956010877357278e-01
4.876964025314850204e+01 7.186759743016224444e-01 4.963305372195933596e-01
3.766647421039139942e+01 7.378010226893571000e-01 6.838458955763500047e-01
3.637465239847164611e+01 8.835984179421439988e-01 6.501906696577002265e-01
3.810849536346702138e+01 9.914631510664672076e-01 6.978667717757268685e-01
4.001523302757021838e+01 7.899989690942541554e-01 5.453821037951591677e-01
4.091821212140515485e+01 6.668602321259218257e-01 7.324986436275787716e-01
3.630233318219662664e+01 6.619912760289642373e-01 9.460910031713055668e-01
4.735629971307677977e+01 8.935884736337246226e-01 3.557800628217321903e-01
4.121680230788931709e+01 8.511967485881494211e-01 6.154636039597639607e-01
4.644911574582421565e+01 5.103403441012529518e-01 6.955429341425130030e-01
3.691622004785429567e+01 8.147116649416158429e-01 7.584674139402619586e-01
4.595606811622747045e+01 8.477252025316066586e-01 5.439525161410740939e-01
3.648500496576850338e+01 8.574275386760412676e-01 6.617691036875245070e-01
3.958727648740681104e+01 9.948688636341141978e-01 5.364323943666240435e-01
4.559947579990647881e+01 7.729054596514342013e-01 6.426499359046057291e-01
4.163447218185477539e+01 6.668602321259218257e-01 7.026935441947489425e-01
4.819639114441181249e+01 8.905613417507950436e-01 3.959942104047156630e-01
5.144567137546530233e+01 4.593196040871577734e-01 4.703887028302161655e-01
3.821649847421763724e+01 9.641935864487799490e-01 6.415287769580063637e-01
4.506449716482692480e+01 6.933974621494127799e-01 5.811716868687191173e-01
4.490501384539000895e+01 7.126688972189775262e-01 4.618640855121164956e-01
4.656019747687137311e+01 5.103403441012529518e-01 6.914977656424676766e-01
4.642727191014859756e+01 9.081889198922024065e-01 2.829117359139995957e-01
4.318179599003580194e+01 7.439291710987037121e-01 7.701821391967679231e-01
3.696594241014233262e+01 6.287323744125083991e-01 6.154258787033061173e-01
3.983233599050201690e+01 8.805995999567698407e-01 4.915539729873430463e-01
4.728009367738527402e+01 7.474316698675003146e-01 4.055175832230935584e-01
5.140066144687774852e+01 7.974795630636595245e-01 2.609426450082579230e-01
6.211459521385495464e+01 4.731208591325554158e-01 3.276738859211811294e-01
5.128360464121105622e+01 6.663560853838499387e-01 3.088286689204721713e-01
3.878734907997977643e+01 9.263802263396455627e-01 6.290184428358710500e-01
5.067278903031024129e+01 6.998845577871075641e-01 6.599088901478808999e-01
3.665678713195675442e+01 7.931575097582254097e-01 5.270605904029188604e-01
4.726234333237025709e+01 6.894819438539615541e-01 5.512000004829903377e-01
4.982480730998741336e+01 4.778330878299086870e-01 6.069387584756567033e-01
4.439281339619565614e+01 8.337125320911578097e-01 3.594357595991373167e-01
4.190232408242880524e+01 8.366320547218007997e-01 7.393506588471655538e-01
4.310172290517143523e+01 7.446389001271529473e-01 6.056898735177073112e-01
4.762866747097093167e+01 7.833667093944565174e-01 5.147080073984969806e-01
4.459601516390007703e+01 9.296858655365519697e-01 4.288330642505647772e-01
3.422697557266958768e+01 8.857459333598496354e-01 7.799852595987983861e-01
4.832185404675261253e+01 6.131019563397922534e-01 6.421769521348236198e-01
4.550413457905543169e+01 5.260344991804124515e-01 4.865815518912387505e-01
4.096142106967825924e+01 9.314268373280771840e-01 5.606819375542270167e-01
4.030160715647173930e+01 6.587676874250453229e-01 6.557310417156539950e-01
4.853061369263921421e+01 6.365421210050064005e-01 8.276339665049980976e-01
3.628722568876301580e+01 9.607539203644519521e-01 5.884637336121713025e-01
3.674351028731469881e+01 9.586648449775163616e-01 4.540419405286097998e-01
4.038213924594920456e+01 7.673664060223663874e-01 6.128420687007885004e-01
3.987593507900977841e+01 9.747929095344963768e-01 4.434163082559942626e-01
3.905186120205291189e+01 8.280678993208746563e-01 4.011145004562199912e-01
3.868969470812405831e+01 9.645082231609084511e-01 4.818266577834110498e-01
5.392959915889679934e+01 7.142796606590189334e-01 3.280603994288081027e-01
4.071109415673840459e+01 5.495079093174104479e-01 9.431378752788041053e-01
4.549695413123195920e+01 6.008938937410837067e-01 5.834837161229808888e-01
4.014776922690106176e+01 9.939980892538036183e-01 3.912780977771771473e-01
5.458152687511371681e+01 4.916427128145048897e-01 7.113943186992492951e-01
3.897177041248270513e+01 9.178889848588998035e-01 6.290915790590957402e-01
4.731984353698263135e+01 9.564558345047503574e-01 3.573413223524704030e-01
5.068976517101199875e+01 5.280064125664786223e-01 3.614089307216705182e-01
4.265589684103461110e+01 6.686960856234357431e-01 4.571155831427234917e-01
5.085684976787278089e+01 9.732645281623748534e-01 2.021517903498182278e-01
4.359088973603378037e+01 6.721769799883550167e-01 7.120549144999025470e-01
3.843881870744102969e+01 6.528999747365467066e-01 6.379409179869526270e-01
3.839000576686802901e+01 7.671684117492846289e-01 6.987733577337389423e-01
3.973105616737332468e+01 8.912965116722983971e-01 6.943662840576974027e-01
4.464015620174546939e+01 7.730104269147356488e-01 5.207329627880110667e-01
4.216696940291587481e+01 8.115183702384581865e-01 5.020075404238165673e-01
3.642332726831734391e+01 9.912974742950048102e-01 5.064061444964952363e-01
4.678843965696496099e+01 7.840988812428482113e-01 5.723059486350909886e-01
4.176136936996973503e+01 5.931722538898217545e-01 9.375012175291280725e-01
4.258214290820609449e+01 7.668703246488591807e-01 4.426300511090920375e-01
4.571437118110009834e+01 8.901012538158481480e-01 4.522761942189391093e-01
4.086397319510979287e+01 7.458446118642837463e-01 7.332121539389556686e-01
4.071868229801577854e+01 9.298751984194367770e-01 3.566019547418358693e-01
4.442587980729683039e+01 7.670234682604194498e-01 3.941383326262725695e-01
4.760097592085293172e+01 7.608448525308242338e-01 5.879100278464546303e-01
4.205012599742902069e+01 9.307823093737267461e-01 5.840819835848443109e-01
3.782646530933806872e+01 8.306972532231389206e-01 5.845499311087720695e-01
3.178920133237317813e+01 8.924767068118457658e-01 8.357787724779988103e-01
4.729459210826160387e+01 7.218764027598597588e-01 3.428328518961060167e-01
3.868609143229228664e+01 9.033006238351015682e-01 7.388352120744106077e-01
3.710462510967062855e+01 9.892847191513262084e-01 7.135542486165383780e-01
4.489943010078119556e+01 7.185026739870328250e-01 5.526173014562849595e-01
3.894419614522361428e+01 8.089627737102988991e-01 6.464193216596648695e-01
3.743033526731290550e+01 9.825786560824619764e-01 4.844052719057768130e-01
4.349035297594673466e+01 7.966142570937694289e-01 6.663004561052879859e-01
4.471848994724535942e+01 8.134773434267460468e-01 5.747767440957146645e-01
3.738804741737860127e+01 8.300603248252026445e-01 5.840234805220636538e-01
6.578805886972200767e+01 4.794314783627428023e-01 4.624227352644876277e-01
4.135310314959164657e+01 8.818842345740773858e-01 5.640601568890650785e-01
4.327127544548010718e+01 9.153949262958932520e-01 4.665970518932061051e-01
4.218016365490970543e+01 7.559095915717986003e-01 5.690380326984930681e-01
3.939922318160243009e+01 9.740651370004339560e-01 3.787947226676915413e-01
4.162312252698792747e+01 9.921667493974516416e-01 4.308544237973545576e-01
3.570362576215398320e+01 9.386986345024012079e-01 5.886111225186155815e-01
4.215029153456506350e+01 9.194254558820256218e-01 4.335842719011340773e-01
3.716462124071321682e+01 9.454232037544080258e-01 8.156805517522083271e-01
4.191969386031342282e+01 8.144694281632943733e-01 4.508610965210245736e-01
4.877397554452855388e+01 6.110511023291679278e-01 4.696602891137744984e-01
3.489404976809303349e+01 9.305706849449848495e-01 5.245464872536420575e-01
3.730880420106449691e+01 8.764765941838893459e-01 6.754912235492245287e-01
4.508979532037751881e+01 8.692711470231223592e-01 5.773903273376957967e-01
4.990307931747197046e+01 7.291739685891277523e-01 3.450047956559691431e-01
4.031060216233333904e+01 6.895851769492418182e-01 8.792738866795187791e-01
3.852817844525067414e+01 9.202759248993476193e-01 6.101088476879946709e-01
3.883105193755604745e+01 9.778139437582852311e-01 5.790313664075071864e-01
4.295013586472673239e+01 8.863717972003534173e-01 6.159614074003485484e-01
4.412814730833907362e+01 7.964183600165055665e-01 5.129229997694378929e-01
4.477003467995340458e+01 4.765218362960040865e-01 5.467889291362967308e-01
3.634873828712837707e+01 9.329580667569079555e-01 6.786180449516877600e-01
3.247410179330793767e+01 9.387994846105608415e-01 7.258725847669064146e-01
4.532098897926043435e+01 8.032363825274162483e-01 5.016288596690406942e-01
3.981119858667533151e+01 9.895041274716496194e-01 6.957077002598646143e-01
4.532519957239461661e+01 9.596643295115475647e-01 3.855803966111927550e-01
3.749198033731751423e+01 7.236329555866867214e-01 6.745690260994091636e-01
5.507059952924453228e+01 7.815781405438877449e-01 2.614101642948457593e-01
4.209700026649965565e+01 6.057422496529053513e-01 8.199002901631282647e-01
4.073687749631835686e+01 5.360585922190254093e-01 7.775289725272693797e-01
4.409324970642148145e+01 7.771250092167205636e-01 6.858591166432959074e-01
4.547230274826338814e+01 5.234723131793701523e-01 7.530897091646507890e-01
5.418898106103603851e+01 6.460305835407381680e-01 2.017986632124890434e-01
4.338965980241562193e+01 7.636581906887458526e-01 7.703819147188477601e-01
3.923781916270128534e+01 9.525965409905148285e-01 4.997599320183196969e-01
3.814651143826102242e+01 8.420666069594278103e-01 5.713458908821398285e-01
3.960637950877952562e+01 8.590616466671814333e-01 4.527642191391271775e-01
3.683009196966646215e+01 9.546089837574553982e-01 6.737928064576124143e-01
4.024239785165241301e+01 9.741112269535887602e-01 4.674893433959504407e-01
4.073293246228985254e+01 5.988167404259870930e-01 7.258939082052024983e-01
3.305329402687377893e+01 9.916403240891803472e-01 9.290314892113213929e-01
4.363178831755358544e+01 8.024029109603856291e-01 4.568884854629343684e-01
4.931977596744947334e+01 6.959952982691357537e-01 4.793328552050409863e-01
4.145231729362672723e+01 7.833667093944565174e-01 7.403978525246892595e-01
3.462727013888599004e+01 8.710090562885250964e-01 6.032262080532002635e-01
3.792345282440285104e+01 7.395370247547125020e-01 6.423775094635189031e-01
4.382475871287340397e+01 7.680490105572376214e-01 5.194770252195177740e-01
4.340052055473451276e+01 7.775451100819930073e-01 8.007486085665008746e-01
3.937661166723124495e+01 8.187461964177198404e-01 6.069823258220765627e-01
4.532439118668818878e+01 6.961393659641353926e-01 5.352248133547271580e-01
4.549238917071409816e+01 9.305497893396184050e-01 3.224995014931110182e-01
3.888476514620505498e+01 9.536777834614291738e-01 7.763604007967421783e-01
5.281226676659223074e+01 4.778600596136342027e-01 3.837870910367597310e-01
5.381996215803004446e+01 4.371494740295214787e-01 8.872419438304151029e-01
4.232794295524855954e+01 8.586503156527075520e-01 5.177162298654579553e-01
4.636233141991345263e+01 9.584521042105239585e-01 2.555098334636049517e-01
5.483770042390971611e+01 6.900069141068732037e-01 3.212055472772951670e-01
4.352701666976750516e+01 8.312392887410828823e-01 7.015238274173133393e-01
3.545626975818516513e+01 8.695429511946185519e-01 8.324751431303875071e-01
4.670850224886577706e+01 7.013276525620889545e-01 4.560219815580032754e-01
4.623085771106089936e+01 7.112185151130876459e-01 4.238590469467068966e-01
4.726373392548345009e+01 5.740462834322318519e-01 6.029537809993301689e-01
4.023716073196911225e+01 5.358533127859498313e-01 6.166398129656665006e-01
4.871737273590427009e+01 5.733539524913273677e-01 5.994113931881697166e-01
4.400652816286709168e+01 9.823846628827958005e-01 5.791048260570748063e-01
4.374207696451939142e+01 8.434375066855818170e-01 5.184674713520380784e-01
4.684644286138114921e+01 7.869668485464258456e-01 5.068115248125130146e-01
5.227921406598047582e+01 5.647284305253176262e-01 4.011548434441099542e-01
3.751537891427432214e+01 8.793921922495482324e-01 8.321685396558005099e-01
4.287147428159456553e+01 7.781743213657366098e-01 4.317041815926337955e-01
5.547501281761603309e+01 7.000410921626358807e-01 3.039635563099741811e-01
4.473971275196681319e+01 8.449845425268152077e-01 5.887564006962744401e-01
4.640144861721558556e+01 9.026747402779899954e-01 3.535124628996708651e-01
4.291014021404076573e+01 9.031503549283897980e-01 4.203914435137781624e-01
4.443484053714279725e+01 8.755972959778058895e-01 4.014721837011071548e-01
4.233451770382764323e+01 7.820566542248370556e-01 4.984148264966437591e-01
3.632377425915707647e+01 9.622066679280172341e-01 5.557543001125178073e-01
5.951312343707070340e+01 8.111170624009756969e-01 2.838424130232604092e-01
3.933931898668242866e+01 7.830145625581731439e-01 5.179990538274459322e-01
4.192498524967933093e+01 5.898829775828060562e-01 7.592729385769826367e-01
5.663799943866753495e+01 5.397744366866488175e-01 5.647364645350715362e-01
4.644603548153202155e+01 8.306727503065570728e-01 5.197145734444019727e-01
4.259801033391486413e+01 8.905292866684317854e-01 5.459569703791794515e-01
5.343121523693511676e+01 4.885995309971133960e-01 5.021672002795337653e-01
4.043242133351111534e+01 9.214755654537749585e-01 3.873196595700629796e-01
4.533017076985210281e+01 8.195666824872618328e-01 4.354499419462987686e-01
3.631922183803130366e+01 7.631512652114590400e-01 5.883737613450755743e-01
3.624692040874931820e+01 7.388854865379306247e-01 8.371099185553583233e-01
4.906392068003466278e+01 8.046335297154092459e-01 2.704429474052371107e-01
4.632589594545014933e+01 8.256560739517835312e-01 3.174742064755319282e-01
4.789010485263336392e+01 9.673322093223247764e-01 3.427704992060378597e-01
4.487456955199619557e+01 8.690064174475129466e-01 3.711533194475601927e-01
4.471701166544753647e+01 5.260344991804124515e-01 5.127488282556501575e-01
3.963274250808571253e+01 9.613292013944175762e-01 6.130183518578758983e-01
3.746595700951778696e+01 9.951738790809572244e-01 6.057496138352164161e-01
3.761756469134458314e+01 9.508495250337304361e-01 8.194053113637023156e-01
4.262633934160678706e+01 9.127085141921108535e-01 8.080593874682657773e-01
4.452501798940722466e+01 9.529574820685939862e-01 3.429297662322189910e-01
4.431879752796169925e+01 8.165092404689923145e-01 5.819734268684823020e-01
3.567764832869837477e+01 8.772918024793147085e-01 8.757187520728465513e-01
4.501319452199693671e+01 7.086502380161882053e-01 5.584006144180670983e-01
4.578433038165631785e+01 5.913174350325198780e-01 7.205430404538817335e-01
4.698164715614032616e+01 6.683809021702885600e-01 5.764684825512754740e-01
4.096337440188517576e+01 9.222333622672019837e-01 5.961755093347711476e-01
5.864217732539746919e+01 6.111714134833922119e-01 4.612257748296216819e-01
4.528915997481926325e+01 6.689811749354781512e-01 6.723503381849212923e-01
4.051159972087729955e+01 4.741457332382471024e-01 6.464089905002546876e-01
4.314268487750186409e+01 6.952533499276619677e-01 6.503802719318120262e-01
4.784819091208903075e+01 7.435069074167039993e-01 6.459298982629307906e-01
4.295585859940205609e+01 7.334320227799059344e-01 7.450249498922466573e-01
4.836265304501162632e+01 4.787298313312263742e-01 6.071223579827350614e-01
4.423802021639425419e+01 9.253037226596459996e-01 5.226566123552964793e-01
4.537650230453286326e+01 9.332252443749452508e-01 3.164110931051838382e-01
3.854171767125180992e+01 8.450611652234190085e-01 8.403395667263274804e-01
4.633591059992231465e+01 5.188301832227083521e-01 5.783368461549690531e-01
3.467338415167363763e+01 9.470869725374464476e-01 6.455100185900378706e-01
3.349535441286859339e+01 9.923408272213244397e-01 7.135476249192651554e-01
4.850149512516562567e+01 6.636045478796572805e-01 6.391554073711349648e-01
3.862312956672672470e+01 7.931575097582254097e-01 4.493163974009889428e-01
5.107385570680512643e+01 5.333370099734859870e-01 5.564297212322724118e-01
3.237635468331541944e+01 8.826741964673613383e-01 8.504421694785131436e-01
6.001108603571040589e+01 5.496338983894633046e-01 3.228217858407278484e-01
3.744849221579362819e+01 9.295468438904399555e-01 6.939020571099827617e-01
4.122386842207016144e+01 7.902074571298014494e-01 8.013547695160947448e-01
5.736365834440766776e+01 4.709916171912840177e-01 1.939166534464371872e-01
4.475908456512107847e+01 5.440224114374806463e-01 6.526034372392196525e-01
4.440931788156398596e+01 6.935896411855304589e-01 7.298116626081041503e-01
5.234794204211051039e+01 8.248811946119276595e-01 2.541207818100726934e-01
3.373045960619009520e+01 8.629718631151968022e-01 8.212048610427640227e-01
3.720641615188849016e+01 9.074387588188751463e-01 6.485266882359151941e-01
3.955671475632910017e+01 8.773091942778850072e-01 7.609586243219225166e-01
4.381188021895476226e+01 7.288649950781989073e-01 7.929044270055299881e-01
4.669858541695814580e+01 6.017297554817063743e-01 4.908476429934424679e-01
5.192036778743895553e+01 8.567101069576600336e-01 4.274047961950239727e-01
4.460756294332895777e+01 8.510948302042748992e-01 3.751249553339141563e-01
4.954936143150212047e+01 4.862216150477418064e-01 6.743019809586474622e-01
4.036149052253971092e+01 8.780390085276275070e-01 5.736962678454439191e-01
5.102979629693716390e+01 6.041150352227994125e-01 4.149313585312843222e-01
3.598878637254608748e+01 7.532435220950808308e-01 8.743656788454157169e-01
4.256135343038872776e+01 6.030443420186692993e-01 8.256216435194866365e-01
4.257289681348720478e+01 9.670336704569943986e-01 5.551388079146526433e-01
4.306434957354396431e+01 6.924916083350205476e-01 8.830372408507870530e-01
3.880849218235516673e+01 9.202640246336823981e-01 6.172200327982745316e-01
3.490530410279760787e+01 9.851648197208477953e-01 6.583084000508878653e-01
4.115355383421393753e+01 7.471290231835603368e-01 4.231800304766730192e-01
4.311351360022035806e+01 9.166763295521968002e-01 3.944199388957416175e-01
4.106496341638762715e+01 6.551072224780728481e-01 7.807494495616121855e-01
5.153810057270964506e+01 8.629794858108450484e-01 3.194709980446744368e-01
3.404595948211859024e+01 8.836563536030006549e-01 8.228099881454191689e-01
4.388219003354727477e+01 9.018367020249463684e-01 4.339682443354415664e-01
3.335477315012546029e+01 9.905618532445156221e-01 9.226463544321475974e-01
3.525066099893640370e+01 8.605320194809717993e-01 7.660313661034141575e-01
4.771067106744439457e+01 5.472392958620954095e-01 6.774085798723764595e-01
4.637136093510930124e+01 9.796890260304723652e-01 4.057488002394412652e-01
5.003880767887109471e+01 6.787980842991940822e-01 5.043409803664263835e-01
4.438291413125855200e+01 9.534867464406492354e-01 5.571307642308764851e-01
4.291332028469314963e+01 8.764652811354386452e-01 5.193703159635674194e-01
4.230229943923299629e+01 8.863811652625536164e-01 4.540300838340254330e-01
4.467025307871392670e+01 6.094049612439765840e-01 7.417559704194992554e-01
3.720867962696934228e+01 9.036014921933668287e-01 6.176996228689533019e-01
3.456909306381191271e+01 9.610325855003716278e-01 6.357761511306642133e-01
4.509617533864184225e+01 8.796902638256572926e-01 3.916806808719074384e-01
5.441773592748275945e+01 5.575989297167172065e-01 3.603561915668316851e-01
5.149464936350454281e+01 6.683077196610214266e-01 4.522298321153302436e-01
4.461788910577803335e+01 9.036305137747280281e-01 3.273689362487213206e-01
4.761033738548490390e+01 7.919608265640258882e-01 6.592405418257762939e-01
4.260725567342595355e+01 7.850966965341350523e-01 5.655159654321993967e-01
4.336999706712900604e+01 8.457405746789218304e-01 5.286178114650412763e-01
3.832955077189174631e+01 8.306972532231389206e-01 5.637522953687822413e-01
4.178130907901361724e+01 8.764656288486030178e-01 6.418720598311017378e-01
3.779235832999216882e+01 8.408706763994731048e-01 6.114443948757040115e-01
3.616305468984167248e+01 9.432299381784245984e-01 7.480633077646895446e-01
3.607942000724461451e+01 8.737705383091652900e-01 4.723665455080287012e-01
3.490159706303030163e+01 8.976172874832134552e-01 7.528219379049934101e-01
3.729526067343815754e+01 7.725394449259538332e-01 7.480284310341569487e-01
6.149460029281060969e+01 4.926298616091132065e-01 5.507540263034929051e-01
3.973993712146030077e+01 6.132970410999188937e-01 6.695844736042676493e-01
3.893592822646145635e+01 8.763874935992254089e-01 5.976841142244284644e-01
4.152804370372005849e+01 7.087035167225742560e-01 7.741856449019275388e-01
4.037774853248429707e+01 8.603476754834562534e-01 7.066902069727677427e-01
3.067655182955273219e+01 9.227930706779695624e-01 9.094697254588421931e-01
3.100415474000537941e+01 9.215703348482700008e-01 9.246177327003508584e-01
4.266009757603130481e+01 9.802945076915902112e-01 4.917166067560636566e-01
5.495923523591380189e+01 6.307395981705197219e-01 2.306105554358967857e-01
5.173757399741126051e+01 7.921050250561078032e-01 2.872912441416842766e-01
3.340586287290006595e+01 8.955650145076389235e-01 7.439535755042875342e-01
4.603959809307641393e+01 9.023243274756755916e-01 3.345213369540614989e-01
6.043507590730384749e+01 7.667784838930513658e-01 3.223468126783936016e-01
5.640875052781345289e+01 4.589077633110194010e-01 7.713010315790278515e-01
4.153208492726506051e+01 7.214541551864565028e-01 5.492964562864586231e-01
3.821203143261374180e+01 9.857695785544882128e-01 5.194088830997450890e-01
4.763558088746094654e+01 8.498868413097836472e-01 4.349916118687119915e-01
4.611074776317251178e+01 8.211091962904077945e-01 4.010167289370208943e-01
4.925253877737578989e+01 8.194248639401749967e-01 2.842896949112405092e-01
4.359675843628987479e+01 8.584357097465666886e-01 3.929666832626116935e-01
4.004951075003329208e+01 8.685107898631901913e-01 8.205685571312352211e-01
4.795909030567904807e+01 7.091966134340921268e-01 3.054008864840077053e-01
4.834009234186017068e+01 6.170909879342357796e-01 6.398154235910927801e-01
3.935099364533841992e+01 8.248546428324533553e-01 6.472218613894812345e-01
4.739731431653629556e+01 7.743668160156429447e-01 4.141169381957102158e-01
4.342987580125587499e+01 8.779290250345709312e-01 6.797634958442692055e-01
4.047996141885664656e+01 9.105934775138644355e-01 3.934038478041896880e-01
5.416644868771535926e+01 5.172383660518139470e-01 6.105016133314352667e-01
4.382303784300570726e+01 7.532435220950808308e-01 5.392850272420399715e-01
4.921777587596934467e+01 5.850239581366317720e-01 6.084628285418403060e-01
4.794539406283097094e+01 9.386677139646135704e-01 2.516252535407085267e-01
3.922543684567565236e+01 9.920135848145091861e-01 4.560541728242469839e-01
3.537410620203464617e+01 9.303070032214556528e-01 8.032379287743262042e-01
6.554017403280217025e+01 3.698930612246444927e-01 4.500171749992042947e-01
4.932803017692561554e+01 8.882235374772674552e-01 3.963099631782781018e-01
6.021006427049830023e+01 3.856878710271621213e-01 5.066455433838261690e-01
4.008629133226892804e+01 8.314447094884658274e-01 7.511508714574508527e-01
4.498489756924140437e+01 9.368127627314442041e-01 4.940681569086298186e-01
4.276716648979093094e+01 5.421790355097049208e-01 7.318736563405672246e-01
6.208858719780877777e+01 5.575989297167172065e-01 1.922884275680952493e-01
4.301121014006335486e+01 6.669281023957112087e-01 6.287424550918901955e-01
4.329973094154740920e+01 8.352086460315019112e-01 6.317852204528031645e-01
5.798206877062020226e+01 6.852952083277762396e-01 1.806577352529286085e-01
7.890130743443803851e+01 3.891848986055804760e-01 1.837893443985267050e-01
4.660676441467150255e+01 6.899488582819770510e-01 4.422059510923844750e-01
4.394649466917548608e+01 7.408190898679160030e-01 7.602859700721465996e-01
4.539734575086055202e+01 8.324859652555129941e-01 5.355255873891835439e-01
4.511150315002554834e+01 6.250722291063360858e-01 6.666341564802725772e-01
4.697564439522880519e+01 6.691771331570220971e-01 6.569154505926366738e-01
3.480589593633153100e+01 8.151715731463897718e-01 6.896626682898276961e-01
3.839310389649673283e+01 8.523937813984302503e-01 5.148023237919754358e-01
5.005652384791608966e+01 7.619028528232757447e-01 2.716752604196277510e-01
4.388763264795591823e+01 9.041072861389886084e-01 5.355044675242627283e-01
3.911141185298340162e+01 8.337079397813601522e-01 5.801575568867058941e-01
4.310721346953396704e+01 6.207856782122230799e-01 6.266591448681286813e-01
5.384965597859959274e+01 7.139405129795154403e-01 3.665245332160373959e-01
4.302060333854257834e+01 8.474002354332718090e-01 3.385027296539714348e-01
4.186438142736769663e+01 7.008591347487854728e-01 7.778503219766755850e-01
4.863970748720728210e+01 7.475629375590987502e-01 4.944764011814504201e-01
4.064913897740953530e+01 8.517436881277513638e-01 4.345320335667319789e-01
4.839148738165447838e+01 9.313077620035710158e-01 4.718234105571503245e-01
6.379815130179806459e+01 3.869249910225380229e-01 5.451889747347844484e-01
3.927972883780748248e+01 9.035950993135688503e-01 9.668854721226339821e-01
4.847725114079942443e+01 5.496154453199015855e-01 6.884824752596351294e-01
4.579645320784413798e+01 7.743313046144117973e-01 5.607568270757962159e-01
4.583255906889026221e+01 7.949646090322870506e-01 6.255269510047872794e-01
4.089983370880795377e+01 7.944848272324035454e-01 4.340244857124976319e-01
4.105338511353264863e+01 9.727376299263219561e-01 3.847449812673483516e-01
3.364487720553415784e+01 8.279181645604389850e-01 8.907994406214095884e-01
3.854614078722876513e+01 6.830407894080697817e-01 7.344925493073383160e-01
4.605798908106136480e+01 6.759851976321320510e-01 5.332914964157314808e-01
3.769940804118169808e+01 9.907448922512508416e-01 6.878635847674561266e-01
4.088887052859872995e+01 8.863278715576984323e-01 7.301312089440192832e-01
4.460254081332344356e+01 9.122310960672194158e-01 4.981116945705477139e-01
5.056084299140736960e+01 9.074988881936120189e-01 2.909625737666751144e-01
4.047085778142525214e+01 6.695757953178342881e-01 6.369483285428634289e-01
4.559995659364783904e+01 9.465042069721040230e-01 4.233773417460118815e-01
3.743154355731898875e+01 9.774840106983776478e-01 8.189428361600966655e-01
4.762427739899286649e+01 6.340359034558665785e-01 6.211361351097938188e-01
4.779264540446990850e+01 8.364131918693178402e-01 5.252179991941274828e-01
4.271170379550605389e+01 8.421051308018806525e-01 6.665135706314111452e-01
5.331761657576521429e+01 6.847926652849789519e-01 2.674288601024198964e-01
3.515323904883346273e+01 9.363874682954596018e-01 6.363362112974012552e-01
5.273190336786336729e+01 6.502173195580017717e-01 5.304013101332872848e-01
3.133559142132499176e+01 9.867734285264727623e-01 8.286071971504250788e-01
3.540703600849865040e+01 9.294929838129754041e-01 6.418186200631640359e-01
3.309565173941636118e+01 9.373846347461356476e-01 7.593883467975738322e-01
3.607880582819714022e+01 9.883562822232040412e-01 5.709151591626320243e-01
4.465378204822210506e+01 9.878505150392982159e-01 4.030530926214004328e-01
3.931636028552421180e+01 6.158537748020405100e-01 8.434874813853493469e-01
4.776130055845973033e+01 8.087479614393081606e-01 3.970981782274965455e-01
5.241482191312144323e+01 8.849514133363355350e-01 1.777675235131532805e-01
4.081192074524304303e+01 6.811994917123692650e-01 4.899590337729369804e-01
4.647192454015069529e+01 9.500290977494572076e-01 4.533787156080837377e-01
4.105707405716780301e+01 6.528130172473310955e-01 7.448304742868880890e-01
4.427282163445818952e+01 9.095229809661076192e-01 3.564240268178454074e-01
3.673092273312760625e+01 8.700388447294882255e-01 7.554633862177849712e-01
4.022681203769072056e+01 9.844336725554051482e-01 5.544830632218733513e-01
3.442846943270831872e+01 9.055835141432212465e-01 7.608679676711093132e-01
3.538591808346007639e+01 9.144591157809019988e-01 7.834922878403097757e-01
4.693633416610091302e+01 9.461081023482618146e-01 4.285993184450312965e-01
4.763613830029539997e+01 5.719673829713377566e-01 7.635998424221347447e-01
3.741749922957673391e+01 7.296716637524323090e-01 7.812943775599824336e-01
4.515590548834880025e+01 7.507607063805166181e-01 7.374186421805450919e-01
4.328006812443122442e+01 8.934135676133514448e-01 3.864297955235384552e-01
4.077757815465065505e+01 8.547514636544074618e-01 7.968298588532913840e-01
3.390631368758083397e+01 7.974100036689778515e-01 6.656549432174346803e-01
4.167768606607558723e+01 9.610938847113571493e-01 4.759328505540560972e-01
3.766607349906327329e+01 9.826714553228635962e-01 5.932002575604912176e-01
4.255156662951535651e+01 8.166617344756046393e-01 8.076057849923640175e-01
3.780812554640238687e+01 7.558532089196691173e-01 9.607410293064370110e-01
4.924273483660885375e+01 6.292744570764067236e-01 5.789978614712251170e-01
5.336972134585757743e+01 5.277576624888240531e-01 5.176580270132286055e-01
4.290777767057464587e+01 7.411264611766553712e-01 5.647528640487806673e-01
3.867841197009740739e+01 7.497370964826185480e-01 7.353758487264736576e-01
3.537923087511695996e+01 9.341830334365955890e-01 7.052641198718697657e-01
3.864832815876379613e+01 7.766541237351548554e-01 6.515756836308563837e-01
3.876353626109572303e+01 9.156001855524732447e-01 7.637956335944301456e-01
4.609954890132706851e+01 7.470436990189587290e-01 4.760613199414878705e-01
3.790490837571135074e+01 8.544081255229858396e-01 6.115470955508840456e-01
5.576883394250675252e+01 4.502819914984821370e-01 6.032659046121883195e-01
3.743522547902608721e+01 8.636255597227171510e-01 7.904359902293747187e-01
4.376351168694050386e+01 6.930757644196977596e-01 7.112521622058977089e-01
4.725034808934484687e+01 6.250190637508254987e-01 2.625325402301635913e-01
4.994045380336135054e+01 8.421603222667808364e-01 3.775589879675768645e-01
4.799229896333655887e+01 6.203064679984798824e-01 4.927294700912033809e-01
4.025308446084938652e+01 7.149939636746581728e-01 7.988464727572852642e-01
4.128920077453551585e+01 6.516398270944511184e-01 6.088566684237860516e-01
4.503345630637772246e+01 8.748522335808314176e-01 3.444985565415099593e-01
3.746102741314599172e+01 9.658444954552716233e-01 5.873697040976632033e-01
4.067912038354286608e+01 7.768506609334288049e-01 7.736038124656314796e-01
3.667611542009312586e+01 9.138413523845372310e-01 7.406296787097935708e-01
4.000240663409592656e+01 9.317475755895332501e-01 5.853622153309551157e-01
5.601363231275438892e+01 6.284007562988568329e-01 5.083334629731217635e-01
3.613422893772586519e+01 8.194241370322375984e-01 6.108849063948884606e-01
3.402383313757338357e+01 9.093327695155072332e-01 7.875322499403032417e-01
4.721162453323184849e+01 6.297445343267559226e-01 4.651881328783569192e-01
3.805155730061262886e+01 8.631973512218608091e-01 6.888875399316536363e-01
4.621247636945317083e+01 7.396718271095882313e-01 7.599472348069359340e-01
5.228442105536473150e+01 7.483885723365527598e-01 4.116810994587213335e-01
4.619406806935270993e+01 7.881412504559373033e-01 3.754893356568224649e-01
5.174082543735517703e+01 6.968310134824633462e-01 6.127681051596590711e-01
3.577176322933936348e+01 9.306115806403527646e-01 6.674086937676947384e-01
4.701948938866681971e+01 6.118120014038503918e-01 6.600329568617867571e-01
5.868493142551319153e+01 4.137961326367582959e-01 5.956506333973471401e-01
4.277618150379515782e+01 9.114526857454704478e-01 5.440954446609478357e-01
4.183224176782729131e+01 6.086372804413708870e-01 7.209362911878937075e-01
4.063393895124406896e+01 8.143837489219802883e-01 5.792440422031820413e-01
4.029457157924983335e+01 7.702488590404213964e-01 5.674620804884075165e-01
4.651202457314261096e+01 7.226828525622509547e-01 4.198595654796269394e-01
3.664191606253493916e+01 9.900811095474255641e-01 6.712498575535321699e-01
3.969994639628036026e+01 6.054953947250546475e-01 7.348380602965493003e-01
4.583898432816591395e+01 7.412250204037901247e-01 3.655939353249763046e-01
3.928800118735320979e+01 8.271230534173662496e-01 7.708529550339048297e-01
4.295337085069851923e+01 9.900811095474255641e-01 4.256808205543693990e-01
6.551785074504478246e+01 4.941742452766834104e-01 3.831976624607766335e-01
4.224904294752100498e+01 9.761713212394316219e-01 4.309927227250345827e-01
4.070563995606575958e+01 8.400528051911757554e-01 6.478301550447597146e-01
3.192456084656973303e+01 9.853415511937088089e-01 7.231177357263712802e-01
3.776530867476819964e+01 9.361960217010140139e-01 5.870308784221228704e-01
5.602462805068778096e+01 6.434457824741741661e-01 3.340367727632325145e-01
4.356159447338526292e+01 8.059794465687065701e-01 5.580021305571315482e-01
3.745758094323803533e+01 5.475024746397451070e-01 8.622560839074286942e-01
5.189578711871048000e+01 6.653569810320396627e-01 3.909706357257326514e-01
4.277477237939476140e+01 8.578121524231161477e-01 7.679055619341674799e-01
4.800634327566738335e+01 9.638036596388019905e-01 3.586168941357110729e-01
3.592844734233580084e+01 8.652535808860626343e-01 7.295194921150798262e-01
4.456930761972668620e+01 7.388832378396970046e-01 4.870276999920429284e-01
4.068246487477189532e+01 8.248793018342051031e-01 9.424326732229018067e-01
6.997581401811042667e+01 6.901793814039038910e-01 1.982017955275238164e-01
5.457476199804197137e+01 6.084804296730285111e-01 4.411617956817075470e-01
5.183660252662146917e+01 5.950283216139911069e-01 5.492001999698571391e-01
4.082504421626330782e+01 9.878196489427392146e-01 4.613986131638484478e-01
3.548829921302397850e+01 9.711249527905227996e-01 6.107500857359100532e-01
7.086301595474201065e+01 3.383846298014479004e-01 5.518336119116473704e-01
4.430148788636919477e+01 7.507862524979086460e-01 5.321331458233979905e-01
6.604582434772703436e+01 4.472233177276813687e-01 4.567354855539947911e-01
3.764672873176359502e+01 7.799526732584202149e-01 8.732478060038963985e-01
3.964399647447032748e+01 9.836950601801107696e-01 6.249464919987152145e-01
4.457628673628222060e+01 6.190632522539732951e-01 7.386579204884203831e-01
3.721169294172013053e+01 8.837211364079714526e-01 6.338192431937661464e-01
4.956404662174634979e+01 5.214252130306568089e-01 7.728430987603649438e-01
3.744609385331303741e+01 6.854330196768164685e-01 7.394521643607194772e-01
3.781682710228290745e+01 9.564914248517264461e-01 7.335327689625896763e-01
4.690455337022470417e+01 6.280449286395697328e-01 6.536081558605494335e-01
5.141968650258086626e+01 4.963211096838133218e-01 7.308612528303312095e-01
4.237885840272687688e+01 7.793049091149928387e-01 5.229283051156272677e-01
4.231086790762626748e+01 9.791902795990922170e-01 4.019304716107821585e-01
4.183465615557835093e+01 7.302134226818213225e-01 5.884511815484125830e-01
3.952130322328116563e+01 9.157516322550132148e-01 5.755591268892960022e-01
3.514571067335684518e+01 9.892614223632766324e-01 6.086379508854031783e-01
3.801556535106880830e+01 9.472884722914075573e-01 5.769746009660365882e-01
4.846512476821213511e+01 5.913174350325198780e-01 6.253731188507563044e-01
4.089742011214072903e+01 9.153645925313877996e-01 4.468488681620826353e-01
5.007847963783900980e+01 8.411762529474284822e-01 3.973064579046706180e-01
4.718167751277464106e+01 9.774939347288131852e-01 3.509730124102052318e-01
4.105826097543704378e+01 8.180790793535901440e-01 5.333487952074633665e-01
3.793017266168063628e+01 8.476328643589752243e-01 6.711829014171261099e-01
3.483130817867375839e+01 8.687263212837001980e-01 8.306674464509854472e-01
4.116087050587054819e+01 7.776121753870034459e-01 6.137044038105724519e-01
4.851008192196390212e+01 8.032177952654850905e-01 5.278748058852876790e-01
4.328882254069060309e+01 8.800434068350861949e-01 3.703660556772821466e-01
3.387227470823806641e+01 8.882326529504090962e-01 8.257435478627425107e-01
4.539045028977893992e+01 9.155278548857811449e-01 3.204251470820099756e-01
4.547689710533693130e+01 6.060018411101252278e-01 5.969811623642419240e-01
4.579778444577096508e+01 4.765218362960040865e-01 5.120773818654588139e-01
4.555850812389135740e+01 9.210214662748668069e-01 2.855927336497977587e-01
4.372094819125796761e+01 8.891527539492841692e-01 4.782446326935531622e-01
4.217454687205569286e+01 9.219261960459887995e-01 6.631535179925234225e-01
3.998794572545156711e+01 7.922767762178236639e-01 4.604528424882097792e-01
4.416044810591476732e+01 7.253760896783291168e-01 5.311737063407074855e-01
4.050873064643329968e+01 8.118299299219851051e-01 8.046046082768700813e-01
4.135080379249508553e+01 9.850790943195779636e-01 5.422839497880505011e-01
3.827291909126029879e+01 8.156362997231221268e-01 7.908688604745509609e-01
3.924616678377744705e+01 8.969109401725579023e-01 6.315373257412669750e-01
3.588643280464548724e+01 8.901632380400242850e-01 4.820525988059521372e-01
5.616191984792835257e+01 6.203064679984798824e-01 2.755888544049223121e-01
5.074490094579235233e+01 6.355599780058899251e-01 2.365681246876695232e-01
4.121243271302162725e+01 8.867218862900385634e-01 7.534496083548892775e-01
3.690164157928079902e+01 8.944151310288960266e-01 5.371450312890256873e-01
3.549797286948665942e+01 8.742701284539413642e-01 7.634005533258839682e-01
4.079469185640611073e+01 8.229847942606030031e-01 8.245630402601418218e-01
3.944586282303311009e+01 9.540393559494864117e-01 4.643500196494995125e-01
4.625499694070080636e+01 9.074394878894264105e-01 3.102139662379536644e-01
5.501352514876675315e+01 5.113604863645486720e-01 6.632409530668149644e-01
3.866709229967020178e+01 7.784615291472291032e-01 6.659389462431709594e-01
4.327158290781004979e+01 7.130279245407548094e-01 7.619367232863394346e-01
3.602978370723244694e+01 9.344118471205944410e-01 6.397735129378649965e-01
4.772466824250543738e+01 6.959952982691357537e-01 5.287767874941172730e-01
3.703077631901586386e+01 9.368736203578598154e-01 5.511100146853874504e-01
4.383545359757913218e+01 7.873394398497663982e-01 5.980409520358799247e-01
4.836018091376780603e+01 6.937688626653408797e-01 4.805521535924617837e-01
5.025547102288543044e+01 5.438215445320547792e-01 5.286347224766141384e-01
4.952564723705206973e+01 7.559600517011874077e-01 6.599188821604450306e-01
4.376359309551684618e+01 9.313216396482087989e-01 6.035297615265707849e-01
3.953887647986402953e+01 9.829116841923372094e-01 5.184026291332406444e-01
3.308001454912255923e+01 8.505324597107059015e-01 9.815002772342688031e-01
4.610170548994199180e+01 5.168919630618437067e-01 4.610901762559665440e-01
4.062261173933985248e+01 5.612332114283197226e-01 7.331031163567452991e-01
4.757169648283996111e+01 6.156058023335994056e-01 6.629541481358850463e-01
3.743028151504582723e+01 5.410185153284307047e-01 8.044584829758874012e-01
3.554729780936393979e+01 9.577804169322383654e-01 6.757837492870713003e-01
3.785588145940920413e+01 8.598766601542582322e-01 6.953919582830823121e-01
3.586187001625658155e+01 6.663370228246573435e-01 8.304277766397428762e-01
5.063515861834638798e+01 5.742111973468350117e-01 6.805882971830424788e-01
3.809390685163333501e+01 8.376687429613496327e-01 6.847258079870136571e-01
3.909518216755299846e+01 7.440700738947737536e-01 1.055162542935631942e+00
3.752647847817028293e+01 9.841693797015977907e-01 7.176248775246859557e-01
4.597944879360060355e+01 9.448458502743449783e-01 4.203038251534910175e-01
4.919346757109104118e+01 9.024263276469753903e-01 4.533082242410090279e-01
3.531947230135863691e+01 9.239375067662055629e-01 7.219099844156096069e-01
5.422820663633960692e+01 6.632156563421801598e-01 6.477977521779171299e-01
4.608731759488442492e+01 6.280373460033759070e-01 7.575948271068635442e-01
3.865050693297911977e+01 7.404708477962357316e-01 7.210764431977066957e-01
4.394997943830890108e+01 5.086996797686743621e-01 5.085873496952691974e-01
4.311030386130566683e+01 7.952270774946083032e-01 7.880918271417943766e-01
4.724660196304272830e+01 8.629718631151968022e-01 3.002009551512695440e-01
4.691367513562380509e+01 6.699154264976763251e-01 3.780915013180694562e-01
4.300854151990221652e+01 6.682164766419281809e-01 7.473690421523239147e-01
3.565772020524917707e+01 9.511145015849490347e-01 8.305454926529808324e-01
5.051917681007392247e+01 5.331622894486162112e-01 6.125918343102313424e-01
3.775404633167324420e+01 7.797955698265365276e-01 8.423267638374308808e-01
3.986703150649319838e+01 6.940667242397490222e-01 6.836669414191928196e-01
3.374229845308124709e+01 7.057782457163414014e-01 9.234939519679707942e-01
5.351384371333487167e+01 4.969237833814468264e-01 7.245850904371285983e-01
3.727557660770968084e+01 8.809760988082927513e-01 7.376626438718368872e-01
4.548513402620987733e+01 9.147679261704240172e-01 5.032523144946641214e-01
3.433397237729133167e+01 7.439633782490290281e-01 6.857978844965294529e-01
4.745483072503365207e+01 6.106522442961379582e-01 6.929745564895390952e-01
3.637688203189429714e+01 9.436579050058123697e-01 7.492051667377739310e-01
3.920187483851740495e+01 6.839425862010107826e-01 5.415790507198492421e-01
4.153305518417332820e+01 8.322841185858768087e-01 5.151232126063135519e-01
4.066137327922141509e+01 8.772327651224234302e-01 5.368711374028776184e-01
3.365480452795392807e+01 9.452425209382375737e-01 1.009196337593791792e+00
4.105363383112276665e+01 7.706854568804385464e-01 6.567035765890910648e-01
5.407600756286610988e+01 5.495308354873373879e-01 7.108167035528207833e-01
3.407329553313913806e+01 7.911880839754041883e-01 7.109537274814069496e-01
5.965173083051787017e+01 4.416955175241737419e-01 5.607124169542184733e-01
4.697028967450205528e+01 7.995475726777564462e-01 4.006258947070767684e-01
5.128675263677818208e+01 8.552839545124706344e-01 2.966668307306897789e-01
4.654087645538029250e+01 5.732969340988081086e-01 6.753595535476012435e-01
4.684829947489345159e+01 4.948023211960566048e-01 6.929729550269952965e-01
4.401955902530184517e+01 6.621810561049711330e-01 7.678477413930971940e-01
4.928725256721782699e+01 5.662727052380694959e-01 7.750258016651795367e-01
4.360549850655099391e+01 7.426590032800525210e-01 7.427596657009480907e-01
3.966045382831596555e+01 7.460539950607141257e-01 7.772644333604439293e-01
4.942044536021933965e+01 5.910662643632889068e-01 6.398340283925014749e-01
4.808298641353756153e+01 6.835782870499701458e-01 5.966870763747891271e-01
4.472553575269315473e+01 7.259834824554743937e-01 5.012317431201919193e-01
4.948613855612543233e+01 6.083580677731400543e-01 5.864156567997667047e-01
4.338376084070044669e+01 7.195174777829103085e-01 7.539071192881739991e-01
4.051196931721933936e+01 9.496782892269466370e-01 6.468713598586274260e-01
4.529862156101372506e+01 9.377786867714715813e-01 3.801944925805125775e-01
3.662753601193979591e+01 9.530832491763936432e-01 7.989141551460446911e-01
6.066091846642562757e+01 5.850037728934855963e-01 4.208240524367148905e-01
4.276319159834547889e+01 8.322053161136799826e-01 4.860083315778196411e-01
4.371303377833542214e+01 5.798322033468613634e-01 6.305687535081490047e-01
3.783069057005114644e+01 9.067935371297539682e-01 7.580280718600187484e-01
4.256354348233060136e+01 6.240100303445369478e-01 7.034293686120982603e-01
3.975151243548205571e+01 8.648090288923375724e-01 4.431855666652020354e-01
4.058705011838991084e+01 8.328544237141211060e-01 6.186214028457736047e-01
3.619790273772785838e+01 8.378650118980958128e-01 7.508806645293018001e-01
4.065156627390895494e+01 9.598646869008360394e-01 6.254471612428277316e-01
4.868279321356489930e+01 8.152762547309687635e-01 4.247007910111877949e-01
3.321615482819913012e+01 6.601357700686543151e-01 9.167806547538265294e-01
3.490991059182809408e+01 8.930434735400688551e-01 7.306593736777653447e-01
3.598771350457320040e+01 9.764853182879283944e-01 6.515168431705810059e-01
4.670682946134044755e+01 7.072596061317963922e-01 5.550999679847562485e-01
3.469649806136362713e+01 9.606630192183668315e-01 7.216672672369485175e-01
4.091946943351430832e+01 6.802173256956448588e-01 6.143167278189899383e-01
4.847160772092061620e+01 8.224885848521672482e-01 3.420898554582635365e-01
3.951462747320524471e+01 9.243657061405425868e-01 7.003658466870498200e-01
3.610321451825725347e+01 9.746887764302664126e-01 6.101503363530991209e-01
3.606447625047860583e+01 8.176582953193730630e-01 8.594721724015065289e-01
5.034304586041169927e+01 5.691600813576445095e-01 3.779021275816131231e-01
3.973488824565428956e+01 6.856294984981329277e-01 7.250083749133579003e-01
3.746506393179671335e+01 8.449845425268152077e-01 8.972476633003622082e-01
5.367691229603601499e+01 5.331936978603838417e-01 4.824952590627422100e-01
3.884039799667394988e+01 8.326311072538157276e-01 5.815243707147446095e-01
5.174567172050245745e+01 5.866157915852907578e-01 4.350717370353028857e-01
3.726004688340481863e+01 8.632548776471204999e-01 6.980091892524904473e-01
4.025689178680422486e+01 8.606594528127535781e-01 5.856486471447819309e-01
4.308667303965412287e+01 7.051119848733606865e-01 6.002416556168962414e-01
3.428864062162865167e+01 9.280165963491844305e-01 9.246405749422627052e-01
3.760365292453238339e+01 8.693251535360388971e-01 8.149339410447364873e-01
5.068531028810286898e+01 6.991480391071520639e-01 3.086524009219534515e-01
4.237694437724171337e+01 7.326222568394495926e-01 7.249738525097018105e-01
4.619165597265605072e+01 9.499550083801507894e-01 5.234063061444674814e-01
4.432068922887934548e+01 7.063028929531062206e-01 5.402993317061766110e-01
4.323672937030485031e+01 7.653020891357309452e-01 3.322447566896959970e-01
3.567072958850421571e+01 9.001014059285843416e-01 8.007458143132852868e-01
4.726667747314920121e+01 4.552856635344876834e-01 6.150650750386628118e-01
3.704037155955965943e+01 9.519103833656320512e-01 5.382191268892693170e-01
4.003598688045802589e+01 5.978890336040292297e-01 6.343869877712231542e-01
4.390670814393568833e+01 5.976596260602284882e-01 9.639071714810337754e-01
3.577681100800882064e+01 9.101332628831716454e-01 6.170451297922942002e-01
4.934642822960892516e+01 6.105257492016241683e-01 4.464744777043750945e-01
4.197258659556337079e+01 8.361670544628828639e-01 9.031779663644485812e-01
3.693318759388646555e+01 7.922767762178236639e-01 5.812474580360080800e-01
4.937139597001350211e+01 5.744420262236414887e-01 4.868241935995623049e-01
4.023319217077862930e+01 9.182519762580714229e-01 3.987657196356855782e-01
4.997731517196666573e+01 5.786010306570815720e-01 3.894997312491150776e-01
4.894924576726928933e+01 7.638947222726795161e-01 2.492909960400286618e-01
3.765687196026463113e+01 9.854997119091749580e-01 4.522151244453951335e-01
4.307930020911064162e+01 6.197979879141860549e-01 5.681331096857814567e-01
4.097721872539228372e+01 8.104230683420458048e-01 6.950883725292420490e-01
3.690817171638793326e+01 9.051992272431147457e-01 7.156875579367547591e-01
4.186337834215621001e+01 7.738783041069462465e-01 5.517501112561691290e-01
4.262356406509258733e+01 5.628911534073154366e-01 8.246600373734154221e-01
3.855520455263837931e+01 9.314551619998744370e-01 4.689690447025343101e-01
4.643349407776477022e+01 5.631463225911795822e-01 8.781769869384365990e-01
4.135958533019302052e+01 7.438991544311746029e-01 9.246561918958311477e-01
4.264913555414618429e+01 5.978612272376877534e-01 6.217142528525664291e-01
4.479082553774383513e+01 8.107528616232434482e-01 5.274336915792900982e-01
4.587933458042233781e+01 6.664729991033215839e-01 7.121462793298624083e-01
3.860289535330059607e+01 6.228426780004312491e-01 5.636513387807062792e-01
3.689927485089084769e+01 7.793752915096178180e-01 7.193683956222327591e-01
4.363026534705912951e+01 8.331206763059013642e-01 5.440896465815552308e-01
4.039263935943005634e+01 6.713338835635888069e-01 4.724992212254200963e-01
3.681759567926921051e+01 7.486612576987069501e-01 7.743871047175537869e-01
4.219798558098739250e+01 8.208296812695805578e-01 6.682917686885645470e-01
3.820583373571075469e+01 7.183639319131764900e-01 9.630480130027387897e-01
4.319238222580269593e+01 8.552080863564943680e-01 6.418611418389317258e-01
4.628591115895605412e+01 6.288221119858745656e-01 7.256358360473822433e-01
4.911280343763015566e+01 6.975996046982344545e-01 5.041223638111368421e-01
5.662873023983981113e+01 3.868295904329314694e-01 6.877331982407939304e-01
3.872838995558583974e+01 6.419224480900560525e-01 7.171145786402222111e-01
3.716769942365757373e+01 9.058240156784486130e-01 5.032642823310288227e-01
5.340868525388975740e+01 6.258804819383222418e-01 4.915003546955581393e-01
3.453870259668173759e+01 8.937711464464346278e-01 8.892115538314665502e-01
4.209012900224307430e+01 7.583430966883653035e-01 6.752815605825825962e-01
6.102070815869323894e+01 7.044332657410837806e-01 2.750310730196898201e-01
4.178370872862704033e+01 9.939434162361105995e-01 2.764429875383276891e-01
4.766241023852018088e+01 7.043967942690033679e-01 3.905753961732045809e-01
6.769482552155807298e+01 5.859708270278615183e-01 2.879297542798853748e-01
5.357149502636752203e+01 6.174831050839802993e-01 3.961271374485179630e-01
4.489589526980386580e+01 7.513464015911834881e-01 3.535167220703798185e-01
4.414842035463983905e+01 6.653786427479921883e-01 5.943710201763172662e-01
3.413759464029940460e+01 9.523753603305143978e-01 8.314332236576013058e-01
3.555731909140602909e+01 6.440739678579017191e-01 1.005244878465345604e+00
4.203580142076561543e+01 7.174194526426438401e-01 5.403776022220219133e-01
6.118418710610936273e+01 7.112636377612832073e-01 2.078846756896864378e-01
3.524493718875442738e+01 9.820183299655915743e-01 5.284724075827990086e-01
4.377917241700414763e+01 9.130165467479998131e-01 4.844804598169539234e-01
3.211070712297981089e+01 9.806719164206175732e-01 8.790360725759321925e-01
4.746843219455043084e+01 4.944459118199935888e-01 7.459310570934460927e-01
3.795833107794999250e+01 8.461213146078908620e-01 5.974622507896308887e-01
4.175741212981410655e+01 8.772451934180874877e-01 6.032127132754394605e-01
4.659512178735765531e+01 7.194250787337095332e-01 3.706838301971914218e-01
6.576586540692206029e+01 4.908640714650324144e-01 3.445766348980900950e-01
4.085607152440967127e+01 8.426009380036102447e-01 7.612543084816255634e-01
3.901854936496526705e+01 9.736694958272924527e-01 4.828883682680576439e-01
4.268990589389384382e+01 7.854205217755657609e-01 4.025585380492544552e-01
3.805920801933562103e+01 8.514832689820489575e-01 5.245914200453428711e-01
5.003526811915469352e+01 9.472188960626920506e-01 2.683035463880332205e-01
4.024843906947878480e+01 8.566407327818057471e-01 7.238450385673177445e-01
4.157015917523683868e+01 7.999291276601541156e-01 5.346681192888779188e-01
4.202590847229609494e+01 6.847300300993641731e-01 6.033084220991415947e-01
4.106502986621146079e+01 7.302430244491533440e-01 7.030230399891334025e-01
4.240256787166244834e+01 7.795401842924728486e-01 5.667797809103607420e-01
3.116022646937863882e+01 9.572373996110962180e-01 9.058563986484473585e-01
4.360097125499711979e+01 8.098411782893012445e-01 8.641600785598225754e-01
4.493971718172169716e+01 7.328060991220306519e-01 5.481237391564421912e-01
4.365956782593249841e+01 7.138945723518945741e-01 6.405440220014407826e-01
3.292657378708834415e+01 9.552994063614700382e-01 6.953842923641880835e-01
3.662313422768946225e+01 8.043397826026962294e-01 8.590362194758384140e-01
3.725434013375776487e+01 7.718103892155635526e-01 6.494911137700397630e-01
3.681379577342854503e+01 8.671281478747211446e-01 7.382512630275377408e-01
4.756167923093280336e+01 7.522646057330421021e-01 4.450467710841600755e-01
3.982127306994588878e+01 8.017830644857066869e-01 5.869945666728498823e-01
4.959431284127633432e+01 6.478741166264504470e-01 5.383538480344141064e-01
3.889002452832377088e+01 5.703825780546387669e-01 6.032992716316883941e-01
4.405019840141116561e+01 6.377540204959164516e-01 7.965525439600465996e-01
3.502381399880804480e+01 8.872079276557507388e-01 8.540677209572311579e-01
4.002615431092463183e+01 9.229079345864563688e-01 7.513069693249948555e-01
3.523330058196852121e+01 7.922767762178236639e-01 6.575372739813041267e-01
4.035705154163603936e+01 7.687554191429990524e-01 6.220517728472854113e-01
3.891823333778569349e+01 5.815689495929278197e-01 7.125198469708349247e-01
4.437403701406638135e+01 7.524911210972147213e-01 6.387547289634398773e-01
4.313524777502399843e+01 7.470347229237369602e-01 5.527454101882165460e-01
5.765094630652542662e+01 7.921342512503506406e-01 4.365031331779926638e-01
4.433791653761988982e+01 6.905582490314762234e-01 5.821337464172522402e-01
4.140126575894097272e+01 9.841693797015977907e-01 5.568705888196199272e-01
4.471404773026686996e+01 7.562865128939482151e-01 5.842101665077152894e-01
4.038254030828947805e+01 7.798614281045749275e-01 6.667532920454606327e-01
3.930322027924159300e+01 9.607539203644519521e-01 4.665704639587425762e-01
3.693988928704860797e+01 8.325893559380707076e-01 6.512663729446043215e-01
4.169996198647204011e+01 8.511336623610179508e-01 6.750918147757680732e-01
5.137479941684743068e+01 7.048724518551608975e-01 3.840236031497331615e-01
4.104844356431692631e+01 9.321246752369080069e-01 6.409003886946973427e-01
4.161580350241554527e+01 7.132054073114192372e-01 7.957299081264244123e-01
3.656584477956845092e+01 9.556067832104490067e-01 7.166981476406312224e-01
4.416805408372304953e+01 6.814773488413601310e-01 6.178711623687764831e-01
3.839685562280202902e+01 7.735239025068381125e-01 6.950632270354223374e-01
3.151502814831243882e+01 7.719134740598325717e-01 7.538190269063648197e-01
3.971001851362912305e+01 7.523792414660079864e-01 6.137378021620957247e-01
3.709824211867715604e+01 9.803386510475612381e-01 6.765389530057278611e-01
4.582210945405211788e+01 9.089416742144014183e-01 4.012209993165665733e-01
3.904596105586684729e+01 9.815483761512939775e-01 6.077072583815383844e-01
4.371390484354602535e+01 6.626307723467291799e-01 4.764448115764458591e-01
6.009693489604515548e+01 6.986013024456732001e-01 1.982830426304989790e-01
4.245153788549144735e+01 5.774867156942643520e-01 7.613024338878886521e-01
4.400567339207188411e+01 8.075181923958714147e-01 4.543787440719059822e-01
4.001569324346421297e+01 8.338569907833397465e-01 8.333995503622245726e-01
3.509317040218832062e+01 6.129683867858447543e-01 6.628797948777261917e-01
4.399455905888135021e+01 6.357285609662797210e-01 7.140352719315878893e-01
4.037040952805758565e+01 8.899482990373690505e-01 7.798531607677063882e-01
3.692050719877926213e+01 8.193888458799406527e-01 7.603478373165177828e-01
4.054170533387496533e+01 7.805022373198509111e-01 1.032743327428333080e+00
3.427727414344455070e+01 8.449438681624994452e-01 8.065858662172230575e-01
5.028082809589978552e+01 7.930632551885640202e-01 5.338359752728308871e-01
3.958977441615049031e+01 8.820860479225300921e-01 6.966405590984733331e-01
3.950835421296338268e+01 8.723880110439790059e-01 6.331604868225240157e-01
5.893640499470334504e+01 8.863717972003534173e-01 1.776382018251289885e-01
3.389149552346843564e+01 8.193888458799406527e-01 9.176768093634323220e-01
3.158877773403127165e+01 9.039729504868023735e-01 7.839549055831225299e-01
4.131889660221107619e+01 8.232569404715421868e-01 6.235833121548103319e-01
4.417547895098346800e+01 5.984369617027810451e-01 6.786359935628748508e-01
3.886224529942428063e+01 7.183639319131764900e-01 9.298907055458035531e-01
4.439309371755219047e+01 4.840436871825948839e-01 5.601988552695774670e-01
4.590788644635468785e+01 6.228490624389518837e-01 3.814231477222740363e-01
6.616069000769768138e+01 3.649582601446568209e-01 4.676225865948909766e-01
4.549078221763849683e+01 7.086928637437547307e-01 7.303850178570597818e-01
3.965630206258408208e+01 9.314268373280771840e-01 6.120451649554119467e-01
3.704371797901259100e+01 6.851097271790294041e-01 8.341464546969605820e-01
5.724400686065455801e+01 7.421487267282507183e-01 2.683280395926115891e-01
4.553298706998725009e+01 5.528174741197585673e-01 8.794370961971674783e-01
3.909723602611953908e+01 6.702274316451416469e-01 6.616616314411120081e-01
4.774722818798905166e+01 8.976172874832134552e-01 2.812531181734455044e-01
3.973659503588632447e+01 9.001014059285843416e-01 6.164927302399725306e-01
4.568144833745558486e+01 7.971252388171484737e-01 5.446266606688364709e-01
4.299059432517978507e+01 8.282603324164731218e-01 3.624880958133870346e-01
3.898180690694147188e+01 9.375320254676787757e-01 8.261720183967067310e-01
3.767474154378022178e+01 9.846576927358080544e-01 8.525945538045164307e-01
4.349301900536676158e+01 7.877333906253319862e-01 6.848850844536131799e-01
4.328037504626071552e+01 7.483562461826466228e-01 5.241744769884875144e-01
3.516882551922500966e+01 9.686822651571705967e-01 5.921902472799419614e-01
3.592864160491613745e+01 9.361960217010140139e-01 6.681596721374262193e-01
4.241228531869208496e+01 9.366548904608471560e-01 3.058746441939660943e-01
3.616858405283094413e+01 8.604284752834694405e-01 8.209248917181503069e-01
4.328035641764573427e+01 9.026476608633675625e-01 3.888823700973996766e-01
4.331217887273268019e+01 9.762304956801292066e-01 5.325567479540660454e-01
5.308973311969776177e+01 6.632962564044081466e-01 4.734896636912185319e-01
4.295844611701358673e+01 9.578275661570607724e-01 6.884869346163983161e-01
3.125401345794130137e+01 9.826956222861206180e-01 5.995636229975894738e-01
4.160980381255323834e+01 8.880796118914513482e-01 6.635456949479082711e-01
3.875430654826052290e+01 9.754194831095022167e-01 4.927605252840377426e-01
5.880853375395092542e+01 4.111637692780027997e-01 7.313494062952992092e-01
4.223900903577624888e+01 8.256761773654083258e-01 5.336150747554946339e-01
4.176545633248186817e+01 5.391183431590440556e-01 6.583844660672978355e-01
5.103503391700299829e+01 5.777657936039680697e-01 6.443593852896600804e-01
3.288777809412501796e+01 9.550533250480479630e-01 9.384090289574205102e-01
4.541848617506958874e+01 7.205525637338543454e-01 6.187334759817623153e-01
3.920498951324099579e+01 8.705988696484722178e-01 7.517830218218690685e-01
4.223834322126775476e+01 8.600181647389557593e-01 8.303848613330981898e-01
4.005908574072844885e+01 9.228658129631788221e-01 6.599597012867526313e-01
3.503147929364172342e+01 9.681488294889739610e-01 7.754779773541840004e-01
4.443098416542078866e+01 7.388312611376921524e-01 6.078961189340428284e-01
4.099330625943528617e+01 9.036014921933668287e-01 4.683486767097672088e-01
3.558326751708818847e+01 7.488897921811421554e-01 7.618988466950750160e-01
4.454566940403360320e+01 8.417256873255426486e-01 4.789420359240251779e-01
3.864494868191930976e+01 8.667403675005597163e-01 7.510455908991828800e-01
4.404030527285426899e+01 9.511145015849490347e-01 4.821214021019351037e-01
3.676107919269981750e+01 9.708832372602343996e-01 9.709582414650209659e-01
3.753115267517179632e+01 9.684942325440047961e-01 4.750765711659985513e-01
4.737324637492499591e+01 5.850239581366317720e-01 6.710900995356440246e-01
3.864716843081025388e+01 8.868692883343072264e-01 6.446718241155086071e-01
6.042291101015581489e+01 6.954785935859166823e-01 2.933381343852349832e-01
3.964512719776141836e+01 9.707991810800628008e-01 3.743283942112450302e-01
4.042672212138307941e+01 9.575820205718872380e-01 5.867200117634825407e-01
5.287045948455466515e+01 6.900069141068732037e-01 3.703658849639044903e-01
4.010725455098222625e+01 7.554409516440864225e-01 6.784312153411009572e-01
3.688858357716475211e+01 8.547498804557758234e-01 7.991675896464734974e-01
3.952921764688240813e+01 5.699983697401778127e-01 8.216127534636153973e-01
3.583211487067486445e+01 7.578732285325725515e-01 7.263039377735445168e-01
3.580717375142153713e+01 9.446790057487749470e-01 5.752446811795842718e-01
3.731258452369745271e+01 6.460305835407381680e-01 7.453694465640456901e-01
4.690827233869705992e+01 7.060728638109095012e-01 5.366330799724813305e-01
4.455712042132336848e+01 8.548988130575400080e-01 5.440373693241613573e-01
4.714416835899464786e+01 8.602773919064296004e-01 5.363178845041894904e-01
3.953624631238243836e+01 9.751199264808148026e-01 5.638224861179110814e-01
4.690185827270359198e+01 9.605053113665904529e-01 4.627400177004832860e-01
4.041319987348849452e+01 7.569506517646579224e-01 7.684884202125574770e-01
4.828393944672536264e+01 6.946059015121408553e-01 3.123547648781895281e-01
4.299030971479074026e+01 7.636581906887458526e-01 7.868275318233282078e-01
4.021669836507744833e+01 8.575718259249819342e-01 5.805225835046637917e-01
5.035596724749668596e+01 7.992580726139733027e-01 2.862096895422019949e-01
3.396391257125201690e+01 9.533135038077348300e-01 8.164928987663370163e-01
4.835255941628316378e+01 5.252930036947074388e-01 5.643115258657446232e-01
4.280285795272628491e+01 6.733404737736977674e-01 6.556989039907342720e-01
4.522456137127379350e+01 6.346974735114986332e-01 6.149262654074230117e-01
3.839597806280677617e+01 9.269528288141252181e-01 6.123266842879989680e-01
3.784937280679955762e+01 7.044898495969049712e-01 8.888383795664043241e-01
4.230163516091784004e+01 8.771644219937696496e-01 5.676806049631942797e-01
4.460428148182069918e+01 6.359239275665292679e-01 5.179530921845544311e-01
4.020375665644224483e+01 8.312348342127922063e-01 7.235734608620538744e-01
3.723130493457799162e+01 9.038009024969347882e-01 6.472834650240866239e-01
4.795071626150421196e+01 8.259731810528051499e-01 5.311468049736449704e-01
5.213519331940118207e+01 5.806515266809881837e-01 4.992679996625698502e-01
3.228913198567932596e+01 8.480362473455644867e-01 8.754210248469143085e-01
4.974613886146442354e+01 6.130748774232449572e-01 5.354549870235181253e-01
5.399875198864737058e+01 6.577283661323809483e-01 3.761040072856203786e-01
6.117945659189700081e+01 8.805274525230182281e-01 2.653876041496818217e-01
4.084140419277240852e+01 8.163898618820797370e-01 5.908902077245009599e-01
4.222193416691777657e+01 8.517436881277513638e-01 3.810947591711630333e-01
3.820179559599032615e+01 9.660836727429198412e-01 5.820668389300415191e-01
4.681543323349919206e+01 8.194289697752106250e-01 3.842046206598010993e-01
4.576101188294076394e+01 5.417395939951815675e-01 5.560192851973297934e-01
4.417577966216286711e+01 7.959403723918826445e-01 5.699184378946277052e-01
4.361962599703790744e+01 9.389043424010231620e-01 3.521958442285895718e-01
4.328716152014555263e+01 9.135046987074295632e-01 4.672602399776488724e-01
4.570926386317595558e+01 7.329266307780574197e-01 6.355430317972656784e-01
4.194339196386922453e+01 6.697436167894180725e-01 8.760726378015389892e-01
3.953079934748872404e+01 9.933004803293231655e-01 4.919420293419054513e-01
3.789837927761308123e+01 9.567873510137138160e-01 8.064781213597033149e-01
3.453859196531273312e+01 7.974100036689778515e-01 6.351627494461646872e-01
6.240227263264872448e+01 5.710845240638834364e-01 3.256580491384050147e-01
3.879986925620502802e+01 9.243914205495271652e-01 5.831252573145379037e-01
4.354831994301733999e+01 9.705821683242520370e-01 3.735921633319252422e-01
5.010217182678833581e+01 5.978612272376877534e-01 3.804733104008760081e-01
4.088173823616121894e+01 8.505324597107059015e-01 6.033579008150053991e-01
5.041860450326426246e+01 8.217174851391548795e-01 4.429878358749438361e-01
5.537750528508363601e+01 7.300859162551402992e-01 3.071153824529070930e-01
5.114236489937029972e+01 7.272961620869166088e-01 4.333685026932060924e-01
4.286467138431552826e+01 8.241962431269568290e-01 4.782938712364945832e-01
4.734157470940319001e+01 7.225594077041405106e-01 5.667552559308405291e-01
4.063974217320460980e+01 8.927006976485242218e-01 7.082591150337922414e-01
4.191885840251306661e+01 9.035991334862155666e-01 5.205900262822675817e-01
4.020173036688440504e+01 9.931738036687274285e-01 6.029704048033545094e-01
3.794324779751205057e+01 9.836950601801107696e-01 6.977822600685222865e-01
4.303087344646367995e+01 8.197879571899625573e-01 5.721384341446497102e-01
5.682222869388660058e+01 6.205695459252232871e-01 3.884856826900272564e-01
4.042440767329266293e+01 9.867616543344831515e-01 6.218467696513755305e-01
3.758830925350963525e+01 8.849514133363355350e-01 6.423317841633435776e-01
5.020290846497459114e+01 5.452942025793209302e-01 7.429718850063892210e-01
3.278666655304439814e+01 9.218793522511795624e-01 9.164455739452287419e-01
4.306643986745338992e+01 8.055157579889884456e-01 6.151386837194147139e-01
4.481226661428419078e+01 9.322083249385515469e-01 3.026468288795003403e-01
3.929235287457430559e+01 9.093327695155072332e-01 5.478507788561368663e-01
4.338186236911460725e+01 8.798960200196463965e-01 5.292389117722879899e-01
4.630830369716585437e+01 8.609816877402624025e-01 4.096301265294477467e-01
5.048067338787793545e+01 6.161476879485033864e-01 3.070870606857752927e-01
4.437427442200028338e+01 9.181798437767607624e-01 5.391069237661545444e-01
5.068343433798966657e+01 6.919687197096014986e-01 2.454026019441932494e-01
3.328241724404910684e+01 9.028759360809768264e-01 9.688709963431677563e-01
4.535256203498209260e+01 9.536777834614291738e-01 5.230309799636279067e-01
4.549940403582678528e+01 6.957974551361039151e-01 6.906654632097792845e-01
4.767633340065619052e+01 5.780242269127483512e-01 5.854598625438683923e-01
4.566855444668258457e+01 4.576914498315414193e-01 6.499955803938023413e-01
4.265799286167424498e+01 7.815502569835026669e-01 5.241461128006810188e-01
4.345726918096195845e+01 8.684905216899451164e-01 4.522720637873954841e-01
4.363472318613631273e+01 9.302541805432728017e-01 5.033534582119685297e-01
5.440211983370413407e+01 5.547780044197854199e-01 2.888731581477756993e-01
4.213729123940881749e+01 9.764853182879283944e-01 4.104920665715261485e-01
3.986278255335999887e+01 8.359162209224482165e-01 4.407902891154030778e-01
4.527360727143332753e+01 7.571955619832327899e-01 5.675837044418737820e-01
4.605528060944926239e+01 8.101448133023139153e-01 4.586206860764865390e-01
4.200166103615040214e+01 7.328910625444516880e-01 7.205649542717104117e-01
4.366550409698648139e+01 9.117221565730078137e-01 4.605541449457676295e-01
5.266732144493372658e+01 7.619028528232757447e-01 2.086364229962803796e-01
4.143513682017872668e+01 7.978738215350202889e-01 4.694620960041845370e-01
4.698971996940188234e+01 5.662727052380694959e-01 8.618145640571601707e-01
3.550795831676892789e+01 7.656864091510512393e-01 9.460868288607350296e-01
5.585089144911710690e+01 5.777692303148262987e-01 5.367102435274874184e-01
4.156247454200489955e+01 7.336398700660851091e-01 8.774622026207171688e-01
3.447572786477911677e+01 7.765591637736961594e-01 6.140156117442571171e-01
5.637727893761384479e+01 6.711272953823406162e-01 1.996405338193239787e-01
3.438079100964717583e+01 7.068291266929593863e-01 8.213360181977563679e-01
3.895257749456331453e+01 9.502731461779292399e-01 6.079563671683071435e-01
5.160098866440429077e+01 8.779280292606641556e-01 4.284003641745127711e-01
3.838302526103561263e+01 5.913454012510506175e-01 6.728051153690541852e-01
4.623349141198375634e+01 9.425273282230212102e-01 2.783867321056380795e-01
3.861672609449195903e+01 6.660837789751128390e-01 5.624564302100708568e-01
4.647856216323202716e+01 7.738798524860635020e-01 5.298832341300504511e-01
4.136650291995157147e+01 6.708630954215675235e-01 8.626671234235965269e-01
3.944483360152288043e+01 8.915793196555773514e-01 4.740621949982109506e-01
3.961498143558586804e+01 9.394928654516492283e-01 5.031453970721608826e-01
3.456735745422413686e+01 8.599956676218061258e-01 9.523385057527171682e-01
4.299459642377706814e+01 8.727212420056509323e-01 3.139456047727481880e-01
5.477063916085365491e+01 6.109926488898369534e-01 2.299410054748400045e-01
4.240465736744658898e+01 9.538028692068576397e-01 3.888957642000261394e-01
3.884876317461286988e+01 7.750698707872154536e-01 8.081294038700110871e-01
4.648258129824679941e+01 7.544538561141862498e-01 8.207540251899081429e-01
4.248365237684279805e+01 9.938749554720107682e-01 4.122131371337297567e-01
4.139194730135987754e+01 7.533345866036887939e-01 7.105121796884854568e-01
4.296004962993502829e+01 7.872358145376930905e-01 9.229406788775385007e-01
4.309692951037132502e+01 7.559812714015727853e-01 4.771024693227972069e-01
4.279615288721870314e+01 6.577177677589334248e-01 6.870662227576743719e-01
3.971483858067512074e+01 8.956888669913829482e-01 4.934642345206715075e-01
4.266951118683117983e+01 6.830179657673022264e-01 5.263103135828681722e-01
3.167949639561319586e+01 9.838078410272568242e-01 7.273548896306809564e-01
4.089437878578900865e+01 7.999253831518433611e-01 7.460782415605128337e-01
4.266906451472236483e+01 9.394760953296136252e-01 3.888151913795377390e-01
4.297779071898516179e+01 5.695704364553870747e-01 6.200075163296816516e-01
3.914320124479612417e+01 9.197796433813774097e-01 4.616072569589853569e-01
3.803964706933502526e+01 9.180671006942108248e-01 7.172680882378631440e-01
3.598165009838592709e+01 9.316552984628427847e-01 7.233727700215073497e-01
4.176628029174865020e+01 8.125587561746862031e-01 5.423119691299433942e-01
3.827018762159401888e+01 8.611221174165973880e-01 7.150188718428397427e-01
3.859530767720239197e+01 7.836857273408851521e-01 5.265892551700674939e-01
3.834298950236092907e+01 9.705821683242520370e-01 5.600669581675890019e-01
3.999537697022900318e+01 8.654080262549388447e-01 5.787349884713053338e-01
3.885313999488767678e+01 7.230603587347933514e-01 6.632289181389965371e-01
4.825670707290703376e+01 7.908352574399037938e-01 3.653050113937462706e-01
3.782247823027270073e+01 9.657522757281875592e-01 6.724770020323415087e-01
4.948809379507226680e+01 5.339801707090325866e-01 8.088403317913501755e-01
5.207352525600630599e+01 8.754640634007756494e-01 3.133489362161366865e-01
5.174972054772185004e+01 8.779993034010790121e-01 3.685892648384137549e-01
4.034209794647748737e+01 7.985016620500438034e-01 8.440032816016581618e-01
5.725764260506510794e+01 5.685575771863891070e-01 5.112532766472179802e-01
5.387194975008487319e+01 7.033234853437051459e-01 5.603881127370474724e-01
3.549979231435645488e+01 9.170954902911682138e-01 6.763011589770415721e-01
5.054704874089117084e+01 7.946295550420900966e-01 5.499800275504412861e-01
3.611072807064770274e+01 6.287323744125083991e-01 6.536841872357436189e-01
4.207747303426999963e+01 9.536655135548843809e-01 8.583802771690518529e-01
3.759152081305264659e+01 8.805995999567698407e-01 5.804648951412139102e-01
4.727687863770687926e+01 5.739247034287491278e-01 6.051696978885160449e-01
5.425432600430674768e+01 4.542628063359344104e-01 6.361977290613346492e-01
3.684863307448782876e+01 6.806020880281342667e-01 8.372549359740663055e-01
3.571653156553765029e+01 8.686553148621236620e-01 7.194138486631506124e-01
4.164229929397133390e+01 9.609531835324154336e-01 4.309674780284484252e-01
3.666986510211650341e+01 9.496782892269466370e-01 8.194231643396250320e-01
4.548097869122275227e+01 8.469171832483453066e-01 6.207561737062129437e-01
3.372644584835207837e+01 9.678600309970724069e-01 7.217942341480784174e-01
4.290009053767028036e+01 8.981743258673100527e-01 4.968644866521362835e-01
4.758955246966205976e+01 7.045474385211819568e-01 6.544196974785946308e-01
4.187795372501829405e+01 9.529470175718651737e-01 4.665640638336411850e-01
5.462250007516338712e+01 5.261673834299255281e-01 2.642459408664010190e-01
3.665847224412765826e+01 9.849165371244628098e-01 5.900970070932944900e-01
4.447650595209506008e+01 9.780559575038100251e-01 3.689649107234319048e-01
3.629366503454047432e+01 9.658236841828872210e-01 7.471721838963307771e-01
3.497793598710837415e+01 9.207558462459678461e-01 1.036049583550270103e+00
4.171528035890762709e+01 5.457168272565319223e-01 6.209434628805324818e-01
4.136649063442798990e+01 8.631201999274389358e-01 6.431913840771452673e-01
3.735012429975839154e+01 8.852849459529134046e-01 6.691002819608623531e-01
4.124324615391034854e+01 6.347432565876698352e-01 8.429701366460778944e-01
3.191942615485597301e+01 9.476544644275748386e-01 8.004632264122640839e-01
4.075535895813644771e+01 9.670336704569943986e-01 6.244922310218644634e-01
3.527328152680252771e+01 9.631072871829079451e-01 5.774750913866542046e-01
4.287984791307049193e+01 6.503386532204512571e-01 8.151660695670258638e-01
3.224201322436491779e+01 9.366548904608471560e-01 7.177937250564148108e-01
3.645752837647464162e+01 8.693083508254974001e-01 3.886949075974536760e-01
4.730597990449263790e+01 8.127142317396812699e-01 3.004908919381113486e-01
3.797825765021420352e+01 8.610680605199922955e-01 7.102928101187827581e-01
4.174128083120547217e+01 9.426257656760862469e-01 4.472798820978429180e-01
4.131532895627950097e+01 8.637069844551079623e-01 5.346185689842692934e-01
4.160748348134702468e+01 8.279724855068228972e-01 6.365003192400618959e-01
4.190474901606683034e+01 6.320469000748856203e-01 7.512080545301349499e-01
4.516194765078456896e+01 9.228903458231038082e-01 3.673299140571330001e-01
4.430743686292996131e+01 7.272529669010101561e-01 7.382689555765682421e-01
4.925203523855961407e+01 9.436829984061312349e-01 1.898914576045427904e-01
4.878169005867968622e+01 6.393121755661345107e-01 5.496030356691165020e-01
3.677030358817911093e+01 9.808446787576048376e-01 8.017511832917881831e-01
3.976866072031189248e+01 7.275871666262816451e-01 6.367200408827224933e-01
4.245570551838232376e+01 8.761971914346204926e-01 5.154559608517729208e-01
4.483103748791548071e+01 7.833486879850521944e-01 6.865326621178674538e-01
3.543298132533266198e+01 9.079287431738923830e-01 6.117017779469575700e-01
5.030075956834320294e+01 6.550142642862779585e-01 4.061655252720018372e-01
4.426268332216461232e+01 7.231309506446701452e-01 5.256495524342641446e-01
3.912572746499746756e+01 9.067196741287789630e-01 6.921417259073138206e-01
3.762167406415357362e+01 9.243310277325962332e-01 6.573292537082852105e-01
4.877307130879886898e+01 9.635953429067594112e-01 2.043651839781300550e-01
3.743884499802594235e+01 9.684154213287208268e-01 6.840749228060978293e-01
4.919174564679631345e+01 5.108564062873534040e-01 7.256177003657185987e-01
3.371556388521027259e+01 9.631072871829079451e-01 6.503571819069687843e-01
3.749374359232850651e+01 8.474002354332718090e-01 5.358080971082852528e-01
3.429994774987954287e+01 9.370440618577620118e-01 6.257033219590202311e-01
3.910988449006623568e+01 9.521095852382746028e-01 5.923166946662216104e-01
4.792683360075722732e+01 7.801167913421718225e-01 4.630082926841255220e-01
4.587669259969564450e+01 6.512244599852461402e-01 5.467116520180611561e-01
4.120431719626711242e+01 8.539433554191647735e-01 4.201594634190733979e-01
4.002406873393630349e+01 7.949654748541075122e-01 5.850786291051988108e-01
3.932595742795381000e+01 8.198327073634962270e-01 4.931972885232145942e-01
5.050581028143115248e+01 5.240274212701943046e-01 7.638854520616084054e-01
3.884445094507680807e+01 8.826741964673613383e-01 5.423199592834800908e-01
4.235582823013553622e+01 8.171293793664059502e-01 4.231601061483271642e-01
4.111783987181541988e+01 6.484717323504139985e-01 6.226769258307867094e-01
4.450850015766766177e+01 9.404789235285544446e-01 5.634020187942091473e-01
3.135141714352000974e+01 9.933026068381055618e-01 6.101897649125572753e-01
6.111415922567397985e+01 6.691824845217629880e-01 3.202140064148154552e-01
3.670621668054822351e+01 8.724132337191404796e-01 9.240794989756268007e-01
5.105615746964106449e+01 8.587661920079866507e-01 2.989963461201742834e-01
4.422530911582932589e+01 9.926231566048318022e-01 4.484226177420306825e-01
3.011292339212051772e+01 9.826416565130218217e-01 8.725720271567825037e-01
3.918792981239322870e+01 6.251930558838109109e-01 7.711413777731589425e-01
3.666980677313465975e+01 8.955650145076389235e-01 5.887259608545758471e-01
4.522612830139978257e+01 5.338595254575148052e-01 5.069538242540786444e-01
4.109331157853443983e+01 8.788901351270975715e-01 6.803552292940480140e-01
4.946045718962810156e+01 6.250722291063360858e-01 5.200905182042314667e-01
3.890226872627211208e+01 9.374107219321323736e-01 6.175480520883758206e-01
4.250805424306982161e+01 7.757351967345912369e-01 4.956106820712654071e-01
3.241462981680063393e+01 9.452558118444576163e-01 1.001613295190914910e+00
3.225471949544964190e+01 9.665717607434656244e-01 6.957602129423666737e-01
4.313791527255131086e+01 8.179089653111309977e-01 6.034497393529026921e-01
4.303023288935746393e+01 9.895739348900416399e-01 4.520122900718275827e-01
4.903555827460315442e+01 9.249036506243339950e-01 3.044588305040091258e-01
4.082445425745319767e+01 7.398233689702371496e-01 4.901623330064118766e-01
4.051410852311293098e+01 9.031503549283897980e-01 5.043943510500552563e-01
3.638918236603140599e+01 9.835961286501747614e-01 5.522442200495153442e-01
3.329311610799094012e+01 9.325605374758908495e-01 9.157844160069796846e-01
4.898938849826059538e+01 6.482616259072846443e-01 3.819785891469909545e-01
4.030093091656606674e+01 8.693988977425458620e-01 4.817477324190858057e-01
3.703693376456060804e+01 9.401572548496756054e-01 6.595648924591583917e-01
5.118127962525127828e+01 6.996784213359165117e-01 3.286320994297756148e-01
4.342517088960407534e+01 6.572358615267409609e-01 5.675714938014519984e-01
4.022027857650319049e+01 7.261214094121599683e-01 1.008041014593632267e+00
4.322838175283662565e+01 5.955488671803872425e-01 5.895786336135738770e-01
5.500514421575793023e+01 4.902968171112460083e-01 4.094487543910483862e-01
5.028051695408888122e+01 6.900031996152053981e-01 6.555992269532631145e-01
5.574089870901453736e+01 4.892282690463972128e-01 4.496999666589809874e-01
3.250504338117956138e+01 9.843962284063040302e-01 6.391717548314344022e-01
3.810207490989353118e+01 9.341830334365955890e-01 5.834028236697040848e-01
3.769623067649940396e+01 8.321484539657854063e-01 7.256277042190661941e-01
3.922113618745532904e+01 9.085345503946136159e-01 5.020462619551209205e-01
3.871718907483370486e+01 6.137570820467012078e-01 6.566787654967561894e-01
4.744140361604792133e+01 7.124994519788635516e-01 3.606349112774699939e-01
3.959959061428622817e+01 7.652348364287654414e-01 8.064737763776855806e-01
3.825706934317176433e+01 8.412691290200731142e-01 6.986462924557176324e-01
3.754998970561449312e+01 9.584521042105239585e-01 5.501565634596338183e-01
4.332132829432597276e+01 6.801359222830500872e-01 8.577750999047983882e-01
4.392299354586306492e+01 8.763555557956956843e-01 3.399484927762462250e-01
3.785189075015986759e+01 7.384676590263026252e-01 7.063031388921361398e-01
3.756196991888213432e+01 9.855954112624606411e-01 6.322760529441550092e-01
4.809193298284808549e+01 6.954785935859166823e-01 6.249555830469758488e-01
4.027174399200603716e+01 9.832598587314878014e-01 5.884855896158430744e-01
4.368935438598935406e+01 8.473230184566999945e-01 5.765513354001059465e-01
3.302066004077470751e+01 9.928524098536576359e-01 6.534152537406118233e-01
4.899730669028922847e+01 6.974047757690121641e-01 5.240934868528215329e-01
4.645278833133154706e+01 8.541752911586424357e-01 5.949291239860496905e-01
5.312064873586516001e+01 6.237230702521333603e-01 4.958941558699285768e-01
3.839539436275168072e+01 6.902525299747783727e-01 8.788338079939971292e-01
3.547615882287339417e+01 8.194241370322375984e-01 6.407662478517854865e-01
4.254411920148591264e+01 8.998508133904277173e-01 4.325163887250345063e-01
5.127451756742720335e+01 6.199735056885763429e-01 4.056119573474974427e-01
4.070895363930763722e+01 9.325605374758908495e-01 5.667912657527295339e-01
4.894375655127152669e+01 7.724118249559587257e-01 3.561348919032992222e-01
3.669501896031147936e+01 9.796361485139404301e-01 8.671213407493613134e-01
4.266097097714892072e+01 8.300603248252026445e-01 3.882371554956571269e-01
4.362267085841801872e+01 6.240100303445369478e-01 6.620713168920664415e-01
3.795183459800218628e+01 7.968273606294246081e-01 7.505689172532731268e-01
4.330292361422476688e+01 7.160646855769876584e-01 5.644053182992637696e-01
6.877752261685526491e+01 4.580487879306895938e-01 3.445759236657475189e-01
4.528994124435952529e+01 7.556007243830581421e-01 3.682944445797404764e-01
3.927163938539995058e+01 6.788168123038285096e-01 8.856490118294013669e-01
4.739243339194921134e+01 5.999105644671278714e-01 7.451178823421538144e-01
4.444231592348708659e+01 6.824877934184202521e-01 8.058531004138276277e-01
4.320435058448205012e+01 6.901857281143702894e-01 6.518552190814180802e-01
4.947349324002568949e+01 7.020123470779169317e-01 6.272128917484584010e-01
3.800707127561142329e+01 8.637489850714481499e-01 7.380022133509515081e-01
4.478698814536718942e+01 9.289289660821558048e-01 4.582054901308557082e-01
4.483498951453097447e+01 7.294584605337901539e-01 5.350316515116946281e-01
4.042328507416488748e+01 8.195279781927550244e-01 5.446583790862267183e-01
4.290536840372956107e+01 8.032363825274162483e-01 5.861722561059344860e-01
3.907913928755705513e+01 9.204486658316651804e-01 5.731599549219021927e-01
5.174688640372318815e+01 5.447722386692076535e-01 4.862875110968276071e-01
4.571302461977995080e+01 5.083136051166459168e-01 7.765878253625594363e-01
4.252450055039656718e+01 9.666578681045031596e-01 4.528758997834683719e-01
4.302918746311390663e+01 6.739880578401077349e-01 8.848777720826306314e-01
3.803369213128152637e+01 8.882444295242235555e-01 6.105764275674597785e-01
3.928728072668028659e+01 7.361182737707789858e-01 7.079693417017504098e-01
4.147677981413443860e+01 8.276210767012620595e-01 3.693564749847074169e-01
5.172908406795686886e+01 7.020123470779169317e-01 5.562600314794176048e-01
4.711644348455591569e+01 5.124237215371689746e-01 6.362442344628641555e-01
3.511061398258019040e+01 8.036064600962286031e-01 6.458768288321834472e-01
3.948004754201305389e+01 5.645299452840173426e-01 4.941049637092784774e-01
4.363685810078147398e+01 7.300271392000118320e-01 6.584908526836383835e-01
3.773390287824592093e+01 8.636255597227171510e-01 7.762640460560729094e-01
4.321380354438198168e+01 5.522925529668065714e-01 5.843394097370732121e-01
4.440396601460351178e+01 8.234191143935970514e-01 7.338119972139482972e-01
3.828496338826725065e+01 8.744904782760610784e-01 5.836926467737217905e-01
5.075288334421880876e+01 6.048355527415429922e-01 7.250086740140373465e-01
3.679780758099662563e+01 8.348722108920636487e-01 6.910182722987838755e-01
3.501986720372110540e+01 9.843962284063040302e-01 5.214606237666854494e-01
4.377866481113689900e+01 8.032663647614867175e-01 4.794021535239704757e-01
4.291545777309396215e+01 8.536211494674633693e-01 4.550065463626130069e-01
4.523018404784114210e+01 5.846386496909503627e-01 7.309313602878612093e-01
4.449960583760253030e+01 7.026286983026031052e-01 5.002893114074580261e-01
4.067250094605912381e+01 8.194883662155421078e-01 6.791141044061411725e-01
4.636749183641067873e+01 5.422811208117903625e-01 7.151694829770693929e-01
4.220682173860296871e+01 8.935884736337246226e-01 5.211931236527448386e-01
3.932469067447953393e+01 8.059804666925468597e-01 6.854451710414427579e-01
5.195703602820991307e+01 5.673474262538905633e-01 6.155431759892088239e-01
3.876696039817588968e+01 9.119271150240856327e-01 5.257603225137856828e-01
5.364388192213799300e+01 7.390833972818086073e-01 2.757579158669587471e-01
3.566649656564887749e+01 9.288858311213930019e-01 7.805105663549396500e-01
4.325938480112005635e+01 9.283897291323341960e-01 3.465114279316296453e-01
4.194034293862976170e+01 7.458839903027929541e-01 7.300436504816657513e-01
5.730058711978453800e+01 4.177275232089037171e-01 7.168398430953092371e-01
3.581562011225824449e+01 9.220678310046176440e-01 7.494580522020533042e-01
4.153412397837544034e+01 9.457381756731282341e-01 4.687391994053091704e-01
3.637451475999566952e+01 8.662778002756047480e-01 7.104251537239588687e-01
3.962144212505696572e+01 5.932336672483381479e-01 7.273795533231511845e-01
4.342908394037588948e+01 6.744537089301884114e-01 8.411115258561431274e-01
4.319432468387448409e+01 5.377074307328304492e-01 7.283334916420225458e-01
5.005568033759371360e+01 5.921870398999656837e-01 5.426473375091884765e-01
3.161586547681497095e+01 9.686856462496199471e-01 9.028314769405001439e-01
4.454490135459205646e+01 5.897846893287349568e-01 6.908051810566131490e-01
4.196473254986968016e+01 9.657522757281875592e-01 5.073901620801928303e-01
6.391090884027816799e+01 5.959981067489465989e-01 2.785849001806237069e-01
4.726819219045468401e+01 8.511967485881494211e-01 4.086479916920956468e-01
3.682634007946062127e+01 9.662078028198447521e-01 6.551333330567762347e-01
4.618476892092301966e+01 7.631897033360068860e-01 4.658189394844115538e-01
4.397779581924034176e+01 9.831493327876970056e-01 4.478030745720950612e-01
5.130519060627686656e+01 4.923212765769495736e-01 6.416074670950706604e-01
3.402323570715938672e+01 9.366198608706104434e-01 7.263065601853000430e-01
4.272055995155800900e+01 7.350122090857493795e-01 6.327249239966059591e-01
4.929295707808581284e+01 7.504979673113395533e-01 4.072294524776702285e-01
4.230497871952993449e+01 6.142141448984959062e-01 6.017927688666367958e-01
4.377189330547263069e+01 9.128252100948848202e-01 4.224437943655380279e-01
3.905209113044889335e+01 8.780390085276275070e-01 6.264616096441516513e-01
6.014891814813384485e+01 4.182618710806329521e-01 6.665204144342534720e-01
5.014294571044347748e+01 6.187792440634518609e-01 7.082204442999097127e-01
4.821580980099368219e+01 7.381547707307754003e-01 5.907858297221683097e-01
4.369415961473143994e+01 9.771635935231659520e-01 3.926312929814201880e-01
5.012601949677063118e+01 7.478426538977858140e-01 4.485130223571369701e-01
4.405488199066743960e+01 7.765631429260578811e-01 4.736271683522545461e-01
5.082119725239907382e+01 4.400723899702764230e-01 5.955770108539127916e-01
3.811576749751845483e+01 8.224671146695220481e-01 6.374391780006364305e-01
4.179991219403471092e+01 8.004568404287667471e-01 5.590580118323844605e-01
4.513864607277211860e+01 6.892566483968928237e-01 5.250168533859277398e-01
4.213025562028990123e+01 8.449438681624994452e-01 4.698424704116213046e-01
5.772329288692470328e+01 6.347432565876698352e-01 3.168006743637722389e-01
4.468768231081349995e+01 9.860645384369571831e-01 2.829584358669397504e-01
4.352381060225125253e+01 8.834383871625413054e-01 3.528986590377796717e-01
3.859670184825034056e+01 9.368161982834619650e-01 9.328627428662492616e-01
3.652940007866993710e+01 9.935075776987879470e-01 7.276167378628859428e-01
4.046240303095098056e+01 9.444726793259056175e-01 6.067304986871424610e-01
5.199494326367483410e+01 5.301452571019553694e-01 3.021508775700663119e-01
4.378656849522393202e+01 8.974452442205498315e-01 5.353403865692946129e-01
4.285192142244593327e+01 6.801628455458894607e-01 7.731737452547333689e-01
4.251694164626263728e+01 9.907071433839016450e-01 5.608529548557842359e-01
3.617312011076799649e+01 7.810907804932309961e-01 8.082621515562500303e-01
4.192000178719487735e+01 9.262011269780131562e-01 4.160682602387893447e-01
3.447215449536798104e+01 9.689307319974860278e-01 4.850545824421506613e-01
5.088940024993914335e+01 5.496338983894633046e-01 5.599313729403782025e-01
4.574972751398755122e+01 7.346437466061274124e-01 4.321539506430429611e-01
5.718354794985628331e+01 6.695563370584350915e-01 2.324902446032492132e-01
5.333930165707037929e+01 4.487271199878914985e-01 4.998917967534958762e-01
4.325840486329067147e+01 7.399932321937288116e-01 5.750543325701586994e-01
5.364778290465670807e+01 7.308245918803148999e-01 4.067594952455921842e-01
4.382523370841474275e+01 8.859729492059368328e-01 7.521190077591387579e-01
5.404797328030366543e+01 5.186464314439452883e-01 5.076014520917146999e-01
4.979129540871851134e+01 8.005945564565203343e-01 4.794281288592783796e-01
4.888661100066251208e+01 8.541270168369705651e-01 2.070429672288044420e-01
3.903390923218123021e+01 6.471326841931485108e-01 6.225756847275630834e-01
3.980314268318934268e+01 9.433713951099663708e-01 6.443029516772759147e-01
4.563027605496592543e+01 9.242454261561031670e-01 5.176054581958570155e-01
4.557697829117999078e+01 8.644371899976498463e-01 4.942525492783562679e-01
4.169570527116368197e+01 6.979161323647238291e-01 6.444590289115492698e-01
4.491802986887219618e+01 8.477452157499222318e-01 4.952680960423068712e-01
4.611677475425944550e+01 5.908772623359004328e-01 7.855658041739894681e-01
3.648716601604110821e+01 9.121178155590637937e-01 9.574686882669929400e-01
5.395901682840784730e+01 4.417452498220425516e-01 8.034288747227222860e-01
5.370418592669172142e+01 6.174263938525296203e-01 4.428864838538940640e-01
3.775464697604823527e+01 8.538141210594877295e-01 8.369134809814886555e-01
4.101728075650557059e+01 9.603749513166708329e-01 4.618592430823141304e-01
4.223925907890613729e+01 5.617148567819324478e-01 9.047876254102982241e-01
5.115095802395148183e+01 6.945589762638387787e-01 2.651086020656497899e-01
4.702919825765977180e+01 6.789436186826081077e-01 3.278828964478192054e-01
4.321876622148718639e+01 8.134420886182301969e-01 5.904195332125505846e-01
4.655574505731426882e+01 9.461081023482618146e-01 4.402779918450779317e-01
3.383671288098530994e+01 8.905942961624814247e-01 6.328904109077595486e-01
3.920671757663078694e+01 7.345397040357973806e-01 5.981647501485266583e-01
4.861506913024268073e+01 8.953660024372157578e-01 3.740762523866131839e-01
3.883447339195409853e+01 8.707310415015581118e-01 8.334710060662730013e-01
4.298452226950860933e+01 9.306445307990344196e-01 4.972462319455185908e-01
4.021764430894411646e+01 8.876290659518474291e-01 3.931281397190059534e-01
3.657817238267320903e+01 8.865852876982176500e-01 7.536883015616662185e-01
3.528533456597799045e+01 8.870834597571608526e-01 7.374082392606854386e-01
3.934335456268862430e+01 8.618879347724438533e-01 5.261366415598494051e-01
4.250587784604292096e+01 7.785887077189354022e-01 4.729762605250766305e-01
3.863929793600205898e+01 9.672120365013475718e-01 3.657618491776417069e-01
4.555651555643122919e+01 4.232274438727649524e-01 5.747618342569297267e-01
3.716472274713284207e+01 7.906386422550802928e-01 8.292146146911493210e-01
4.343487150796371310e+01 9.855960410511539482e-01 3.201390267607164275e-01
3.857155165590263834e+01 8.980196409754435116e-01 7.459290619358429630e-01
4.449293962578228445e+01 6.198348193851205279e-01 8.071886388330821172e-01
5.669464985483697461e+01 7.577718969328653964e-01 3.032040446351999541e-01
4.000915300978586941e+01 9.818001889127347948e-01 4.232152074319743273e-01
3.573088339037670380e+01 8.500652502260956922e-01 7.833550686060495316e-01
4.492648317339275366e+01 6.604713439679998910e-01 8.865435710355297205e-01
5.030372239804744794e+01 8.171749344062949616e-01 2.532854229182671668e-01
4.749312263194365613e+01 7.693603382493962028e-01 4.644247028983711223e-01
3.153573879295096916e+01 9.921152284444686442e-01 8.703763494256344657e-01
3.071693740305322251e+01 8.984886268222898043e-01 7.741375152388451086e-01
3.074455811874654287e+01 9.455938910885064441e-01 7.213888648388123714e-01
4.291254703974752971e+01 5.451085754334783484e-01 8.285234602206369425e-01
4.171653408363043525e+01 9.034813358451163623e-01 5.282649769559125685e-01
4.457733153110918778e+01 6.057422496529053513e-01 7.186390564122157043e-01
3.788450598900440980e+01 7.223862663557930608e-01 9.313788602981029063e-01
3.954602623637808989e+01 9.192305756390467542e-01 7.683966419783815338e-01
4.523705061315159526e+01 8.904378912078277919e-01 5.550827926776501497e-01
4.303990532154478643e+01 6.834848041043564137e-01 6.268904282405332040e-01
4.782807402706625766e+01 7.842679809752389763e-01 7.023166342413174057e-01
4.119792913790875133e+01 9.334809720395603749e-01 4.817813243876746809e-01
4.805731329158076193e+01 8.930434735400688551e-01 2.571897982192145049e-01
4.717250083774712976e+01 5.960275598264019870e-01 5.763877403017793055e-01
3.763558996785467059e+01 7.430447310607926070e-01 7.534376651559023808e-01
3.611759613047988182e+01 8.796797100091733324e-01 7.194035498833428743e-01
3.952045421364056210e+01 8.808995717177258156e-01 5.384933500843742671e-01
5.192024461336709606e+01 8.095717059899907309e-01 3.588529777811580446e-01
3.601453183478269438e+01 9.231804508866535697e-01 6.569022269607425191e-01
4.462193249796730043e+01 6.788168123038285096e-01 6.595544803751693941e-01
4.288413854971715722e+01 8.116766644746379322e-01 3.960862692995582024e-01
4.324619372227262915e+01 9.000190148155805536e-01 5.559666460390600973e-01
4.205201099521358543e+01 8.542761732846914091e-01 7.770234343490862727e-01
4.810810786663090255e+01 9.156001855524732447e-01 4.211940363471241011e-01
5.155146122292033084e+01 9.519212564482576466e-01 2.524325493084924044e-01
4.831688408842793336e+01 8.291435381158021034e-01 3.060930395367569279e-01
4.499091454840166904e+01 6.009951255706512674e-01 4.939556724878317318e-01
3.789274240956034845e+01 7.257071437723470186e-01 7.556640076600851241e-01
4.373438607676513357e+01 9.465370880382210084e-01 5.226992070520848355e-01
4.262824328142307451e+01 8.477452157499222318e-01 5.755867901145613752e-01
3.870535125962204859e+01 9.481734949778681809e-01 5.255111264575192953e-01
4.756316565520932471e+01 5.583262120402215922e-01 8.852833440487983818e-01
4.192417630828166608e+01 9.183576531821278088e-01 5.157879437561365688e-01
3.433351199182590108e+01 9.792855340010008236e-01 8.821264196737191865e-01
4.220960230056112295e+01 5.500547803940102343e-01 6.672442800785279848e-01
4.580723632998322614e+01 6.885414479008644673e-01 7.090055474217398235e-01
4.760602521916006680e+01 7.577718969328653964e-01 5.520030638950197410e-01
4.961807205463836112e+01 3.930452715954594334e-01 7.251206355970915007e-01
3.922973846844386259e+01 9.198080611784643645e-01 6.910293208648933261e-01
4.925760520252966757e+01 6.080468419761059229e-01 3.506246137313910882e-01
6.261154101693070118e+01 5.768248497019293763e-01 1.788002946620032008e-01
3.641560920503077625e+01 9.389390782027275950e-01 7.357820280888689446e-01
5.409058420837071424e+01 4.285166268657369382e-01 5.717264519181053384e-01
4.850610327533883037e+01 6.271096263675310922e-01 7.317128428806621843e-01
3.811083122400371792e+01 8.839354764650042551e-01 6.743488124134487949e-01
4.003299429761710826e+01 5.889674089009888647e-01 6.344167142125222147e-01
4.215292825153198208e+01 6.965963144224979198e-01 6.128244897797624491e-01
4.173131612480737829e+01 8.587942734686512258e-01 8.753740180621066846e-01
3.977104952480910782e+01 8.102969851512717980e-01 7.805230650457641861e-01
3.655287844555630983e+01 9.314663127233792084e-01 6.409373639161874969e-01
4.196465186994511498e+01 8.836563536030006549e-01 4.788473687886493635e-01
3.542612385260181895e+01 9.393105537342776312e-01 7.206074605738526095e-01
4.257203409858182397e+01 6.949447406370867775e-01 5.572665578177876666e-01
3.787936042283816107e+01 8.940147561132506526e-01 5.650320474856156405e-01
3.738260894596387374e+01 8.128593825136054551e-01 7.527616677239529208e-01
4.036739741845288165e+01 9.053597814181888470e-01 4.417913891420404693e-01
3.947412972243940743e+01 6.969506384377002206e-01 7.480496589839908950e-01
4.372194831123324832e+01 6.337135086976721787e-01 5.430045459037116107e-01
4.108582711537464860e+01 9.904293556435860291e-01 5.694938991716098631e-01
3.851472536034346916e+01 8.903083333144350409e-01 8.547510161802421846e-01
4.608706686791176566e+01 7.522646057330421021e-01 4.912828190386017702e-01
3.989746122194647171e+01 6.854905116055125536e-01 6.412439788018515774e-01
5.619465215180251505e+01 4.674460202448337265e-01 6.223141973319564757e-01
5.252385553798436035e+01 6.320469000748856203e-01 3.971543643998100559e-01
3.865251181813295034e+01 7.159563236930708285e-01 6.458628691280973166e-01
3.187201645996294630e+01 8.631344106162558427e-01 7.420422730311476700e-01
3.612669265146337949e+01 9.444208069678819983e-01 6.594898010286459611e-01
5.635923737861974558e+01 4.324261361151097716e-01 6.461204642771565254e-01
3.438028480457094815e+01 7.949654748541075122e-01 8.452812814268865216e-01
4.084057924439128584e+01 8.325893559380707076e-01 4.935536696232561971e-01
4.468319722961992113e+01 9.068420059005407596e-01 3.265060173605705551e-01
3.933771157666656393e+01 9.038717349410634316e-01 5.815718176372899340e-01
4.572590572813125220e+01 6.161476879485033864e-01 4.430033467747476195e-01
3.660542384798995386e+01 9.846547675098228369e-01 4.903027820833598671e-01
4.480765214700728194e+01 6.964871550572264702e-01 6.903910687286227699e-01
4.236771148795177311e+01 9.182150626175443753e-01 4.204179760125467125e-01
3.589042275482429289e+01 8.582159867957257493e-01 8.197326469558253725e-01
4.740267779192110709e+01 5.369613978103596752e-01 9.124963445725604583e-01
4.242636098099900011e+01 7.482693593098558305e-01 5.827488959063408247e-01
4.666087120032301527e+01 6.977084572967541254e-01 5.398159132421559425e-01
4.146317601805515096e+01 7.173681463843841755e-01 6.626018221561577048e-01
5.309613230718631627e+01 8.095717059899907309e-01 3.287592887523959617e-01
4.490900259343670342e+01 9.087743560666483589e-01 3.998040564184636159e-01
4.386484228084664494e+01 7.008591347487854728e-01 6.967712666893337570e-01
4.670150712499312817e+01 6.516398270944511184e-01 4.224039027736147811e-01
4.378485165869860651e+01 9.248285166598188001e-01 3.677231446803978510e-01
5.525997771701659644e+01 5.663641644910416550e-01 7.131559749226592526e-01
5.042141646359982587e+01 4.371494740295214787e-01 1.014447374228889975e+00
3.210405741891133857e+01 9.273551370037104169e-01 4.920339935532146991e-01
5.341721634135815577e+01 6.744537089301884114e-01 4.968542443139787324e-01
4.410111359946308340e+01 7.423030060717666911e-01 6.097707564659844426e-01
3.906258099727990896e+01 6.439710758234643562e-01 6.898623264191524607e-01
3.663705486923198151e+01 8.288112844605781682e-01 9.753486260921472306e-01
4.071324191389872738e+01 8.180790793535901440e-01 5.463429596970463820e-01
5.131057491191791087e+01 7.063919499667814517e-01 5.616345195420638925e-01
3.754646907538927536e+01 9.317420653337268321e-01 7.741459221171616001e-01
4.061078462398366895e+01 9.689648641212526003e-01 6.044194073886508534e-01
3.771009825634263279e+01 8.362726333386542032e-01 6.948076232935949115e-01
3.513431199621460621e+01 9.493596064610976271e-01 8.260240020328909472e-01
4.504290525809789614e+01 7.936228617519850426e-01 5.808876135315036437e-01
4.003020686851915144e+01 6.211308329882510026e-01 7.182803782633688794e-01
4.310408276592692545e+01 6.791166410439409828e-01 7.564643565469428843e-01
4.618866552425090788e+01 4.692550022190596914e-01 7.070033763717118447e-01
4.966422452312144742e+01 5.711229245240767582e-01 5.307927533350661475e-01
4.142610401672392584e+01 9.172690029757150088e-01 5.809071008357682420e-01
4.623048683902251099e+01 5.393764380122417768e-01 4.411569843941688940e-01
3.839106312874881866e+01 7.371678313520653170e-01 5.418121348057879372e-01
4.407083979182655753e+01 8.265646822939090033e-01 8.565501675594214825e-01
3.742384273659016714e+01 6.851097271790294041e-01 8.155165004894046055e-01
4.092343530715103128e+01 8.436418318650007464e-01 5.536290519796600584e-01
5.380915597736228051e+01 6.106285740178907240e-01 4.756430491755935241e-01
4.038213991544215986e+01 6.438654707937637722e-01 8.185600652608679972e-01
4.669785354120432430e+01 6.381303969687797117e-01 4.948059644413320135e-01
4.142730221501865628e+01 5.150716853950842999e-01 6.161859551580227690e-01
3.860827398711863623e+01 8.470271907433909453e-01 6.340713915636080333e-01
5.188097475778062773e+01 6.657731537069507821e-01 4.463614716249406644e-01
3.908195482334706838e+01 7.302683167675324549e-01 7.794781840967279773e-01
3.965905169865925473e+01 6.601586995132069369e-01 7.380524507682639790e-01
3.938205296789509902e+01 6.193090322105940793e-01 8.204097957626553805e-01
4.207325582455082724e+01 8.356221897035254198e-01 7.647937281020417144e-01
4.825330753853361898e+01 6.734230654959703077e-01 4.682322231159739001e-01
4.534910485184921214e+01 7.276759531266714376e-01 5.318134773980516261e-01
5.913743538687577228e+01 4.292331654327233292e-01 4.134757865835817503e-01
3.366439508222735810e+01 9.694269963608364016e-01 9.352585080132526096e-01
3.914375003776567041e+01 8.895649689264852888e-01 6.417038208653983444e-01
4.665307807448085953e+01 9.157648084644820496e-01 3.995406025677665229e-01
4.697156852472653554e+01 5.171332017192209474e-01 8.194401993412576690e-01
4.296245446242171084e+01 8.021871039873884612e-01 4.699389918524740639e-01
4.077697318365353141e+01 8.339484802449057543e-01 6.425655405646968354e-01
4.045967587672816279e+01 8.882612857862858258e-01 5.406227224833781708e-01
5.038743114826407776e+01 7.984330143444757777e-01 4.355850328458760190e-01
5.688347080732238936e+01 6.691388660233726915e-01 4.587354607995997036e-01
5.008099138462336697e+01 8.838543875706266206e-01 4.701665035849548757e-01
4.491678398886227086e+01 8.503810337488434401e-01 3.632490922587756632e-01
3.465611051319262259e+01 9.106935243648923706e-01 9.032857127717975887e-01
4.405943930293254596e+01 6.880419521583607256e-01 7.181192542993060091e-01
4.013359669932349760e+01 7.409623132808678125e-01 6.101786611387679526e-01
3.556130612320235684e+01 9.775857098291643732e-01 6.924995890612133387e-01
5.324620590785511354e+01 4.749968156341244918e-01 5.716102128443827368e-01
3.967791117270515144e+01 8.968852239644194979e-01 4.351415766859211831e-01
3.776895680776259923e+01 8.514062688629109310e-01 5.909402609618852331e-01
5.339554651574614041e+01 5.657945916939082220e-01 7.019915504226594827e-01
4.583079215128943673e+01 8.246341174541813590e-01 5.237373765976951479e-01
4.566605051870106280e+01 8.191303153417559546e-01 4.852011993510398913e-01
4.012185471605795328e+01 9.276793945233792194e-01 5.202105792878148893e-01
3.843028371366440155e+01 7.337807677948339213e-01 5.023330410509436739e-01
4.930154778004689575e+01 7.733109873584493865e-01 2.690550057197511058e-01
4.744255921388645447e+01 6.482616259072846443e-01 4.270369710617026859e-01
4.057025399652938802e+01 8.125949154696954224e-01 4.945810298645679781e-01
4.536923542627122430e+01 8.162216019910798481e-01 5.645355345551568149e-01
3.923148443942949370e+01 8.852212440595735865e-01 5.543168419779209710e-01
4.595626413619389439e+01 7.589937153647826618e-01 2.124575625832135772e-01
4.229496572933205556e+01 8.013682753862133579e-01 6.886476621606172355e-01
3.532145034756339896e+01 9.099705316158843704e-01 7.799600350877730071e-01
4.300696594619454771e+01 7.930093858746776192e-01 5.296959586106582130e-01
4.261562405849510071e+01 8.420666069594278103e-01 4.065584002177987100e-01
4.110299911364983672e+01 6.958338799317749235e-01 8.236139117913655605e-01
3.808620399573265303e+01 9.289626366660351797e-01 8.685217883087963386e-01
4.795023621135987213e+01 8.885961905899646407e-01 3.742357328448126519e-01
4.398142730003515766e+01 6.340359034558665785e-01 7.554099932527265082e-01
4.215666790604748115e+01 7.511189704178056203e-01 5.873907811959749870e-01
4.230537654834400030e+01 9.631319530798260198e-01 4.901764774025572091e-01
4.763968306151306820e+01 7.659032838673074384e-01 5.965288413399515433e-01
4.149156783352018607e+01 7.287666255498197465e-01 6.435498237525719700e-01
4.885294951758878312e+01 7.369320168302834206e-01 4.276905629800030195e-01
4.588678887686821639e+01 7.253929622949385481e-01 4.389512889468175638e-01
4.583309152010357934e+01 9.529050332717503569e-01 3.449744487116081504e-01
3.852280737375421182e+01 8.638990635289112152e-01 5.413093968964702851e-01
3.693412109610663663e+01 9.652285252060408549e-01 5.831542829420082175e-01
3.897211755657419019e+01 9.322083249385515469e-01 4.978543805134555966e-01
4.718302217533531717e+01 5.457168272565319223e-01 4.331025839914726672e-01
4.456703728418884225e+01 8.220842955224888504e-01 3.748024040569826187e-01
4.539470443277299694e+01 9.739410066560023616e-01 4.380040979597675799e-01
3.942594950716005542e+01 8.574275386760412676e-01 5.378108773002205911e-01
3.654348623871867119e+01 9.228154139070912088e-01 6.466273525990189341e-01
4.020234570202280366e+01 9.869201432911931526e-01 4.388743241190884992e-01
5.497260792366245141e+01 3.657536252785670849e-01 8.743192999517312991e-01
3.624898014711121164e+01 6.367503200815587405e-01 7.463281930442055012e-01
5.518592015542191831e+01 7.138811489007861333e-01 4.261967142767171257e-01
4.797634138123537895e+01 5.379136553340553295e-01 9.689616648623152750e-01
4.585649250567641388e+01 8.046587253284499530e-01 3.943907286865623307e-01
4.078392728154419444e+01 8.322841185858768087e-01 5.429533199583859160e-01
4.446787076463325405e+01 6.589836769574769493e-01 6.560163042159395941e-01
4.028617941183359363e+01 7.909238096178153876e-01 5.943725351412408875e-01
4.141219706987138949e+01 9.151978832055471802e-01 4.148851339893899204e-01
4.772047389313068066e+01 4.709916171912840177e-01 4.351791047460384920e-01
3.956711855035321435e+01 7.529413547811989460e-01 5.908082596385603180e-01
5.032529380858647272e+01 7.585890181902098517e-01 2.659230811908382397e-01
3.970293572316505504e+01 9.821572993035694310e-01 5.291097974041774066e-01
4.969088086783150260e+01 5.379858801234057575e-01 7.248058698730855953e-01
5.790093976204100557e+01 5.000916782612151446e-01 5.357205317467819139e-01
4.269119178104555345e+01 9.854997119091749580e-01 2.809639815274489472e-01
3.880174704741747860e+01 8.292541030396108903e-01 7.004150075864008507e-01
3.556662585799377041e+01 8.804934255749854444e-01 6.508224377096403224e-01
4.832801344233043039e+01 5.842559428126713472e-01 5.612873905946654807e-01
4.778193834821195907e+01 8.644371899976498463e-01 4.252983104974538131e-01
4.776805879184668413e+01 6.590795838828704678e-01 7.369468866539304885e-01
4.267387387608668092e+01 8.161907615441094110e-01 4.260125803601041428e-01
3.604706290155503012e+01 9.878505150392982159e-01 7.380508134907509676e-01
4.489735829519367627e+01 6.645080566080008300e-01 4.584330233747786476e-01
4.528022480317382303e+01 9.141614671992327468e-01 3.191506504140246836e-01
4.301899252223386583e+01 8.500370399127478160e-01 5.175850751562397489e-01
5.409531914949380393e+01 7.509537595852328051e-01 4.843219203144557006e-01
4.161199961180007278e+01 9.552219225334728225e-01 5.022653220988969602e-01
4.188551750903585713e+01 7.572540778511669401e-01 6.925853664027439294e-01
4.562177174274138736e+01 8.517277133137804990e-01 3.179380962898794016e-01
4.801453439216199115e+01 8.843898340485322196e-01 3.601264872550902774e-01
4.181647743790708915e+01 7.023590888808092236e-01 7.595391220902070195e-01
6.178140528502127182e+01 5.850339262279468100e-01 3.319878953927176690e-01
3.426633559187969524e+01 9.912563707229258281e-01 6.581037341344520009e-01
5.266887428748446354e+01 4.923212765769495736e-01 5.991035528931673015e-01
5.133690065093947652e+01 8.432953848321826928e-01 3.955675370263883051e-01
3.956218030496076210e+01 8.608086136467826277e-01 6.507472160681455620e-01
4.262151664192388267e+01 8.998780120652547510e-01 6.733371690918951158e-01
4.220281968695907437e+01 9.215772218161055740e-01 5.356231048236321790e-01
3.958237519191352760e+01 6.815279498779944767e-01 6.171915578496506294e-01
4.396625047112092233e+01 6.763379723541539379e-01 6.786824714215463628e-01
3.500656668445056141e+01 8.341842136918234951e-01 6.537972581503005420e-01
5.158218572868531027e+01 6.345225409855709264e-01 6.785913542986814484e-01
3.855935429383685431e+01 6.017297554817063743e-01 8.055405043732228876e-01
4.516553796615173155e+01 8.466084356551565326e-01 3.325196756231154627e-01
4.574844313052743416e+01 9.563358399834107626e-01 3.863602706444446699e-01
4.947315292363190764e+01 6.557350287204265493e-01 3.336394205933773116e-01
5.321836650413882808e+01 8.052544213130706785e-01 2.208193010762032893e-01
3.679924059284645921e+01 8.244272929971333541e-01 7.319778607711201479e-01
3.862534450797286922e+01 7.337807677948339213e-01 4.947461501109090554e-01
4.839651889869534784e+01 9.044741588998124193e-01 2.805363776209668925e-01
4.259093077609596634e+01 9.014483644154788200e-01 5.613355422916048720e-01
4.235814938650838002e+01 7.964183600165055665e-01 5.761427249998020139e-01
4.624455095790913361e+01 9.071682613978420129e-01 2.566912813770259039e-01
4.391372492632413582e+01 7.806489521709385482e-01 5.397755283443682606e-01
3.996457696296148754e+01 8.666094141023210629e-01 5.552232432637320692e-01
4.366900293275362799e+01 9.313278477986276505e-01 3.853656355094897679e-01
4.238140165132613646e+01 6.335522221146611122e-01 7.834464660192497210e-01
3.587927129081698041e+01 7.816708989810172703e-01 5.718338185545640551e-01
4.339198781683997908e+01 5.227159851748969244e-01 5.628704378848784495e-01
4.668941672949350163e+01 8.333278472078006205e-01 4.067607736575065136e-01
4.076889348092526433e+01 9.426257656760862469e-01 4.817992553137343537e-01
3.960268141943331699e+01 9.602320142036834261e-01 5.250950651629953114e-01
5.624890188475224306e+01 3.498286463633705767e-01 6.501609256333101827e-01
5.277961904784091729e+01 9.334853022914896270e-01 1.900380891924869919e-01
5.305665472725335263e+01 6.809598094345126196e-01 2.630337201711680506e-01
3.432117674155374232e+01 8.499425556794012460e-01 7.682474134554573286e-01
3.773967612069114352e+01 6.895871346797859402e-01 8.468939631886680530e-01
4.290141895443103692e+01 9.599101866259858173e-01 4.658454086751082079e-01
3.589979518488024013e+01 8.849745033956225582e-01 7.330004998525048165e-01
3.992280163702589135e+01 8.194883662155421078e-01 7.106457262423641064e-01
5.312898353593784151e+01 4.765832271897392780e-01 3.420693424666956250e-01
3.798553778309386075e+01 9.169557177064420195e-01 7.888066871134786773e-01
4.050030775749133483e+01 6.083316848540260002e-01 6.860404224303531251e-01
4.983064987965568804e+01 4.400810769397898725e-01 7.190889985758278646e-01
3.559048408282471598e+01 9.044741588998124193e-01 7.412941857092421039e-01
4.879832402751694076e+01 7.360437518744161745e-01 3.310612873379270571e-01
3.988803215729319618e+01 6.746824179796244714e-01 8.726078214500913033e-01
3.755213944354066058e+01 8.570999269050869618e-01 6.857991032755699212e-01
5.206327887948209820e+01 6.055754031360424117e-01 6.349351948623704889e-01
3.678707458820810672e+01 7.837844558722091293e-01 6.965564861742391534e-01
3.407206878338070766e+01 9.832864704995868399e-01 7.504286099906818386e-01
4.942371523330221805e+01 6.230337479843166548e-01 4.925836241119661008e-01
3.525168328259398720e+01 9.450471198036906051e-01 8.349059953099712272e-01
4.057112843169827698e+01 8.143837489219802883e-01 5.816889615981984951e-01
4.358253164797928747e+01 9.283782475337624129e-01 5.445939337285188309e-01
4.254785821922317979e+01 7.490348014721054382e-01 6.145941975749643627e-01
5.733343791736810857e+01 4.996140993703973021e-01 6.200218820623570881e-01
4.677732068856562364e+01 7.785987902227708979e-01 3.883231883324735900e-01
4.094304728473355937e+01 7.587711748189245320e-01 6.400423381538973278e-01
4.197142351247415348e+01 9.292331184777860020e-01 4.075653636680160452e-01
4.221361453118203144e+01 8.310453930104374498e-01 4.524859498754493226e-01
5.007543028566490761e+01 4.903997021127958766e-01 5.673035169598418248e-01
4.187954562559973226e+01 8.270387609869922496e-01 5.184016218439895241e-01
5.510587531398665817e+01 4.783862678922216061e-01 5.328917927297663892e-01
4.406110040517796023e+01 9.606357461988751512e-01 7.860737084712430267e-01
4.914150625725438459e+01 5.565779408466241529e-01 7.407569591412734855e-01
4.764688120592227705e+01 6.481496364359821127e-01 4.822696514965517101e-01
4.348261382598620628e+01 6.247323492628609198e-01 6.158168706502885614e-01
4.608232008565888549e+01 7.324688200058510068e-01 4.805339634197910992e-01
4.685857351598718878e+01 8.440417285110094481e-01 6.253656329084574805e-01
5.861876780569581058e+01 4.109768150817311172e-01 4.968537259405545470e-01
4.381497192076126623e+01 6.271372399078678495e-01 7.227149006623978522e-01
4.801124975948596330e+01 6.238210594510811280e-01 3.760191690687479382e-01
4.488571976427019194e+01 7.230307047691534317e-01 4.223269078737035276e-01
3.849314290979804554e+01 9.676583758979051542e-01 6.934307274610118643e-01
4.707130051914653279e+01 5.094824446269049512e-01 5.292001114505242576e-01
4.459348604635081870e+01 6.926615204524841918e-01 6.701524729999142060e-01
4.950750734451553825e+01 5.647284305253176262e-01 4.795993159230381719e-01
4.921942390794040278e+01 6.968310134824633462e-01 6.953866253306134615e-01
5.098416651075260120e+01 6.073160008284088640e-01 4.477788311873767135e-01
4.244747951906288108e+01 8.852577103463977748e-01 3.177224804332707264e-01
4.625528019984986372e+01 5.036912123498373806e-01 6.957173896928331436e-01
5.789026846455139719e+01 8.306622179194326216e-01 1.848657091994973523e-01
4.336143993088953152e+01 7.456860777584686240e-01 6.304204867891639585e-01
4.650530363302507908e+01 7.943672695061061440e-01 4.157174742806285517e-01
4.624838372267504383e+01 7.279953007458876968e-01 4.684936755249642371e-01
3.710339013712690104e+01 6.884329569986564756e-01 8.660427185794973282e-01
3.883574253817803168e+01 7.952270774946083032e-01 9.849030033150599772e-01
6.075133162271581710e+01 4.013785446872579765e-01 4.748910123724209287e-01
3.782192954726693301e+01 9.617911324097654369e-01 7.727765030127906609e-01
3.610977201962845839e+01 9.603122091699664020e-01 7.632383545758845145e-01
4.069079834221982139e+01 9.299398789630691775e-01 6.250629059639298823e-01
4.002652657491600507e+01 6.803602740862773057e-01 6.661146421281729513e-01
4.070748231233153547e+01 9.957541951850648054e-01 6.968337533140788187e-01
4.096115208339962521e+01 5.227159851748969244e-01 6.556188376225848824e-01
4.358470877501391527e+01 8.849745033956225582e-01 4.274355559229072732e-01
4.171754861066591502e+01 8.644371899976498463e-01 6.324908406192396582e-01
4.038270506284709427e+01 8.439918445626602983e-01 7.105919698171350163e-01
4.373787137177604478e+01 7.446389001271529473e-01 5.823358071481222753e-01
3.944124191617391517e+01 8.552178537758936550e-01 1.040328906757875149e+00
5.183186296759694756e+01 7.856730895529202563e-01 2.298523215314673407e-01
5.150740437801724880e+01 7.575403078478483154e-01 4.239536021213761718e-01
4.349688367944690270e+01 8.683075702844909038e-01 5.430908681790299619e-01
3.983990718101050277e+01 8.021253897363667118e-01 8.844922167837168114e-01
4.912050053319946841e+01 4.346366545101211232e-01 5.236070314352158084e-01
4.163631957571439557e+01 8.953354046772311614e-01 5.396007777159567143e-01
3.846608042517562609e+01 8.811992901568028724e-01 9.166386901158615208e-01
4.483800031917202489e+01 9.528303920512187775e-01 4.732172159728418315e-01
5.352568948736552557e+01 8.704550330866670516e-01 1.978887449013559952e-01
4.079163955685471876e+01 8.286963512359789563e-01 6.666833875417333966e-01
4.265792899995987142e+01 8.450611652234190085e-01 6.627588273229746418e-01
5.242087834140872360e+01 5.923524179288179869e-01 4.905165360092720861e-01
5.029600230439535835e+01 6.230893044671270697e-01 5.588198148533255472e-01
4.203528298851376377e+01 8.162216019910798481e-01 6.886238405816358377e-01
6.068636152070261147e+01 5.812538279733725499e-01 5.259790615129932290e-01
3.880422715639534204e+01 9.303989079239651794e-01 7.450340842270817276e-01
4.072352427493534321e+01 8.572107458999698171e-01 6.352251968768416468e-01
4.750700015944664756e+01 6.606304496335254628e-01 4.603730980097333614e-01
4.057555914776996531e+01 9.772829750690208428e-01 4.947274732339281278e-01
4.166236099987987274e+01 9.809151941701748090e-01 4.317533996734363444e-01
4.492208768294277377e+01 9.106935243648923706e-01 4.683306899168370174e-01
4.011243660774596265e+01 8.919526691365121662e-01 4.487850879838538587e-01
3.648763595478863664e+01 9.334809720395603749e-01 6.730687095114005203e-01
4.137697590705625572e+01 7.845221217409372727e-01 5.357721923115025264e-01
4.524248001598659386e+01 8.178060305479554204e-01 4.964879461973845665e-01
3.969610558528264477e+01 7.494002191574782312e-01 5.884458707047001136e-01
4.287910237453739626e+01 7.575403078478483154e-01 7.104871589745186400e-01
4.160797077272805922e+01 8.803075475778430192e-01 5.223370143664175513e-01
3.762297409229196887e+01 9.843962284063040302e-01 4.161918424975352693e-01
3.839133722128306658e+01 9.066871700812155765e-01 7.342657177122110523e-01
4.210900625251574070e+01 9.265835903329056045e-01 4.715784226396434464e-01
4.034802616710344125e+01 8.222246095611861483e-01 4.907954543025958016e-01
4.136143663422711825e+01 8.173430428907936252e-01 7.963722502451802132e-01
4.265095891831021646e+01 9.747631993336286493e-01 5.999786342600621492e-01
4.668072053108195973e+01 5.210167027632315317e-01 7.194024875121108886e-01
6.544362273482511227e+01 6.746177661942763804e-01 2.358051345614603778e-01
4.251716190502695270e+01 6.589999105444042105e-01 8.344122586126451191e-01
5.463280577792078674e+01 5.829739999232936842e-01 5.305375554003314287e-01
3.732622296309301646e+01 7.928381175275861503e-01 5.934400879191304989e-01
5.111204752217604153e+01 6.959568464126323351e-01 4.635057022034823060e-01
4.712675303104781932e+01 7.522915906463460978e-01 3.999993794720607121e-01
5.226198718231396612e+01 6.284645637868617740e-01 5.757967777365644579e-01
3.935039768932767146e+01 7.559095915717986003e-01 6.818707023626722208e-01
3.585063615700823192e+01 9.940367019700308004e-01 6.202871755357861616e-01
4.514474189718702490e+01 5.152348554769566880e-01 9.021418750286546162e-01
4.156268900663982180e+01 9.411858029283846072e-01 3.635305692311293080e-01
4.199301754139046494e+01 9.344118471205944410e-01 4.069168747344022452e-01
4.350395548415802693e+01 9.139762547679940452e-01 3.917211739987093155e-01
4.173646459771246953e+01 6.655834866787642135e-01 8.015354372905141300e-01
3.399259521777108972e+01 9.138472719692793955e-01 9.622637687024389042e-01
4.346505911964092661e+01 7.949161818722616513e-01 5.726842062228104657e-01
4.051198145802334949e+01 7.804763294082852632e-01 5.403982909268647550e-01
3.814735660016586394e+01 7.494002191574782312e-01 6.529353700939224403e-01
4.558693641260170182e+01 4.971999301155649031e-01 8.021121282738868929e-01
5.126549195337801024e+01 5.683854251185869177e-01 3.855893758826879902e-01
4.158926607994468583e+01 9.607430068574159820e-01 4.540021428548476901e-01
3.737344569910826664e+01 7.978738215350202889e-01 6.291610757595406112e-01
3.497604520630841307e+01 9.631041877746480129e-01 6.971178602346350672e-01
3.719238489361423916e+01 8.655402174754740496e-01 6.826154649401033891e-01
3.756294518449541187e+01 7.932684449186147013e-01 7.009983558577107532e-01
3.698529099405714504e+01 9.904534073607915712e-01 4.575503815465994939e-01
3.796279986941188156e+01 9.853415511937088089e-01 4.490442535647518607e-01
4.893580195352749485e+01 6.333411798343255850e-01 4.621618558116268316e-01
3.759423286258836328e+01 8.764656288486030178e-01 8.247363698240633978e-01
4.747329563516308326e+01 7.967128760151549471e-01 2.040606668491227738e-01
4.416049229154754840e+01 8.220842955224888504e-01 3.874589439694137716e-01
3.997937323867932236e+01 9.437310896449048192e-01 4.929913394002912730e-01
4.027684975313822946e+01 8.334723677681868947e-01 8.647459883365877786e-01
5.120046511621438867e+01 8.144841624426411020e-01 3.519004923664211804e-01
4.083239941013140140e+01 8.225490007221365474e-01 4.709403284563609682e-01
4.385999671608898609e+01 8.224940557517789186e-01 4.660948886120647172e-01
4.460560812462125568e+01 6.540883315322815195e-01 6.640939137656977076e-01
4.396444845029576953e+01 7.618221283949997424e-01 6.895422464807537954e-01
5.370082895294400060e+01 4.372331429934137037e-01 6.223330197815101217e-01
4.709771157542871123e+01 9.869621955518860235e-01 3.468935512589726433e-01
4.493689912578953027e+01 6.526197947798980659e-01 7.141462917674480382e-01
3.612108420837097356e+01 9.462714580666952147e-01 7.324663799958024413e-01
3.604601002638511886e+01 9.663415892421172160e-01 7.403861884874278765e-01
4.645842169568706481e+01 6.065306702074446665e-01 4.611642522996409199e-01
4.045827169808507762e+01 9.541147803214700129e-01 4.573505373634313420e-01
4.627506869632362196e+01 6.694599341700726569e-01 4.936228502128862661e-01
3.960013894534755963e+01 8.989640768840342355e-01 5.223937240018916572e-01
3.773588180608432907e+01 9.238477289211494137e-01 6.186670637216037383e-01
4.207454920116661867e+01 9.730908142598896360e-01 5.057748259425994819e-01
4.893155820253657140e+01 5.190500445502173044e-01 7.222258414740500010e-01
5.273191760652073157e+01 4.980545808930587071e-01 6.712663980401520902e-01
4.442941457043574616e+01 7.711312301032189342e-01 5.826174321637114240e-01
3.430375655416765568e+01 9.457493499030248385e-01 6.788098676325087233e-01
4.033753783303183837e+01 7.095752922973455057e-01 7.420065967055208267e-01
3.494458400550786337e+01 8.674835972677017448e-01 6.077877759582009931e-01
4.506046564067092675e+01 7.780022214995570007e-01 4.351389645124210670e-01
3.984171824092575065e+01 9.153645925313877996e-01 4.851865986848335477e-01
4.850083949696620067e+01 6.281335332183105580e-01 3.010556446955343080e-01
3.272490322721769473e+01 9.445464944387291784e-01 7.015798523030286615e-01
4.395187181851752456e+01 5.645299452840173426e-01 3.420892571666956927e-01
5.848440527779897025e+01 4.755035938090617087e-01 6.413934200753619308e-01
4.375267401062158967e+01 8.711384285786715198e-01 6.791996526238427423e-01
3.434298114885985598e+01 8.276456733609867111e-01 9.357737090976757655e-01
5.452311813676200813e+01 5.783047843836898183e-01 4.849145787465802826e-01
4.316200930476755104e+01 7.245166977905802552e-01 6.662564407550888301e-01
4.686753200931671870e+01 6.138986128159948930e-01 8.388977892598975528e-01
4.465819503214542863e+01 8.175136282831515500e-01 5.417845918411766659e-01
5.139769345071987772e+01 6.203064679984798824e-01 3.938275084014808414e-01
4.710060631559004207e+01 6.804553944522409026e-01 6.940406980194187003e-01
6.127811194364214487e+01 3.850033595103097284e-01 6.140717927302594692e-01
5.085752565330170683e+01 9.520378038426964284e-01 2.711720668581714677e-01
4.305931372758628584e+01 8.001672729119629901e-01 6.717164712702687890e-01
4.098921431277510408e+01 9.127586734508168487e-01 4.812684511758656414e-01
4.838051544680207172e+01 7.581340760796809741e-01 2.322510921892352309e-01
4.564562178218741906e+01 5.485956294834346547e-01 7.990911897720376356e-01
3.613428060267026609e+01 8.570487228396107549e-01 5.913262984887192042e-01
4.460513945044822037e+01 8.903083333144350409e-01 6.015021336130396135e-01
4.176760466578489428e+01 6.475973416111101555e-01 7.817015027668348104e-01
5.297718124845172127e+01 8.305983580885482054e-01 2.104409198228927025e-01
3.770768721652255806e+01 9.750644348531736227e-01 6.367833605280397435e-01
3.583555388293797250e+01 9.226109420741144262e-01 7.251793624274086580e-01
3.294016636162665890e+01 9.283897291323341960e-01 7.683352099841526117e-01
3.346847261092898407e+01 9.404509529629784259e-01 8.015257433741134196e-01
4.079640042555535473e+01 6.213562543389152815e-01 8.355734383147009892e-01
3.520849385943842691e+01 7.571955619832327899e-01 1.015711586054535376e+00
4.852617512493733898e+01 4.620323739405298169e-01 6.820889507537796215e-01
4.513677646541683686e+01 6.791166410439409828e-01 6.773635808487241672e-01
5.874230528219298009e+01 5.511719467303641817e-01 5.009038132987030378e-01
3.609319518800899118e+01 9.207568710828607506e-01 6.928331692922211626e-01
5.913466483796037210e+01 3.863229825604505563e-01 7.505882595879195263e-01
4.132130534019707113e+01 8.161907615441094110e-01 4.726901896974239348e-01
3.154940627718514179e+01 9.681500475828958008e-01 9.636798694624271189e-01
5.010724007705208294e+01 7.518161044096226542e-01 3.940827292140422489e-01
4.625999808575033256e+01 9.117744091660160421e-01 2.693857637250601234e-01
3.948717074528024540e+01 7.933072083433162502e-01 8.113511211372145260e-01
4.933601387547749795e+01 7.995475726777564462e-01 3.334641133766156340e-01
3.927419105667315335e+01 9.093327695155072332e-01 5.485665614916893640e-01
4.521776538565647741e+01 5.675758323956111573e-01 9.455389325343763751e-01
4.019670613398605497e+01 7.889885100740005042e-01 5.973227952056822110e-01
3.917339289349165909e+01 7.391008719813131345e-01 6.594626658136713004e-01
3.470804005474856524e+01 9.411858029283846072e-01 6.328204332657626496e-01
4.420491374937033413e+01 7.776121753870034459e-01 5.025813278720883126e-01
4.261562099023369399e+01 6.073160008284088640e-01 7.320831020370686115e-01
4.457287783392565927e+01 9.119713696426288152e-01 4.534234078709553084e-01
4.598645664065800531e+01 9.147679261704240172e-01 4.868645682856775347e-01
4.570524890928302852e+01 7.240127189476547320e-01 4.290927313325209047e-01
3.904416011297470135e+01 7.357946075544562481e-01 6.501643988133737340e-01
3.361859125799291093e+01 9.869201432911931526e-01 7.206587437314740940e-01
4.361707068375593366e+01 6.120699437316200475e-01 5.929351263351977375e-01
3.832866627285179106e+01 9.172690029757150088e-01 7.086642549414032821e-01
4.016426535093971495e+01 9.020652363831546117e-01 7.908996310900299198e-01
5.395623482535747684e+01 6.601357700686543151e-01 1.799949200695210305e-01
4.210699055660054313e+01 7.253929622949385481e-01 5.681209492101676473e-01
3.678197591736772409e+01 8.686553148621236620e-01 6.696084826427908254e-01
3.342454342482562168e+01 8.803214343234282424e-01 7.288899437016458371e-01
4.050530337663136748e+01 6.205850771095433593e-01 7.539702477821184079e-01
4.420296137871079623e+01 6.847919171272310868e-01 7.824375232458221641e-01
4.756111248640341671e+01 6.280748510628348935e-01 4.873686148578451616e-01
3.876259364066173418e+01 8.183151748543877613e-01 8.267110982409279218e-01
4.927050090433795049e+01 6.355599780058899251e-01 2.735719314449937545e-01
4.660029350390277614e+01 9.865720994069100414e-01 2.803668284836660640e-01
4.090632453350384168e+01 9.569384907806479657e-01 5.879386559601058604e-01
5.053617130243553390e+01 5.688508429447297621e-01 6.958476036325629277e-01
4.843360550664894504e+01 6.526880918842303814e-01 5.122089143238656161e-01
4.638665373438299611e+01 6.337732711895608384e-01 6.666564577538250935e-01
4.349971590715279746e+01 7.557959965913674250e-01 7.227501016317560145e-01
4.837909315480394667e+01 5.210167027632315317e-01 6.590419903732743778e-01
4.658130021113447583e+01 4.785857692648023964e-01 6.216226609738144671e-01
4.636979755030657913e+01 7.100345724221381882e-01 3.850399482620851521e-01
4.110940039413971192e+01 9.095303972110796442e-01 5.626853562465918834e-01
3.803848677706188397e+01 8.578010653031742372e-01 7.237920736515875975e-01
4.960783707500527129e+01 6.605649840530434247e-01 4.853417795376070432e-01
4.099914508430377680e+01 5.633888630195613700e-01 7.250387259191072298e-01
4.286169940099348707e+01 9.708242323716720357e-01 4.381886827047080102e-01
4.544687622713369990e+01 7.575428797799047542e-01 6.264986097299046763e-01
4.001322471131298641e+01 8.171899693756973226e-01 5.218009155553984257e-01
5.756034083547946523e+01 8.476590713079358297e-01 2.240808511086902766e-01
4.999519819556980593e+01 6.871654762543522033e-01 6.022150304646278762e-01
4.390223312356447138e+01 7.622987660565109236e-01 4.387108013896801606e-01
5.158157196079140761e+01 6.500342790094189027e-01 3.211435287741943867e-01
3.378839047070721335e+01 9.746887764302664126e-01 7.204608503147582610e-01
4.679533971417358629e+01 4.263939336379149458e-01 8.207348107827423522e-01
4.726090131786271797e+01 8.993467865249358262e-01 3.081760033347571426e-01
5.974211810483622997e+01 6.272336679070013021e-01 4.120290286991200590e-01
5.159197505865925848e+01 9.083128133249743774e-01 2.895216537912650989e-01
3.831981372077832049e+01 9.934253014200743470e-01 5.753078926703592000e-01
5.409936974242000218e+01 9.814227430430395582e-01 2.294716429542027203e-01
3.728575137178969356e+01 7.248488177530949539e-01 6.394877332752494370e-01
3.665209772113277609e+01 9.202759248993476193e-01 6.925241625183232719e-01
4.042251499203369036e+01 9.910717896141123529e-01 4.364753902977932531e-01
4.754407742989480568e+01 9.225893906983979598e-01 3.381481866760615018e-01
4.089879020452329428e+01 8.317790085010241530e-01 4.615383413807929713e-01
4.213222874047604449e+01 8.652001206520675280e-01 5.498469924822259047e-01
5.354593630485283740e+01 6.528999747365467066e-01 1.758224497475810999e-01
4.766347332902972056e+01 9.368938694813240264e-01 2.447804336547238224e-01
4.228088281082428068e+01 6.202058103329707306e-01 7.876351905464500369e-01
3.339208676522189734e+01 9.430303775309624159e-01 7.599086098807781298e-01
3.589255889371665376e+01 8.861977483143916867e-01 5.882476133508416360e-01
5.296440588946110495e+01 8.270387609869922496e-01 2.006170735250930315e-01
5.093632078616118974e+01 5.937667298644262459e-01 5.599371288235579502e-01
4.151970176984516314e+01 6.345099785484989985e-01 7.291672854004640492e-01
3.392404497925409146e+01 7.008227199399491569e-01 7.253751442610830713e-01
4.631219586447432590e+01 6.605759900289809305e-01 4.938375887520721763e-01
4.854183151095779891e+01 5.526373168025097149e-01 5.705800260707079019e-01
3.664911950887623249e+01 7.604912595830362054e-01 8.101678263766343147e-01
3.188129827421491669e+01 9.619205743722607505e-01 7.034236665300078739e-01
3.863018057127857929e+01 7.494674499404599954e-01 8.744921957169949911e-01
3.772513129269473353e+01 9.166763295521968002e-01 5.935887017480463435e-01
3.631749608476886237e+01 8.818842345740773858e-01 7.809251179936249621e-01
3.765727192665794121e+01 8.954201453435554070e-01 6.905191412693453268e-01
4.541262802475892357e+01 8.489331015888498255e-01 3.743785751833579867e-01
4.433891651188468330e+01 8.847449594712751830e-01 5.160324899229874474e-01
5.727363530667160774e+01 4.562303454948963277e-01 6.094423115702318761e-01
4.270556589998174246e+01 8.706729698069378687e-01 4.255585359196943362e-01
4.705550472734274337e+01 7.366022967104406405e-01 3.651788961190819416e-01
4.294723154389802744e+01 7.968608628294994167e-01 4.796533726521148289e-01
4.344037524932600292e+01 8.496082674476256313e-01 5.412285371784115728e-01
4.587277852477151185e+01 7.791896008001325535e-01 5.213040989508622713e-01
3.303832787327099396e+01 9.851648197208477953e-01 7.520184200009017994e-01
5.260892831581629281e+01 4.340596043345276156e-01 5.874152482002367170e-01
4.028607111899458459e+01 7.353404579596309887e-01 6.783683819721025854e-01
4.915183521571675129e+01 6.513813099220862046e-01 5.915843967304286188e-01
5.291500737769951002e+01 5.661626613891245219e-01 4.037038579588914100e-01
3.994199751799278886e+01 7.545187131968007499e-01 7.476355299595411896e-01
3.903014308711397717e+01 9.231804508866535697e-01 5.288839158701735821e-01
4.127182637784630259e+01 8.397889583932508506e-01 7.306675586893993657e-01
5.149049902928564393e+01 6.517602991075783780e-01 5.168689655848452968e-01
3.478752409356420827e+01 8.437461057381161478e-01 7.748167944904810200e-01
3.287491685343147196e+01 9.445464944387291784e-01 6.938152649407453021e-01
3.983548768427862541e+01 9.026156567021471622e-01 4.393993731029264826e-01
3.892426148837152056e+01 8.198536778159186689e-01 7.545623574747303275e-01
4.037129304500919602e+01 7.114536505327079263e-01 7.327030353477267388e-01
4.080115963365027909e+01 5.477260039160187777e-01 6.925723342197477317e-01
4.551291836296361737e+01 7.830817527536440004e-01 2.625435165845143026e-01
4.044268541105509485e+01 8.867300434078078109e-01 9.121081405455202518e-01
4.266830873345355002e+01 5.695704364553870747e-01 6.317577627681292274e-01
4.822442566845188594e+01 4.546890415253729834e-01 3.620215915390198602e-01
4.476247902805741319e+01 7.879737742995017724e-01 6.594076023680750520e-01
4.521665539484628482e+01 5.930525419511426533e-01 8.312036190416133286e-01
3.697048055438737180e+01 9.243310277325962332e-01 6.865212478986997269e-01
5.270128616803968669e+01 8.158796428839577564e-01 3.439788504242232703e-01
3.858649661810326137e+01 9.743151330013379852e-01 4.047294973799157591e-01
5.427624254733608211e+01 8.217651316756020563e-01 2.331315849955602759e-01
3.959660317567217191e+01 7.645118657916482041e-01 7.784278284573988849e-01
5.221476850286352089e+01 7.972429229138069395e-01 3.074021576147797363e-01
3.898022172293190124e+01 8.162466056651148660e-01 4.403463479267517022e-01
4.489988100665055271e+01 6.742345110327797597e-01 5.631381069719151311e-01
4.005415175611302914e+01 8.607186006034701631e-01 8.820601534395218213e-01
4.347081934640164746e+01 9.228154139070912088e-01 3.842275095047396616e-01
4.175896476802100921e+01 9.780805552481055543e-01 5.679479451593444361e-01
4.152756922485445301e+01 8.687990608349077659e-01 6.780182972591080048e-01
4.241970697940954693e+01 7.755271148289909489e-01 5.333100728765416410e-01
5.118443098060924967e+01 5.928573538917998320e-01 5.189423719383230438e-01
3.937808480940234546e+01 9.290989567379484004e-01 5.224603301602241956e-01
3.911427422088682704e+01 7.729873062862978594e-01 7.041325277718200049e-01
4.586282158138045162e+01 9.038480494936600440e-01 4.329110973556007380e-01
4.342865674288565714e+01 9.493596064610976271e-01 4.772756472720019461e-01
3.269630495781101587e+01 7.589937153647826618e-01 7.041687148409323527e-01
4.236214041390037011e+01 7.374479189861891104e-01 5.265630907257039528e-01
5.146586416988646562e+01 4.656285930181370269e-01 6.710466906008181187e-01
4.948276206210539385e+01 7.793752915096178180e-01 2.821322892277650096e-01
4.133811237646980175e+01 9.235648544843634289e-01 5.921880128581896718e-01
3.753398551001098582e+01 7.508498095770133052e-01 5.528937896684065212e-01
3.952414517613443223e+01 6.889105666876221834e-01 9.892187079475112110e-01
5.704311114013940198e+01 5.342014191216329921e-01 1.846754962922741994e-01
3.966651958199292949e+01 6.719796304081651073e-01 5.267896361518191739e-01
4.655410475933322090e+01 5.898829775828060562e-01 5.843391765623633383e-01
4.337148315219022976e+01 6.124079222506054743e-01 8.795752433447342478e-01
4.430420316996342933e+01 7.337807677948339213e-01 3.031514138401701919e-01
4.668625088111080856e+01 6.590408412692240203e-01 3.703575419435737870e-01
5.694397457404771501e+01 3.667428404796116981e-01 6.809141742561749533e-01
3.956480489414585122e+01 7.201444951391087201e-01 7.293501682381319240e-01
3.961930874625699772e+01 8.678094869999903871e-01 4.816298127752100533e-01
4.523289131593111279e+01 7.662354940148438098e-01 7.558071723800693364e-01
3.785672116536327536e+01 8.387771037701799992e-01 8.380043452802364845e-01
3.758704304208154667e+01 9.259184479063256035e-01 6.276040371547157992e-01
4.117619168308182509e+01 7.238689134184277396e-01 6.872584170659309377e-01
5.065850370850470341e+01 9.115807764756923559e-01 3.119179631206226433e-01
4.530787751894211368e+01 4.692550022190596914e-01 7.401876299995988617e-01
3.856434137402327877e+01 9.688623488897624147e-01 5.531448448474115542e-01
4.424075330471929135e+01 9.200809583685267690e-01 3.918912179425130260e-01
3.762378027872247799e+01 9.677097229392735978e-01 6.065449445063679779e-01
3.939878068967762204e+01 7.471290231835603368e-01 4.865667153842886394e-01
4.055737196805144862e+01 8.606594528127535781e-01 5.739009433422820328e-01
4.146769588188589495e+01 8.413480231583251312e-01 6.456265425108669298e-01
3.844234258630412171e+01 9.603749513166708329e-01 5.597772395213636010e-01
4.324351364614070548e+01 9.673322093223247764e-01 4.870535388545833011e-01
5.642654619103618785e+01 4.340596043345276156e-01 4.800164220093018907e-01
3.651048862418808483e+01 9.376776418467591689e-01 7.511261396168664728e-01
4.202526884756294123e+01 8.057109125051461485e-01 5.960574873012306485e-01
3.953318988095187336e+01 9.133098891386736140e-01 7.245708784266318148e-01
4.300051821678277975e+01 7.732370092654782257e-01 4.675604996632402033e-01
4.340743107045343407e+01 7.816708989810172703e-01 2.992303531730490795e-01
3.731246939375901661e+01 9.433713951099663708e-01 7.540630803424410722e-01
4.079445260200149193e+01 7.009860933526320670e-01 7.741107769258102067e-01
3.988553852798744970e+01 8.570396531825917874e-01 8.093372100106219769e-01
5.338547589831640749e+01 5.734643008402992015e-01 5.029457478814070015e-01
3.907229210677257214e+01 9.465648053748167978e-01 7.873740247732964326e-01
3.603038239980713087e+01 9.218344055549183569e-01 6.239758254775893409e-01
5.664560447603598448e+01 3.916771604263821205e-01 6.853671857343875962e-01
4.108323138934162699e+01 9.926231566048318022e-01 5.591991144255155088e-01
4.321125314781647830e+01 8.164805261705682105e-01 6.202466001275371843e-01
4.480838832129779092e+01 5.024329151922961589e-01 8.105442761805250473e-01
5.216821215473537166e+01 6.902060819442029649e-01 3.798615292102901497e-01
4.052302538098275875e+01 9.957541951850648054e-01 7.045575780829037571e-01
5.205878489160564015e+01 6.918416317098307067e-01 3.382163288108840371e-01
4.362867300552487393e+01 8.672375388607056479e-01 4.935199608695063356e-01
3.052638075903687565e+01 9.680870520705452398e-01 8.382224032040945794e-01
3.948518016450785240e+01 8.277820852699554477e-01 5.865213413996036573e-01
3.646811423899563209e+01 9.063029452281567977e-01 8.488976851975817972e-01
3.967504277425660320e+01 7.446753198050909406e-01 5.700551188924883883e-01
4.654523295154746165e+01 7.762450279440965550e-01 5.208187930585186365e-01
3.904272783459457230e+01 9.078701162108452349e-01 4.900725750123324231e-01
4.241636940560393043e+01 7.904913412266325601e-01 6.883633371633766096e-01
5.584052238087195263e+01 4.630686685488487053e-01 6.568218751422670865e-01
4.540419084062015287e+01 7.784081268071906257e-01 5.549816590242238057e-01
4.807368551948567870e+01 8.097962104264562200e-01 3.675446616913211617e-01
3.052357316312201618e+01 9.817176101170560498e-01 7.153221452872897679e-01
3.872408954739497489e+01 9.586090044660452447e-01 6.997281994052159115e-01
4.316953893045384660e+01 6.358615214270336713e-01 5.365750629596226506e-01
4.170546266858368512e+01 7.680604675710029916e-01 6.438361215362625734e-01
4.144555217343491194e+01 7.648928887131746235e-01 7.800788777351107539e-01
4.613274868332364065e+01 6.449661592796643861e-01 6.223328575922164596e-01
4.819877370623056834e+01 6.481496364359821127e-01 4.652971552857241844e-01
4.233462732131019379e+01 6.645766012643163911e-01 8.198926948204817711e-01
4.294724400168745859e+01 8.862079328234306885e-01 6.007495148535914042e-01
3.679075018361465510e+01 9.242716257522579637e-01 5.256646771230704118e-01
3.849533136365718633e+01 9.218788484447908438e-01 7.235818383587111491e-01
4.175900714799607272e+01 9.491513009065232209e-01 5.333302770603032261e-01
3.975524070534341803e+01 9.203584175136475531e-01 5.480945633345866153e-01
4.690134622800404429e+01 8.001672729119629901e-01 5.347739412439321827e-01
3.622996882457979950e+01 8.663694596874798037e-01 6.852530096182917196e-01
3.980012720768707624e+01 7.873398030538839576e-01 4.005877847856117446e-01
4.490697608901685101e+01 8.314447094884658274e-01 5.631679109466580790e-01
4.162154988575129266e+01 8.276776248276738190e-01 4.698525203393132954e-01
3.893198051140142724e+01 8.265666435151837188e-01 7.231883433300598796e-01
3.881884607819645794e+01 8.572107458999698171e-01 7.154588486699781091e-01
4.309463504416275725e+01 8.605159608592242160e-01 5.967559518599673263e-01
3.332144800205674073e+01 7.963606480451269620e-01 8.604505121198080531e-01
3.802025874706989583e+01 9.143161304824759528e-01 5.563392504413249284e-01
3.152265542560003198e+01 9.870844099482416478e-01 8.587579697494562847e-01
4.045378633810994984e+01 8.336288366576251052e-01 6.912007550588267213e-01
3.483476293859270356e+01 9.726632238325320090e-01 6.740166167571410849e-01
4.175735277274109336e+01 5.475024746397451070e-01 6.704988072312852987e-01
3.533103742142423442e+01 8.514832689820489575e-01 6.423163947293158982e-01
4.269721209189895461e+01 7.704065589802290281e-01 3.103966338499084543e-01
5.316742120149122286e+01 6.798497859246724895e-01 2.507914902996045692e-01
3.175052881515900793e+01 8.922015145974737660e-01 8.114352467899821342e-01
3.804664200197964874e+01 7.843386824355264020e-01 5.569552497410351632e-01
4.016577501935683614e+01 7.931575097582254097e-01 3.936525555158166267e-01
5.393316348283931205e+01 5.825776961562093570e-01 4.444792214865765922e-01
4.153599856659730705e+01 8.171899693756973226e-01 4.660093437351150447e-01
3.951799430175513095e+01 6.251665831029655784e-01 7.220983048974601859e-01
3.841316602612570819e+01 7.900241524871719490e-01 6.254182734517327313e-01
4.261889941615490329e+01 5.086996797686743621e-01 5.557037818500717430e-01
3.959572867849226441e+01 9.920174967368146079e-01 5.664639108836780901e-01
3.906208171830257925e+01 8.619160009490873797e-01 6.379429407117702677e-01
3.706028126659531807e+01 9.893552132315880376e-01 6.823600326044665376e-01
4.267801539052776860e+01 5.515244099044962489e-01 6.830377734936128320e-01
3.878294436750751117e+01 9.357701568792428093e-01 4.943956150105156544e-01
4.670634408399755699e+01 7.866900504557378104e-01 5.773594025579409372e-01
4.823840341756281447e+01 8.511135070386283141e-01 4.240976718352337249e-01
4.897144092342706756e+01 5.885264087033316160e-01 6.334078085444699857e-01
3.087043122602880629e+01 9.904534073607915712e-01 7.462640740355719338e-01
5.616655875558449651e+01 5.136293403684524250e-01 6.379744822955303318e-01
5.546328450708251268e+01 7.524911210972147213e-01 3.111045197965889297e-01
4.549537951138295000e+01 8.644371899976498463e-01 4.969325837354645614e-01
8.550569213397871238e+01 3.383846298014479004e-01 2.860852564960465472e-01
4.531882649490423631e+01 9.740465431939375751e-01 3.124374923231491019e-01
4.352578831832059336e+01 6.878288114910316997e-01 6.280033685265618004e-01
4.259705565413850081e+01 6.217758161497649594e-01 5.648661621410399070e-01
3.592822045769641903e+01 9.522373670148596148e-01 8.601899049994058410e-01
5.447415182716449067e+01 6.242796485501567183e-01 3.552599631883586739e-01
3.629954878177846211e+01 8.442723771845730418e-01 7.995905787344472770e-01
3.764723956938796334e+01 8.910203838635487594e-01 7.512140532504868462e-01
4.660244672338356509e+01 9.470306239198436060e-01 5.380174655944761630e-01
4.375209738149163741e+01 9.825607453454987539e-01 4.664707486032880768e-01
5.311049033272124831e+01 5.619347081882448691e-01 5.041692987492849554e-01
3.649689336290953179e+01 8.984374515850066523e-01 6.137903687949572973e-01
4.995584159129899859e+01 6.624526465596363156e-01 6.045054281291659670e-01
4.299763291280540756e+01 8.672556926720126347e-01 4.859271469563177237e-01
5.552406671945535521e+01 7.879737742995017724e-01 3.377838185972235063e-01
4.706797971422887628e+01 6.889105666876221834e-01 6.703960840756488793e-01
4.140079049202666539e+01 8.411895172521101083e-01 6.442511167295260632e-01
3.311785415393809728e+01 9.648243970085536025e-01 7.308600893510397434e-01
4.921445310657844630e+01 7.682347522203726298e-01 5.160042891958304123e-01
4.768191289387191745e+01 8.766805623138195225e-01 3.099425591213524345e-01
3.638097722878524110e+01 8.772744445737803431e-01 7.953489976162718689e-01
4.111918721717395897e+01 5.419126682165890108e-01 9.687999077517733815e-01
3.267688240533590971e+01 9.697007473085822449e-01 8.077647759430669483e-01
5.301978177357795374e+01 6.241102269647985645e-01 4.757266699839896029e-01
4.325403468730006296e+01 8.964744240216131477e-01 4.820645163726685611e-01
5.184110404972345520e+01 4.564334136901035954e-01 8.193375455417818420e-01
4.310513675863209926e+01 5.950747626441444948e-01 6.961284083006380463e-01
4.177081205384394735e+01 5.985399536407848275e-01 9.487394426297525163e-01
4.729706999116616117e+01 9.233844279690136547e-01 3.904837659559737273e-01
4.337022395813307440e+01 9.453810368336643677e-01 5.621174118307770140e-01
4.351423926192884295e+01 8.161158510998601789e-01 3.015638779545904424e-01
5.091842474166140420e+01 6.468682816702089333e-01 4.668153498254319911e-01
4.404440211153900719e+01 6.555836099350186297e-01 6.894371232821333573e-01
3.552365665279415197e+01 9.253598770237392301e-01 6.380110180865391500e-01
4.053713042535113686e+01 9.423709344510078356e-01 4.226458161906376243e-01
3.490757991253749992e+01 6.679644702527027800e-01 7.722448864975736127e-01
3.459133868027523562e+01 9.920135848145091861e-01 6.511173946722076389e-01
4.742955337099402158e+01 4.749968156341244918e-01 7.643489143875571434e-01
4.969594115583216620e+01 6.170625994070083609e-01 6.138635698337644442e-01
3.586031101673488308e+01 8.899586705243226481e-01 7.314560649243754265e-01
4.489027200703382903e+01 7.197808382673881455e-01 5.077997074598793459e-01
5.474165920422672826e+01 9.176619495100594159e-01 2.682325857349884823e-01
4.415921293285916960e+01 6.965967643480885929e-01 8.009244213866667517e-01
4.206052470052607362e+01 7.702668055175417861e-01 4.808090827079240515e-01
3.649646349049858429e+01 8.560219214636309859e-01 5.596010285987960131e-01
4.012940613632348175e+01 9.522806401086699735e-01 6.172253528879600992e-01
4.905528906153281810e+01 8.210957967765138976e-01 3.592266048287465763e-01
4.221263795389673135e+01 7.894453707249251551e-01 4.829215380561511783e-01
3.790712806887912478e+01 9.746945636793256096e-01 5.763053294732709553e-01
4.099732213422352345e+01 6.987683603374991170e-01 6.715059285005151590e-01
4.267090439652174894e+01 8.747916098551372643e-01 4.750574633972515781e-01
3.215692916188398698e+01 9.652285252060408549e-01 8.183456419497942003e-01
5.447288247998444177e+01 6.360737352836340897e-01 3.242820228304650887e-01
3.912011054612662520e+01 7.173656399666793471e-01 8.962751885000741492e-01
4.139913726008600747e+01 9.648102068600076242e-01 4.080319025440218850e-01
4.009804473555606563e+01 9.224136573543267881e-01 5.045457302935340005e-01
4.116400622421743805e+01 7.561007144095818200e-01 9.088232950896113493e-01
4.990167774106976850e+01 6.106222182551502842e-01 5.798643766863840199e-01
3.576860857096641411e+01 9.364884206680618162e-01 7.190408980546679762e-01
3.859839159837493128e+01 8.293811630415176550e-01 6.526315050569528875e-01
5.401897372113948137e+01 4.400810769397898725e-01 5.858006196529608189e-01
3.768677937130225786e+01 6.940667242397490222e-01 7.810702883014913889e-01
4.556158669297836639e+01 7.177866527988696621e-01 4.485550392425474153e-01
4.369596579771638289e+01 8.375948524088683289e-01 4.591308793850274461e-01
3.976496406323987998e+01 7.954214680420823580e-01 6.866763639804829289e-01
4.814979063437022688e+01 5.087257778651158580e-01 7.530223888398017706e-01
4.817068358696793240e+01 9.172690029757150088e-01 3.595576629458053786e-01
4.429564931262826377e+01 9.810122476329463659e-01 4.392916909296606942e-01
4.164283641439978823e+01 8.629175777894582122e-01 6.712026843573756230e-01
4.460270277777051717e+01 5.986597558490120985e-01 9.255313837798091470e-01
3.988877519493082957e+01 8.978710691239786268e-01 6.722321674212956566e-01
4.432080539340782366e+01 8.587167565356673693e-01 4.578633539364899696e-01
3.922254470940003301e+01 7.826900726727843427e-01 7.236212872184680789e-01
4.843073269890439292e+01 9.662316721748549497e-01 3.186420572457025480e-01
4.618377912018407727e+01 5.387000326682415130e-01 5.717721542686667879e-01
4.027245829567429070e+01 6.704782399799774639e-01 7.971168402146886489e-01
4.984022470185941245e+01 7.075105456820194316e-01 3.480139466043277729e-01
5.123767959633229196e+01 7.628658311627519728e-01 5.151433790838003679e-01
3.793523183829179857e+01 9.024030590573242083e-01 6.528335260286989294e-01
3.686624825636516078e+01 9.274046933169496354e-01 6.858166192506314207e-01
4.292488170901832945e+01 8.863811652625536164e-01 4.329408387647871725e-01
4.312185032117331218e+01 7.210343980840604461e-01 5.741102827090625027e-01
3.773963828352540162e+01 8.772250238179365445e-01 8.178171047799310811e-01
3.821035074547903321e+01 9.362565659332744428e-01 7.232535612824952942e-01
3.878297856852727676e+01 9.331282569267164151e-01 6.846056030626569422e-01
3.806986055766724775e+01 7.314808830279341256e-01 8.727378287084707198e-01
4.294414175512130072e+01 8.570487228396107549e-01 3.389819577228520564e-01
6.688371852610315216e+01 5.744168325597648339e-01 2.779075219426171417e-01
4.605971518479531568e+01 5.714525890726381840e-01 6.619917142967933765e-01
3.821932191200791351e+01 9.828136726863544448e-01 5.636756491282362003e-01
3.727146925288408141e+01 8.256761773654083258e-01 7.380152244732728350e-01
6.088386971707363671e+01 5.741852668062468190e-01 4.146559737454842964e-01
3.996080075774025175e+01 6.718414157820274957e-01 5.562220180974337680e-01
4.739084911465653249e+01 7.962176028781157155e-01 3.907703962117051177e-01
4.641113063201486710e+01 7.048946680849398350e-01 4.944370467923011603e-01
3.428990735229258036e+01 8.745579007397366045e-01 7.992627208389072591e-01
4.525160353471673602e+01 7.099170673881740612e-01 6.893927513828276288e-01
4.769638169609669376e+01 5.270293497009778116e-01 7.434840975957166531e-01
4.201288932676740728e+01 8.908780869637834554e-01 6.160417930776005413e-01
3.901577409156804066e+01 6.345099785484989985e-01 8.401406013757906077e-01
4.522843093669435888e+01 5.999105644671278714e-01 8.286149063132793868e-01
4.059775258159818634e+01 7.204274701326540686e-01 4.693119743539204136e-01
4.716188608211591315e+01 4.483692009774337128e-01 7.755016806198772317e-01
5.261751533747342791e+01 6.742865518833561778e-01 5.631455129053493103e-01
4.064980058467470769e+01 7.313054723244915012e-01 7.422450782378601231e-01
3.580718362805662736e+01 8.836104217709500608e-01 5.339975232500892011e-01
4.489203631765388991e+01 6.840948638674696491e-01 6.565854236100854280e-01
4.627494350846566107e+01 6.994807336297097500e-01 3.916255130212958346e-01
3.631017290974773459e+01 6.972519535064005680e-01 8.081820530899849198e-01
3.322401602887891414e+01 8.274489723218413362e-01 6.813987794685331112e-01
3.968227464582349029e+01 6.673021662085021344e-01 6.889874786211145352e-01
3.350263134691221723e+01 9.063888763143695959e-01 7.789720867848513031e-01
3.959077172259577537e+01 8.981024906834707000e-01 5.592170426111774395e-01
4.962960916852673421e+01 4.556003512111332920e-01 5.747135895150545792e-01
4.166299221926747975e+01 9.683857110197472418e-01 7.664231750969981993e-01
3.601660665047436538e+01 9.189665483006556057e-01 6.970581541222172772e-01
4.640623367320159076e+01 6.401812135418728511e-01 3.889727284035607857e-01
4.631809945837051856e+01 7.623364810232825528e-01 4.743599542847574124e-01
3.793305884031273223e+01 9.387932958658411486e-01 8.473277173611206692e-01
3.968929223691978336e+01 9.620142817383563472e-01 6.467310530471755969e-01
6.498885732150435501e+01 5.648073492196401535e-01 2.709855566681623196e-01
3.740850702882421785e+01 8.648090288923375724e-01 5.335765459924892706e-01
4.672105208803949949e+01 7.036063593499556346e-01 5.374908695257991642e-01
3.725048415503085408e+01 8.200595946527353686e-01 6.631607992572329247e-01
4.808599026727004855e+01 5.769365699581233686e-01 4.726006807059178194e-01
4.444069366616021455e+01 9.106935243648923706e-01 4.842360584084725028e-01
3.575210727848734393e+01 8.997794420752414091e-01 8.250286197608610594e-01
4.626737318267320376e+01 7.026248893067200685e-01 4.336655711597828811e-01
3.698682095979426521e+01 9.289390424074244201e-01 6.141743586154394530e-01
4.238144612434851410e+01 9.728665542968015778e-01 4.412629012417630392e-01
4.483886400555862650e+01 6.840672031582964996e-01 5.753649109228801128e-01
4.491874808545485820e+01 7.587154858331279783e-01 6.648494044787384150e-01
4.342996190719668448e+01 7.405479176100066008e-01 7.300592194981709859e-01
3.723961713178618993e+01 7.360437518744161745e-01 7.442059022824468739e-01
4.434469511580547874e+01 6.017914691591031984e-01 6.694663207553158690e-01
5.048602138873692979e+01 5.117572754830086446e-01 3.368966130307420315e-01
3.883657989432030178e+01 7.947765170633667164e-01 5.264814296551887374e-01
4.136479455270013972e+01 8.169892410608505795e-01 7.432494172823830292e-01
4.735710362838137399e+01 8.421963078183453133e-01 4.873301068561869953e-01
4.531455853944468970e+01 6.159582109716511544e-01 6.655272705416249712e-01
4.524127900490491072e+01 8.601576854224823876e-01 5.205420472869894954e-01
4.939400386066638049e+01 7.945404540834287710e-01 3.956459005522289241e-01
4.542432186176858266e+01 5.163858371812817261e-01 7.869350091127517155e-01
5.297375731327305459e+01 7.090013966096748721e-01 4.257877641817837677e-01
4.027647424183631131e+01 8.312078154687801979e-01 8.531853248085341512e-01
4.753022248634531621e+01 7.578754387661260639e-01 4.062869791784037288e-01
3.709162496779708817e+01 8.241478769764892798e-01 8.129306833653593412e-01
4.438747179409590871e+01 8.772693579208482584e-01 5.427987049514457762e-01
3.796281039159568849e+01 8.118017779184322213e-01 5.538327481955576115e-01
4.292749143711487392e+01 7.483885723365527598e-01 7.193860281382575828e-01
5.205234032584802151e+01 8.083526914782167561e-01 2.852184470710463771e-01
6.787627014804881753e+01 3.850033595103097284e-01 4.571701094398338272e-01
3.300321857597294439e+01 7.968298348886796445e-01 7.464932963224104601e-01
3.710694696081787924e+01 6.460305835407381680e-01 7.550418542588875903e-01
4.590215816897701018e+01 7.541600753840446147e-01 4.858637528310364995e-01
4.086281353982557363e+01 7.015130302695774533e-01 8.820517565450112230e-01
4.448165790808612030e+01 5.920885969482120315e-01 6.157427888256592485e-01
4.027007961234316014e+01 9.719231988911968267e-01 5.862548476417861476e-01
3.336869974981418352e+01 8.876290659518474291e-01 6.790684809440914460e-01
5.113023795060722421e+01 6.434487089810746463e-01 5.661950581446291153e-01
3.451236441396904553e+01 9.064902221499924195e-01 8.360250616255224809e-01
3.356448097107861628e+01 9.905726576625951685e-01 7.281314151701002713e-01
4.542040441016212071e+01 6.885414479008644673e-01 7.235606335219016971e-01
4.509816205600480288e+01 6.212869688926925260e-01 5.271978692716918768e-01
4.006693032497648232e+01 8.476328643589752243e-01 5.820592065792906666e-01
3.622477944803405592e+01 8.629841968554208265e-01 8.961284801894822127e-01
3.573827367423151458e+01 8.771644219937696496e-01 8.555863555271744358e-01
4.429084536612596423e+01 9.658444954552716233e-01 3.425912174049172698e-01
4.116895897927953030e+01 8.546100703034387180e-01 6.217595162803029041e-01
4.182344003108492103e+01 8.270143231029806197e-01 3.763939302270429277e-01
4.146244962728611938e+01 7.048825241645757522e-01 4.780409635920307432e-01
4.004315505294784572e+01 6.484717323504139985e-01 6.662265975739646295e-01
4.659656456440853844e+01 6.562237443267054937e-01 6.802481842149041835e-01
4.694098570602517384e+01 7.142796606590189334e-01 5.257831492619656766e-01
4.073497770983071575e+01 8.225490007221365474e-01 4.744582267318886992e-01
4.675006056174703417e+01 4.916427128145048897e-01 9.980832939590373876e-01
4.756875730506370559e+01 5.765314688736516979e-01 6.875433067379034258e-01
4.570431604923765434e+01 6.256323063199542567e-01 6.541978424652757917e-01
4.493715208500561431e+01 7.563428874596608287e-01 5.834813667184602926e-01
4.302267576190273246e+01 8.970456254764597182e-01 5.618162006441477230e-01
4.132837473085508861e+01 7.761283015991825573e-01 6.171899194018258816e-01
4.250607300338978689e+01 7.186397422585105721e-01 4.664675091257899919e-01
4.385526425512976800e+01 6.784387003631264790e-01 5.252425480978800687e-01
4.862972144617660319e+01 5.163858371812817261e-01 6.691502354139398090e-01
5.162217484628627062e+01 5.013290618376258223e-01 6.504379417119671158e-01
3.704719248975531798e+01 8.181273425879650452e-01 6.069931349443857815e-01
4.959385371319647362e+01 6.729463655964638136e-01 3.137402545239846297e-01
4.480502414982851178e+01 9.303380507945028244e-01 3.275679040165782596e-01
4.578757779765885516e+01 6.759851976321320510e-01 5.423467760640280355e-01
3.625177901613832177e+01 8.862290170124053068e-01 7.113665227955137116e-01
4.553286118326971632e+01 9.522557943448447526e-01 3.579124481357709997e-01
4.347040257946005681e+01 9.145216752461700072e-01 3.934274680175363081e-01
4.784943615438378117e+01 7.319639056995731474e-01 3.288742587236215820e-01
4.375109656714022321e+01 9.401748397044024097e-01 4.461027485998740882e-01
4.618210002761678368e+01 7.361182737707789858e-01 4.529757408145898556e-01
4.024695856709941211e+01 8.058724409260737964e-01 3.272909035086356555e-01
4.734909568143205405e+01 7.847577175968234453e-01 5.281733887132091798e-01
4.090487921883934064e+01 9.233844279690136547e-01 6.077741642544828293e-01
4.899082256496483723e+01 5.482324910218207004e-01 5.022221744166142088e-01
4.571380147190883747e+01 7.424401047464862513e-01 7.608199582671654193e-01
3.812566317533858040e+01 7.710477551096146520e-01 5.407136586674825551e-01
3.939622269752408812e+01 8.668385471710269297e-01 7.438529203033883430e-01
4.034542615604635785e+01 6.199049457123125828e-01 5.998672253540350274e-01
4.379683957862604871e+01 8.046587253284499530e-01 4.599653448785662180e-01
5.110550232471752707e+01 5.830310107635848782e-01 6.765373414314362899e-01
4.358890308561965554e+01 9.336141818810493875e-01 4.213285174510206232e-01
3.492601971850572085e+01 9.750644348531736227e-01 7.671442522635273376e-01
3.393824306574341421e+01 9.846547675098228369e-01 6.074245474146208190e-01
4.510156011889927186e+01 7.846444098338255513e-01 7.789674412255818137e-01
3.780671985516607947e+01 6.811952571727643013e-01 6.611832563257453721e-01
4.228757913753247522e+01 7.623364810232825528e-01 6.148843795929050948e-01
5.443216755442402643e+01 7.275871666262816451e-01 1.958032708309764280e-01
4.097092905464880630e+01 8.481181509281482400e-01 5.678452376395745071e-01
5.571736401575933684e+01 6.741090953465601610e-01 3.130932392872444181e-01
4.077337643482155727e+01 9.515361570424739623e-01 5.075475561426610049e-01
4.106522037140116765e+01 8.279140091373393684e-01 5.996029829112220488e-01
4.751853116210764227e+01 6.867078573448550660e-01 5.027414411525924498e-01
5.360925551716528048e+01 8.616923946114598554e-01 2.278516156398328885e-01
3.847506120150594455e+01 7.337807677948339213e-01 5.005846175948435173e-01
4.079808574213970473e+01 7.679494131833981552e-01 5.103884135512931630e-01
4.302364283855529692e+01 8.298175998205430393e-01 5.384758154575325362e-01
4.113107420852239926e+01 7.438972257613073458e-01 5.760088509083632902e-01
4.878124116144507383e+01 6.083335905538264088e-01 5.892895948140600693e-01
4.841350650064101302e+01 6.952533499276619677e-01 4.707019000794182562e-01
4.898306081870971695e+01 9.483376720441896168e-01 1.718634572969513774e-01
4.168826727081077621e+01 8.477361774697306229e-01 6.524176587265547722e-01
5.740168832199426419e+01 5.529014642014665748e-01 4.178744977578455200e-01
3.971323771830153504e+01 8.802842287541301491e-01 5.562361708805851901e-01
3.633783717476096342e+01 8.470271907433909453e-01 7.361703641464735215e-01
4.880560210073790728e+01 7.380582269776894133e-01 3.650785797598570803e-01
4.179079185424739507e+01 8.222255539008500591e-01 6.262051993899431235e-01
4.906757982714859168e+01 7.328910625444516880e-01 4.727970332870513603e-01
4.116607261045314914e+01 6.481294742514533969e-01 9.220951133411751099e-01
3.464925467374102652e+01 7.596854260978141982e-01 6.198351314764416475e-01
5.037676745835252490e+01 7.101196201911078587e-01 6.040331898390249865e-01
5.023046156987573596e+01 6.791577234352458303e-01 6.346293152369117951e-01
3.918308656117072530e+01 7.156898328901278861e-01 6.972667504428718965e-01
4.164906565243087755e+01 9.197796433813774097e-01 3.736679587831470140e-01
5.195443080902411026e+01 6.413142079214821933e-01 5.547421219360144651e-01
5.069082939704147606e+01 5.608261913813260557e-01 4.826312351556509284e-01
5.507711538506421789e+01 6.135864675323615680e-01 5.495476007289895604e-01
4.221611364943441203e+01 7.900602929151715470e-01 7.293457329172715609e-01
4.633979727656036118e+01 5.365102391764022816e-01 9.458151157171595935e-01
4.140605381900063264e+01 7.174190834964087049e-01 6.156575386882555678e-01
5.442316151787198919e+01 5.884976258129513971e-01 6.744425251751388073e-01
4.132470177139820322e+01 8.045793303796208162e-01 6.259209170265388478e-01
5.220232753565675665e+01 6.443902088667217143e-01 5.176007228008614458e-01
3.987241147178280443e+01 8.529989588188151561e-01 4.633234069951068790e-01
4.599652029244936102e+01 9.084804532707404512e-01 4.381743570906412866e-01
4.661202077473069494e+01 8.010869348554457980e-01 5.864526096686315526e-01
4.728773278542526981e+01 7.948628550253553637e-01 4.681212633944986656e-01
5.924958168812587189e+01 6.671225981051471798e-01 3.218331635191207796e-01
5.824316443441436775e+01 4.372331429934137037e-01 4.958086300084801334e-01
4.772564880546802613e+01 9.504762477061251547e-01 3.598788413446177281e-01
4.035888803561518756e+01 8.818842345740773858e-01 6.025897676596906338e-01
3.822453826024373313e+01 8.810201684428902169e-01 6.477176407257509982e-01
4.406013628041796437e+01 8.919634807279506195e-01 5.600666226388698599e-01
4.049811912845695616e+01 9.262011269780131562e-01 4.657861964332109528e-01
3.632089943203926197e+01 7.827693479945914135e-01 8.228562627938953433e-01
3.370268336987656710e+01 9.231333846165233892e-01 7.837501050059616503e-01
3.892478605380517820e+01 7.439633782490290281e-01 4.869738248527072377e-01
5.721953571053851562e+01 4.662734173629288770e-01 5.008482144007202486e-01
4.031532241654439730e+01 7.322283746969501239e-01 8.266437321056689935e-01
4.968714173143089141e+01 5.807598045604162040e-01 3.396706809941724137e-01
3.996230542903411020e+01 7.924027489643501454e-01 6.656399645962279843e-01
4.717106123778119553e+01 5.451085754334783484e-01 6.634478203588295431e-01
4.208570660599333735e+01 6.664827222181249899e-01 8.209809025538913341e-01
4.786696070325824337e+01 7.558532089196691173e-01 5.487079587017509308e-01
4.355392899072714386e+01 7.729142168997522599e-01 5.338415281483119834e-01
6.110810287347856473e+01 7.112636377612832073e-01 2.093885839168266316e-01
4.598799789987459974e+01 8.853791187137274310e-01 3.577067028649717484e-01
5.061527731934128838e+01 5.202091978229497204e-01 5.135363680152408294e-01
4.104837607756343232e+01 7.608339139737686496e-01 6.133229941877635927e-01
4.495248430178747867e+01 5.699862796062307169e-01 4.638457923310683739e-01
3.621035637240828464e+01 8.610759442575685041e-01 7.959295769194024706e-01
4.482053404977892086e+01 4.930874237199179277e-01 5.343724580260601487e-01
5.036718757973316940e+01 3.655918752710196062e-01 4.836918357154754156e-01
4.404975936578508566e+01 8.170000773360355240e-01 5.698781785789562848e-01
4.202100239720856223e+01 7.633265704449218036e-01 6.736847287743898960e-01
4.093350259652083878e+01 9.340948784749175671e-01 5.420004640737698942e-01
3.709487703015552285e+01 9.182519762580714229e-01 5.171046383103228283e-01
4.982705718126562289e+01 7.401945852696584227e-01 4.173546662224566495e-01
3.594881986952166386e+01 9.036305137747280281e-01 6.474643733774408938e-01
4.397350763737221513e+01 9.958523345231682367e-01 4.949004191817591991e-01
4.505190308575986080e+01 9.715294532808366190e-01 4.027971444335288198e-01
3.241868067237460593e+01 7.950475921520835376e-01 8.228018467869240293e-01
3.422938997803943550e+01 9.951738790809572244e-01 7.575815998648377514e-01
5.534906775851204941e+01 5.405372764944625930e-01 3.730290875280859453e-01
3.608086973570352995e+01 7.248079974145307247e-01 7.216734644988390679e-01
3.110314051035194893e+01 9.901142269124115769e-01 5.806336335598445419e-01
3.778682343126448728e+01 8.428673559862925879e-01 8.602588843665530671e-01
4.105940271367397543e+01 9.294929838129754041e-01 4.158006974767899933e-01
4.480735821582254630e+01 7.494145371009361956e-01 4.438563569934932396e-01
3.085392393679415335e+01 7.642896015639827345e-01 7.492401974725227953e-01
4.324627683494042429e+01 8.496205086271906293e-01 4.109907364487706549e-01
3.727626210062560830e+01 7.785887077189354022e-01 6.796251950098081140e-01
4.392555773459585566e+01 7.619594466786508979e-01 5.849496418611732640e-01
4.114996657280273951e+01 5.703310225506218467e-01 5.835997554143720345e-01
3.440767839746961698e+01 7.414653375669153501e-01 6.783218365656079607e-01
3.879490994198511089e+01 9.775017244545327610e-01 5.603872799427990214e-01
4.047838834424710797e+01 7.949800052503958048e-01 7.589247969680817940e-01
3.099181187778826541e+01 9.388415325747884177e-01 8.716856964911239292e-01
4.233873593386643819e+01 9.465719790621219820e-01 6.421742044590756926e-01
4.079975062716600576e+01 7.831973188248211315e-01 4.629319807719114999e-01
3.258657827169923848e+01 9.191571884040348195e-01 8.592964101609741334e-01
3.830017838320355850e+01 7.488897921811421554e-01 6.369145170220497087e-01
3.824636158637621008e+01 9.201625088936383756e-01 8.352234588767442069e-01
3.960592216265196441e+01 7.637277866562065531e-01 5.335041752234055412e-01
4.286394117747229870e+01 8.822791849207165527e-01 6.183019128548222776e-01
3.578019406000950653e+01 9.958421897285719693e-01 4.181077362213312387e-01
3.545858586470930618e+01 8.976402245894206100e-01 5.714203948402951649e-01
5.108214663174272374e+01 5.479486728037048504e-01 4.365441712741214286e-01
4.358517264211386788e+01 8.090616165622741551e-01 4.474093636844743704e-01
4.165638522239773067e+01 7.402407705301745633e-01 6.977396051632075435e-01
4.170290583518459471e+01 5.377074307328304492e-01 7.901437922585843321e-01
4.122200928403638187e+01 7.581340760796809741e-01 4.462405893224434261e-01
4.016094821771915946e+01 8.846786694430013309e-01 4.574678536642446391e-01
3.859732899930884287e+01 9.511186644906207688e-01 5.942299012737868313e-01
3.486911600083483620e+01 8.721969935576570077e-01 9.643222098994455038e-01
4.899486322371785718e+01 5.256994728619590607e-01 5.307358172947043151e-01
4.253536746060409257e+01 6.582134322133954552e-01 6.531444818274372288e-01
3.631380043226787535e+01 9.649965505962907475e-01 7.688272842663890216e-01
4.268319979087897309e+01 8.252939619164781915e-01 7.289326798730221268e-01
4.630661709828218164e+01 5.856562948872183760e-01 6.564531552196994912e-01
5.057356407899996498e+01 5.666411993732951569e-01 5.691078618869048755e-01
4.098749168948106103e+01 7.374603329926757711e-01 5.722611056128258378e-01
5.258160170297973224e+01 8.331634609952861537e-01 3.574171514055505261e-01
4.756464226590277633e+01 5.513691389232692197e-01 8.498922688855412577e-01
4.424350489781542706e+01 9.452425209382375737e-01 5.283398129549806699e-01
3.960593525295134043e+01 8.912645898999315142e-01 4.151938501647496338e-01
3.565559335767966331e+01 9.581903919470200481e-01 6.814852132333610868e-01
4.827428774077900897e+01 9.289626366660351797e-01 4.741781874056419377e-01
4.976972257903909735e+01 5.602035479298486109e-01 5.929087182291993274e-01
5.617333910438579636e+01 5.338595254575148052e-01 2.132746261238160912e-01
5.187390798718018203e+01 5.591517386154560842e-01 4.887345487655430643e-01
4.332677213846721287e+01 7.968608628294994167e-01 4.666916749974198142e-01
4.420221761742102018e+01 6.572358615267409609e-01 5.400145890682953587e-01
3.310201601430497220e+01 9.078701162108452349e-01 7.574910837714277090e-01
5.575259940935114855e+01 5.628135152821975851e-01 4.775019258776238007e-01
3.946304294370491306e+01 7.412150362483954646e-01 5.766788964743362333e-01
4.117717009772024284e+01 5.735423152306914352e-01 9.597945125536403443e-01
4.692237777244824315e+01 8.004268772746248040e-01 5.510459285107673910e-01
4.177752521578310052e+01 9.235453912375880536e-01 5.522814878345211342e-01
4.410926799840078161e+01 7.684899546184027486e-01 5.238173982492048131e-01
3.780893576551702040e+01 9.122162040049366372e-01 8.666802588071969016e-01
3.505932883753387586e+01 9.890546430771104403e-01 5.548284524386348782e-01
4.102344565153568112e+01 7.971583604664616018e-01 5.112000470803763630e-01
3.478305985896025732e+01 9.387579085418154001e-01 7.273814104805450542e-01
5.825136835154705039e+01 5.682090619967538059e-01 5.162785785040573394e-01
4.426625067540855696e+01 7.019991890546322111e-01 7.414577883557900151e-01
4.524979035537592154e+01 7.515970054062222072e-01 5.722697153125617664e-01
4.385420500080599027e+01 8.857484296602180507e-01 5.696242811546783358e-01
4.565829161922110302e+01 4.790517221256389013e-01 8.606044156990999561e-01
3.908658454087078127e+01 8.891527539492841692e-01 6.535150809203998934e-01
4.435814380425417625e+01 8.423850241679250450e-01 4.838799227141537540e-01
4.039970588378776739e+01 6.042903182074633728e-01 6.700953020322845122e-01
3.076566870574938406e+01 8.903256380534245729e-01 7.661424986301619278e-01
4.244566697420847845e+01 9.957144281270532415e-01 4.550865471740349610e-01
4.038020621542640498e+01 7.556007243830581421e-01 5.346621725850839724e-01
4.242658136375047917e+01 8.575450150608125988e-01 5.279067489370209421e-01
4.793187371138981234e+01 5.607534901482941203e-01 8.327855599587147273e-01
