# m1 q z
3.676152934025674313e+01 9.539875946324339884e-01 2.787621043126508047e-01
3.840017815513122201e+01 6.367335802289627589e-01 4.361402602689091745e-01
4.681835457596129402e+01 6.423528590961131712e-01 4.374903580727589891e-01
3.512928928367525572e+01 7.957813142402654361e-01 4.717237914270032140e-01
4.403294248039097170e+01 8.288934809872398057e-01 2.280820996099464926e-01
3.173542914535684289e+01 8.373740783286789391e-01 7.616789961469673242e-01
5.502372098509276555e+01 2.828185344043938620e-01 3.725034462431519033e-01
4.312500808971367405e+01 3.802169583915893103e-01 4.420062998969600532e-01
3.314396310612860930e+01 7.281370983403023800e-01 5.644772637229974466e-01
3.887094361034877465e+01 8.966832664278575615e-01 4.364108643137470933e-01
3.484616119327855444e+01 7.208808780063431509e-01 8.236779196077690379e-01
3.519586758944060279e+01 7.856271423299908685e-01 4.911482766422488599e-01
4.699491515538788633e+01 6.237650982939788591e-01 1.804614129564712233e-01
2.975577185587328088e+01 8.577779771899530781e-01 6.528295599586537712e-01
3.162338827986116740e+01 8.204662489654850344e-01 6.042782947033524810e-01
3.727318641090778328e+01 8.718851164955132571e-01 4.434419683850761018e-01
3.881108466656071698e+01 9.163118350533085987e-01 2.896047577333953349e-01
2.825170103256507659e+01 9.357483312252764529e-01 5.617195109096899674e-01
4.471911471450081876e+01 6.544075939275822984e-01 4.409382429333423281e-01
3.081821074596611965e+01 8.949422903517626482e-01 8.368615709492269739e-01
2.905768000510157378e+01 8.428506850592691890e-01 4.824628439261818835e-01
3.622902919192071636e+01 6.543816532513986317e-01 6.838533643567813458e-01
3.592930970027452986e+01 8.344638497306265945e-01 5.160270076962168995e-01
4.767572484141683731e+01 3.360117292895785091e-01 4.664702653428257073e-01
3.315553030677732238e+01 8.964910347278057801e-01 6.528485998531832202e-01
3.197243960556760811e+01 6.991067912609608692e-01 6.375666874940744133e-01
4.694991079811772750e+01 7.303839103874736338e-01 5.099988048933100648e-01
3.137335083499530697e+01 7.847568047458020057e-01 7.790270567473432939e-01
3.648751026351531124e+01 6.380069079214708561e-01 9.502892148897389424e-01
3.625813181053074175e+01 9.754089199438416014e-01 4.478201293374730052e-01
2.981637471140114926e+01 8.373776624390069090e-01 6.500060472673978573e-01
3.240854757792125440e+01 9.705065829375235653e-01 6.340850738943526466e-01
3.520641186131989997e+01 6.526131842779879788e-01 7.023856681355493681e-01
2.992669335324355018e+01 9.447215658003548233e-01 5.829120753086572959e-01
4.859757758023238239e+01 5.076515721857709496e-01 6.559205356540689369e-01
2.953795263706350838e+01 8.943532027804615980e-01 6.401463690404695095e-01
3.407968514089055390e+01 7.452725027276666525e-01 5.277843125689614112e-01
3.311114690920965131e+01 6.604065151741757012e-01 7.083329114449149477e-01
4.786283930844056300e+01 7.414501508754520742e-01 2.696964544830308119e-01
4.148849154138370920e+01 6.102821588052123047e-01 4.563269752410320512e-01
4.455904594099361304e+01 7.327192500330504954e-01 3.224203086031948162e-01
4.002049356063410812e+01 7.719388939115394699e-01 5.546812454639935552e-01
3.823492313714069724e+01 4.846249040423585841e-01 5.621490904907887609e-01
4.365148796403357068e+01 8.587661596913639395e-01 4.912706732699169687e-01
4.099810886486922357e+01 7.737487765973604104e-01 4.911021253601484116e-01
4.442223265791949416e+01 4.759748977968198957e-01 6.791923955175271921e-01
3.506687634055394653e+01 9.221532896847840499e-01 5.866345714861717076e-01
2.907681118123455732e+01 9.129651618471325003e-01 5.828257672950807322e-01
4.182103729003944181e+01 6.689372817267400517e-01 4.616821109774284504e-01
3.369600504726107459e+01 9.111137014427647118e-01 7.620827937041392275e-01
3.835679127099022878e+01 6.529598213965931430e-01 7.564477797101418766e-01
4.523264291025760286e+01 6.517293866489538567e-01 3.689227617733066289e-01
3.113499778321251199e+01 8.202170975901567074e-01 7.229410318284535952e-01
4.288962351280879659e+01 5.118411119668290210e-01 6.093048889220470388e-01
4.547700551705164429e+01 6.193449829809096752e-01 3.178194576564722929e-01
3.090270202012759526e+01 8.949522415097383998e-01 7.272897962881956779e-01
2.918014645984807132e+01 9.737630115658391095e-01 5.729356978583337590e-01
3.210362074955997258e+01 7.807868479687110064e-01 6.248507927241514492e-01
2.993184821288846109e+01 9.909720991575753368e-01 5.708911209647393736e-01
3.635106602671688591e+01 9.094156724472143294e-01 6.002616750673548385e-01
3.414221963323195297e+01 7.740130410756853596e-01 4.846667705411123461e-01
4.486856685494793595e+01 8.062528933456505342e-01 2.876759209450326926e-01
3.083355183829351986e+01 8.291036198194885465e-01 5.010102546328186746e-01
4.219690183552296503e+01 3.402549310968585039e-01 4.169600163635860390e-01
5.159069621988808763e+01 5.625998202187690866e-01 2.604527950437145467e-01
2.728807303795982975e+01 9.253709479399595539e-01 5.275890346373651729e-01
3.696196526541784522e+01 9.317710627140658453e-01 2.757586671140013768e-01
3.677783228774323021e+01 6.894645672062453823e-01 6.559309494589551370e-01
4.151050264271974299e+01 5.470463561593866819e-01 5.975403537732479897e-01
3.763670972805343240e+01 6.567806844719645820e-01 6.328846414077338167e-01
3.960975110568497826e+01 8.394535524059728582e-01 4.853990246290807997e-01
4.248592971954762731e+01 3.543697628417084577e-01 6.766318538513869107e-01
3.451223666350617236e+01 8.745513248439733545e-01 5.161123910784770619e-01
3.694587167990292897e+01 4.788037137445878000e-01 5.513228704358487109e-01
3.013586185673714724e+01 8.689635525103133196e-01 5.928611801445607954e-01
3.517378703362334846e+01 8.883918243469677289e-01 7.409119549563497609e-01
3.652480904304692189e+01 6.354355858829101589e-01 6.342416826320461665e-01
3.345361271387687907e+01 8.628287225620352441e-01 5.791759730271796025e-01
3.818043307014517040e+01 8.185897302586175872e-01 4.485662159667180293e-01
3.304976672006151261e+01 9.958476649745083842e-01 4.064702204509134664e-01
4.174343607491248775e+01 6.704602118082251261e-01 3.708874487665441144e-01
2.797929363718759888e+01 9.084562212154142502e-01 4.393043085891017996e-01
3.288174613191689133e+01 9.722549232347720283e-01 5.678606272440699376e-01
3.331024799782382217e+01 8.730839112864838825e-01 8.184381867768895091e-01
2.549155743528677220e+01 9.366013776743075114e-01 9.079555584756036080e-01
3.876790477587547201e+01 6.446954730893877938e-01 2.772178784496497905e-01
2.828601834474514476e+01 8.778373107840589107e-01 8.232125978638286101e-01
2.999279673717769512e+01 9.528101375396125228e-01 5.912048476993598811e-01
3.440126084436675313e+01 8.847329682619236024e-01 7.697606356928761162e-01
3.549557244443104054e+01 6.822550464361555322e-01 6.448328217048562294e-01
4.071857863830349089e+01 6.014895620172561186e-01 5.683266875214811886e-01
3.216956050669826794e+01 9.228152185611446789e-01 6.298414276315710270e-01
4.134908309466356968e+01 9.372477120415012575e-01 2.732269121211032825e-01
3.877696693176646647e+01 6.580843038114296828e-01 6.650696968277681753e-01
4.081654982214761418e+01 8.551670025409013887e-01 6.316365950678684005e-01
3.475031101291259006e+01 8.777880709027574557e-01 5.058074538907278983e-01
3.471711045411086616e+01 8.909646135025703906e-01 6.230449862469430444e-01
3.288127195870122677e+01 8.842817014698963751e-01 6.090230823887005096e-01
3.395668802408270892e+01 7.240532616309844904e-01 3.984829216001070096e-01
2.732799036285668848e+01 8.953536026780147816e-01 8.419209422934220699e-01
2.873915238600963562e+01 9.081031249559744500e-01 6.867188841604409122e-01
3.689275548330356003e+01 8.881820784791559786e-01 3.770383836060533511e-01
3.481019740153940489e+01 7.768517384583261132e-01 6.867090726039889459e-01
3.844149630730180434e+01 8.683884468795433076e-01 4.543389890275186804e-01
2.829115637457969257e+01 7.970532674489954061e-01 5.384795383670023528e-01
3.795254124208321400e+01 6.044909613549815930e-01 6.549997321512995851e-01
3.037928848712213892e+01 8.765477498978396786e-01 8.245450831662521907e-01
3.613392271140729406e+01 5.775755740006309757e-01 3.042928276728397718e-01
3.065075245229702361e+01 8.682552583349333331e-01 3.636906157454346533e-01
3.216561785425565034e+01 9.808028076615452617e-01 6.804727760987965279e-01
3.271769389956868679e+01 8.899881696786294816e-01 8.765705250137298954e-01
3.561044699103645428e+01 7.301614893331576095e-01 4.482888249834189320e-01
3.119655415760072970e+01 9.789574920609258601e-01 4.419146468790041693e-01
3.811005492881037071e+01 8.799905581395034426e-01 1.539565752852777580e-01
4.776227276561023416e+01 7.440471565656040509e-01 2.924455944214170433e-01
3.880180720504405656e+01 8.026094511284002087e-01 4.872469877971877250e-01
3.766296182615293020e+01 9.749268562507208413e-01 5.074029531442056928e-01
3.151805307116971377e+01 8.942849755817270374e-01 6.931974334709287699e-01
3.185396811294107522e+01 8.586148538593062485e-01 5.429907414308924318e-01
3.375070553875284673e+01 5.941897774210407324e-01 6.376427956243962969e-01
2.921752675851699976e+01 9.543742981509287793e-01 6.645385558021392747e-01
3.072851376894530873e+01 8.271304701624505595e-01 8.192336703359314187e-01
3.482437314492104719e+01 6.036390572781711317e-01 8.072466172598395939e-01
4.616722263990939723e+01 5.761127843159424833e-01 2.441636743904782303e-01
4.874937292059771465e+01 3.717244551459045754e-01 1.958520677122916609e-01
4.726089609578461648e+01 7.063794631665757384e-01 3.448878033582762903e-01
3.146815550047015719e+01 8.461659941739581026e-01 8.484942185756827460e-01
3.463124799040455315e+01 9.409043943047582514e-01 7.075214800272997540e-01
3.183378395663426730e+01 9.452671571755066893e-01 5.490630613569505991e-01
4.026648876422942180e+01 4.684342925359228360e-01 4.664965915010925723e-01
3.107344046030066309e+01 9.594068776530725318e-01 7.333433043213836156e-01
3.743100900160614231e+01 6.439979330850654771e-01 4.704197515000508867e-01
3.356729456465994588e+01 7.082418102099317103e-01 7.594996289048301374e-01
3.575298888074200221e+01 8.346762339864403080e-01 5.084633836442338239e-01
3.292489977505649534e+01 8.434940729304261087e-01 6.158271390537757295e-01
3.238028401099841602e+01 8.227660924234986295e-01 6.412661072206125024e-01
3.735114204581373087e+01 8.607762127360563120e-01 5.351573919464750473e-01
3.343793971319634295e+01 6.077827949868926938e-01 7.284414310064736275e-01
2.874524542013753248e+01 9.606292037804630146e-01 7.835989901579926142e-01
3.346165712462731534e+01 7.964617172100081355e-01 4.853894945552389428e-01
3.655626751457891288e+01 7.033761810868290887e-01 6.233852855201019727e-01
3.936286365634742168e+01 7.552869946361964182e-01 6.949935637849472547e-01
3.315793186788598490e+01 8.613162503113976909e-01 7.456346537572419164e-01
3.468079904084617482e+01 8.772707486186719361e-01 3.344178048692577621e-01
3.234575485272083739e+01 8.783385958296143770e-01 6.133684508180891060e-01
4.081320424560400539e+01 6.182146450056561493e-01 4.144034777341877862e-01
3.583197437098242943e+01 9.690717131345770730e-01 2.224885554003381283e-01
2.853963004652942814e+01 8.487689017958731652e-01 6.451338420611013591e-01
3.525469523550545858e+01 6.474658747482912036e-01 4.792040417009038600e-01
3.951536798096362446e+01 8.135242133088208538e-01 4.143773126419256769e-01
3.722631523148170629e+01 9.646581777077996023e-01 7.528092025188694025e-01
3.529935249300290678e+01 6.958660505318934320e-01 3.170713133988123933e-01
3.028517687240378820e+01 8.925600565122023822e-01 6.517699348785157554e-01
3.813778245559483082e+01 5.903130573010269000e-01 7.045604805219203293e-01
3.774287932647025912e+01 7.815326997357198158e-01 5.259767512213223695e-01
3.168125320644690035e+01 9.979520009843998452e-01 3.565134933790548577e-01
3.526227425656554004e+01 6.484826929018537855e-01 6.248128715756507967e-01
3.724130769582853162e+01 6.767774047203914956e-01 5.393434960851311022e-01
3.737100139452947190e+01 8.655028520259919755e-01 4.734539624277929737e-01
3.452431566105763494e+01 7.639227203986572734e-01 5.654224229079718445e-01
2.983609543501556871e+01 8.946281742577947282e-01 7.024126952119629230e-01
3.447414705201298801e+01 6.938844478732746346e-01 7.105045777378363736e-01
3.257472879286186895e+01 8.710845930262990366e-01 8.102395527996880675e-01
3.528671644927975137e+01 8.618984248349521593e-01 4.773905571945909476e-01
2.817377462007828726e+01 8.106691676774733235e-01 8.394342508424963434e-01
3.772705755771983149e+01 5.235897330652500292e-01 6.001908697699691597e-01
3.204911660204014368e+01 9.540376389054271433e-01 5.907156026646045444e-01
3.293875272208254756e+01 7.774744097215998684e-01 6.451453407732321566e-01
3.247327150956472508e+01 9.300397798509006941e-01 5.658203545323755579e-01
3.592017694373996051e+01 5.538403413569724654e-01 4.488213724553293815e-01
3.763218183421969343e+01 7.554205968630226531e-01 6.421117588525281361e-01
3.938867820648383145e+01 5.664109894028103165e-01 4.781289912436224587e-01
3.661354757153000605e+01 7.271059570053697296e-01 2.411128491820631603e-01
3.017057877772925423e+01 9.386130099398075632e-01 6.202417587487646378e-01
3.468605472974456205e+01 6.507513432973991430e-01 6.483308079620890840e-01
3.162378170959536305e+01 7.332748564485770393e-01 6.859508867135828414e-01
2.819585082715012447e+01 9.735882087647687033e-01 7.268093799487083118e-01
3.408469347004224659e+01 9.241910753066849837e-01 4.351293564550326454e-01
3.546328166570930307e+01 8.596057913277360685e-01 4.916186086708414504e-01
3.888668929127456408e+01 7.268496988309463003e-01 4.331207513800389708e-01
3.376642720835244660e+01 7.142020618541132793e-01 6.333797249146897457e-01
3.505707603663844196e+01 6.281698563781294986e-01 5.636076964742793294e-01
3.588598236692173060e+01 5.126629214751575736e-01 7.028505873519346192e-01
4.425381733290353026e+01 7.816312733124685108e-01 2.515925684694084730e-01
3.703137769374489352e+01 6.674646379872729574e-01 4.951196334103530328e-01
3.601232790933908490e+01 8.589714073815808426e-01 5.140257505724317166e-01
3.268808428254246223e+01 8.322613149442792402e-01 5.384251483057447274e-01
2.944409771303553569e+01 7.426839995688828688e-01 6.160786483461588858e-01
3.181975422368351047e+01 9.118107190188846634e-01 4.209788211283727044e-01
3.763828391371354343e+01 6.093735766417577304e-01 5.549734453207378904e-01
3.524051086487745721e+01 9.846275303815731350e-01 4.207715625639333323e-01
4.195895506958638776e+01 7.204603424459222749e-01 7.538584015710051434e-01
3.398622299632797450e+01 7.198036310939032179e-01 6.905278858362776662e-01
3.562582190036993524e+01 7.793495440003721519e-01 4.283886579412624074e-01
4.257803039900468889e+01 6.817507847983249603e-01 5.502046092710205505e-01
3.752971433618212416e+01 6.051120489075714204e-01 5.531791123894111983e-01
3.691117694822425932e+01 6.850712915016334836e-01 6.453252607168019628e-01
3.094898019285194835e+01 8.369779077300824044e-01 6.222747096277363443e-01
3.359870270069453113e+01 9.589665664981832371e-01 5.182512647885230139e-01
3.338452146555107447e+01 9.787826864212063604e-01 3.295716471618803101e-01
3.687723894885496634e+01 5.407773745106609908e-01 5.728755965288470087e-01
3.474234220976733667e+01 7.841850355816682994e-01 7.290621270850216051e-01
3.138214739169717760e+01 9.067695695650968002e-01 4.139169057784855554e-01
4.374138849554002917e+01 8.200050760069451661e-01 5.028996263788765297e-01
2.975251475543378632e+01 8.265834015831647896e-01 6.892692613827658965e-01
3.360398909958210822e+01 9.953949756787440206e-01 2.404138066849446920e-01
5.326197715636854468e+01 3.482960441806053353e-01 3.634737722006280980e-01
3.775546750822237385e+01 7.355715643409969084e-01 9.550928426386057213e-01
3.058780559132887333e+01 9.196549180549756786e-01 6.177552662007153028e-01
3.041653821710871597e+01 9.336705539612898397e-01 7.041480388489453901e-01
3.413457178874298137e+01 9.943090925284224779e-01 6.282993632314999299e-01
3.778158698739700583e+01 6.761811319733649350e-01 4.417766044617478793e-01
2.836466616966843901e+01 8.383391755169099513e-01 6.142906406728907420e-01
4.233151536689875627e+01 4.110717381485221034e-01 3.467947767523171798e-01
4.163495795712529457e+01 8.998720627860822274e-01 1.756818496717658939e-01
3.777618129489590615e+01 6.784534864386805308e-01 2.498944187737491829e-01
3.497009000453917338e+01 8.206178967487987030e-01 7.679491226904874290e-01
3.173085472499166926e+01 8.110610604893410125e-01 6.810540712046710965e-01
2.972082781452214562e+01 9.874413233078266350e-01 6.498518222792815102e-01
3.273431756948009763e+01 6.354328008051434162e-01 3.305227176485834306e-01
4.333675238853235356e+01 6.775850949465866968e-01 3.158433801548983788e-01
3.400068671020558497e+01 5.998994737346325934e-01 5.464369279070080410e-01
3.598496421826734348e+01 5.445465411662966382e-01 3.890408190541846944e-01
3.439648809780050698e+01 6.500834312739768306e-01 5.956350157872967177e-01
2.979453597093510098e+01 7.522151586286224267e-01 7.704031562059698857e-01
3.213520425974969186e+01 9.586125607578770413e-01 6.325720604561161364e-01
3.293926133819115165e+01 9.616788842643432256e-01 6.747664699836278812e-01
3.870551979074379290e+01 7.972170608097687294e-01 5.579899597686963642e-01
3.075819444518428014e+01 7.489701501165613173e-01 9.107367083052291257e-01
4.211812789884143626e+01 7.900823112176021956e-01 1.988317880313677510e-01
3.510711081568928904e+01 8.695416938194454604e-01 5.481247296255942203e-01
3.503290992937890280e+01 7.047561258041807886e-01 6.478532768927418584e-01
3.753484298570879929e+01 8.802298683119397227e-01 1.913470697048354208e-01
4.917030946551954429e+01 8.217524992872953238e-01 6.550324428237029872e-01
2.940526278732735932e+01 8.807307155468458992e-01 5.329208295563014897e-01
2.742468256998594711e+01 9.860007756749403773e-01 6.898370747795999902e-01
3.107101441562717525e+01 8.904374884333321472e-01 6.104564608367550882e-01
3.782079828109067421e+01 7.795640117819566672e-01 4.735720914543422588e-01
3.104031911223860973e+01 8.879233193390621004e-01 6.700064868983062194e-01
4.110642807104625263e+01 4.699165451007671357e-01 4.457166170462063537e-01
3.515028272810678089e+01 7.735217707968544687e-01 7.218242562689468622e-01
3.616565755685149952e+01 6.814021872404290026e-01 9.462589120892982431e-01
2.967604485586390695e+01 8.463647934304918685e-01 7.359309212136538880e-01
3.411291691593393693e+01 8.033189156713690382e-01 6.064543945824815152e-01
2.913710645789127796e+01 9.090698590647589006e-01 7.258770070391978857e-01
4.169920372883363768e+01 7.265528854491356547e-01 2.924102307549360513e-01
4.352551143373608511e+01 5.946361380631242088e-01 5.284215746788381018e-01
3.338177782895466095e+01 8.437541179453446061e-01 8.883743146449406547e-01
3.165302417500587850e+01 9.148772471906254644e-01 6.667389255984900176e-01
3.633237229363068366e+01 5.591631810549821946e-01 7.715040986600169015e-01
3.650840322139591620e+01 9.155489516006775075e-01 5.456432579160935825e-01
3.189985715712650105e+01 9.427818320147122177e-01 8.291671998860199455e-01
3.531441028476247368e+01 7.858166111332816062e-01 5.485833946495941582e-01
3.286599508331435970e+01 9.109322084063690150e-01 5.756616212110335917e-01
3.801272844316190458e+01 8.272047023744518723e-01 5.163123373727357412e-01
3.847764394555657219e+01 7.791237973737471512e-01 3.694496643849990991e-01
5.248942747993210389e+01 3.064111881330101039e-01 6.238774265628461713e-01
4.433661794848934790e+01 3.748122960359712152e-01 6.001280105157337230e-01
2.997974922301122191e+01 8.095344868115785797e-01 8.425320344009277207e-01
4.081914503479772094e+01 7.000686985761436221e-01 6.496273984543324831e-01
3.927834892322789528e+01 6.167612817850066653e-01 4.118931436173719485e-01
3.240736891527762964e+01 9.791894886426258937e-01 5.869380427596936345e-01
3.797298445823638957e+01 5.773258358252704170e-01 6.391610457560512604e-01
3.628026523671399417e+01 7.601184068011347383e-01 5.394643428010592601e-01
3.560226210129121682e+01 7.912654251130903926e-01 6.354112585296720628e-01
4.593450428097552418e+01 5.055179701386003366e-01 3.917341958665622181e-01
2.982761740439264031e+01 9.170404284780903081e-01 8.194493967060251238e-01
3.985855286671542075e+01 6.254999819911246650e-01 6.043040027825008487e-01
3.313594799660454981e+01 5.760925152124153348e-01 5.357928353469570970e-01
3.035184096831061140e+01 7.823812119395053832e-01 6.894331418954400270e-01
4.637044005648387923e+01 8.061916590078558320e-01 2.324587717129630304e-01
4.198357524493414417e+01 7.711140509476996918e-01 5.981800715624029374e-01
3.130782802628457162e+01 8.593089583992187253e-01 5.929917039142893476e-01
3.391339792450614965e+01 6.345418846242583122e-01 8.291875077337957922e-01
3.179525963594035076e+01 9.371856823413868831e-01 7.247532236487268520e-01
3.246040696637259515e+01 9.800283647120506814e-01 5.078538941138198703e-01
3.703217690270942342e+01 6.724720573539761936e-01 3.642351094553741842e-01
3.892391077211401296e+01 8.881049747413152229e-01 4.338511333107920587e-01
4.387060246645907569e+01 4.972547538702645209e-01 3.575752733180750376e-01
5.110631849048218811e+01 3.415858345086318915e-01 5.060577505698353740e-01
3.196655054870141299e+01 9.339187895680873819e-01 5.254682315481330468e-01
3.673428346163051827e+01 5.810814981948997371e-01 5.025559655721576480e-01
3.961082327541027581e+01 6.610841279081386412e-01 6.404130326579476895e-01
3.352916847113562682e+01 8.294009279852200267e-01 5.680236446685594798e-01
3.932322000185951083e+01 6.092303794740560052e-01 5.468742155694227280e-01
3.250666923688988419e+01 9.157296356933406489e-01 5.649181618581875508e-01
3.384416588549331095e+01 7.379672695282126771e-01 9.834008103504023879e-01
3.327154410860436684e+01 7.560895418352409081e-01 6.685223886863731479e-01
3.001243078683446086e+01 9.015823271466074651e-01 7.129359150485202745e-01
3.941954840824660522e+01 6.309658937197775153e-01 5.831416134110221083e-01
3.301717114199893643e+01 6.584787073848867855e-01 8.297751974042598677e-01
4.022197533844536821e+01 6.014071031376697629e-01 3.767995922145639942e-01
3.480078399355767260e+01 5.141956360937450787e-01 7.273545555474412172e-01
3.155056627233913247e+01 9.141790515749605994e-01 6.339701199498272155e-01
2.849159417207676270e+01 9.855203051572883899e-01 7.967714422538845209e-01
4.008052643335228282e+01 5.039644455500127407e-01 5.007831212215406724e-01
3.342853349625147530e+01 9.176183782676814449e-01 8.501254297951057470e-01
3.548531785313302578e+01 8.181831213830670357e-01 1.622798517990691469e-01
4.571390179763625383e+01 7.352460923290227157e-01 5.024513957309688639e-01
3.476778436848640297e+01 8.543928394487948497e-01 5.017571475113508095e-01
4.463051405358823587e+01 5.178946933890812288e-01 5.904554723784342096e-01
3.748679473464856216e+01 6.540381097920899833e-01 9.076858426811046376e-01
3.762661492133989327e+01 7.680444067839764521e-01 9.500489432524554800e-01
4.089487678397474468e+01 6.790146023047269885e-01 4.892115474947431042e-01
3.013171831342846829e+01 8.914139571654485783e-01 8.163520444949469157e-01
3.584453277733886267e+01 6.441087328136344548e-01 7.821775399450560107e-01
3.365219620748041507e+01 9.305984871864274588e-01 5.306101930405923151e-01
3.868728566538307945e+01 7.931964800129267523e-01 3.206972320355011563e-01
3.375738191050606929e+01 4.749816545932266654e-01 7.271086636798401726e-01
3.158504497766254815e+01 9.613317070275967380e-01 5.988668633178962919e-01
3.019491045681096963e+01 7.395861660707579999e-01 8.394091676031920635e-01
3.876036471220893986e+01 8.758635297833572420e-01 5.696281782378449510e-01
3.022925328012816593e+01 7.425322190479144435e-01 1.005364571289683040e+00
3.197864183914409253e+01 9.393404428206050261e-01 6.132661602789005739e-01
4.305381903384416376e+01 6.379120298007274759e-01 2.575251803440002374e-01
3.930848957580788294e+01 8.010223486102959756e-01 4.215848424719707555e-01
3.805934264717939897e+01 5.151371339186778808e-01 6.826994709529720096e-01
4.306991728076936710e+01 5.153851852759774310e-01 3.917946012858342653e-01
3.196236099810925069e+01 8.477582669210502742e-01 6.270497611276895089e-01
3.035981428501197499e+01 8.415933115571732070e-01 7.057903155521222383e-01
4.046890422748860772e+01 4.435536250177286033e-01 6.680256213425247447e-01
2.765270073623514335e+01 9.672439599464084381e-01 7.101841876262283693e-01
3.691438967539114202e+01 6.077827949868926938e-01 5.656637120649585793e-01
3.435664083177500316e+01 7.105459934986003701e-01 5.758904735549074116e-01
3.365515872109499895e+01 7.322582640631833950e-01 7.329444426258008294e-01
3.283614434087458989e+01 8.116257230643567633e-01 7.300895688461175315e-01
3.388533980136885759e+01 9.292570828578325948e-01 4.741643097289644504e-01
3.338808064140041409e+01 8.690844069189640475e-01 7.028739539424948557e-01
3.796770381813764317e+01 8.853691361008261262e-01 3.002408701076024200e-01
4.257509127153142714e+01 8.907444975301054280e-01 2.317573489680073429e-01
3.244457994605133422e+01 6.382390866214635583e-01 7.481235550252328670e-01
3.321623751565190474e+01 7.338059301067793028e-01 5.773544052899542978e-01
3.648379687477982003e+01 8.725984356643133877e-01 4.656575112744297251e-01
3.466957722848896140e+01 8.025282414402994391e-01 4.884228800127291548e-01
3.121016673969023358e+01 9.441941350301789049e-01 2.836753153637033842e-01
2.881664670169725895e+01 8.970706036215515544e-01 8.114582931766275431e-01
3.281830727014025939e+01 8.382330564073352530e-01 6.712893681808463908e-01
4.512270652663011816e+01 5.020065648395211078e-01 4.234101924356659108e-01
3.112290388745045888e+01 8.104726022407056085e-01 5.996642028568484051e-01
3.887811827086554928e+01 8.442033893638150044e-01 6.486716958796856503e-01
3.643240931649240366e+01 9.794290132578585828e-01 4.837307319465138922e-01
3.230624503422939142e+01 7.228604416070151251e-01 8.519694348904568448e-01
3.486519836642538905e+01 7.721189612663428292e-01 4.591189700163101906e-01
3.962193442040013736e+01 6.544088445090237016e-01 7.386386542165502833e-01
3.701926076695750112e+01 7.544591814024740328e-01 6.473124329547776945e-01
3.262970522858257993e+01 7.666652346346936042e-01 7.315933671520679082e-01
4.492544475460697839e+01 3.570184919727414918e-01 3.050083490369505101e-01
3.758142092374303900e+01 9.976014737646138331e-01 2.304252989588127520e-01
3.455579554589179736e+01 8.225072215459434677e-01 6.980866399355588614e-01
4.406041875959861187e+01 5.593401717210985113e-01 5.936922138862762433e-01
3.469750888101296482e+01 5.464735500192130502e-01 4.640343614409373485e-01
4.012158594953091040e+01 6.888907809886123390e-01 6.496132022750068513e-01
3.942188871366018077e+01 9.351523617910769692e-01 5.035743190276973369e-01
4.282275929543847326e+01 8.067745386453635259e-01 2.598785197273513758e-01
4.512079136979996008e+01 6.016670409652449258e-01 1.561329785481132271e-01
3.642443550315938694e+01 6.173061207420555974e-01 7.996192324301548693e-01
2.830389172069443404e+01 9.776544410144879516e-01 7.030972598634323001e-01
3.173360827999812628e+01 8.920211477688653190e-01 6.382873346775117529e-01
4.014887371054533816e+01 9.187673026008114086e-01 3.781237194476276819e-01
3.692932163253453837e+01 7.483909701764451805e-01 5.840243776917330987e-01
3.033096718410511627e+01 7.088009608440946074e-01 7.288096515042314927e-01
3.530264219930774772e+01 9.891322143726022365e-01 3.458696459114773414e-01
3.694657892900531238e+01 3.763795596462203852e-01 4.333394277261166661e-01
4.066033547497818290e+01 3.845968473069173443e-01 5.756186809652110714e-01
3.573865962983592937e+01 8.435957257202320037e-01 4.471698822363167625e-01
3.638164459308760712e+01 7.687995064504625775e-01 3.956325624810829722e-01
3.524109073030968631e+01 6.744762273122874019e-01 6.339818662244746106e-01
3.359050607489337636e+01 8.869170717393567438e-01 4.568428838657203617e-01
3.722708283718723976e+01 5.832405085463954197e-01 5.406705344730304841e-01
3.848974164892769068e+01 7.553841079617967802e-01 4.982434558737627306e-01
4.403829830508379217e+01 4.722747474897290298e-01 5.421790244823662119e-01
3.635724408623555348e+01 9.936444160115434077e-01 1.587577995191534752e-01
3.077681724161886478e+01 8.040875095969047814e-01 7.394562506539752444e-01
4.113271821846813481e+01 5.604410247468359918e-01 6.977000091113860769e-01
3.420007875019847177e+01 7.307876553028771482e-01 6.605769937424006422e-01
4.690608768993826772e+01 7.038699972935964499e-01 2.986909457942098500e-01
3.374271923326634237e+01 8.235646756306859162e-01 5.809484375265663303e-01
2.858344515019405918e+01 8.542560111024913860e-01 5.195244025169546420e-01
3.557767366308911505e+01 8.756871588132526529e-01 5.153966534451801529e-01
3.884533648463339972e+01 5.582005588091184523e-01 3.517356264863281679e-01
2.953057122750107055e+01 8.715970496963931780e-01 4.514559494747136803e-01
4.368603857192751150e+01 5.634367093239696089e-01 5.272685768699643116e-01
2.513878902946275673e+01 9.595578114666432068e-01 5.060467054249601082e-01
3.402025237506668276e+01 8.707278444146443475e-01 4.499128108098255918e-01
3.594888186534124941e+01 6.635486488827769813e-01 5.210380665072373851e-01
4.265707944881886249e+01 7.986433591105593921e-01 3.168148163900592063e-01
3.141541402136800443e+01 6.879155961012048959e-01 8.664576058578437046e-01
2.930545078168828610e+01 8.816362389944456535e-01 9.661260516099959839e-01
4.486144934921016159e+01 7.307946213943450342e-01 4.108241243690803901e-01
3.588800718086478980e+01 8.295791339341088699e-01 4.896149359628031439e-01
3.903519321127272690e+01 7.038830054770259803e-01 5.212670830924819310e-01
3.323786137761437942e+01 9.277478607098184060e-01 4.117788654591087449e-01
4.827513348879144672e+01 3.360117292895785091e-01 4.482618235501516502e-01
3.224887392059328306e+01 8.914941788442619641e-01 6.542120609465692516e-01
3.565839334999636634e+01 8.221918051604303335e-01 6.374800429373934652e-01
2.692715253869373981e+01 9.665467030153513939e-01 7.224241511592142118e-01
3.679472043408305382e+01 8.601867077537164175e-01 2.265311859948874185e-01
4.644721920337597254e+01 6.371903829554560472e-01 2.509692220030416698e-01
3.667027072934701692e+01 9.939502786433032089e-01 2.625373091219784794e-01
3.608028098297497621e+01 8.182459247044295836e-01 6.238735825572565563e-01
3.551474872046065911e+01 9.041036127768049546e-01 4.629342600852809908e-01
3.317917721650437812e+01 8.759130825601968429e-01 4.331951993099582010e-01
4.415098007639316791e+01 7.585931210340205455e-01 5.228326272032892685e-01
4.058949395388222570e+01 6.050861070843724931e-01 3.152713812545986927e-01
3.704753574927595139e+01 6.529249765848584852e-01 3.877134194198929018e-01
3.230348482828969736e+01 7.398824961846519610e-01 5.772356699818071979e-01
4.421178105854638574e+01 6.793339905918858168e-01 4.446286456204886495e-01
3.832124990677120735e+01 5.947602400274957235e-01 8.763303714018850776e-01
3.393643268228996845e+01 8.457260702316801160e-01 7.605248346331028308e-01
3.637957220688573301e+01 8.499155528007862337e-01 5.103739719853510604e-01
3.219550399455663836e+01 8.987470357426888823e-01 6.219016644037755892e-01
4.613593455188073733e+01 7.467378284506184238e-01 2.804084028638359483e-01
2.712855786036861971e+01 9.512296862466406155e-01 6.202058920861944769e-01
4.174748589062017601e+01 5.235909641008262838e-01 3.641453460371169015e-01
4.032680719285292525e+01 6.609564383074464367e-01 5.562211165699806337e-01
2.755684600162744857e+01 9.084023095710200835e-01 6.186229599613428665e-01
3.523199745141760530e+01 9.588112942980021591e-01 6.570746709294680299e-01
3.117568147672581347e+01 8.464618560970352812e-01 7.281352804396816758e-01
3.291367290733058582e+01 8.315358359762786700e-01 6.287818496283293923e-01
3.399322701504335953e+01 9.615924114619278651e-01 4.813427295606809708e-01
3.071839989272513805e+01 9.962973232006235857e-01 5.853935047569963634e-01
3.207095207744238508e+01 6.757209522022764592e-01 7.270709913825903481e-01
2.999576722604867030e+01 9.431390278426797780e-01 6.983414651554165076e-01
3.332682005064244635e+01 7.582148513529949341e-01 7.028255005738530681e-01
2.596728797718987991e+01 9.619842177758078927e-01 5.900753704257193366e-01
3.998121106439437966e+01 4.431006036320733199e-01 5.029551952488585664e-01
2.971905536765688538e+01 7.758503142225504634e-01 9.355977442530268862e-01
3.050669465855079920e+01 8.347810435516943572e-01 5.718289058709069561e-01
5.113590250167393947e+01 3.771157975318802369e-01 3.376426177481302582e-01
3.550798087180142915e+01 7.190936375687151383e-01 5.641528684564069973e-01
2.563906181528375328e+01 8.811830438919072694e-01 5.531892065321344365e-01
2.892892073793293761e+01 6.865831427894025785e-01 1.125962748793497337e+00
4.418394612559451673e+01 4.142907095941773532e-01 5.373343048314933590e-01
3.304920324526860043e+01 9.331459163139971258e-01 6.046684167318306935e-01
3.231003401001849795e+01 9.431712271538773562e-01 5.413962102910538920e-01
3.688089454421691471e+01 8.210437095247308248e-01 5.452900303891942135e-01
3.225467734383606455e+01 7.008825230867429257e-01 6.250484285073915069e-01
3.515388553122729576e+01 9.388407326506555961e-01 5.655920587815058687e-01
4.047831985322530812e+01 7.928025959852111892e-01 3.838391171094364673e-01
4.027753934314089435e+01 7.760211889907373539e-01 1.283359181198915067e-01
4.370760837286645994e+01 9.090630104714675364e-01 3.620435750639781625e-01
3.632315425162892808e+01 6.219226061463994926e-01 6.223786616921891390e-01
4.068856557498290982e+01 6.176099671158715720e-01 5.635366137331339065e-01
2.986466512489347380e+01 9.793182189442838359e-01 5.123888893375329046e-01
3.069698422297328122e+01 7.405328697005338912e-01 7.041443728382283940e-01
3.254385259203878178e+01 9.937002064870017470e-01 5.273312404812430243e-01
2.972453011446428661e+01 9.047295577631802033e-01 4.423606778470338119e-01
3.011935500640966978e+01 9.338143384705388517e-01 6.457168809239004492e-01
3.607595747164997135e+01 7.161402821229350124e-01 7.085763879574014101e-01
4.712133364879541375e+01 6.574127016802978618e-01 2.629282755216598155e-01
3.931383705942263163e+01 8.617945874609773682e-01 4.527812422187748598e-01
3.701152088197979140e+01 9.553925341575517649e-01 7.069202439776270941e-01
3.772495844592530290e+01 5.541667949329084353e-01 1.656760799650837945e-01
4.130874828907536056e+01 8.293764670601330158e-01 3.814193453853257920e-01
4.279405972708423178e+01 7.741801971231939694e-01 2.939616803233353615e-01
3.917838543116698702e+01 8.037855102723512335e-01 2.847722816576691018e-01
3.306696915655905400e+01 7.695379925483273320e-01 5.169088973472265591e-01
3.901752470140043272e+01 7.896883409609168902e-01 4.222588798410001898e-01
3.235706280583871575e+01 8.746031709025553491e-01 6.982844683759459326e-01
3.427968984410093611e+01 9.180583937450622622e-01 4.763541915880899480e-01
2.823582639824601515e+01 9.775747341913931798e-01 5.813397208521093873e-01
3.580627686053366432e+01 8.152825386561756149e-01 6.962696703919373231e-01
3.521290018515158948e+01 8.497908135775648075e-01 5.888291454003077297e-01
3.158833986554572704e+01 7.864437065126593795e-01 6.155697996316615850e-01
3.664391844774852558e+01 7.160696859370061507e-01 6.936792754964375973e-01
3.237045485956073065e+01 9.216726571822615455e-01 7.068310348403142873e-01
5.628443949189664863e+01 2.372997253046495725e-01 2.920729065587535089e-01
3.349214898419495512e+01 9.804508688647587400e-01 4.554650606704438442e-01
2.924810214909898320e+01 9.273163575903053957e-01 8.935265576853701486e-01
3.935172445639961580e+01 7.050110538290533801e-01 5.872640746524681044e-01
4.179929471726509149e+01 7.474232008299537267e-01 6.589743242251456801e-01
3.576332978438230015e+01 7.560587313377451490e-01 4.780261777839768800e-01
3.853651308982208690e+01 7.166851870826596027e-01 5.311226806826239155e-01
3.873402652803041946e+01 4.432993319792427611e-01 4.960518815225689049e-01
3.842776326400670683e+01 7.135523192520785152e-01 5.760174184354797111e-01
4.006645901561483214e+01 6.402642636838197232e-01 4.706376824182120777e-01
3.437017200426672758e+01 9.921146043630613143e-01 5.633604385775099477e-01
3.654765101819739925e+01 8.904354135917288415e-01 2.848229459446622869e-01
3.454073271439609982e+01 9.462987681957766295e-01 5.113178068421835309e-01
4.409024455091895334e+01 6.350293485781657310e-01 7.101821997804349529e-01
4.080295375374327449e+01 4.928871293455683866e-01 6.431774847624476266e-01
3.209056290855350113e+01 8.065943930086963976e-01 6.395623271568743329e-01
2.748155730274924480e+01 8.731545618504706896e-01 7.553475537809388740e-01
3.446723866232178324e+01 6.520897496087574297e-01 3.912934407043408558e-01
3.561266593223753318e+01 6.807202549771987909e-01 6.143005980662634702e-01
3.474002767888747201e+01 8.811013138150296520e-01 1.654415834559222753e-01
4.010615351641223469e+01 5.044366799052352190e-01 6.748742981694082488e-01
3.450214036499350811e+01 7.931832360140229632e-01 5.690952125074978385e-01
3.503989308891009813e+01 6.504156357148139778e-01 4.680644930600567633e-01
3.319242299074634417e+01 8.660522639738329476e-01 5.684278357448011576e-01
4.027746247021022441e+01 7.681265318665727593e-01 3.928876236462799931e-01
4.057452625782310207e+01 7.991707619243064720e-01 3.597882456944082041e-01
4.086661864353506246e+01 8.649525429025426426e-01 2.579503362053831572e-01
4.101909547870366879e+01 6.041063972368472257e-01 4.773971560388008406e-01
4.057903275123945264e+01 4.326050361237977482e-01 2.702121511365601081e-01
3.114205508141473899e+01 9.369819693593381960e-01 7.121672354722546894e-01
3.309987132292600620e+01 9.915032252394219148e-01 5.195256345061691761e-01
3.905118037716086121e+01 5.707515418460139545e-01 4.255380209384409529e-01
3.991302732877499437e+01 8.017471435085704590e-01 4.919845438081457134e-01
2.893923989255082674e+01 8.610184243766123569e-01 7.096794755799690213e-01
3.311050179323255804e+01 7.733234744571144681e-01 5.152628975819910639e-01
3.078049910497101038e+01 6.958442716751869206e-01 8.354346644190474569e-01
3.068431743869330575e+01 8.871643447157836482e-01 8.389375545099601039e-01
3.509913473034712439e+01 7.037807034006126061e-01 7.411681191967742777e-01
4.769783903797774371e+01 8.350380233141841968e-01 5.703322535720838360e-01
3.426103975116799916e+01 7.583380532297041565e-01 7.284900859709444454e-01
4.168550097790673448e+01 6.157638255920883097e-01 5.819544194523488256e-01
3.260906481257413958e+01 9.349060057826400483e-01 5.671739110269529149e-01
3.026434700881727125e+01 7.529578102559351116e-01 7.506920951067034276e-01
3.062256726265190565e+01 8.347680846734468751e-01 6.874704375549255397e-01
2.982756913092387663e+01 9.576340099045389520e-01 4.447249644279525072e-01
3.061806638827350113e+01 9.049941308971360954e-01 7.160390813534243115e-01
3.437222842116243982e+01 6.831909585987465672e-01 4.359596204334096892e-01
2.691985807120834195e+01 9.809328826115291111e-01 7.126455728437454118e-01
3.090294074941762759e+01 7.794854946463986023e-01 6.169598884483384893e-01
3.804061417235529774e+01 6.111978676299315572e-01 5.820350031957296499e-01
3.523740033045700670e+01 6.205432438435851683e-01 7.460070746614224646e-01
4.607592882734265061e+01 6.978667756710826842e-01 2.097084030471410010e-01
3.821265522457444774e+01 5.448822078241690736e-01 6.957068256433205367e-01
3.980613977249328173e+01 4.639025538868536969e-01 8.558791476908569340e-01
3.276712936265924725e+01 8.238710212469856353e-01 6.239518170923604723e-01
3.403428508979836664e+01 8.420863092661198257e-01 5.568087956827100227e-01
3.509809068383573560e+01 5.688554608355889108e-01 6.618972683901944709e-01
3.881517188696584242e+01 7.681491184116084892e-01 5.002156508469086660e-01
3.246750095329865360e+01 8.190363880590478818e-01 6.188891774759882614e-01
3.591229910142617143e+01 5.640998481767270922e-01 6.847601037845592042e-01
3.365440537016023370e+01 7.667756634544472538e-01 6.573643770035599854e-01
3.378906113166157610e+01 8.772642530738699040e-01 6.437551515524359003e-01
3.593768771157852626e+01 7.217244559580601182e-01 5.949397744941642419e-01
4.903519567155300507e+01 7.271222667174063181e-01 2.293164026688248036e-01
3.604650540682425230e+01 8.958832918191084183e-01 7.141509498652180987e-01
3.185911724452793692e+01 8.434327396709283553e-01 5.568501133697384420e-01
4.608120194106937362e+01 6.414152803435659855e-01 1.850726678082285082e-01
2.574773461197268887e+01 9.758298814612638150e-01 6.383093380233779701e-01
3.361045075790893577e+01 8.131298231925345732e-01 6.863599122840206013e-01
3.801973300353361651e+01 5.738851212127528134e-01 6.559097316602023886e-01
4.157657305971441275e+01 5.519584471697683847e-01 4.887793183639871364e-01
3.355290627713727503e+01 8.907067258323824177e-01 5.947686485027386949e-01
3.556423067131282778e+01 7.884521028862231384e-01 6.671843547832981836e-01
3.090966572550314950e+01 8.636891503539895210e-01 6.883729918298810979e-01
3.482075647801565310e+01 6.979276709713162496e-01 7.187558642894258387e-01
4.282768903621737167e+01 7.986433591105593921e-01 3.115691158267026029e-01
3.253862629894818781e+01 8.168675230056677838e-01 6.988924495270663062e-01
4.713219096778674810e+01 5.264106986041422465e-01 2.280287318947339104e-01
3.117976403020023568e+01 8.767879522495208855e-01 7.083283668552133872e-01
3.647364083918625255e+01 9.632988944353444438e-01 4.708011099085884221e-01
4.633284278123925048e+01 7.518139111467458946e-01 2.288806959147251519e-01
3.192623939180092663e+01 9.204725401505222671e-01 4.670136877621740568e-01
4.045184489586976184e+01 9.250146458164449914e-01 3.760595090426264719e-01
3.527107212914469869e+01 4.797360880625085588e-01 3.230196572545807054e-01
3.105026371047984668e+01 9.530361632058731436e-01 5.748875407671187876e-01
2.993212371862930965e+01 9.123989399602193684e-01 6.700779024282981222e-01
3.031236327094321936e+01 9.547877338356497434e-01 7.082430277466342794e-01
3.909199772292455322e+01 9.046767940857105561e-01 4.791250292333151251e-01
3.532211360618978802e+01 7.329829403599690263e-01 7.322409452123479490e-01
2.415473047388665861e+01 9.882534532336626487e-01 4.823405046351046943e-01
2.855038437445941568e+01 9.196979283149632201e-01 9.874609093032674645e-01
3.119080405932123767e+01 9.253309558709272853e-01 7.171404795289226808e-01
3.419756995036569691e+01 7.962820755606152545e-01 6.959336625034909796e-01
3.200715433368171148e+01 7.772425894841940019e-01 7.227567324140995453e-01
3.288813377021295281e+01 8.129044943442871318e-01 6.750774861055101050e-01
3.796073869009168789e+01 8.431788137207850697e-01 5.696639842787216690e-01
3.562146708575113507e+01 6.960836437410149458e-01 6.673015702415437955e-01
4.388863634901117194e+01 3.749071970848083524e-01 6.110369940921340781e-01
3.125370782364699096e+01 9.518624256919976379e-01 7.260214707458717553e-01
3.920650959252697731e+01 9.540773991300635082e-01 6.414276756300409943e-01
3.771648074776189219e+01 9.610552369541509599e-01 5.459510554678856931e-01
3.891018176903087067e+01 8.080873200330411787e-01 4.139274282754730194e-01
4.253039287138637548e+01 6.068616308797223358e-01 3.373821555920694104e-01
3.938802125079170224e+01 4.683469778080544543e-01 5.847810069497767493e-01
3.081086576739065563e+01 9.769094404420026745e-01 5.396861408920171632e-01
3.331786512278641510e+01 8.252462819691761542e-01 6.187869063994658747e-01
3.362502471840559082e+01 9.747928956082447804e-01 6.501746635737788438e-01
3.566452654083438745e+01 6.357639332563367329e-01 6.274883232462959981e-01
3.449114161218231800e+01 6.673010373363992276e-01 6.551381557064398509e-01
4.428365922598207760e+01 4.824659922381217547e-01 4.731613010065422453e-01
3.604120018807653025e+01 7.856333012989785702e-01 5.800311896462603256e-01
2.725274683124189323e+01 9.109608785476134285e-01 5.455329070707622963e-01
3.451148016961685272e+01 7.738668388633499484e-01 5.644437151965923105e-01
4.002166950543313817e+01 7.323479172964573181e-01 2.697295124343691564e-01
3.442533235238295930e+01 6.644721438726994833e-01 3.650825451204287031e-01
3.838244272910819888e+01 5.212641755789509945e-01 4.701070052334077043e-01
3.502808718279607803e+01 8.932280535467543858e-01 1.964837880390143121e-01
4.060594132585124072e+01 9.892718650299295868e-01 2.065520608939991898e-01
2.966236837503241475e+01 9.634685178193536093e-01 6.870516760402171075e-01
2.933140413790697565e+01 8.225187971160465850e-01 9.042252871402521874e-01
3.482281568910441649e+01 8.923505441394852244e-01 7.331454831847498133e-01
3.145274147748931526e+01 7.924253595176080633e-01 6.525438464829419472e-01
3.787838629368392418e+01 6.232383303830728583e-01 7.826158014666727558e-01
4.044686323930301342e+01 5.084745553359025783e-01 4.515034526014872207e-01
3.384872381000977981e+01 7.885573212952725619e-01 4.901432524934387636e-01
3.039790563942920798e+01 8.409897648312331109e-01 5.892151802760311474e-01
3.704416571548141945e+01 6.665733971197966845e-01 5.346107328756284360e-01
3.359027942855720994e+01 7.310356058910023602e-01 6.042285016005565224e-01
4.013841159788184143e+01 5.969368756499405793e-01 5.895261566542940868e-01
3.995341462562663537e+01 7.099565800886723510e-01 3.860311711467636631e-01
2.755952256783420395e+01 9.419172481631261640e-01 7.477595229108584540e-01
4.477542708447116837e+01 6.457489341609361500e-01 5.793280198236775425e-01
3.558729116735761977e+01 5.601446067116929717e-01 3.374287257319639188e-01
3.498598417469305843e+01 8.074681520419996206e-01 6.516323288493424126e-01
3.899730871812774780e+01 7.914089482661178510e-01 4.266274450653769201e-01
3.778185196679034874e+01 8.398979098669279164e-01 3.147754484088086668e-01
3.048485694125922407e+01 7.830501352276743043e-01 6.683743097259294830e-01
3.239065976518332945e+01 9.775033781583301051e-01 4.089101538356045284e-01
4.502053806753231413e+01 4.914557974205669977e-01 6.419585966028938939e-01
3.370899984112007530e+01 5.676744678814186207e-01 5.641656523135745172e-01
3.236267687498712320e+01 9.023436946150282800e-01 6.340156899691178349e-01
3.047788994454473155e+01 9.556645534960654942e-01 7.386435385344225502e-01
3.473030604566432800e+01 7.160552095728114352e-01 7.294640371159334391e-01
3.913989650660376896e+01 7.241327970960689253e-01 7.202021271307715855e-01
3.502108281605318751e+01 6.833840601411960147e-01 5.491598177706968897e-01
4.266891078419736516e+01 7.414977278968186702e-01 4.217809032907129385e-01
3.713999833992104271e+01 7.460406888731264674e-01 6.130159121229131758e-01
3.502802223030149520e+01 9.094938850855422974e-01 4.681135558809748631e-01
3.906037781105742823e+01 7.549156164531023450e-01 4.082149117697862484e-01
3.415278942258569828e+01 9.958254209772749999e-01 4.562076584173190286e-01
2.997148895156143311e+01 9.765939742632678833e-01 7.397198454100483156e-01
3.520453392690268402e+01 9.227858559522575943e-01 3.543422695401988731e-01
3.262749403275889648e+01 7.095257366679250666e-01 4.928928918018317673e-01
3.729960497706884581e+01 6.090202880862833901e-01 4.540578337064266057e-01
3.487426945249243460e+01 9.492063984743720484e-01 6.194120485904298645e-01
3.836596422018819652e+01 7.183735266476610759e-01 2.943319093618986249e-01
3.819728730512084525e+01 8.666069457905130058e-01 3.846864072166511495e-01
3.946271200373475097e+01 5.285204731110026977e-01 7.067891938970894961e-01
3.246755790096710825e+01 7.904824720127500148e-01 6.566856292448417509e-01
3.359754682665764847e+01 8.858260281961956029e-01 5.527797672893823844e-01
4.016879154600584911e+01 5.625098038855687044e-01 8.817703439513848718e-01
3.265055648066694260e+01 8.800130955375973230e-01 4.813061319858988885e-01
3.527499492600819764e+01 8.515765366263389202e-01 8.446209945139896424e-01
2.851927324202023684e+01 9.553202084542208317e-01 5.143013611289199982e-01
3.749284656462432963e+01 6.576055912627289946e-01 5.306838858555334992e-01
3.445261925353960208e+01 6.729302933182353952e-01 8.689061413510312804e-01
2.896030022858390751e+01 8.180106195630727495e-01 5.201193300214048687e-01
5.304270175911546659e+01 4.792336613155994685e-01 3.624534673377025618e-01
3.770226516711907294e+01 5.104342513402136960e-01 4.357781521055966722e-01
3.116211319952014946e+01 7.166814884527512586e-01 5.553276581359429809e-01
4.259572268892656410e+01 5.741230696565464697e-01 3.456799989437035481e-01
3.179774300853665281e+01 9.042047431230528787e-01 6.448177987500277597e-01
4.052012318966076521e+01 6.161099122456621391e-01 5.039737929725628396e-01
3.351281833396354415e+01 8.957716670123349045e-01 6.578887761501047704e-01
3.833255122895273104e+01 7.928105075335687424e-01 3.726495408366640727e-01
3.952789433984631984e+01 5.494431248881597174e-01 6.661206237694888843e-01
2.796058695824877205e+01 9.249567892395461621e-01 8.170263332005989199e-01
3.240004237237384643e+01 8.520560900669609250e-01 2.796521228805680659e-01
3.909114095827900570e+01 5.038639311500092699e-01 7.483139564558837220e-01
3.542869201490641018e+01 6.164903386915868699e-01 7.190912463252024933e-01
3.585999381698709243e+01 5.606320552718871975e-01 7.566044124507659285e-01
2.916150452160235673e+01 9.091418427753974463e-01 5.914539402266153489e-01
4.002742942146873162e+01 8.755703535430577888e-01 5.006845865217190994e-01
2.663340652643890394e+01 9.838694540134820254e-01 8.940257746655263515e-01
3.167169402498688413e+01 8.188425121969818976e-01 4.622124166507909915e-01
2.961795070672857122e+01 9.712285748060652812e-01 6.819037603812549975e-01
3.935491149419529933e+01 6.041612575986446965e-01 6.815672074841856443e-01
3.790920505297012255e+01 7.748068855801875099e-01 7.075972463154804881e-01
3.823285542415335669e+01 6.368073318041568287e-01 5.528451147963727719e-01
3.010806668516258711e+01 6.435610289746075408e-01 7.357784069763111390e-01
3.366847094199311385e+01 7.991142391501512288e-01 5.722442078240365104e-01
3.219322041761260067e+01 8.370300006288506900e-01 7.911720809695815815e-01
3.362417113509035005e+01 5.583575635701868434e-01 5.738093508520746289e-01
3.260727520445984595e+01 8.947776112106947677e-01 8.591394514814113537e-01
3.640036971312542136e+01 7.208276902469241687e-01 7.403798649943046373e-01
2.879278035835481120e+01 8.847968262574745779e-01 6.797506442065989196e-01
4.707345068085828643e+01 7.063794631665757384e-01 3.502431161446482033e-01
3.629158295579512838e+01 7.489182290606981596e-01 9.115211626848043203e-01
3.182474645213044084e+01 9.318109390020663518e-01 6.050817999351179033e-01
3.663842342293418142e+01 8.992654401889446092e-01 5.718417419374020039e-01
3.106442351907320543e+01 7.737411593020909750e-01 7.810452139649328718e-01
3.711839132568914579e+01 6.481765097876973636e-01 7.971143455373629338e-01
3.360979893108812178e+01 9.610776445821735958e-01 4.446239161582245525e-01
3.773648432563283706e+01 9.175127703876625462e-01 3.696607112878013690e-01
2.528875444748316426e+01 9.592647159500330423e-01 6.847325054151698343e-01
4.402410739334172973e+01 2.128953746732953345e-01 3.315173753580396010e-01
3.601742376782031130e+01 6.551708442260780751e-01 4.906584932746414496e-01
3.664069528545819310e+01 8.035905937613997407e-01 8.525582525661138389e-01
4.198397690804750937e+01 7.370046802107750317e-01 2.020843790905685611e-01
3.589221636550585970e+01 5.329480217814401843e-01 6.025421818556364606e-01
3.472591086485977030e+01 8.914006223254552497e-01 5.657849135278398833e-01
3.189705099601476945e+01 9.815882692293127487e-01 7.826477187639200306e-01
3.703472641435235602e+01 5.007484624520283090e-01 6.634813913392891838e-01
3.320107121472469203e+01 9.339608473674309019e-01 4.737397810451325908e-01
4.591881343456120845e+01 5.076515721857709496e-01 7.525219115870991349e-01
3.804784657717830498e+01 5.990946961570858820e-01 6.014495391171170713e-01
4.046567338499966127e+01 6.038870135483239698e-01 4.246645839564126002e-01
2.704507381541557010e+01 9.394093785372582550e-01 8.184090161158464882e-01
3.636359372159744652e+01 8.843148887293498239e-01 4.992604580455030083e-01
3.577676626374025659e+01 7.841949131396525052e-01 5.943430023879049395e-01
3.946901265399497305e+01 5.721956703646343678e-01 4.327184430742510579e-01
3.287119537460461771e+01 9.650666789137746227e-01 6.565956880134091733e-01
3.146891665145360406e+01 7.329285370388732845e-01 7.120659403419160594e-01
3.148438218949517164e+01 9.663268873794331748e-01 5.222308394307099144e-01
4.137524087051922095e+01 5.902289039482597754e-01 5.443194938232057689e-01
4.559356176455987253e+01 7.816473868490511068e-01 3.102458239335744161e-01
4.451816504422338738e+01 2.665724546385773719e-01 3.584511324039423852e-01
2.995091288321310330e+01 9.098630846868858146e-01 5.576951345045897401e-01
3.481285197333334480e+01 8.789117286519301242e-01 7.200301513050088031e-01
3.620119500428021553e+01 4.520238798799204316e-01 5.362537025596679774e-01
3.596028034867525491e+01 5.796496617418995800e-01 7.071561524307203861e-01
3.914451442055877806e+01 5.616359781097951531e-01 5.373072197710697662e-01
3.642453585688428319e+01 7.471470964734273634e-01 5.385783173289632186e-01
3.159362112495617936e+01 6.282048270435384163e-01 5.926959294775671072e-01
3.237571672805913892e+01 8.770778643985344125e-01 4.859461425786770206e-01
4.207439618877472043e+01 7.299543491163248410e-01 6.629115174433172220e-01
3.360574338094182423e+01 6.882362456466267764e-01 6.534780280293482901e-01
3.416167871984779936e+01 8.762061132443443867e-01 2.055336585045701991e-01
3.663701490879167721e+01 7.764595486237877431e-01 5.426780407805392725e-01
3.176558155836426778e+01 7.823993607148208573e-01 5.468914368538569937e-01
3.557189977298723704e+01 7.239609824673494121e-01 4.100465943147477144e-01
3.515614518005003930e+01 6.943710612431103213e-01 6.046166481472292631e-01
4.665183465286164477e+01 8.097208840917226036e-01 2.192077654328355996e-01
4.727153599420197594e+01 7.947678887167983763e-01 3.517042862570862183e-01
4.069800338334108147e+01 6.941768648490451721e-01 3.397007961045006019e-01
2.898992678651534050e+01 8.534959992117355787e-01 5.798274071831451826e-01
3.443774066477926254e+01 9.987261961706462854e-01 4.055252497765989284e-01
3.005597374598514904e+01 9.860380686443624976e-01 5.259867044608704800e-01
3.980131971488260234e+01 5.235824029668150192e-01 6.421761641079595240e-01
3.777479941272667219e+01 6.876963820860634291e-01 4.882033080441763873e-01
3.182628952814961565e+01 7.792489130120812124e-01 7.040255638415938710e-01
2.799821744621754149e+01 8.990643324682486837e-01 6.601374318486241677e-01
3.717406035420802368e+01 9.930375659933230459e-01 5.555158488834550656e-01
3.000386623831066402e+01 9.693491992706965155e-01 6.180447067073113754e-01
3.281470781697537831e+01 9.883479482361018365e-01 5.058773397330896815e-01
2.853186391952969103e+01 8.645850000436098304e-01 7.076299233166525315e-01
4.269546439320504305e+01 6.585272542010239816e-01 4.399494994744532206e-01
2.547314716913606247e+01 9.169076764581538530e-01 7.443627755382076217e-01
3.794362636214543727e+01 6.511555541139246728e-01 5.963914730306780765e-01
3.230010920142957787e+01 8.514066756544946823e-01 6.478913869066245113e-01
2.907322094165444781e+01 9.854661971688248867e-01 6.410700728274940641e-01
3.826911998772553147e+01 5.754065721462912064e-01 8.076806604063875294e-01
3.944001540418991425e+01 7.960149312769242425e-01 5.374350363696269728e-01
3.489118214881487745e+01 6.365387950020450214e-01 5.975166222987594589e-01
3.064332682395822260e+01 9.015929691422137626e-01 6.889350195909188512e-01
4.369997301922176547e+01 5.147871249125274273e-01 5.311806668320888658e-01
3.886009417974087654e+01 8.103044939948875758e-01 2.082642037040440264e-01
2.770882883898643101e+01 8.841624004882423504e-01 6.071329236023261799e-01
3.528087629799153291e+01 8.258976107464691685e-01 5.623047790146760150e-01
3.266497845477886841e+01 7.892377754305642812e-01 7.042036144487818783e-01
2.897205690975398085e+01 8.514279304147677196e-01 4.165676363616429012e-01
3.297797586956902194e+01 6.733066537938378060e-01 5.707330039840962099e-01
3.985612356936326250e+01 5.817871524290333385e-01 6.548041717593229283e-01
3.417588295077194971e+01 7.012343089911599048e-01 8.032051413751346569e-01
2.728502439150093650e+01 9.261313702183640029e-01 8.259103288124129971e-01
3.476360533255824947e+01 7.366567656968272537e-01 6.563962936446564589e-01
4.040558344478007768e+01 5.844401799013274612e-01 4.689863968291027585e-01
4.621466299942173350e+01 5.605717521126454272e-01 2.246348661744408393e-01
3.462323765101282191e+01 7.591358745534940722e-01 5.787850608648298367e-01
3.469388604286658762e+01 7.261174417044236051e-01 7.052235943326593537e-01
3.423482444292223192e+01 6.397960206062631716e-01 6.955134013442215712e-01
3.707182060408218405e+01 8.297340134919427568e-01 5.037348546090454349e-01
3.117330348506367343e+01 8.710585857286775591e-01 7.267531758896450533e-01
3.283286899341653253e+01 8.040050455205143276e-01 6.008282416209155263e-01
2.682115804643555990e+01 9.940153917244572979e-01 6.231443547792550053e-01
3.595933770280365849e+01 6.868797924166418767e-01 6.852811127605159536e-01
3.062161022902734686e+01 7.621922594168866194e-01 5.204390111866821211e-01
3.650718914673359450e+01 6.277411723225299056e-01 6.481452890867694938e-01
3.629387986095339613e+01 9.219690609960301542e-01 3.696782551122697602e-01
4.440080398422109909e+01 7.350593507709273222e-01 5.024160589750769068e-01
3.598466146568147650e+01 9.769835815218032016e-01 4.041283037311064197e-01
3.997369950600137400e+01 4.028058995417443389e-01 5.335571259424685131e-01
3.404852705605232899e+01 7.372770357270800323e-01 6.300686997603376360e-01
4.147392270886216892e+01 5.932766056800403698e-01 4.899526764761034103e-01
3.555992560005496017e+01 7.161203008638934442e-01 5.659359417928100378e-01
3.033726834603848133e+01 8.474907991805891161e-01 8.635994835235499822e-01
4.331186334076355138e+01 5.930779902584651930e-01 2.867342676204535645e-01
4.550324839726756920e+01 4.385329974652673046e-01 8.303437867653727933e-01
3.657383365718401080e+01 7.562449081124986705e-01 6.936303867218737151e-01
3.795241217604311856e+01 7.525725582905500310e-01 6.543597012332937890e-01
4.189472016651183850e+01 4.944551218820121274e-01 7.561858512380870145e-01
3.611834811757343999e+01 7.023187670967167007e-01 7.587585749187765183e-01
2.728647818101783784e+01 9.832010426402156833e-01 5.677096973676374336e-01
3.585512245744963877e+01 7.074489621185897636e-01 4.669580108859475165e-01
3.148075341596246801e+01 6.990973900002682706e-01 7.913897039533391853e-01
3.476915311870389047e+01 5.093158671950618333e-01 6.478756973103791950e-01
3.277027210631602827e+01 7.842000004860046891e-01 6.885804159337703956e-01
4.251822432292190257e+01 6.050464133920483434e-01 7.293318744193830749e-01
3.096194097012569202e+01 8.063012936704454514e-01 7.349346868929197418e-01
3.902015910600413662e+01 8.091575006503893830e-01 5.214466009750206021e-01
2.605828240513301353e+01 8.870602796296891412e-01 5.909682971878496005e-01
3.608050244768088533e+01 7.791382308775774979e-01 7.643484206016132321e-01
3.635008953847141555e+01 7.207407774054822580e-01 6.062399573642875961e-01
3.738917479687425072e+01 6.528766832031449585e-01 6.065774636002639886e-01
3.163860484005685336e+01 9.951299335088773512e-01 5.515978966145987927e-01
3.563464410938679094e+01 5.619365161268237152e-01 6.850937588940209100e-01
4.190476166636867106e+01 5.055963362134270334e-01 4.273511628321631783e-01
3.090889423791424306e+01 6.242402098665656984e-01 6.966279449818165714e-01
3.494269447490260205e+01 6.714146542893114633e-01 4.618749872177676519e-01
3.429221724700163065e+01 9.073768008311652311e-01 5.282129488160046682e-01
3.944716459578900469e+01 4.369074138552988540e-01 5.176481201330228599e-01
3.459963259833727989e+01 4.377322806288004298e-01 5.044355071963402271e-01
3.770558436942435065e+01 8.069882494319374766e-01 5.247817514160160179e-01
3.631460306417156403e+01 6.393528699833374018e-01 8.523466977902127706e-01
3.418495368372968812e+01 7.092317659098648086e-01 4.347965601526158075e-01
3.123202121362491823e+01 9.462399557120604321e-01 7.021634491723895977e-01
4.239576990966629921e+01 5.341357926100774867e-01 4.668333607809251329e-01
3.590564652804071955e+01 7.185831875018325876e-01 5.612402926189291597e-01
3.001295030063900526e+01 7.683308079986613803e-01 8.044596646441182219e-01
3.821363724938230888e+01 7.439032751242258268e-01 6.907006685929517609e-01
2.739398359989783671e+01 8.268593260070676854e-01 8.222302037411374220e-01
4.365237565531637642e+01 5.946210614376843395e-01 4.852367552957179142e-01
3.291098650153939076e+01 8.802960281584176760e-01 4.654595773728354979e-01
3.244003856553281651e+01 9.719337051546800277e-01 8.767596801771559978e-01
3.564976485568413267e+01 8.375628787540783105e-01 6.015924462821048424e-01
3.451453155323579836e+01 8.409398209909186850e-01 7.184594562864844436e-01
3.680249875762697798e+01 8.072444495038580969e-01 9.859552128999051757e-01
4.499453651469364246e+01 7.022025946065799662e-01 5.610111598998694937e-01
3.984292595266101955e+01 7.055960877621558769e-01 5.921912273796858805e-01
3.721975266934961013e+01 7.335691647616722211e-01 7.659256141029301412e-01
3.026925844411726274e+01 9.985836932493390439e-01 7.038216591182242521e-01
3.488894592320671251e+01 8.673828738810454020e-01 6.641963537292339126e-01
2.916547551667073890e+01 9.078764754971427875e-01 4.925181695883447675e-01
2.849497993315627298e+01 9.266953898635383879e-01 6.154213803170927033e-01
3.491158686317351112e+01 8.340178830183084813e-01 5.358072808026852485e-01
3.696647893283515174e+01 5.935206515216928658e-01 7.347979203811246807e-01
3.969774135489213052e+01 7.963209529933766850e-01 6.099968450270836229e-01
4.357242111239633431e+01 7.613433663415701824e-01 2.998481374245062780e-01
3.862843848923690615e+01 8.106938794122638958e-01 4.704194669294773368e-01
3.800919654128065872e+01 6.863224668283862684e-01 5.962766542466310105e-01
4.119304279081035958e+01 3.321546503111836857e-01 5.975042100599092798e-01
3.037860416005276676e+01 6.486316499048356832e-01 4.167287334837910806e-01
4.886351703444495342e+01 7.010512914911273263e-01 2.318253625097476955e-01
4.628482874621847287e+01 7.358815749640335024e-01 2.737129074245763793e-01
3.116766110449110627e+01 8.491254710573336029e-01 6.762245877099447577e-01
3.024735566737842518e+01 8.938881602638022450e-01 4.855583710458395430e-01
2.996456853411662991e+01 9.257009667713148593e-01 6.991573603082997801e-01
3.063762607043794972e+01 9.253446174605012287e-01 4.936310207733605737e-01
4.928032926001033331e+01 3.761322408861415001e-01 3.835456883589773991e-01
4.025380312312687181e+01 8.852465962356182994e-01 2.519518014732020084e-01
4.164502189659808096e+01 8.026609749957293038e-01 2.428851655567389189e-01
2.831972392763613300e+01 8.594611201257371658e-01 7.749609131234401760e-01
3.316687587993659037e+01 9.433792587054979917e-01 5.103661129851796430e-01
3.162531758958071038e+01 9.478364295567600628e-01 3.208086820202395995e-01
4.876155705622669245e+01 5.960061551449953310e-01 5.093425960030087962e-01
3.358083668498925789e+01 9.513624644683233988e-01 4.149186044698905396e-01
3.063025816304766380e+01 9.621710290660360210e-01 6.509229865488279643e-01
2.704430091341682640e+01 9.641272263385924912e-01 7.109574319825319177e-01
3.814431464008649897e+01 9.339859427106662615e-01 3.640541785462432234e-01
3.583720934936072666e+01 7.840572446752162028e-01 5.439795587582283432e-01
5.388765399678233337e+01 5.102500305987553997e-01 3.239539179521842560e-01
3.396567547058482717e+01 9.649855029864353728e-01 4.157873023460333939e-01
3.130843454422167227e+01 7.552187895175472843e-01 4.938704060795601758e-01
3.183297325650212528e+01 8.683225782670231929e-01 6.390096334770418718e-01
3.840459695970968568e+01 5.805007796605475834e-01 5.783660635431130403e-01
5.294630562512382710e+01 5.328394040389862196e-01 2.071597928583601422e-01
3.367005387927065385e+01 9.988226334530230233e-01 5.911510243696846967e-01
2.962307878383008486e+01 9.252793025002754579e-01 5.694315959506731639e-01
3.419645447160861096e+01 9.386360537368000356e-01 6.143024167337187702e-01
3.223998653057181940e+01 8.195584797725514736e-01 7.118848690724307593e-01
2.941471440081834388e+01 8.205850684135734818e-01 5.033254222685377144e-01
3.739362065948414937e+01 9.400507826755336582e-01 3.795225525384616772e-01
3.922443839078083272e+01 9.218473013949513017e-01 5.055489455114900998e-01
3.481409168214020156e+01 9.136854565175417386e-01 5.528116706724944818e-01
3.988025405462531836e+01 6.124824378104084532e-01 4.514787700254340730e-01
3.182066580975334702e+01 7.472902119211504157e-01 5.636896393726864574e-01
3.588217615088356638e+01 9.704325297465802302e-01 5.223560774443515298e-01
3.400399054633782470e+01 9.733337575780380835e-01 5.745380623083382599e-01
3.861128596991649431e+01 4.094034618976133966e-01 4.749547699047547145e-01
3.338839427784842684e+01 6.325204715120957832e-01 4.350425860827675795e-01
4.452476694083570408e+01 5.442184908726461767e-01 3.218467308138714955e-01
4.807521865013663387e+01 3.976348468360624278e-01 2.860636792766851344e-01
4.743303212156595094e+01 5.798556431890656837e-01 1.645340718572564920e-01
3.414028300082289036e+01 8.483293035940568938e-01 8.113575439218467800e-01
3.576634292004087001e+01 7.392746885094021447e-01 6.042981192299544668e-01
3.875262478441697311e+01 4.608275275983150232e-01 3.515888941654202737e-01
3.512290303308308381e+01 8.740381153121684621e-01 6.568092417118753801e-01
4.444587077186680091e+01 6.585400774547246483e-01 5.122770927227066062e-01
3.459641274516058473e+01 7.814028318165019416e-01 6.962217969794141093e-01
2.848221048622466256e+01 9.606710410718946047e-01 8.226820976581366018e-01
3.799992540846609046e+01 7.432013477026421233e-01 4.856374010908396377e-01
4.208840385393892092e+01 4.970020667042817086e-01 2.965511733641480463e-01
3.241571605009510648e+01 9.968743420293866286e-01 6.762113512508411972e-01
2.683874737541449207e+01 9.718622152361015010e-01 7.036347521135124516e-01
4.566125796702130657e+01 7.495574094322114966e-01 3.683843925286762189e-01
4.096881959141190066e+01 7.197760605015633972e-01 6.145117118183066607e-01
4.364668836312858957e+01 5.698440034353604577e-01 4.839787555181305212e-01
3.291494273359990785e+01 7.696014151112915425e-01 7.347572836450851907e-01
3.122227542963050695e+01 8.837806251231171695e-01 5.371281498189913739e-01
3.316698765819952399e+01 9.456759248856156930e-01 2.970589791936933954e-01
3.239349233411273588e+01 5.934038874184639489e-01 7.748637065971216709e-01
3.050667421535110080e+01 8.447956122664919132e-01 4.892292314740906978e-01
4.505882340599080038e+01 5.068456500025424472e-01 5.551374582531547475e-01
3.466956456660282981e+01 9.493910133708923782e-01 4.509008512872011432e-01
3.716317931270209840e+01 7.159731808973707201e-01 5.144106462604249863e-01
5.253058544957444553e+01 5.115957305172000869e-01 1.990952094088237756e-01
4.370738541060213578e+01 9.447382962234179837e-01 3.395572111307988417e-01
3.898798053529122853e+01 6.371314111433055150e-01 5.437025542006509449e-01
4.650012756456067109e+01 4.749512037502536810e-01 7.093631642826990769e-01
2.629464988466510533e+01 8.253265938859264406e-01 7.935967617915211658e-01
4.289921260814310955e+01 7.056542927706849211e-01 5.302295703948292083e-01
3.250686640449779929e+01 8.947118276020036287e-01 8.935028822264677872e-01
3.972963843153914354e+01 6.154431503659373304e-01 7.785860087815537067e-01
4.158533330642602976e+01 4.887715849317758599e-01 6.181602915255155484e-01
3.222397611418522700e+01 9.399029564815477578e-01 2.123699078937465456e-01
3.107158550142229458e+01 9.570268223919925488e-01 6.652898581103247055e-01
3.656680172725153000e+01 8.759665976035957424e-01 4.647635906620040114e-01
4.158315554486873822e+01 7.796282051015019920e-01 4.911601774867415671e-01
3.546424891089279896e+01 8.020682435089621087e-01 5.051535485263103364e-01
3.579335865621463597e+01 7.877588574256350062e-01 6.284691894929541611e-01
3.556847268217597957e+01 8.977133524008262810e-01 6.064160134727858420e-01
3.732951372321357297e+01 8.843505462542540219e-01 4.127185140702152033e-01
4.067123911659303559e+01 5.806489075821481549e-01 6.027613586966636960e-01
4.093797006281175044e+01 7.658187794882204136e-01 3.713578818135913617e-01
3.436306727890169554e+01 8.048496338204278455e-01 6.049060029966358831e-01
3.809198664482106977e+01 6.371004093802699053e-01 4.024071008875506616e-01
4.516384657675094871e+01 6.750740268072175088e-01 6.955062623612960904e-01
4.058109437845733680e+01 7.480352630307633977e-01 5.250860096982044034e-01
4.936403255919916688e+01 5.089823367867285508e-01 2.220257173944324147e-01
4.843026073030875267e+01 3.662405547582827103e-01 3.364482596270070847e-01
3.610851685889866758e+01 8.076312253102502225e-01 5.403335358541980771e-01
3.421647605238770495e+01 7.250928886642594717e-01 7.051045941887903457e-01
3.406861945424738281e+01 9.725482736092614378e-01 6.441820214461793093e-01
4.288277578169976323e+01 8.729111477816489106e-01 4.710941645711681502e-01
3.764691929930752679e+01 5.821925111787663587e-01 6.979890280747254039e-01
4.065957741244198331e+01 7.896279156520228382e-01 4.193549369472603372e-01
4.016623078941132263e+01 6.286067214039322559e-01 5.516485367973396059e-01
2.952353708245347264e+01 7.270689393644242937e-01 7.479430523940153730e-01
2.835992093654942536e+01 8.151745415445756926e-01 7.861210881062855593e-01
3.072341283619512708e+01 8.566936126492098458e-01 5.387575570322935548e-01
4.144589048811369736e+01 8.463350787116349361e-01 4.459149956148870664e-01
3.011116238995072436e+01 8.447237400375967598e-01 5.796029227396002348e-01
3.970480661062754990e+01 5.615635818927890988e-01 7.043702671630898138e-01
3.089970793309575114e+01 8.937145031730880929e-01 4.701140339425257109e-01
3.130632620343478578e+01 7.136012941908895790e-01 7.527954400103359367e-01
3.397968920491548772e+01 8.863135788131268900e-01 5.039775376978637977e-01
3.076753296674845117e+01 8.345207055312430233e-01 4.023135470969075311e-01
4.572533260989192883e+01 7.081926778646692178e-01 5.173321370322981894e-01
4.764463306247282048e+01 5.272964020233815718e-01 2.218207663882315328e-01
3.213754721104395173e+01 8.948391687400961692e-01 7.788663804809701219e-01
3.992518549210301870e+01 9.089304308285700573e-01 4.107348728476578614e-01
5.191381904514570778e+01 5.301135577822724265e-01 6.394247766977437797e-01
4.343357603736405537e+01 5.335447128919833526e-01 1.864448648465473479e-01
3.330195592832288298e+01 6.672688357492949640e-01 5.438552478285744174e-01
3.560093317336435348e+01 6.813575464010287464e-01 7.464498814153723849e-01
3.964194507132194900e+01 8.084749487802694867e-01 5.159253811305518633e-01
5.668410548456597553e+01 4.179188861048408477e-01 3.637151593278233896e-01
4.724514794413163088e+01 4.665070429779117345e-01 7.728059074373933024e-01
3.732183715127131052e+01 7.330254821846261537e-01 3.694811741949227124e-01
3.973921428494359986e+01 7.640814151972301627e-01 5.381902228733385085e-01
2.867782030946438354e+01 9.789853729709758756e-01 5.698929151366898260e-01
3.798674000498472481e+01 8.031582888667310183e-01 3.280416710084848586e-01
3.454241274743345258e+01 7.461832003169854843e-01 6.487822122407800318e-01
3.792232482986756281e+01 8.508893973017099821e-01 5.005295217227765381e-01
3.016504597489912953e+01 9.865496038115817434e-01 6.750024081559687916e-01
3.797783744264964412e+01 6.122776397274370952e-01 4.802882306518260203e-01
3.630579578284732634e+01 7.721194049523970593e-01 6.128533451371038776e-01
4.587597951803320484e+01 6.026327833444112825e-01 3.949103654148598541e-01
3.924879297516972088e+01 8.774590153321528696e-01 3.599816872702782944e-01
3.932677673058507395e+01 6.048780599241412315e-01 2.707339194532533133e-01
2.759928432964827394e+01 7.755882438281697100e-01 8.205343843251537983e-01
3.206854309638865885e+01 8.438848871834404575e-01 7.540631419401264690e-01
3.618245159275847556e+01 6.863739566215696364e-01 6.901464188285236778e-01
2.623832307207673509e+01 8.716095499982539074e-01 6.785824867605125821e-01
5.417315406166480329e+01 4.000707713384702435e-01 4.941795404428069860e-01
3.036061782042110835e+01 9.466256414756346604e-01 7.514965896619295593e-01
3.246651924315087001e+01 8.397957340481093658e-01 4.990560324622904109e-01
5.045875565497755844e+01 7.978904796223098561e-01 2.935033662966909374e-01
3.511778562694681938e+01 9.802360402584819887e-01 6.304675165809724424e-01
3.076432006625542925e+01 9.691520803974809084e-01 6.724772050295121373e-01
3.216442594533914701e+01 7.462022457775492335e-01 6.948084451523452998e-01
3.979711939623133077e+01 6.535854100274121059e-01 4.781675249500219049e-01
3.437280590825091053e+01 8.056569157474638976e-01 5.423759407782779984e-01
3.278013760997375670e+01 6.525150964835482181e-01 6.432781604179279578e-01
4.124558147299528343e+01 5.444062011651809030e-01 4.770589971723996903e-01
3.825438128538235105e+01 8.042259034010145191e-01 5.054460370322222396e-01
3.652534904658052284e+01 6.263876298996555736e-01 4.966072417266443884e-01
3.415843355568117801e+01 9.197457645319161434e-01 6.923700879877497938e-01
3.810514779017509568e+01 6.375663487340712532e-01 4.023778408100229798e-01
4.340511784411159368e+01 4.666409525024879934e-01 6.732989798988200381e-01
4.672720758725373713e+01 6.955680977996473446e-01 2.279851820902314974e-01
3.823859520061418493e+01 9.022190526667703825e-01 4.121396341066836388e-01
3.313933310847360048e+01 7.458608392463157433e-01 5.695898608743479308e-01
2.835033646598344959e+01 8.673558935523257851e-01 5.830034424735565102e-01
2.990279386089479274e+01 9.784688402851636768e-01 8.111709424778689170e-01
3.294598429098702752e+01 6.380549182935520980e-01 5.313862147275149050e-01
3.873041149324289023e+01 7.345022831717266110e-01 4.451090174969540292e-01
3.549544796408981995e+01 7.891386730966850616e-01 5.397687940382345229e-01
3.744702307347095172e+01 7.887486290518471721e-01 4.947121948718987139e-01
3.108508699010603138e+01 8.799126673261841169e-01 6.982307397880777033e-01
4.038899232993288990e+01 5.436066257200300456e-01 7.006311569410433870e-01
2.987148651820382383e+01 9.833140326187919111e-01 6.177717167831999756e-01
3.381087022450977742e+01 8.303042786804238906e-01 7.680431737009809634e-01
4.759603510697821349e+01 5.700383429491022724e-01 2.867278693021944602e-01
3.265887651633533295e+01 8.621290217116774901e-01 4.785156164480090513e-01
3.357690505819306281e+01 7.654373795394655566e-01 6.916831696193500578e-01
3.654207559366021485e+01 5.357690721658016075e-01 3.371667919839625438e-01
3.502252420694792789e+01 6.490958699816733457e-01 6.979047313647966932e-01
3.511242246722068217e+01 8.821606050696781942e-01 5.514365627188116958e-01
4.037272153508375538e+01 6.262492451269966454e-01 6.184516593211780711e-01
2.733515322620644383e+01 8.134447023459331350e-01 5.622455484092340194e-01
4.252411126095925908e+01 8.474443015463490880e-01 4.615981256747232475e-01
3.328994859515658078e+01 6.415050598501963464e-01 6.651663897549645599e-01
4.001444791363803688e+01 4.421932351647543946e-01 3.734957613008990096e-01
3.378168703338177181e+01 7.135647864639874660e-01 9.617215873800415427e-01
3.139307135539369042e+01 9.274526245884254783e-01 5.504584058568876559e-01
3.306758211778598877e+01 6.760014382823348322e-01 7.921546957400799061e-01
4.096318645838657346e+01 8.853827409393588699e-01 3.769816829581605910e-01
2.602110198417062392e+01 8.257133003024296203e-01 5.742992153994216364e-01
4.641042180776860704e+01 5.344882281728513540e-01 2.978523575449770755e-01
4.359722893389655241e+01 6.084478990493042971e-01 6.879552926792869005e-01
3.057596469641862669e+01 9.382221575500300226e-01 6.344443004755464521e-01
4.248070190004717972e+01 5.718143048726942457e-01 5.959067836502540683e-01
3.935076289303334107e+01 8.854286832060285217e-01 5.923153627940482835e-01
4.860637808190759301e+01 7.010512914911273263e-01 2.383420028340061392e-01
3.426558820649979253e+01 9.877087093476868418e-01 5.931914932219604086e-01
4.040096168768550910e+01 6.727264686809373284e-01 4.841243797222363199e-01
4.480030383391079596e+01 5.348726126367510103e-01 3.156709636947166997e-01
3.796379278857101269e+01 7.911815533689853241e-01 4.591608125821960984e-01
4.050058557611451704e+01 4.250177528601778998e-01 5.617749111714429588e-01
3.237709621029909357e+01 7.265195214738244811e-01 6.368610970474954946e-01
3.459153304018101238e+01 7.914474974938197072e-01 5.703245240836610774e-01
3.790097261383609606e+01 8.131777425220594324e-01 4.644748085006532023e-01
3.161098968500261819e+01 8.179329805000676856e-01 7.876350112233048151e-01
3.488784627265842175e+01 9.242958109996596283e-01 2.317362538127190064e-01
3.855286905824582533e+01 7.284005069377826880e-01 5.776335120405475809e-01
4.273230693559944626e+01 5.380425968488080635e-01 1.588899022414940188e-01
3.342275754609500638e+01 8.882575219181614301e-01 5.079421241268807785e-01
3.905855163783569850e+01 4.512187839834648773e-01 5.805714968524250397e-01
3.334139521256388861e+01 7.777134459849903703e-01 5.161483462349930607e-01
3.634027071720055346e+01 6.495523460793792836e-01 6.568942810270471666e-01
3.834194150217876285e+01 5.556778484820419362e-01 6.366448158615815034e-01
3.016548901021019446e+01 9.784927020551411614e-01 5.728151268981258593e-01
2.860027555381478948e+01 9.938659833592828896e-01 5.315195577769010749e-01
3.110302031888209129e+01 9.341094217469037009e-01 6.670398341978004408e-01
3.573652006673654569e+01 7.901497611455555736e-01 6.260250072016415590e-01
3.000063588864798447e+01 8.602687758282882013e-01 6.738800775144688782e-01
3.717464460729206621e+01 7.980399768376714720e-01 5.720393517055746280e-01
3.192362731791432395e+01 8.845773792480887687e-01 5.690843745220831584e-01
3.060476474606473829e+01 9.675220681541202294e-01 5.102883489420541041e-01
4.055226654495849914e+01 7.780591152411775457e-01 4.912295342015134958e-01
2.769320348171719459e+01 9.793283780355299672e-01 5.770488982729524707e-01
3.215378519124177359e+01 8.727090050310688518e-01 6.383532018487965143e-01
3.059179075329501174e+01 9.916532520988695643e-01 6.605889541529170739e-01
3.188011197990462620e+01 8.976858553669792018e-01 4.636201146399374085e-01
4.282477655325688914e+01 6.398950974775536871e-01 4.301734892051254922e-01
3.671510413448759635e+01 5.511257388497902143e-01 4.879992358706333189e-01
3.340797208435510157e+01 6.821828495910297052e-01 5.862979776722743175e-01
3.493186024600252182e+01 8.811176051313351909e-01 7.100038364349789966e-01
2.992724264057766348e+01 8.377109047155277821e-01 8.818962290950628224e-01
2.994256811215386804e+01 9.951078697877098200e-01 6.872477940258151508e-01
3.256387314747882300e+01 8.040201408457220422e-01 6.147868655999971788e-01
3.955031499440765685e+01 7.752915235324833176e-01 6.140940499699368837e-01
3.512008635750604668e+01 7.259074026722335260e-01 5.407590056911979470e-01
3.602453527665197441e+01 5.801006620795837732e-01 5.553113618876081015e-01
4.951709114423314873e+01 6.859378486355759419e-01 4.645401259658522575e-01
4.480076353992312477e+01 3.119229753665053728e-01 2.798325367131613284e-01
2.818232769113483727e+01 9.470348571241363755e-01 7.635019782280945133e-01
3.091941801228664488e+01 9.194790000783088502e-01 6.002001780093043637e-01
4.314829309236835542e+01 7.291174399508866255e-01 4.549391172595300126e-01
3.530251141942119375e+01 8.596698745880094750e-01 5.085639629820978280e-01
4.025144309097264994e+01 6.307034888877280920e-01 5.925856202467586487e-01
3.172399245085331287e+01 8.926786658239094230e-01 8.406616785985762119e-01
3.525037860516673760e+01 5.861500752008547144e-01 5.545798104849550825e-01
2.552181376352745446e+01 9.776059574908974037e-01 8.672819886246366794e-01
3.863126049413107665e+01 6.487750208191006562e-01 4.706906696440294469e-01
3.070695407389835552e+01 8.954430825724681853e-01 5.600623297281751567e-01
3.165865179304505261e+01 8.596284611134081821e-01 7.739557084272138399e-01
3.348504841767189077e+01 7.291716522023088398e-01 7.000212758807501379e-01
4.332522949880123520e+01 4.951309254500226298e-01 5.865007272402413818e-01
3.958543552678612798e+01 9.374758401421051657e-01 3.001228202401385325e-01
5.247567733949195912e+01 4.070230879170875782e-01 1.412828058143012488e-01
2.807416644654755800e+01 9.893201696632815123e-01 6.739023330511477727e-01
4.224725480101122344e+01 5.795755995685831774e-01 4.846896833357480228e-01
4.276292714743990331e+01 5.268229842393680196e-01 8.271179702429559688e-01
3.793466302452518590e+01 9.163118350533085987e-01 3.193990785269877342e-01
3.471033898785780991e+01 7.851353239101632742e-01 6.041434177765407920e-01
3.167377898067501718e+01 8.131729269337837351e-01 6.604541766220531906e-01
4.365158543267774860e+01 5.806126525667261173e-01 7.057876169941997846e-01
4.215623635051743179e+01 6.308275101005490493e-01 5.410435656155595519e-01
3.865409985897635892e+01 9.095515754644163398e-01 4.244905277367093110e-01
3.255375707892685000e+01 9.494695954495658841e-01 6.143886493380036340e-01
4.007834474357266430e+01 8.718851164955132571e-01 3.424127644286691918e-01
2.948561711142112074e+01 7.816965003112084087e-01 7.955183243206174204e-01
3.661247914126889924e+01 7.963103002710913980e-01 5.378871508720118877e-01
3.700792467698813937e+01 7.066774864759700625e-01 5.824010360661335817e-01
3.084890642716302267e+01 9.167101414890329592e-01 5.365852115689566659e-01
3.410136720377386865e+01 8.793056626644699669e-01 6.131340607636002193e-01
3.951075664892125161e+01 7.828953544855002944e-01 3.330330708961918296e-01
2.541190939894068990e+01 9.291768820250454475e-01 7.926473409545753412e-01
4.444559166410635953e+01 7.886575112085236761e-01 3.886527335186185650e-01
3.073182215446446719e+01 8.826562343884577500e-01 5.863223488179697407e-01
3.232090916578297168e+01 7.328087299450315450e-01 7.298131175618213229e-01
3.478974938451056431e+01 5.510827056767643173e-01 6.260916147124809816e-01
4.855480579473042724e+01 4.772253601882057161e-01 5.959304075447423577e-01
3.473810073317947200e+01 8.286443747114807801e-01 6.599752299722358995e-01
3.552763742263221047e+01 7.133497653883734690e-01 2.893851610262429541e-01
3.292463518275071266e+01 8.905494762612660153e-01 7.678228014020048731e-01
4.067156895203118694e+01 6.271365209843046129e-01 6.391461708535289832e-01
3.216593074269599839e+01 8.434327396709283553e-01 5.420001582035950394e-01
3.925542355152758489e+01 9.176201128886559699e-01 3.832870798702017745e-01
3.559283399330355024e+01 9.497290666409630155e-01 3.824170221762662192e-01
4.415367846294638809e+01 2.279976385959125440e-01 3.125599604818744548e-01
2.700076958902964108e+01 9.906909550154542332e-01 7.387199273485014483e-01
3.520421246974807161e+01 8.010067101526036071e-01 3.517186253898062498e-01
4.164855642536884517e+01 6.612984839792483971e-01 4.338958393100558197e-01
3.196438254955450731e+01 7.459029394837323190e-01 7.468035598137976461e-01
3.691972378106829211e+01 9.167388552530433277e-01 3.767103935078235932e-01
3.876516642139351632e+01 9.035774520438634161e-01 3.615748357739443364e-01
3.455783321057597135e+01 9.575056388101593763e-01 5.675657085637358934e-01
3.320194621518585620e+01 6.265059806730680636e-01 5.897501217475045188e-01
3.411453702585470893e+01 8.624200353007075437e-01 5.129471864948936810e-01
4.651032919191643344e+01 5.655254227786201682e-01 4.411700279361852606e-01
4.184642621040770649e+01 5.287217308360440127e-01 5.430708162750387258e-01
4.235364448961954764e+01 7.737487765973604104e-01 4.433791471979741106e-01
3.274235514108553957e+01 9.924145570566005325e-01 2.235170432427362741e-01
2.992455398962305324e+01 9.711546494762488546e-01 6.590767791990019830e-01
4.414429935649404513e+01 7.048176967317142383e-01 7.205570065742720187e-01
4.416997294955457676e+01 4.008246046299384080e-01 3.901704870337717734e-01
4.332451185284995887e+01 3.717163269530810443e-01 5.291469767217160669e-01
3.480791496257874940e+01 8.984003921096921363e-01 5.617055748273805937e-01
4.368449974440166983e+01 6.303284586297912551e-01 3.715372961969000132e-01
3.478656492393377420e+01 7.157393276210567423e-01 7.935358093309600180e-01
3.295934361584131977e+01 9.450438504561801123e-01 8.718813500893748403e-01
3.082158692867585970e+01 8.309890947792814009e-01 5.741898503026012790e-01
2.528609242027268067e+01 8.961564356990332492e-01 8.491768799042211935e-01
3.283536557567101966e+01 6.770371512330464192e-01 5.271470377406520802e-01
3.235612469096230370e+01 9.214866106249689492e-01 4.557569159206227294e-01
4.023046523854807077e+01 7.226885401481425442e-01 3.745553051656738131e-01
4.223228774343797909e+01 6.181174701726644960e-01 5.321065522394862191e-01
3.938521720128381531e+01 7.100743662027177994e-01 1.753269383929099146e-01
3.391887036924673993e+01 9.887349070576986199e-01 7.895106929161640474e-01
3.299916786561071547e+01 7.957000673816940761e-01 5.074454340771185068e-01
4.216946676942828987e+01 6.287320912091975966e-01 4.229889234298399026e-01
3.759367622470701065e+01 6.912813633661071266e-01 4.458993336096199744e-01
4.215526122187235103e+01 4.694909114746456669e-01 5.168797899791264250e-01
3.166475759273632207e+01 6.959328399409623334e-01 7.686006537656584481e-01
3.490212416722563660e+01 7.642602556672567493e-01 5.041143534029359774e-01
2.743973319888710449e+01 9.501360438884408621e-01 7.190886833573350012e-01
3.243555952335481862e+01 8.800938495815925355e-01 9.593769747317693053e-01
4.256970871374438303e+01 6.302366903937984821e-01 6.756964826616823627e-01
3.501698145237295279e+01 7.638459669443897759e-01 7.220400765461254533e-01
3.076003634690180277e+01 7.442739831148557084e-01 6.186090683367031495e-01
3.672129692002864942e+01 6.648688996748821634e-01 6.665222536540055254e-01
4.490420013749591277e+01 5.299743700890411358e-01 5.495043368386028915e-01
2.872399509636594317e+01 8.858858644114776526e-01 7.770675429115497801e-01
4.284594233166128419e+01 3.864225356921876520e-01 5.915507442694195595e-01
2.918020468706679793e+01 8.212648152293589021e-01 6.413592978699821368e-01
4.250577429861627365e+01 5.036696552327151188e-01 6.874287628720389121e-01
4.149852513628047745e+01 5.154710767873419419e-01 4.173953847148783036e-01
4.109974537882747114e+01 9.987743533080339908e-01 2.673581553113442699e-01
4.456459439304808257e+01 6.248625805116868603e-01 4.724482863113713127e-01
3.212664145813830885e+01 9.497587667063942529e-01 4.428883634258813928e-01
3.600745355354635535e+01 9.106627363218328108e-01 4.307723367174545182e-01
3.201402586256906346e+01 7.038022430879101732e-01 7.281921687905966722e-01
3.439684453829238464e+01 9.061936004381626608e-01 4.401711665061429635e-01
3.410402956928678719e+01 7.214644716075712116e-01 5.553850097754863269e-01
3.868935682911414631e+01 7.022128414164420240e-01 4.252190484985456376e-01
3.952472868600037259e+01 7.856657340242608756e-01 6.717281769320280205e-01
3.215165358705173304e+01 9.231707835503158988e-01 6.975225055111954342e-01
4.717785122258641195e+01 8.838917011852815975e-01 4.535071944317847770e-01
3.468637086891420296e+01 7.507326697823055728e-01 4.477830807920159528e-01
4.443616546679051282e+01 6.664206367015764743e-01 2.754200416301902932e-01
3.712728793279756445e+01 5.234875764562313405e-01 6.606504646900078770e-01
3.622202867795201087e+01 7.374885581701355886e-01 5.559218042142161087e-01
4.050741713696503155e+01 4.377891813636524132e-01 5.326581477768600470e-01
3.591102925331875895e+01 9.092897726705169159e-01 1.712555481610264496e-01
4.082302743856111960e+01 6.533561921721716681e-01 4.141351711362322718e-01
3.510557001206539951e+01 6.196458988380806332e-01 6.055646790346482788e-01
3.650971800699593217e+01 7.610259052572488914e-01 6.071639535614953287e-01
3.160220440648285134e+01 8.992987673339117860e-01 7.978482339563225390e-01
4.068692775343259171e+01 8.437656788234876304e-01 4.158690175413818912e-01
4.321780729941611554e+01 5.335704444353818188e-01 6.378760491204764627e-01
3.818413616526387955e+01 6.284351679350985709e-01 8.276114412475901183e-01
5.098263749079823270e+01 3.255975605364285208e-01 2.902890765705669063e-01
4.101856598928391406e+01 8.666447806174767399e-01 3.473173489416528370e-01
4.617070319311608984e+01 7.501804431562782982e-01 3.148275622917529604e-01
3.167599869566568671e+01 8.585922740732346847e-01 7.369666438039376155e-01
3.353008272828253666e+01 6.626709271859557715e-01 6.343055845152224537e-01
3.015449901593141036e+01 8.921918318543792248e-01 5.399818486708822807e-01
3.232658600839170759e+01 9.096715279102554064e-01 6.746188765986025349e-01
3.852423471756556239e+01 5.018213876670006846e-01 4.288163689951137170e-01
3.496909285849416449e+01 9.510577651263815158e-01 7.163650765930598130e-01
3.609181234048165976e+01 7.822179047097735927e-01 3.601308719018191384e-01
3.776840128362149329e+01 4.500244585435775324e-01 6.236038444520665136e-01
5.080388989035430569e+01 3.059076271529245772e-01 2.265305117509920640e-01
3.295622450522488833e+01 7.286982096831823297e-01 8.435757957982435995e-01
3.338902467338841973e+01 7.493264214874749696e-01 6.668897288566688619e-01
3.530646135125682150e+01 8.772954922820795920e-01 8.687451412090310132e-01
2.757819889291497617e+01 7.769032377436769776e-01 6.979563351093523993e-01
3.616342312188795205e+01 6.732461068790179803e-01 4.393896827787178161e-01
3.180594001071427357e+01 8.889887324411136493e-01 7.320995237769922781e-01
3.332440047685383178e+01 5.232004951826612071e-01 5.234418501378852451e-01
3.851743883651253242e+01 8.351786483544739736e-01 4.775176645801385567e-01
3.308289199439319361e+01 7.892039112552825530e-01 5.371584979595120934e-01
2.679912592748428679e+01 9.013434416801300308e-01 5.344613663755842792e-01
3.599716936296635339e+01 7.563357570076751912e-01 6.411376678543649899e-01
2.633254204731996850e+01 9.800189823316822757e-01 7.745209008374249748e-01
3.215409139728510013e+01 9.801014665582664653e-01 6.980493023674466668e-01
2.965692555032962474e+01 9.425504271590832150e-01 7.726214371538363546e-01
3.105057799744145086e+01 8.970579873337706234e-01 6.761758790046722423e-01
3.439232849642397127e+01 9.309414570493063090e-01 6.494249089186894253e-01
2.937289727778824400e+01 9.087430133904974561e-01 6.664461402147531244e-01
4.090422566943984606e+01 5.774615529641634604e-01 7.429977671709082632e-01
3.049739643835977532e+01 7.701967433937673135e-01 5.182139597249770802e-01
2.904917803690663902e+01 8.666153829915944629e-01 6.247235952238890944e-01
3.923548178305603074e+01 6.057271242474764339e-01 5.652637143839613909e-01
2.886247880488950557e+01 9.089554688235970126e-01 5.171848017499888206e-01
4.730983382034642659e+01 3.739254898599948529e-01 5.542982833169763923e-01
3.486486753067251243e+01 6.991067912609608692e-01 5.017123461011977481e-01
2.900222879045006508e+01 8.694320547065971239e-01 1.051732293823710807e+00
3.404472754394863188e+01 6.622092689571037472e-01 6.529721747024429535e-01
3.371581346071830865e+01 8.456902961431571608e-01 7.949210378750442008e-01
3.454749749131210024e+01 6.363119392914636796e-01 5.696724313327128364e-01
2.759066914812302684e+01 9.942012184870083757e-01 4.710692673085529747e-01
3.718268875694522535e+01 6.413081925282149154e-01 4.141218371634307616e-01
3.385829398955643654e+01 6.637861558272084572e-01 5.725419977601808874e-01
3.304073288759876448e+01 6.512733805288661859e-01 6.668936094343044241e-01
3.434978734200633710e+01 8.107424694005427313e-01 3.438722408295533661e-01
4.342560470575897114e+01 6.840045755171962893e-01 4.414497034695060163e-01
3.271847139175669383e+01 6.755128055342615179e-01 7.305138179779535612e-01
3.176317050674059317e+01 8.179921238262580774e-01 7.929327340051702810e-01
3.518695375539677173e+01 7.083839428814543426e-01 6.617856577617304836e-01
4.277132120243695113e+01 8.105374000673073454e-01 3.392377861411435824e-01
3.607912459124270299e+01 7.946031974488156902e-01 3.643070372097360066e-01
4.326987616447255647e+01 6.605700082008498786e-01 6.052498291535488573e-01
4.036432633450537111e+01 5.664597541925134871e-01 5.772915124874659076e-01
3.373715921963368913e+01 9.097990316459583227e-01 5.622541209157353448e-01
4.024989909505050889e+01 7.053063369883779687e-01 5.789635526256136089e-01
4.095735149861193491e+01 8.678370647236556268e-01 4.046785646189989261e-01
3.182222458128505593e+01 8.935687915299169726e-01 6.684773527535698978e-01
4.807226138701695817e+01 6.360998336061985947e-01 2.840513352526239377e-01
2.919470989075524159e+01 8.452464480116128609e-01 7.191004592442240551e-01
2.866102066725943942e+01 8.182029667072671097e-01 5.555998775290034164e-01
3.578903398168933592e+01 7.497686155538012542e-01 4.908775778255121125e-01
3.915454852654787032e+01 8.378239887141486486e-01 4.577491024766059402e-01
2.982255115155297531e+01 9.738994749123065509e-01 4.306131606728466621e-01
3.631775343246860643e+01 8.544326926684184809e-01 4.236203875763756566e-01
4.418294093098947428e+01 7.300573992082933783e-01 4.889281301752032016e-01
3.946267344159468138e+01 6.344250457603717308e-01 7.679517274212956934e-01
3.446199526464815222e+01 8.582328440183137896e-01 4.392047016725849073e-01
3.156896803472469060e+01 8.573572676627487787e-01 5.776265942466510817e-01
3.357268956909280178e+01 7.683207362028632303e-01 5.679439999519529936e-01
3.818920481093992692e+01 5.415004707930203276e-01 6.014442602590787113e-01
4.362386085641934130e+01 4.642602802383685723e-01 3.327781719182604236e-01
3.217519064418922170e+01 8.573799297825375199e-01 6.811279178426719039e-01
4.315006537585277613e+01 7.694521467430398554e-01 3.647809735060878467e-01
2.801656830040413482e+01 7.461279098569723045e-01 7.589712168660088798e-01
2.802353686719313686e+01 8.963470870988395900e-01 4.462715525488039625e-01
3.393930483591766745e+01 9.150623466169155451e-01 6.632326880907579714e-01
3.376880218400356171e+01 8.339426545150253611e-01 7.525774760403214358e-01
3.080690461269215419e+01 7.071496140164360567e-01 5.588502366729766191e-01
3.371177239704788775e+01 7.071920147318975225e-01 6.378984276393581121e-01
4.201481909987339947e+01 6.102821588052123047e-01 4.380832927103701646e-01
3.016465696192660317e+01 6.805349047290132347e-01 5.871678767443913038e-01
2.774837501660964989e+01 8.449257910374426972e-01 7.988813897141102682e-01
3.686410797685548602e+01 7.665176448569305245e-01 3.526419012003140230e-01
3.519783947178571282e+01 6.500738302004686053e-01 5.087301856947501477e-01
3.131726079759715020e+01 8.093467607776281270e-01 6.843097095480485947e-01
3.088427058443977558e+01 8.578385349863362208e-01 5.966527985354420638e-01
4.253805366556845513e+01 5.791650248175774784e-01 4.521879891628766690e-01
3.264025854274498073e+01 6.934744413699639454e-01 5.841964263507005706e-01
3.619721010464736821e+01 8.194022565288707760e-01 3.349283244570749329e-01
3.364879955337401185e+01 8.555395478023178901e-01 4.099137573201521167e-01
3.216074952114612984e+01 6.910533014979347577e-01 5.454297277325080850e-01
2.651815811517090182e+01 9.868334518547459133e-01 9.710543358466365849e-01
4.092746167964854465e+01 6.146537182637857866e-01 4.923768767679804204e-01
3.786820939502699446e+01 8.336978154526591966e-01 3.187800551751851508e-01
2.821187533850002538e+01 9.877488869422319517e-01 7.463904124320195344e-01
5.406854163828873538e+01 3.211443941480829345e-01 2.607094152609996662e-01
4.771464498219751960e+01 4.679893613510622830e-01 3.687501519930761473e-01
3.489152999123940901e+01 5.680924433559819686e-01 5.808496491891671498e-01
3.466318613008063920e+01 8.642070918461930429e-01 7.949140054802205091e-01
4.406240463997138335e+01 6.662735840609999016e-01 4.601964679770078059e-01
3.569116448305891964e+01 8.305919553101304142e-01 4.837506203527784931e-01
3.554781171697162989e+01 8.309157618464845241e-01 3.917254932223067088e-01
3.273392926650974744e+01 9.643214604446993521e-01 6.043631844060691760e-01
4.228071279708888142e+01 5.859172112467671001e-01 5.592463202714830217e-01
2.873771288586266692e+01 8.404156882821265384e-01 6.630234194280063553e-01
3.863390387246727897e+01 9.756909859991962364e-01 4.740050630774266249e-01
4.530682978163518015e+01 4.001199863590878536e-01 3.718068236413166749e-01
2.752228172055032118e+01 9.841512385114548067e-01 6.250593687018634048e-01
4.756972741498761081e+01 2.680439671276641511e-01 4.752277471880874127e-01
4.266326243327404200e+01 7.609546491757368525e-01 2.080750342431657574e-01
3.513198338168574963e+01 5.582387779889337320e-01 4.054471692186793486e-01
3.704366352826475861e+01 6.905336615191018934e-01 7.299081336610983017e-01
3.054275252247351347e+01 9.732147126523825742e-01 7.517448147363109401e-01
3.240723788237575320e+01 7.547087202806125328e-01 6.240366666857456446e-01
3.383198277468414261e+01 6.916697071358833826e-01 4.210110759168284589e-01
3.606825916540884691e+01 5.318537418188191701e-01 4.291897968440254729e-01
2.987712818521028879e+01 7.568877702345472303e-01 6.285529466345233240e-01
3.452605119362185349e+01 7.093942676516974410e-01 7.863554405182675566e-01
3.595549961033254505e+01 7.368069260989800195e-01 7.150611827012782751e-01
2.840112280458559368e+01 9.977955661692285982e-01 3.507026869644315203e-01
3.028728994089193449e+01 9.507038744728694146e-01 4.811306589018746194e-01
3.063042920411415082e+01 9.540567167511297964e-01 8.237512761754595125e-01
2.999847315304970508e+01 9.779419757426437432e-01 7.465058215243370876e-01
3.162240334606922687e+01 7.962114461423354106e-01 3.365572187354050060e-01
3.546769747742664691e+01 6.461744210238067332e-01 5.703424608356979508e-01
3.572152808137030178e+01 8.372559065596366645e-01 6.795902580937486226e-01
3.452401089734622275e+01 8.687229915130219027e-01 4.146895516151059002e-01
3.811691987078793886e+01 9.403087831161985877e-01 5.724778440923234957e-01
4.114518038446156822e+01 4.365162732615609498e-01 5.393597578548590121e-01
3.272319698561553736e+01 7.243684996068061599e-01 6.084090729802500430e-01
2.924920094204808407e+01 9.292047690488829392e-01 6.850603072576031405e-01
3.806033029440613547e+01 5.814188356142773184e-01 4.771504246681579908e-01
3.184254425198493621e+01 9.647336843056409927e-01 7.632332699954974542e-01
4.303966246240839411e+01 5.442184908726461767e-01 3.674576949203110510e-01
4.300100164210254405e+01 8.430364015086508900e-01 2.636685750447400611e-01
3.748523737567573733e+01 8.123288986912556853e-01 5.670274481899093555e-01
3.654889026377401251e+01 7.032224476683399672e-01 3.251148864654475612e-01
4.609768458172690941e+01 4.562941603185542427e-01 6.219174390948524200e-01
3.876138007411312714e+01 7.352300119315774429e-01 4.449417169222942281e-01
3.146893523160026973e+01 9.500590334659529956e-01 4.651087960500638885e-01
3.363454327575593084e+01 7.176581450693672037e-01 5.893732602509914598e-01
3.655744586720348366e+01 5.514169227480280044e-01 7.861525251947634185e-01
3.594894900420428030e+01 7.792489130120812124e-01 5.086063003357444989e-01
5.083264047593986845e+01 2.699012765514540169e-01 5.066466627403914957e-01
3.379362866610446758e+01 9.809130581367380142e-01 6.206515217647916582e-01
3.305069456139759865e+01 9.683006314277191606e-01 7.964357697566396554e-01
3.929832696833024386e+01 7.697678208350421381e-01 4.472037797252446656e-01
3.614724712414507479e+01 6.892368462740500190e-01 4.768685130037023656e-01
4.136192944591969223e+01 4.013588917815401613e-01 1.578528694996873816e-01
3.739441291915674981e+01 9.117564319738010736e-01 4.170991764138327063e-01
5.048033562486326531e+01 3.441441559830192287e-01 4.788729606549298468e-01
4.296212080453479132e+01 5.518795960285409752e-01 3.849162002291853790e-01
3.133812796352445318e+01 7.813062383862778848e-01 5.332405589580271332e-01
3.912047172494089153e+01 5.431608237571469155e-01 6.517989283530063460e-01
4.151809421468014705e+01 8.899952006684284100e-01 3.221933883189531667e-01
3.462676911418643044e+01 8.528868048371275323e-01 4.461259055296087905e-01
3.748870119146049262e+01 8.106272273931111050e-01 4.582464940503653272e-01
2.950290544274104576e+01 9.209344391637278582e-01 6.980704772064396657e-01
3.135352860324950086e+01 7.164575121438437888e-01 4.979020227636367646e-01
3.472647794002056543e+01 7.822602196818654319e-01 4.156163117515402905e-01
4.021127445068909623e+01 7.951354676009840805e-01 5.339407034085577042e-01
2.877772933859191085e+01 9.088585285104170408e-01 6.933085110427531506e-01
3.632005773274917004e+01 7.409202526685890744e-01 6.823564784521807258e-01
4.086133101516134758e+01 7.373586929162485593e-01 4.452024134059174854e-01
3.591865491188195136e+01 7.737182554193422490e-01 4.937467988839725486e-01
3.251218919153649267e+01 9.032227458042643153e-01 3.108634078125077638e-01
3.345602998238196335e+01 7.914897858250837803e-01 5.214795653343639037e-01
3.063891950383958118e+01 8.733818328349006732e-01 6.316068796102765059e-01
3.994010284191841720e+01 7.372325440508847860e-01 3.598348474162720301e-01
5.011158608136362602e+01 6.111094795110806333e-01 4.396866977030606805e-01
3.652595476579892875e+01 9.350943389978308984e-01 5.120859141172782181e-01
3.477419582158663758e+01 7.033988749276715025e-01 5.413341170871095454e-01
3.957295799916742851e+01 7.179102634820826445e-01 4.694022655226519070e-01
3.587265271616995932e+01 5.452498446612700223e-01 6.563658376029309904e-01
3.696621511267885296e+01 7.344538968285920788e-01 5.208086439166415005e-01
3.214952201227759332e+01 8.309511828000347711e-01 8.504908810528946095e-01
3.632880631981507946e+01 6.161133384616596098e-01 5.440435644285043226e-01
4.116534027997828105e+01 7.626323227010830541e-01 4.983166070226310862e-01
3.022065364518713082e+01 7.771802842263805244e-01 6.920131653396822680e-01
3.148782152157493286e+01 9.181858083228424672e-01 6.763298890669777741e-01
4.392044588864826693e+01 5.239501167154709815e-01 2.782912027373855013e-01
4.381957892413927169e+01 6.793339905918858168e-01 4.575586292522094145e-01
2.899551050159697851e+01 9.884964990120803652e-01 8.576244847510607894e-01
3.412830038843186742e+01 6.982012328881912477e-01 6.684993279477453587e-01
3.083681706928188859e+01 9.461681045839832604e-01 4.122704344053133574e-01
4.065195328133923169e+01 6.506275252494385652e-01 3.787957936076254417e-01
2.830224539527884886e+01 9.394658430147968531e-01 6.321718065905926887e-01
3.456021105244006009e+01 7.754246600936245404e-01 5.865332927662038065e-01
4.455972568914177856e+01 5.396378950337152869e-01 3.192557353538989506e-01
3.918787598059267907e+01 6.678403370319163646e-01 5.832865111491236654e-01
3.675336680456106109e+01 6.706028915153348091e-01 6.485784270984190636e-01
3.413783727767376774e+01 9.230995866451930931e-01 6.865262507187740448e-01
3.770664609420218483e+01 5.711126528752473730e-01 9.513665174622359944e-01
3.355449967161379021e+01 8.837044766262146522e-01 6.577222465833072462e-01
4.252588281387436808e+01 6.266137756555271165e-01 5.571209399618745062e-01
3.369611363851823427e+01 9.384796720844128526e-01 5.511451145427108678e-01
3.305286409419636584e+01 8.471949141723682519e-01 4.890997474494562236e-01
3.692962108316218206e+01 9.002923615746498687e-01 4.045175780151897826e-01
4.371414081576242694e+01 6.395788473419956599e-01 5.724033722749638509e-01
4.532245172421767876e+01 5.894647792279936738e-01 3.908981682376587163e-01
3.287296924623636585e+01 7.792875883366281453e-01 7.744067004425055911e-01
4.449359584697440084e+01 5.957879760445201622e-01 3.920793834631225994e-01
4.334363814103058132e+01 6.953334475487883415e-01 6.415281475887371077e-01
2.894622733649282509e+01 9.675290801970993781e-01 6.362393280629519143e-01
3.655469569603367574e+01 7.031318998025534173e-01 5.972690658048889212e-01
2.988254301245223843e+01 8.896887808681974708e-01 6.897203054438675318e-01
4.008891804139773285e+01 8.778578612361526146e-01 4.150808397030905650e-01
4.135887587983312841e+01 6.586419492041110102e-01 3.454689036354635090e-01
3.636701814985026004e+01 9.608717530125744366e-01 4.208380075410680377e-01
3.705838520207169040e+01 7.103442950128452393e-01 3.041017744903476983e-01
3.188026164139992247e+01 7.369819496376096568e-01 4.650082790181964132e-01
3.618223772359405643e+01 7.472736799523361784e-01 6.946001207861786098e-01
4.098232304210644372e+01 6.565420219329926033e-01 5.296068966088761654e-01
3.015515926711038830e+01 9.379335260557065679e-01 6.824109800242618151e-01
3.227886420874647655e+01 6.770439498765034037e-01 7.014289074564541426e-01
3.145495641202626658e+01 9.634837981028474552e-01 7.994389439967373168e-01
3.685385429536506763e+01 5.209732730895043629e-01 5.943789774638825740e-01
4.081844392489094275e+01 7.379149766924315568e-01 3.347201679709420064e-01
2.999464034063720774e+01 9.279769418729896246e-01 6.700424916611574799e-01
3.601311464537140949e+01 9.723552960921966193e-01 3.683808151983755663e-01
3.549748071391986315e+01 8.349037816715313420e-01 2.872406552785988776e-01
3.628192004345122257e+01 7.579143945839204033e-01 6.334294293644031626e-01
4.058595521631528413e+01 5.686209601238892963e-01 6.291899937292392275e-01
4.113031568806991345e+01 6.178139503587374293e-01 4.054970735408200966e-01
4.576914254975350360e+01 6.500965146089877633e-01 2.386081161815683804e-01
3.364581086576114899e+01 9.806823987961987843e-01 4.892134854857800308e-01
3.242002859797367620e+01 9.586069518582897020e-01 7.596458712524020163e-01
3.753382067197062355e+01 4.204602283042952471e-01 4.991254478125330962e-01
3.186218562169181112e+01 8.815246889898502580e-01 5.600726382932261771e-01
3.161661275107476854e+01 7.156299607720595368e-01 5.588372868235746971e-01
3.301195592641035148e+01 8.193697377212343369e-01 4.613651377749142801e-01
3.394336503096138102e+01 8.616168780923531001e-01 6.783122472322714591e-01
3.312538062931525928e+01 9.251905082338153230e-01 3.558293394207436289e-01
3.814283765433847861e+01 6.779608747349559206e-01 6.271764887668602739e-01
3.009386554104028377e+01 8.762491122705712288e-01 6.428861883100993602e-01
3.155334026957353188e+01 7.268791917710410999e-01 7.266603592493412478e-01
3.122430751463409493e+01 7.685410594996451294e-01 6.004263083712879645e-01
4.229010620343773041e+01 7.302190514536283095e-01 4.902034903725141501e-01
3.267548231076054321e+01 8.359230024963989480e-01 6.067308064558191161e-01
4.673647377163523942e+01 4.280626370692117710e-01 6.717174359052680011e-01
3.279266761675987851e+01 9.412161651143627905e-01 4.999707832554101672e-01
3.701768057966846470e+01 7.804245794632136413e-01 4.546994312490093559e-01
3.436594237570943022e+01 6.039409552884700272e-01 6.603407105133002331e-01
4.021735309636147804e+01 6.057865796169459305e-01 4.857385104618241467e-01
4.316405025284847596e+01 4.731115223832813022e-01 1.243171444837471856e-01
2.818419687037504318e+01 9.878489766870741651e-01 4.962570874844816626e-01
2.939696127942669435e+01 7.962860075001827465e-01 6.930148532160277375e-01
2.612483651466745371e+01 9.200089100822933519e-01 8.585885620691540154e-01
2.968116058242594235e+01 9.861780959833554849e-01 6.959440294378482772e-01
3.032107257303809789e+01 9.352832833659379119e-01 7.166050811361653894e-01
3.083021132967969180e+01 9.766129188299952357e-01 4.478797202487294071e-01
3.496115628302755596e+01 8.887130598783687940e-01 6.553094639475570693e-01
2.871855997229101121e+01 8.235348833904818644e-01 4.594900074645239529e-01
3.707118380556271120e+01 7.360894473733020638e-01 4.840862328908213663e-01
3.123542301391296760e+01 7.171688607398423176e-01 5.300862986970560353e-01
3.225776711858347312e+01 9.764301263572949807e-01 6.664621768527285717e-01
2.846464056967166556e+01 9.849400056058831288e-01 5.617980819493986200e-01
3.510173730637281153e+01 8.629226232469987545e-01 5.342592765287940137e-01
3.072971684375183443e+01 8.034452102266548268e-01 5.245173624280782265e-01
4.329672204887047116e+01 3.344503615292712673e-01 4.389049521650603136e-01
3.366716052908326162e+01 6.215846754989714507e-01 6.185809865835096844e-01
4.212052792796700373e+01 3.777848582529071408e-01 4.172058365749609643e-01
3.859548455774983466e+01 6.797901747940536810e-01 4.083003794868229619e-01
3.782709472888458180e+01 5.739070347566181951e-01 4.516498882700332729e-01
2.562671424366997996e+01 8.363191924352263440e-01 4.913854934612384429e-01
3.713186323809072320e+01 6.879406586708320948e-01 7.582297359110790058e-01
3.121134017910097214e+01 6.954072906932879938e-01 6.443297056301372505e-01
4.546068108974016297e+01 3.676189906378499739e-01 3.270283684428555993e-01
4.199610775513988870e+01 7.704268142023588117e-01 5.363688838074764931e-01
3.346519962533405135e+01 8.536420836735723050e-01 6.117188626505778437e-01
3.384052676302682272e+01 7.883385194456521416e-01 7.594699591122746618e-01
3.282638208790022816e+01 6.865957559977429181e-01 5.713448331978699946e-01
3.602209175063346436e+01 8.048212862591237471e-01 7.166223611211582911e-01
4.175302230716456364e+01 3.929529093286338592e-01 2.601643542809858878e-01
3.667482387605849681e+01 6.768799162783106782e-01 6.123972607119497757e-01
4.464726264210177220e+01 7.090581869595231623e-01 3.494007089527507159e-01
3.778688546173279406e+01 4.797011963368595366e-01 5.951931372820955524e-01
2.922816154178029535e+01 6.493732839699175585e-01 6.912604087116057672e-01
2.957052435150639269e+01 7.439460683109295758e-01 6.782453241221934048e-01
4.008377900413225348e+01 7.235901351734776998e-01 6.139422520784362236e-01
3.401117645519767052e+01 6.520355596479449067e-01 6.933003018359281677e-01
3.890301980706291829e+01 5.232701419875714910e-01 6.932101821209523118e-01
3.399728606071223425e+01 6.246615050719428464e-01 5.510443789389408709e-01
3.680917571420687295e+01 7.722682874085086135e-01 3.097618836062386860e-01
3.347838002582454209e+01 7.111303089330907046e-01 4.459637216346010180e-01
3.677668704111572850e+01 7.887282108894737576e-01 4.113486522360720321e-01
3.975553202472816849e+01 4.713312735751313820e-01 7.333260434677233430e-01
3.368505775076128828e+01 6.303731174273011773e-01 7.506273665283559327e-01
4.176367746738680609e+01 7.353754607317017911e-01 5.957539352178948810e-01
3.611461249713794075e+01 7.894686503583261405e-01 6.843985680185903364e-01
4.342264491313372332e+01 3.842491840814056814e-01 3.510968642665677764e-01
3.937564825626402154e+01 7.392605292692688845e-01 5.502470285402166761e-01
4.537671127177477359e+01 7.259596750268010323e-01 4.582506260238172202e-01
3.345760152909232232e+01 7.647698695505519284e-01 8.269192906542079946e-01
3.739818273308628704e+01 6.322390253293145301e-01 5.447545496661726494e-01
3.414289961478854707e+01 8.325136980470232428e-01 3.971578176069908150e-01
3.572009489177948893e+01 8.542115224001718410e-01 6.480515385110862114e-01
4.732715488861229858e+01 4.644498642033016989e-01 3.578845033708645262e-01
3.336144762446794232e+01 8.624226526484631838e-01 6.637816737810310341e-01
3.763217040691412762e+01 7.053643576595928222e-01 6.517714895024293575e-01
3.343584381660161853e+01 8.389303315377931725e-01 5.756712039750397913e-01
3.099697719003249574e+01 8.407510588020132847e-01 8.319989218817804844e-01
3.886139790397213289e+01 5.532162275701673071e-01 5.985973800024738667e-01
4.068431890768207637e+01 5.465373387043188647e-01 6.291324975035004208e-01
4.256996249476341632e+01 5.620148559201166849e-01 5.554088332713934539e-01
3.048024961901343133e+01 7.946877386875115246e-01 1.024271086376886020e+00
3.255278256353033584e+01 7.609728690528879680e-01 7.322433723654991899e-01
3.331930057540941448e+01 9.144588001737633531e-01 5.913887694370901782e-01
3.248318799006684543e+01 9.969607101931474702e-01 6.737836819098047547e-01
3.403375300281498284e+01 8.367689200002556005e-01 7.225308285011290410e-01
3.046692346283505870e+01 9.236724569705719867e-01 7.665329226610824165e-01
3.966334457302639294e+01 7.309942849594693870e-01 4.193874646252501170e-01
3.429901436419269345e+01 7.740982464912503636e-01 5.894464788593087867e-01
3.321039371862193690e+01 7.899764896367047484e-01 9.488859123192375788e-01
3.312475386888745277e+01 6.946701148581930774e-01 7.680495317203027694e-01
3.209183393139351637e+01 6.544568225725960753e-01 6.393222301354554160e-01
4.147353943315508218e+01 4.920847365057524625e-01 5.875402716291538985e-01
3.648539981835348556e+01 9.732457637837603759e-01 5.099081723934357768e-01
4.399729744104149631e+01 5.461740910422117068e-01 3.142127781101691775e-01
2.948072752607078328e+01 9.950637217845750282e-01 4.595865104635146192e-01
4.116908584064533727e+01 6.977209016203251846e-01 4.431871681782091899e-01
3.348721046345831809e+01 7.378948747612426029e-01 8.009246016879640884e-01
3.477115501802709474e+01 8.026187401998894355e-01 5.335216828914832732e-01
3.693488628873215873e+01 9.853573881808090906e-01 5.742613522827445527e-01
3.766843496367027910e+01 5.672816558987900937e-01 4.106409283157431700e-01
3.684009705362501563e+01 5.939874322382605598e-01 7.387081144081752981e-01
4.042686317949300445e+01 8.875723877709611465e-01 4.527601410077831678e-01
4.635471016432042290e+01 5.085780091150169380e-01 4.039342377367765580e-01
3.338597948245087821e+01 9.571832084373536054e-01 5.153054515717079287e-01
3.403918536842585496e+01 8.203133603999056556e-01 5.462159279307692294e-01
3.401216067753428973e+01 6.890831017446191753e-01 5.687264883026068585e-01
4.354073623794548809e+01 3.802169583915893103e-01 4.282379840485861511e-01
4.303702234411505856e+01 6.015726427373131457e-01 4.677129762868283414e-01
3.412892659432593234e+01 9.043135097481974638e-01 6.537213084321567003e-01
3.923954050919508774e+01 4.587160275541400933e-01 4.522147949660926258e-01
3.805829439412578097e+01 7.398074674348008584e-01 5.267321948613455929e-01
3.480323925838960974e+01 7.110715803030892568e-01 8.509387424919077070e-01
3.637539309217424233e+01 5.835076162614114548e-01 6.115322844963945181e-01
3.308346608523542187e+01 9.411939543522683804e-01 4.950429471533440151e-01
3.019450139402615463e+01 8.091532299644978998e-01 6.746656983344939684e-01
3.299753863284164623e+01 8.430948935050740500e-01 7.825703147445859376e-01
3.855807705953608888e+01 4.858149097923550874e-01 7.191219038515564987e-01
2.855065877420306464e+01 9.958889730372523230e-01 7.034008845195909299e-01
3.128110260800269060e+01 9.245490761966818072e-01 5.747549320637593828e-01
2.909661195025105584e+01 9.294380615952495539e-01 6.490411709936756424e-01
4.153620943469027083e+01 6.314663542467742197e-01 6.177176464991507299e-01
3.501950394458360449e+01 9.469441614273295116e-01 6.140019617530991791e-01
3.402280246557955223e+01 5.466578217094599790e-01 6.050518509420752533e-01
3.209557317734865478e+01 9.629444984486572601e-01 4.673178960275248262e-01
3.646145401153142984e+01 7.623707516435733744e-01 3.837531214579515404e-01
4.014591886170541102e+01 4.932528240708804468e-01 5.378617666269935871e-01
4.491550271713916231e+01 4.966170608078375182e-01 4.470956797290184248e-01
3.789716221299614318e+01 8.908730830974143089e-01 6.039665981970332442e-01
4.373972163406619984e+01 6.217880473625234661e-01 5.276612180416008213e-01
3.459612253242293178e+01 8.629372890041141497e-01 4.627608004289028298e-01
3.124837697989430296e+01 9.265811735212295952e-01 7.221341746136897832e-01
3.555867008224601733e+01 7.290999070261999782e-01 5.808652282607134065e-01
3.469494145184646072e+01 8.643906989822356390e-01 5.042378054478993121e-01
3.236227428657900163e+01 8.839226405075836235e-01 4.670642522672616703e-01
3.142363121684214278e+01 8.777525573780693424e-01 6.483233886836582416e-01
3.169364901381344168e+01 8.194253910685050935e-01 8.399466747823647328e-01
3.932895898335983276e+01 6.464881152619562643e-01 6.536643655599918556e-01
3.318020822191783736e+01 8.185290290577494909e-01 7.027442628704070327e-01
4.526726589898304098e+01 3.099939404035790269e-01 5.096727424186001665e-01
4.546892571152822171e+01 8.296989642506102935e-01 2.977582073996697387e-01
2.979734091850962940e+01 7.879968107630411778e-01 7.093298312233912162e-01
3.614792754341268477e+01 7.171463298824645172e-01 6.600925255985347073e-01
4.208550439116007880e+01 6.284857505662024835e-01 3.917154620416999355e-01
3.633265469087108812e+01 9.718231647990033251e-01 7.812026886816900717e-01
3.873154464858637880e+01 6.504834052100118003e-01 3.672611212249364265e-01
3.524336140987202981e+01 9.261913075391892125e-01 5.096344297338798457e-01
2.533660392597593614e+01 9.893903322990530436e-01 7.433057124404778282e-01
2.857460734057182350e+01 9.521706086571404271e-01 6.204147481617373616e-01
3.090778734320801391e+01 9.634970570621260721e-01 7.650562273054409834e-01
4.408798780218610602e+01 5.254242090560045098e-01 5.632661026085423739e-01
3.788987598098083964e+01 8.805567172997647019e-01 3.938291986435351055e-01
5.278846100466052604e+01 6.786752344466989717e-01 3.899440783738273852e-01
3.553335364761881721e+01 5.909397932000319820e-01 6.921736486663002674e-01
3.294857626183694066e+01 7.388272563287719974e-01 6.793947848522897681e-01
4.037522204049016494e+01 7.552687431071379853e-01 6.878675832748547547e-01
2.929502173710664081e+01 7.889377514129451985e-01 4.435767988639908177e-01
4.057768985291508557e+01 5.156175957282128630e-01 7.397508216290054062e-01
3.062883281336014463e+01 9.642417508053312547e-01 6.830276005354022351e-01
3.897946051150313451e+01 4.554336955761164596e-01 5.630518214748141403e-01
3.767143141661046002e+01 9.545214108418439425e-01 2.339640686651083268e-01
2.701098704991515120e+01 9.694525171534112973e-01 5.080690566537947594e-01
3.678593203677522183e+01 7.730963786316077391e-01 6.629900546106489712e-01
4.088219550190213880e+01 8.353636665143100437e-01 2.445716346687903386e-01
4.131033711062610791e+01 6.505170196145270145e-01 3.205491956153754818e-01
4.319152475853269380e+01 5.593281760536574776e-01 5.172078566545060818e-01
3.668449090139186808e+01 8.784977569944081299e-01 3.588808714531326882e-01
3.642075280775414114e+01 6.638735021118660207e-01 7.663709723257186024e-01
3.716550566520778176e+01 8.824414947759009475e-01 3.287778998029307620e-01
3.243623998424003929e+01 9.759393446299333696e-01 7.657778173624735230e-01
3.809410452514276813e+01 5.503421730272958223e-01 5.191207843970021552e-01
3.995882173399401438e+01 6.454432841641959406e-01 3.326076313847828869e-01
4.401277517688678387e+01 4.389455742748444855e-01 4.791794354453283167e-01
2.861894111196510693e+01 7.630771379539373900e-01 7.228555267931653372e-01
4.649986378083552552e+01 6.283631896143877515e-01 2.550984139135195061e-01
2.964658838805543084e+01 8.715213633963319051e-01 7.794524737916257440e-01
4.977814088623362920e+01 5.203552868880753079e-01 5.944092567700179908e-01
2.899098980261466707e+01 9.798949080075372020e-01 6.975760698267940985e-01
3.374261964037796702e+01 8.395230399042612479e-01 9.043140664494913050e-01
3.665687474736447626e+01 6.091444296821337812e-01 6.451562629355779288e-01
3.548048137070752261e+01 8.376514884661910854e-01 7.090308592622266426e-01
4.515353298334569132e+01 6.646966850069788713e-01 3.815915796699033691e-01
3.598353813334754392e+01 5.756577987731068546e-01 4.792199302265841565e-01
3.051056779735311864e+01 9.919143115843414016e-01 4.358124443493493483e-01
3.528311969821212557e+01 8.640357109638887589e-01 5.616889653824114204e-01
3.700678528588944971e+01 6.155278470388227952e-01 6.643632966642027959e-01
3.686982453035119534e+01 6.773733822085632461e-01 7.915528269226301816e-01
3.819054256301311767e+01 6.682539568517330553e-01 5.363154905573801479e-01
3.102316202432440306e+01 8.926443850303679151e-01 5.888153893595327038e-01
4.534861198066191434e+01 7.947678887167983763e-01 4.090208063824911089e-01
3.718227493309176879e+01 7.761141708050486310e-01 5.954571116471010228e-01
3.539380744402653534e+01 9.221078864089815585e-01 4.611016252957913508e-01
4.206244365162974930e+01 7.314963125798682464e-01 4.384263352401345792e-01
4.167453290722669834e+01 6.937845420093166071e-01 5.669101128126644573e-01
3.434191335881153151e+01 6.408758108793247699e-01 7.578956539647733193e-01
3.203228514559889817e+01 8.371883344578741060e-01 5.620794164976660179e-01
3.473508222590749739e+01 7.966135261553480840e-01 4.129806139944625643e-01
4.129596698615753070e+01 7.531673048872965515e-01 3.792139777225116970e-01
3.367315952037326809e+01 6.594637064428382489e-01 6.094062354548681615e-01
3.811987746575789515e+01 9.141872193073745656e-01 5.988719914695401769e-01
3.898895169462331012e+01 7.086138122197541689e-01 5.309633535914716207e-01
3.535482265078642428e+01 9.502773748370340057e-01 4.604342338178969984e-01
2.811603285802547347e+01 9.057466876906595799e-01 7.828649433966218263e-01
4.235189925159157553e+01 8.094780273072395005e-01 4.972983324737492716e-01
3.438002059717258163e+01 7.185157659351329995e-01 4.922293663408145448e-01
3.974687484203504795e+01 6.228753088908590696e-01 4.048778999668193324e-01
4.457348046658893281e+01 7.551073870562439172e-01 3.025297869161380770e-01
3.522943532500592312e+01 7.840076672869749075e-01 6.633120853137048911e-01
4.068632957846772058e+01 7.663435300843538522e-01 3.097655813125211322e-01
3.703626726137768088e+01 5.670922328754985919e-01 6.923650420529268157e-01
4.005381167447966817e+01 8.151420003844446205e-01 4.567507765476249704e-01
3.425763644520239382e+01 9.653343701356379425e-01 5.042502477021558738e-01
3.416707086835891971e+01 6.727732681837558237e-01 5.265103851517295430e-01
3.693911526336812301e+01 7.230270601297910105e-01 3.878739034965572041e-01
3.890811956747128875e+01 6.280153379417932058e-01 4.902804868163693208e-01
4.961114025585448672e+01 5.118814253479750942e-01 5.016060280488177092e-01
3.251679383569689463e+01 5.416913741763383916e-01 5.158684435830316328e-01
3.469461979442195343e+01 8.401411595533516685e-01 5.288946268269755224e-01
4.289089471305406676e+01 7.907406760022421821e-01 4.524066766019559926e-01
3.187179971481202401e+01 9.119057195787507730e-01 5.815842711654498620e-01
3.226230668020684078e+01 7.600190147634794391e-01 6.678395424075125320e-01
3.432541928397770192e+01 6.590951568277032546e-01 5.126531997250531880e-01
3.432767693199632220e+01 9.678191089159770000e-01 5.068042599083010247e-01
4.210868627334922820e+01 5.930779902584651930e-01 3.235002961924953180e-01
3.836410787073328521e+01 6.344136131739190887e-01 7.600114723047552978e-01
3.957786087857642343e+01 9.919151100366514484e-01 4.330121083037165586e-01
3.453345311147290886e+01 7.602840090696398878e-01 5.505330628834356199e-01
3.176518567126107584e+01 7.240102196911423205e-01 8.754109931279018264e-01
4.002666697410545282e+01 7.083092014299863237e-01 4.209772353093394481e-01
3.120149744776457013e+01 9.517776115198572917e-01 6.826501916386746860e-01
3.301676404617042238e+01 9.487253739551478882e-01 6.414510186796046343e-01
3.364084208216253558e+01 7.295026933074622022e-01 6.876668804439226568e-01
3.887726355845046555e+01 5.531965879746832959e-01 7.014720868928056019e-01
3.778969508243935138e+01 6.166199891234125374e-01 5.688652743006088475e-01
3.449372042459399523e+01 8.267950221773058272e-01 6.474297540844512477e-01
3.763797426045915984e+01 7.191939005309506694e-01 6.225114889430959364e-01
4.336358482480336107e+01 6.021672139855883676e-01 5.770046447739812789e-01
3.539818982330098152e+01 6.581787954075886127e-01 5.886466981204071525e-01
2.728543078264076271e+01 8.000087553342548619e-01 7.129920257561286334e-01
2.904602700994130515e+01 8.333934862553866729e-01 5.940555063820068815e-01
3.754603446310668602e+01 6.454474226458815078e-01 6.794543703027241532e-01
3.516896850869346736e+01 6.734539621578639057e-01 7.113889712649602570e-01
3.353195982363651240e+01 6.039733901034641805e-01 6.185879939981059339e-01
3.783708485870278793e+01 9.034771692179054403e-01 5.526983509524158178e-01
3.329052648218989674e+01 7.179244564482130109e-01 5.623108391722112520e-01
3.481281994010818437e+01 9.793863405229938923e-01 7.052188070285223542e-01
3.569241261879253102e+01 7.582448592008933508e-01 5.368977649800584784e-01
5.031832822390457949e+01 7.423641551061181953e-01 2.248979466888950118e-01
3.312047259812723610e+01 9.047880249146251774e-01 7.848945919519693115e-01
3.966939994347799114e+01 9.539065460796597451e-01 2.539692846032031714e-01
4.013038301573374156e+01 6.850149026133590668e-01 5.592945483021639630e-01
4.615489166064870830e+01 4.595427570067674439e-01 5.743378937603483836e-01
3.064011234737513689e+01 8.666506057885388081e-01 7.701509646454344216e-01
3.703086355958362219e+01 8.968313732082693335e-01 4.810103369301255705e-01
3.790838926821817267e+01 9.175873372224117031e-01 3.931645686601468181e-01
2.963960724068396857e+01 7.353692947503048805e-01 5.789556524047635433e-01
4.049382947406158451e+01 5.272306486748944421e-01 6.185831062614896014e-01
3.644888906114286442e+01 6.234977608021450290e-01 6.676380047690974040e-01
3.115796821371349523e+01 8.785067764171859972e-01 4.487977196364087984e-01
3.205667792345475675e+01 8.292651342085526345e-01 6.078895644636493900e-01
3.772160893594183761e+01 5.453752006810820285e-01 6.003401834781841861e-01
4.039029620596559766e+01 6.792881600109159645e-01 4.560208201981131304e-01
3.062183985991411106e+01 7.556748092931894201e-01 7.105129805737682158e-01
3.034511420761733191e+01 9.649377137719956643e-01 8.263985309234633814e-01
3.724694314633826764e+01 8.032419884184291980e-01 6.158681057895729616e-01
2.758694781553944964e+01 9.772585337381708426e-01 7.626507238352677742e-01
3.482198812975069302e+01 9.849957533640874008e-01 3.346650964610307644e-01
3.595812896391999658e+01 5.942083234126303015e-01 8.939187195028051036e-01
3.563364739227948519e+01 6.729090565842176241e-01 7.299547331157952845e-01
3.815347787599414886e+01 7.023136963585893122e-01 5.672040659318340339e-01
2.900275487988671230e+01 9.562934589740043068e-01 7.675891081316281728e-01
3.655275651602956799e+01 9.245088967335889363e-01 3.962302909609898838e-01
3.533065583602043347e+01 6.194771219101513626e-01 5.737862088798695304e-01
3.866501726547330264e+01 9.112542370085524590e-01 2.335711668643276340e-01
3.855518041999847156e+01 5.377463890893305898e-01 4.666473153534507201e-01
4.112068016357956424e+01 8.335823535783799532e-01 3.610006931492102389e-01
3.141688878679569541e+01 6.870100208861468216e-01 5.215431862165693655e-01
3.824429714013932369e+01 6.231395098065135585e-01 7.647480857962287715e-01
2.991550725227199337e+01 7.633411124741473763e-01 6.284401314679971540e-01
3.014086227411332075e+01 9.385356547185614851e-01 6.687829469456183507e-01
2.819376628925693140e+01 9.691320104071436958e-01 5.339033681839531198e-01
3.315370329397524785e+01 8.939578806833934355e-01 5.133580570044161684e-01
3.549373824736112937e+01 8.276259091239535071e-01 7.151906473911201489e-01
3.722147530646468283e+01 9.860726813974837190e-01 2.366043855359509507e-01
2.926988078780613733e+01 9.053176798728561625e-01 6.411125085394707712e-01
3.258221149127532357e+01 9.105441684590472873e-01 6.096544812067273833e-01
5.348781585027126084e+01 6.288526819396932366e-01 2.221071376870973613e-01
2.911273252816103252e+01 9.766129188299952357e-01 5.332960488008688937e-01
4.435574293035251969e+01 6.293805701736863156e-01 4.986417773250015339e-01
3.302412495796522052e+01 6.886516752240943173e-01 7.117647300862234294e-01
3.007714276182387891e+01 8.645842898823842271e-01 7.883697884318242588e-01
3.550453088132081803e+01 5.628567007717896198e-01 6.909527092726852615e-01
3.737993373325647184e+01 6.024240458505574214e-01 7.381477099403036535e-01
3.424816899053707431e+01 7.595195544973384338e-01 4.460689194948568304e-01
3.227219756809238049e+01 6.183452156441837655e-01 7.547802505651242111e-01
3.176940314354512296e+01 9.590289236810541906e-01 6.558010310681368082e-01
3.774778997712975581e+01 5.347959781771253196e-01 4.792825700298057878e-01
3.594467282666481367e+01 9.635781190467407331e-01 4.329744778154844265e-01
3.570880545183668886e+01 9.018132044406478309e-01 4.142767468485054616e-01
3.035434167468627464e+01 7.479363482406984343e-01 5.890861037272570044e-01
3.977136855794418580e+01 8.693621400397623100e-01 3.138220005641560451e-01
3.460520942223387664e+01 9.991400260809599754e-01 2.254690489976940992e-01
4.152307610923865155e+01 5.449269287813472973e-01 5.398530078944208110e-01
2.944484749920095723e+01 8.842225016983431551e-01 1.031670483405555894e+00
3.273583690432911908e+01 8.324255245796997604e-01 6.677669534468680945e-01
3.022157504734666489e+01 8.496505385148340750e-01 6.677036600080816786e-01
3.678951360653186242e+01 8.696807158518643499e-01 5.254248040862855573e-01
3.618879986546482286e+01 6.739786712013627890e-01 7.240394874032944905e-01
3.501635231314239860e+01 6.711323941042954822e-01 6.261273795811447274e-01
3.340247544649434275e+01 6.653889301409127155e-01 5.453015004708930968e-01
2.579673753636775402e+01 9.836023433927065796e-01 8.950330703349491657e-01
3.173955724625008656e+01 9.499476784348863667e-01 7.276120932000005315e-01
2.842685968835973043e+01 9.163185634318944395e-01 7.270421847256209880e-01
3.611326368737090320e+01 8.898147600149812764e-01 4.768602557811856824e-01
2.976910270957410631e+01 9.287098886660912767e-01 7.194464100477645507e-01
3.611857713057158747e+01 7.612994416688418919e-01 6.378166453480286213e-01
3.144958902820692970e+01 8.809774464991754206e-01 2.520094766854136248e-01
3.471285976565872033e+01 7.200415463755909240e-01 8.269951188618105409e-01
3.344917334122052921e+01 8.496125285463413945e-01 4.406808328663470720e-01
3.684973340847747636e+01 8.102766937593890439e-01 4.091843827759248930e-01
3.532827323163031252e+01 5.790536849641656492e-01 5.836859683590858161e-01
3.766640236372673201e+01 8.995328440268824943e-01 5.068917935576664480e-01
4.039411131339680594e+01 7.499975734653969717e-01 4.338062927707884708e-01
2.754481594951614198e+01 9.614404683241166705e-01 6.346895316523505359e-01
3.937127476611981791e+01 8.040252694385431331e-01 3.690716124158238132e-01
3.429491000972029013e+01 8.793182343943702906e-01 5.756680807452601023e-01
3.620891959954359152e+01 6.938804784975910467e-01 5.242863585915935598e-01
2.978076648801021520e+01 8.912781639267478573e-01 6.473803464506426852e-01
3.671279417568393910e+01 5.375399516752406015e-01 4.679210645517724587e-01
3.275203768119609293e+01 6.730295554560533633e-01 6.858521407092086353e-01
2.910229107157769946e+01 7.724116186373731763e-01 6.180746138176711479e-01
3.914381650935042245e+01 7.957003697538168607e-01 6.698249303088215090e-01
3.208374339388291219e+01 7.079107233700716595e-01 5.610829788767675019e-01
3.986521280374218179e+01 6.687232938642583280e-01 3.827546857023773619e-01
2.685168014046542240e+01 9.441569299635335089e-01 6.878631404093391577e-01
2.970067958785222473e+01 9.250438409232039083e-01 7.391165740763849801e-01
4.975225411011742693e+01 2.729246464286777529e-01 4.512689996235587642e-01
3.386505509924800350e+01 7.026473296515323153e-01 8.362565355864371996e-01
3.421913053902670754e+01 8.546706593288451170e-01 5.898101289121745472e-01
3.398039525928192006e+01 6.352748910202746790e-01 5.768358100955693901e-01
4.653231986462871106e+01 8.061916590078558320e-01 2.281712100764120288e-01
3.188662121257697635e+01 9.766518929575500607e-01 8.850413088321468225e-01
3.262159377661100734e+01 8.939033245450793697e-01 5.314309597911033300e-01
3.322867500442937683e+01 7.805662523288595667e-01 5.722539520256149093e-01
3.080596603389689747e+01 7.926582909407342559e-01 6.847360754603808441e-01
4.586138022738425235e+01 7.631938133613285213e-01 2.471158591611549993e-01
3.350205671980069866e+01 5.473668015820621902e-01 7.164319035701356420e-01
4.077738059921302494e+01 6.757768471477040295e-01 2.042425699155749619e-01
3.245230071415699769e+01 7.717049518320540091e-01 5.866803113512535361e-01
2.990165083188892226e+01 9.645594164886308608e-01 5.951714341223585114e-01
2.991707421286712432e+01 9.491703514023047683e-01 6.580743501760036862e-01
2.999588114870263311e+01 8.747593190326025114e-01 6.096833212515142542e-01
3.265699488243876658e+01 7.411402775320679037e-01 6.640623178747300237e-01
3.209705047101351738e+01 9.266877081536805116e-01 6.248911383013672216e-01
3.159900494814508676e+01 9.647971656986628064e-01 6.574130612161936948e-01
3.149668366776750261e+01 9.491723388506559944e-01 5.877851709432491134e-01
3.491083465641893469e+01 8.526519876553532162e-01 6.365310693957945132e-01
3.693544608956391784e+01 3.036202670283646432e-01 3.371764309816980276e-01
3.720764706167545910e+01 6.731407626561858315e-01 7.948592982696439657e-01
3.390799156575318563e+01 6.244453948069277338e-01 6.350979115472523695e-01
3.632374392877348868e+01 6.464539287758234165e-01 6.036195459629599691e-01
3.252866991398716578e+01 9.328717010579689051e-01 5.809067240285593625e-01
4.089496796641814313e+01 6.350588761856700293e-01 8.417536114322821117e-01
3.768137488119212009e+01 7.113523063283477832e-01 8.347442050716846751e-01
3.182545630846868079e+01 8.245475863233807656e-01 7.042258661375317974e-01
3.761592746211935179e+01 5.240337773984538039e-01 5.312563367392739710e-01
3.956427203638521206e+01 7.569215932635863231e-01 5.911348179225747179e-01
3.604742855334582430e+01 6.357693325392832495e-01 4.517975140444398519e-01
3.907522421472906871e+01 9.190150114337036769e-01 3.225342103636427704e-01
3.205801594357930639e+01 5.376359300862842971e-01 5.475007418421095062e-01
3.947959904614960180e+01 7.526138599123390893e-01 5.591776921817737112e-01
2.879907997467921277e+01 9.848150239303771203e-01 6.180540084505175003e-01
3.770427277230351848e+01 8.158504657855758513e-01 2.418220228030434626e-01
4.468733966839550220e+01 8.326919989219483398e-01 1.865769253560438379e-01
2.833982985954022382e+01 9.678688679981548582e-01 7.512791013191976175e-01
3.200579612972720156e+01 7.655859348001951004e-01 6.704008978536660779e-01
3.649886934926412607e+01 5.126605525663822105e-01 5.174697760869925167e-01
3.339917162073890466e+01 8.515519157203506051e-01 6.759682143472343085e-01
2.979467248007099656e+01 9.067590397677914860e-01 8.023335124356555381e-01
3.841263059236663935e+01 6.651656482630359246e-01 4.340545872846754971e-01
3.587155273774694564e+01 9.708561657974765779e-01 2.468202655100013576e-01
3.574020960227657895e+01 6.964485326038994950e-01 6.391561848290630010e-01
3.378251457188714113e+01 8.020353420381139964e-01 7.198572256101745115e-01
3.534847764136583237e+01 7.628696076215488731e-01 4.464236987578760196e-01
3.335143700343405726e+01 6.871297997262972856e-01 7.152242686892833490e-01
4.116073201641456336e+01 6.761576241151024957e-01 4.587093636011461140e-01
3.034919710914272173e+01 9.731864819946363099e-01 5.499394212931036918e-01
4.118545545511187811e+01 8.087620214898016968e-01 4.573322149597703890e-01
4.084687020344543384e+01 6.289594377267064829e-01 4.581390531483221507e-01
3.905658672890358218e+01 8.206029032781587684e-01 4.517921318049671897e-01
3.816196781738935329e+01 5.676142549897280620e-01 5.671983015241583992e-01
3.052542239183005179e+01 8.329052626284070282e-01 4.757803043740513882e-01
3.441053328329369521e+01 8.408896718280678417e-01 5.050844719485327872e-01
3.164859788870242596e+01 9.138693596605861336e-01 6.009144626604139283e-01
3.907534965070458810e+01 5.979830389158834469e-01 6.606844005347707327e-01
3.736496593858927184e+01 9.892673121948266646e-01 2.579727298773171196e-01
3.650651497387827504e+01 7.737762300426682671e-01 4.800340358327591095e-01
2.875724216040762471e+01 8.575633714132923080e-01 7.872246155876012619e-01
3.450771145598017142e+01 9.968738861539260254e-01 4.970115787144870900e-01
4.462889456533003596e+01 5.968943937900333951e-01 3.523401101553335635e-01
3.240005919081043118e+01 6.400428103390812806e-01 6.124544762418742128e-01
3.241744144426500895e+01 8.403751436886484072e-01 5.603894004559146769e-01
3.679960336686407629e+01 6.268877987666175988e-01 4.221820955359888439e-01
3.000666421809227913e+01 9.824357446690824558e-01 7.244171430074539675e-01
3.054033553965789238e+01 6.777084351884187230e-01 5.982452458453202393e-01
3.888722241951266057e+01 5.598645548507721337e-01 5.774361305564075231e-01
3.420218293367929618e+01 6.596431840222626297e-01 7.149361488936147868e-01
3.436486766336561516e+01 5.681141617779857933e-01 7.453878055878996323e-01
3.489161957864758534e+01 7.084951151362365307e-01 5.439092082664296335e-01
3.245438833330240413e+01 7.794748638676155528e-01 7.832837756705584020e-01
3.181458353843036591e+01 9.853780634394311289e-01 6.094057812226317816e-01
3.773502349017265800e+01 9.871357458634579807e-01 5.674189126486002266e-01
3.199229216287183419e+01 9.419688500046240476e-01 6.711803419912201196e-01
3.099911778149242991e+01 6.766881012101876314e-01 5.545185064101534334e-01
4.128473996262772516e+01 5.695158763366435783e-01 5.225303895837911661e-01
3.640465750471577877e+01 8.864620688342002008e-01 6.125223170457987365e-01
3.678955600143027738e+01 5.354690382158504569e-01 5.905224292715690604e-01
3.498537850185725517e+01 7.471629087346447484e-01 4.939334425133728446e-01
2.876999853736312573e+01 7.317302561890747237e-01 9.418725909781306971e-01
4.472467698252563650e+01 6.330395633112302356e-01 4.518478181019877082e-01
4.407979818926204274e+01 7.961060783402869045e-01 4.167778400227505342e-01
2.833008330065820601e+01 7.373025283020008258e-01 6.714597082213991097e-01
3.913330890555451447e+01 5.159632949704523464e-01 5.992163329108809444e-01
3.804846382782109515e+01 6.481274692322381847e-01 8.396561383133648304e-01
3.607041979702043477e+01 8.931654147202369165e-01 4.082546423668654278e-01
4.113938881331588249e+01 5.828283043251445417e-01 1.724111863249818133e-01
3.963810908942406286e+01 5.412661513473827624e-01 6.496836191658570403e-01
3.197894094250259300e+01 7.822468524023228342e-01 7.642040533489199428e-01
3.308557975748959024e+01 7.491098185483536787e-01 5.212254526517451358e-01
4.680302090335283083e+01 7.040614132975087092e-01 1.723292810734189384e-01
4.681697680994060562e+01 4.977497814199606796e-01 4.081857048842475466e-01
4.041486494096432835e+01 6.359451193771201716e-01 5.769634325569514832e-01
4.806563919350219294e+01 5.834346267161296673e-01 3.691731595394416310e-01
4.063035408317012553e+01 4.961172583641723643e-01 5.013275069272216111e-01
4.235132490012593820e+01 6.569184288105117675e-01 2.822253379836666687e-01
3.583517086379669792e+01 9.105339132918808254e-01 4.237221373984779715e-01
2.907532789943138951e+01 8.842940915593823226e-01 6.259215481357756072e-01
3.687816161822600947e+01 8.311261737342499067e-01 5.097619430373918625e-01
3.488477973258197551e+01 7.586648647101026377e-01 3.484240969828692469e-01
4.283581496136166322e+01 5.666344151023841036e-01 4.435550301308084920e-01
4.682547754640908977e+01 6.525937992630844731e-01 2.043311266760443057e-01
3.872837757680820658e+01 8.080820081040924752e-01 4.801005093647979782e-01
3.746202839895035908e+01 7.321699834560062570e-01 7.009935008073641116e-01
2.739899384517684311e+01 9.008856135422892430e-01 6.852803531276461246e-01
2.842322853331677024e+01 9.306389447642405832e-01 6.004462995499852962e-01
4.597261739251764112e+01 5.192675316131631913e-01 5.213873462799117897e-01
3.843931615026811954e+01 7.146849352261893662e-01 6.751349900775019952e-01
3.822037936583397055e+01 5.960143596462132987e-01 5.206151214614149758e-01
4.124673088752315664e+01 5.217343187883058953e-01 7.452995443880260362e-01
4.028927055613568342e+01 7.977759714628909204e-01 8.906404872797042405e-01
3.418981705683624739e+01 9.850116289289307936e-01 1.686010969411950444e-01
3.129320579767312438e+01 7.241508541284998879e-01 4.427022379109819550e-01
3.197313063111459996e+01 6.709550919473395991e-01 6.917163078024776146e-01
4.897748254086557296e+01 7.474550518407772071e-01 3.059660203901589104e-01
3.541872637559891501e+01 6.725609843877292660e-01 4.573543323631734103e-01
3.454073241290429763e+01 7.583902814251894942e-01 6.763400366208470738e-01
3.703361562727699408e+01 9.534786594509598867e-01 2.605757198424801246e-01
3.172888951372716093e+01 7.593294453810193190e-01 6.074701492786522827e-01
3.450293874279422823e+01 7.908629348248297219e-01 3.952397964117416729e-01
3.431989597410942139e+01 8.983080577551437740e-01 4.238645720013275442e-01
3.552007721586316791e+01 5.022477080157056184e-01 2.976522924719903207e-01
4.038125093849371439e+01 9.392593177820455219e-01 3.905876827849739108e-01
3.552208627104549521e+01 9.327181678703800882e-01 6.871947630722305966e-01
2.944763153994143323e+01 8.819153422284958799e-01 5.763082663766024849e-01
5.576030697929551394e+01 5.605329443555735480e-01 4.387398286569985650e-01
3.404040821775139136e+01 9.732792851720171168e-01 4.641464389503163201e-01
3.311702021350085801e+01 7.698732953850665472e-01 7.268787990408208666e-01
3.074213062796048845e+01 8.357462758750220377e-01 6.080223385565747263e-01
3.419978534340494036e+01 9.196825985276037008e-01 5.157357831885153177e-01
3.640224141045718653e+01 9.585367208671669026e-01 3.500185575784017233e-01
2.711346907964967912e+01 9.296805068621151191e-01 5.652416734051074476e-01
3.493856430983506556e+01 9.823598976284656503e-01 5.841975881739975840e-01
2.976976346728691425e+01 7.388751491173918273e-01 6.087974594842499032e-01
4.800884755720109354e+01 6.375755513678287301e-01 2.969878067647577224e-01
2.744181141976260108e+01 9.353904237083621176e-01 8.326315617908631728e-01
3.440602059664079349e+01 6.115792285337463552e-01 6.395170927308017061e-01
3.942098056478599943e+01 3.855013078316738562e-01 6.278851446217451615e-01
3.381625195718153520e+01 9.429684391731578685e-01 4.827136079798478030e-01
3.149540782194747734e+01 9.729648369602824642e-01 6.642048604416436186e-01
3.905579083691469577e+01 8.376481793470387238e-01 5.260416421620518479e-01
2.875479797471812660e+01 9.960373080108596566e-01 5.878228135959898681e-01
3.079578520227161320e+01 8.750487432602639393e-01 7.101782993071266148e-01
3.572449104819396837e+01 7.634756834255836955e-01 4.603210773214069240e-01
3.830511022532089527e+01 7.070547583047808171e-01 5.423495896193978316e-01
3.865576709683455192e+01 8.051491891107921406e-01 5.574030845239523746e-01
3.864918994996730106e+01 9.705222866820862881e-01 2.960421959926665680e-01
3.426417474090779791e+01 6.002326684462797601e-01 8.088582489837583545e-01
3.071731722728632619e+01 9.724152129490639673e-01 5.953427034815624852e-01
2.853926464691364018e+01 9.845910539753515156e-01 6.004742432216052528e-01
4.479110313090448159e+01 5.986026199506740975e-01 5.185575464066397577e-01
3.170511329475147733e+01 9.765247822195499694e-01 5.404226507694154247e-01
3.055522429429803211e+01 7.096347489715905121e-01 5.487914551895163306e-01
3.339815539207663164e+01 9.326211633888120689e-01 8.946550658764945707e-01
3.867586084043275463e+01 7.161818950190542710e-01 7.035206470097409293e-01
3.230590598986660922e+01 8.395446967974202757e-01 8.137180650014225192e-01
3.231705823902124308e+01 8.609374893517200977e-01 7.377300698053294026e-01
4.215004463679427715e+01 5.961007717586531696e-01 7.603515380076368846e-01
3.690713055305902657e+01 8.790557038824474700e-01 4.450504047383646022e-01
3.227510606893306999e+01 8.368477252703744318e-01 6.563371866863763060e-01
3.954241180209228190e+01 5.813712495736960140e-01 3.690869084053829963e-01
3.556246804271883377e+01 7.656964791497036238e-01 6.038041769736608444e-01
3.458547994253409286e+01 5.268741756147884425e-01 5.010894085575421375e-01
4.121344209359047284e+01 7.326575915324747834e-01 4.648959872896642476e-01
2.916442171855888432e+01 8.967040188475078333e-01 7.049520721736380890e-01
4.208383703601973025e+01 4.907606103708977430e-01 3.770230278519816625e-01
3.170904445454644360e+01 7.751979841154715833e-01 6.747512989818902351e-01
3.329548443558837079e+01 8.200444234609773897e-01 5.975662069121605580e-01
3.735941014452586018e+01 7.975705584259326075e-01 5.413682267592090369e-01
4.917334457720351537e+01 8.587882826681626502e-01 4.731290595619228601e-01
3.486126611126029218e+01 9.999027753481294356e-01 1.688438382128956694e-01
3.872978123645467718e+01 8.946094501384121989e-01 2.984073668620132458e-01
3.459309513549568038e+01 7.534841245928453057e-01 6.063818884563517697e-01
3.639757513519064958e+01 6.066490198220177987e-01 7.792242602125698525e-01
3.267049572662239854e+01 9.685939990212759643e-01 8.084184809643457648e-01
3.119196496760671877e+01 7.245886374889750625e-01 6.663597852605527283e-01
3.247736568916184297e+01 9.528358133135552688e-01 7.814701771420016208e-01
3.349750293448060035e+01 9.607321310239848033e-01 6.517790291761015320e-01
3.412189129503671126e+01 7.341144386152601564e-01 6.701799610808695240e-01
4.238776043358360113e+01 8.201832683177873173e-01 1.694554600496284980e-01
3.300821110617604148e+01 8.055234382366864843e-01 7.550129715799415164e-01
3.579191976172236878e+01 7.380120972978861937e-01 5.218352133295905970e-01
3.538945496529932200e+01 7.642924140837010771e-01 4.391483751487063603e-01
4.940880713084992237e+01 4.608935620327820892e-01 2.880580348006910874e-01
2.989173858191799482e+01 8.639400570353392705e-01 8.047610891782899234e-01
3.004261927385842412e+01 8.468593828193164974e-01 4.965495749139619552e-01
3.629257173258666569e+01 7.911356379015478391e-01 7.471450495278815218e-01
2.852452322586823996e+01 7.598093254211547576e-01 9.229915243488335808e-01
3.310332841334874843e+01 7.393487278041460664e-01 6.537924280317937153e-01
5.049443979047112663e+01 5.007135588617412925e-01 4.329238814682780379e-01
5.084622167170973484e+01 6.313900697344891899e-01 5.774219608080195520e-01
3.156223452231512638e+01 7.312095158230142999e-01 7.355273336897051317e-01
5.553906378018026402e+01 4.025001217277652810e-01 2.018482914523214433e-01
3.439294118819599078e+01 8.473503226364131891e-01 5.006049847997087188e-01
3.010941748372624360e+01 9.445382913402523561e-01 4.617285381367566277e-01
3.199447443269808034e+01 8.759617909850602180e-01 6.571077132365892304e-01
3.895060417779914985e+01 5.545040893858779185e-01 7.020665645759173179e-01
2.643869635678266405e+01 7.927576752748721756e-01 8.544559207246661403e-01
3.379620702423642342e+01 9.568378214678958660e-01 6.635607719819265338e-01
3.421849922300243207e+01 7.501692743787379269e-01 7.919648619895592878e-01
2.738436175737026090e+01 9.630214923814383043e-01 7.736180738414730751e-01
3.793019441044454254e+01 8.993996618900073070e-01 1.503983982267733943e-01
3.354179120556908344e+01 9.673905806516528427e-01 6.776582843338031514e-01
3.441546064282064776e+01 7.059830994814771943e-01 5.652511488735276757e-01
3.908794778522264579e+01 7.984507600992722942e-01 5.734982213789551198e-01
3.588322407560346505e+01 9.477800294122493696e-01 4.949319533155141504e-01
5.601260598741462360e+01 4.125211909708102476e-01 3.279203085338495693e-01
3.645508304080053819e+01 8.558644202165428538e-01 3.939687402253290172e-01
3.420252386718628657e+01 8.015465006383412083e-01 5.598159590870538382e-01
3.815652951071713517e+01 6.323606601346539735e-01 5.887780789024388284e-01
3.304324922659657915e+01 8.658490983171783784e-01 9.338821165118651457e-01
4.011387195536870820e+01 6.108796156510429842e-01 6.029769218675081754e-01
3.811337208543258015e+01 7.000478197198762853e-01 3.384096058431011467e-01
4.476175953481973835e+01 4.068800286635134711e-01 1.521196277807210229e-01
3.659216243646310573e+01 7.400130631753670807e-01 4.067494087123829649e-01
3.415306915736451998e+01 9.356804635339638354e-01 6.004853955775455443e-01
3.964063700888692665e+01 6.906392745846570147e-01 5.758900988501586271e-01
3.208252853826635942e+01 9.478801611519364068e-01 6.865331253680503343e-01
3.154827635636166860e+01 7.811433425085989590e-01 6.939614841292487402e-01
4.048556103082317037e+01 8.371249094813131286e-01 5.413686175749162777e-01
3.050783186859242235e+01 8.590996946909045251e-01 7.476786173500548083e-01
3.896214955093240206e+01 9.794954456599701542e-01 6.320682956432659427e-01
3.114621096347844187e+01 8.991133681787170095e-01 7.851508823233728229e-01
2.876800674770761646e+01 8.395310497416554885e-01 6.244586153059458189e-01
2.975004874582821657e+01 8.389674545623831969e-01 9.948259091958785438e-01
4.264076096388571813e+01 6.661388297951934545e-01 2.472826838315579645e-01
3.286566336183381765e+01 8.445286046370633626e-01 2.897334311773629434e-01
3.050557212629724901e+01 9.377372206128740117e-01 4.923111914121882093e-01
3.149822317727617715e+01 8.679138923308962195e-01 7.230609728627346300e-01
3.201869756009238444e+01 8.651051548420457538e-01 6.802903719787382064e-01
4.100793742869208813e+01 5.794168462352404791e-01 6.592097520534146993e-01
3.373426824354513798e+01 7.369632369158797269e-01 7.521307728879045307e-01
3.802941211729659443e+01 6.279892499956853946e-01 3.952146001307172973e-01
4.264045299301642444e+01 6.775404412803652798e-01 3.168083985044858886e-01
3.767529575452681456e+01 7.276655892951197080e-01 5.854316179836676071e-01
3.609619858956650518e+01 8.222681590510063643e-01 7.930771104694678275e-01
2.828668717456819692e+01 8.509114435099361939e-01 7.930635742207707839e-01
3.954979108047096048e+01 8.281493625615273801e-01 3.442791880168796226e-01
3.992853716634072470e+01 6.503751860523934170e-01 3.767051300697993321e-01
3.561906094446619875e+01 9.459831269172360724e-01 3.314430414509056400e-01
2.720126370741061450e+01 8.526569048111588556e-01 6.482960724799518015e-01
5.475021619045798360e+01 2.500865702597090956e-01 5.350813342841898024e-01
3.389552914239530423e+01 9.688231803218517735e-01 6.524996253381366573e-01
3.655736958391989333e+01 9.738560100322184443e-01 3.327795692449155851e-01
3.543647590200475861e+01 6.303433860879541495e-01 5.748672708991652280e-01
2.761355237928611928e+01 6.663162306311868344e-01 7.118835170693645908e-01
3.008048498315787711e+01 7.831074833015805314e-01 7.479091267604873750e-01
4.125547480844124948e+01 5.182633881281554222e-01 9.570288603743977163e-01
4.599027570069964099e+01 5.152231862912503013e-01 5.163578575796489156e-01
3.312545516846731886e+01 8.675443781639750052e-01 4.432703024482916865e-01
4.093809539637763351e+01 4.161242308116396282e-01 4.527025287359521810e-01
3.422684796714840871e+01 9.235363593011184369e-01 3.958773595432801273e-01
3.731266508032289408e+01 4.678669807278056925e-01 5.587714065382048956e-01
3.528661787327555288e+01 5.592377086727090552e-01 4.767095493794207273e-01
4.382157432081383774e+01 6.271478390944441594e-01 4.053158952707943685e-01
2.752111523874580001e+01 9.773177259870341471e-01 8.679292286758564234e-01
3.631783207070476038e+01 6.080601530555478362e-01 7.439115903655277862e-01
3.971324206883968344e+01 5.295766912398506276e-01 6.250793332920956402e-01
3.316707634081338085e+01 8.433933890006163336e-01 6.267440081259665341e-01
3.722497966290421800e+01 8.060503350338172890e-01 4.467546623718852694e-01
3.560937353784598258e+01 6.196326045356254086e-01 6.809938396549967132e-01
3.357792858800119262e+01 7.979687663921959384e-01 7.566090855100798818e-01
3.835306810431609392e+01 4.225977654290420937e-01 2.634851288970975758e-01
3.109437665196749379e+01 7.987318907340953400e-01 7.071670452052789546e-01
3.197560682662738074e+01 9.406972305627284703e-01 6.411643650562277585e-01
2.955417792325683735e+01 8.748903066876209111e-01 5.537264952829902276e-01
3.254798824350712749e+01 7.238974496204989562e-01 6.215888135027577421e-01
4.645740614783633760e+01 7.040614132975087092e-01 1.810506956219126162e-01
3.557503303447655441e+01 6.417967917420146495e-01 6.334332991798362622e-01
3.351991950735775561e+01 5.838156445866292676e-01 6.406709648777898503e-01
4.297609320679284650e+01 5.588014025981629107e-01 4.741418382982223734e-01
3.884755515636932444e+01 6.731296384161337132e-01 5.541053738244415827e-01
3.326374062119410269e+01 9.118747248535643557e-01 5.313974070672532468e-01
2.702805661986285557e+01 9.408539165617741951e-01 6.247057933216446646e-01
3.784354448648426228e+01 9.668759498239618555e-01 3.267721836237927335e-01
3.203780434586136039e+01 8.006118318318510285e-01 6.405851555820394339e-01
3.430444352153688925e+01 5.213550683379672979e-01 7.206810776689684950e-01
2.931519614477365110e+01 9.143145911357545286e-01 5.898283681858245142e-01
3.176874274004944709e+01 9.900808817191024680e-01 4.708072409649449730e-01
4.124489038886029846e+01 4.337542723909874054e-01 5.030263410066757590e-01
3.883640204369858395e+01 7.304016151733505602e-01 4.701937915336668050e-01
4.480378695319253524e+01 6.490756406749611518e-01 3.926929768253163422e-01
4.011194190489694478e+01 4.803050892246754633e-01 7.393471202393414599e-01
5.335861257378404332e+01 4.941573205717041950e-01 2.916160578328777508e-01
3.097456999676100153e+01 9.049889640847440520e-01 4.273969106249081995e-01
4.462327739367026425e+01 7.019150024147734479e-01 1.862604585476064500e-01
5.969376469463784929e+01 3.754755329971131150e-01 1.855592158340247655e-01
3.577882661453224955e+01 7.043572056542179993e-01 6.598885247718416780e-01
3.867706965809244934e+01 6.137188029341239526e-01 4.865838297480338803e-01
3.826499886586942267e+01 7.260575093907036814e-01 5.277455033495568326e-01
3.539875966513825034e+01 8.578229837706944361e-01 8.763386015862005829e-01
4.009765358495757681e+01 4.939075282763448760e-01 4.370063929215250442e-01
3.537151248544012105e+01 7.634756834255836955e-01 4.748938789578720510e-01
3.829667197324843642e+01 7.358987003905007596e-01 4.834328896284884047e-01
3.775897048857874694e+01 6.185159483732799446e-01 6.889845585374279047e-01
3.510320573526587395e+01 6.217572290542812130e-01 7.439398742110018281e-01
3.114093294956181168e+01 9.003055146134282261e-01 2.693987058338730423e-01
3.446004190105936260e+01 7.544355188006793833e-01 7.260564764054817655e-01
3.962331281519352189e+01 5.032631234537688902e-01 3.591875948884464820e-01
3.768908940372560323e+01 5.879650900277247905e-01 6.030367617878358288e-01
3.308471075528643013e+01 6.952567676309553413e-01 5.587287011054792307e-01
3.502845245979460742e+01 4.799508454289245218e-01 6.149114527802965746e-01
2.963425920815950576e+01 9.746513131311435041e-01 6.868239446231185763e-01
3.359080142260408763e+01 8.208255734406025850e-01 5.932709587384089600e-01
3.751627542193621423e+01 9.789317623463992257e-01 7.829086960059120637e-01
4.205699240584205967e+01 6.867758143981129715e-01 4.082644350487119600e-01
3.471265715530245899e+01 8.172617888488759030e-01 3.878524969021276414e-01
3.227366802269919788e+01 7.589461407021489414e-01 8.179620429527267866e-01
3.624160777270027722e+01 9.014581202519185155e-01 4.783904738757596697e-01
3.391428124513587505e+01 8.249968797482635230e-01 4.646491157088982749e-01
3.837028105883344153e+01 4.699165451007671357e-01 5.488092474121943898e-01
3.149285452555339049e+01 6.735667912237487398e-01 6.553354495657927048e-01
3.977321380396691097e+01 7.908136417554534336e-01 4.915749415517238763e-01
4.373341287971452118e+01 7.896676311219836819e-01 6.308361868463809863e-01
3.818697238600893940e+01 6.422947969301068261e-01 3.926049920841973573e-01
3.776624971764457683e+01 8.740753072988325378e-01 3.803805710601415035e-01
3.715558334440004984e+01 7.710997189824644327e-01 4.743857527003099706e-01
4.598483795125157059e+01 6.742909132254247817e-01 3.278396306035412100e-01
4.774696484509568251e+01 7.456920628514036586e-01 3.201816122978641821e-01
3.914038185957764426e+01 8.110300609796716742e-01 2.714569470883046454e-01
4.392406800043003301e+01 5.260879478584976621e-01 2.560572858949373698e-01
3.991445522009695424e+01 7.777586287584431490e-01 4.941371502992902842e-01
3.968287451237176811e+01 7.648981821809807125e-01 3.976338449553074028e-01
3.010436133617212917e+01 8.565215808266376518e-01 1.026761069381263436e+00
3.337414324321500914e+01 7.862102593153283969e-01 4.955412687437127928e-01
4.281221234642774220e+01 6.913981010553664763e-01 2.024079100348100957e-01
3.015094163258341098e+01 7.620524694168290258e-01 8.328475256066962817e-01
3.296349135452467749e+01 7.610913830518200029e-01 1.100430837866381406e+00
3.598780665349347885e+01 7.707403347666688109e-01 5.667041680530030545e-01
3.748544104902385499e+01 6.428274179088894202e-01 5.586582466915960277e-01
3.042448656076605928e+01 7.947837759675399072e-01 6.740577324487351252e-01
3.680498080923767645e+01 8.069966545230770061e-01 7.542320402984279415e-01
4.722326003649162374e+01 5.865310317997074474e-01 3.298683382848404677e-01
3.721357073787258685e+01 7.872149385341095096e-01 8.504207570391401072e-01
3.186076498509982358e+01 7.742168538996934135e-01 6.858685349330656544e-01
2.976132495876921524e+01 9.456136749246969453e-01 6.293452743595060461e-01
3.824027233074800591e+01 6.417553496495199683e-01 3.801188567476354030e-01
4.301383020970931881e+01 8.177545021903713796e-01 7.008609409383793620e-01
3.497723300473302999e+01 7.936647134126355585e-01 4.542217536046906923e-01
3.002203989341589718e+01 9.400634800088337739e-01 5.184417142148491919e-01
3.289808610627495966e+01 9.445624486016035437e-01 5.583472250685889149e-01
3.408328218226765216e+01 8.915449776412573968e-01 4.145414786828210962e-01
4.274576375278643781e+01 5.459449390798146728e-01 6.050608865851948570e-01
3.135632482737939242e+01 7.862534910707056346e-01 8.082850528927171263e-01
3.015537569021972786e+01 9.476866968390802448e-01 6.792066432871599613e-01
2.923995258943939390e+01 8.453468681819988895e-01 6.171148752511085300e-01
3.702601933618657881e+01 7.739478289923430454e-01 4.670738967348425641e-01
3.398051032258869952e+01 7.364616871363959261e-01 5.285778339943602022e-01
3.477577493831098110e+01 8.572419235696729922e-01 7.316713951919189274e-01
3.535765000776766698e+01 4.608275275983150232e-01 4.813659071479819973e-01
3.599544280229037696e+01 7.108753787498048871e-01 4.671360837229909801e-01
3.591979482331304041e+01 8.540663460519359873e-01 5.864977689103265668e-01
3.056632854892562179e+01 9.103461362438853843e-01 6.610777168012579308e-01
3.601789251795710811e+01 9.572659873727727975e-01 5.514234386858283266e-01
3.901500005580722075e+01 8.044755142720149133e-01 3.739196997895712915e-01
3.723350320662969892e+01 8.952757353605460544e-01 2.694873550557690400e-01
3.322232417354854306e+01 8.824808816153747459e-01 6.019273905352108267e-01
3.309690187494680913e+01 7.168620635342558556e-01 5.470202259358838415e-01
3.912749006410093244e+01 8.858280568064250682e-01 4.190142547008837703e-01
3.261625389591969082e+01 7.165922464243432710e-01 7.438854187527658146e-01
2.819251613497014475e+01 8.490316972147883279e-01 6.746208968066557121e-01
3.710686507793021605e+01 8.264641354083933633e-01 5.440810190490080744e-01
3.226813986508206966e+01 8.039445109186394989e-01 6.989459776920042833e-01
3.024125616035265907e+01 9.972454520702166425e-01 5.978795539307220075e-01
3.408121190147753055e+01 7.984409907927371153e-01 5.462373053039041304e-01
3.133188407180513479e+01 8.621185541590725698e-01 8.937563425508986414e-01
3.497478067498308008e+01 9.171277178897481175e-01 5.142839329388662062e-01
3.525840075173651655e+01 9.368017630193414824e-01 4.356687737101508362e-01
3.243907675767077592e+01 9.151893815779915675e-01 3.638239573459629006e-01
3.129814191940218748e+01 6.799056899377686758e-01 4.176608511710350191e-01
3.728296088646758477e+01 7.665429564307810750e-01 4.862540706444315464e-01
3.250093877144151833e+01 6.900982325739446477e-01 5.397360769190786556e-01
3.456224229744901777e+01 7.527502853022378648e-01 6.607004109758182198e-01
2.646579039136176448e+01 8.929951680003659353e-01 5.255630449022757888e-01
2.910340867562511136e+01 9.067238653213428590e-01 6.038643836171135870e-01
4.185084243073897170e+01 7.525370035201510710e-01 3.847415625462891620e-01
3.590040007094494001e+01 8.117171760340400333e-01 6.594075072152276729e-01
3.060634876012146677e+01 8.748129088945771903e-01 7.469183673058017447e-01
3.363640566624503236e+01 6.884463986622030296e-01 7.011071191433615457e-01
3.342002314092367499e+01 5.680342182385161864e-01 4.449240148661352534e-01
4.228394287459585144e+01 6.624038546409082295e-01 4.176549901736565928e-01
3.426873656951812563e+01 6.821085850028562048e-01 7.100589496751896768e-01
4.264218486834683119e+01 8.452547789280725477e-01 5.546109043530815796e-01
3.724491783786305632e+01 7.978524822413705087e-01 6.947619213643183578e-01
3.512525540735087048e+01 7.795130028077245088e-01 3.976662574608721967e-01
4.666345702816127528e+01 6.536449566666039379e-01 2.496592536012202657e-01
4.189127289120935416e+01 4.655355155208978912e-01 5.500634777936741493e-01
3.019846362412094365e+01 9.492609770395963320e-01 6.598693744159047636e-01
3.214393974313912850e+01 6.554078043149185184e-01 6.245470084032632707e-01
3.532275756591570115e+01 6.090347844062294902e-01 6.787303277983963712e-01
4.111248512442968917e+01 6.228175315502842979e-01 7.346553695254117722e-01
4.197593430280408455e+01 7.940310257709901620e-01 3.846653654135575584e-01
3.206743392910313162e+01 9.611542919251648831e-01 7.414806529686690517e-01
3.532250944270078463e+01 7.914000193630202906e-01 6.197125181185290099e-01
3.427820555772445488e+01 5.685938755030228720e-01 7.598312191407348148e-01
3.849881610848409963e+01 7.213691523882942436e-01 6.412496136861062235e-01
3.151861415361494423e+01 8.545611518765974246e-01 5.634203073850861943e-01
3.263900265474158857e+01 9.786627721657394918e-01 5.143140845238330927e-01
3.507836279350195952e+01 7.168790203429544761e-01 7.530501073208025753e-01
3.654826330691214054e+01 7.255062765151245596e-01 8.580431650478711481e-01
3.228711540562344595e+01 7.061410940115985246e-01 6.182531183877604253e-01
3.821680092453162558e+01 8.106272273931111050e-01 4.304642397176003388e-01
3.989013910559168608e+01 4.935259499096142366e-01 5.629934199939551354e-01
3.149481638321702093e+01 8.175935310747461937e-01 7.006992529696142169e-01
3.781699334787327160e+01 6.791064167895758397e-01 4.618436610779841356e-01
3.521365202142635553e+01 7.054044148474652998e-01 6.847563775333650460e-01
3.301254800230542941e+01 9.116705622001587406e-01 7.112371481927822758e-01
3.053549818102807833e+01 8.775986647839236765e-01 6.362683531730444209e-01
3.454940326143934470e+01 7.275806243061806455e-01 4.794118642813388065e-01
4.403656371651664614e+01 3.826105789932847112e-01 5.066938452671633231e-01
2.954362811500041275e+01 9.734130131121945251e-01 6.367541560365165276e-01
2.938393887350052225e+01 9.720535876687163013e-01 7.621126697357690771e-01
3.388003805466796337e+01 8.549322594467044789e-01 4.371164866244214853e-01
3.282293351876017340e+01 6.128579025339589981e-01 7.285199087622378222e-01
4.410953759402519836e+01 5.225258141138067192e-01 3.444446802837757837e-01
4.190125156968453268e+01 5.978485774714599188e-01 4.167460587840905450e-01
4.156711907579384757e+01 5.441679807236342592e-01 3.094346328645954936e-01
3.767758626890498874e+01 7.328928173946401836e-01 5.359608955629950877e-01
3.481045779087526881e+01 6.558684580498416183e-01 7.099698414570541072e-01
2.949922172633992901e+01 9.849479346738823082e-01 5.445066330847582181e-01
4.414739193856644306e+01 6.568373677249259579e-01 2.651158871531208439e-01
3.997670002773303111e+01 4.119687713243096461e-01 4.359810048223008438e-01
4.155629150312645237e+01 6.158235317778564255e-01 4.675979916148653159e-01
3.694973301741595151e+01 9.917472915665295208e-01 3.464621477715559283e-01
3.634319536788310501e+01 6.844651605228205815e-01 8.855901258707232770e-01
3.679189762293720634e+01 8.414119432230068307e-01 5.698817911445516193e-01
3.417528185397721785e+01 6.925101779179558825e-01 7.546918413671475090e-01
4.246855605708388737e+01 8.220471122664818608e-01 3.204097926378447481e-01
3.778891241604497964e+01 6.607487287329629755e-01 6.042117650951550623e-01
3.574090596420468557e+01 9.223920897398306673e-01 4.518757289563603563e-01
3.581408186837862928e+01 6.837486338115223994e-01 4.469061999251201511e-01
5.403529685287648476e+01 6.062857230775783313e-01 2.544892774613498054e-01
3.292274798334229757e+01 8.040875095969047814e-01 6.260771170515803119e-01
3.295078731638339775e+01 6.253850353477178325e-01 7.347569091561053645e-01
4.075077560713538816e+01 4.736991969780670053e-01 6.823650400465145482e-01
3.031391068263459943e+01 7.924795790254596239e-01 6.431402562412439350e-01
2.723013192376914304e+01 9.594710423937888866e-01 5.187238580864770299e-01
4.059409740802813360e+01 8.234276079619216038e-01 6.160592346793625218e-01
3.311766365285209446e+01 8.608437797226772270e-01 6.420568368926076186e-01
2.870524132622395541e+01 9.745081540823871125e-01 8.989289555596121639e-01
4.022528350583970536e+01 8.541950409718180870e-01 1.668102790959266057e-01
4.067552077263266597e+01 6.608924881683405639e-01 3.585572321754880165e-01
3.485805278679077190e+01 7.838253668658131668e-01 4.844966778815545938e-01
3.317943986217199637e+01 8.668753810977078977e-01 6.374575171309695421e-01
3.989844394410209105e+01 5.804312702209947217e-01 4.215108172141152076e-01
3.933960084742114560e+01 7.001221250215619030e-01 5.410293526350917759e-01
3.763933610857637291e+01 4.666252321947768067e-01 4.907212668883915718e-01
4.142014010372083277e+01 7.916614699034347780e-01 5.483127452699756432e-01
4.553629280647829347e+01 6.221628057008077306e-01 2.380461074456863557e-01
3.614573591368152705e+01 6.980670939772298800e-01 6.739798871239880418e-01
3.788385535273035742e+01 7.154661493389520288e-01 6.507461355648788137e-01
3.767284378504311348e+01 5.979257431322371197e-01 7.143288532217060283e-01
3.621538557019616889e+01 6.018549834501009110e-01 7.148628784081855203e-01
2.583096915868613053e+01 9.697534632939898147e-01 8.389482641350655134e-01
3.213962096976337790e+01 7.513146428121650899e-01 6.558757662550808165e-01
3.188877871766396765e+01 5.720172296979788573e-01 8.758653725349820895e-01
4.386381660564784823e+01 6.645985274337937732e-01 2.203159255461634713e-01
3.249473687996314908e+01 7.051995929048859857e-01 5.928277525975923501e-01
3.799089197339117163e+01 4.833916814943604590e-01 6.976995450491684236e-01
3.947161697622105692e+01 9.310914979975732919e-01 4.562986997357436070e-01
3.636245889920343899e+01 9.674680977594938280e-01 4.711501780913746606e-01
5.052071136959176556e+01 3.228303462213424346e-01 4.879191493695037574e-01
3.842402123923394441e+01 5.298578453000892807e-01 1.791486164282743987e-01
4.035030747209707869e+01 5.762258927890889781e-01 6.432893742309914176e-01
2.852319948490750434e+01 8.667116284966780437e-01 7.954091593983105835e-01
3.932131544291293324e+01 6.539399523183717644e-01 2.061987793424994997e-01
3.105150862888482877e+01 8.049116117452149721e-01 4.204988025455239642e-01
2.741757343655521950e+01 9.689670665358705026e-01 8.356255740027046519e-01
3.676584456910710230e+01 5.443465233506080692e-01 4.285465935168933926e-01
3.701466373291257383e+01 9.810840951825066103e-01 3.222451435482857618e-01
3.613957948575581725e+01 8.834802318361014706e-01 4.084750656874832075e-01
3.209497482119122225e+01 8.807472706256361805e-01 8.492712940145036304e-01
3.730974054318062372e+01 9.582079956479511162e-01 7.209184402761764643e-01
3.438569083322023090e+01 5.984690907982306296e-01 4.809756255869236941e-01
3.232030071808704008e+01 9.578215829790986957e-01 5.732390718686793951e-01
3.663626400367193980e+01 6.596995658716290345e-01 5.973496433467129219e-01
3.248897710347131351e+01 7.795422880423426015e-01 5.968123177894305575e-01
4.346638452770724115e+01 8.700991101581029286e-01 3.893772848216206506e-01
4.525846349417761161e+01 4.200036803914622974e-01 3.699060904203658184e-01
3.846910784200473188e+01 5.993452470630011852e-01 5.302166915018295956e-01
3.388634228396684023e+01 8.390976617107217539e-01 5.482979101864179361e-01
2.774767912441797080e+01 8.778798408116466057e-01 5.462017055334161819e-01
3.055257321041189300e+01 6.093555443974768560e-01 7.258482853092591558e-01
5.891929289474766307e+01 3.754755329971131150e-01 2.011429429063028851e-01
3.272172851857001064e+01 8.406785708812205549e-01 8.623221232457740637e-01
4.221343181651351983e+01 6.895492018688719194e-01 2.445806950801645008e-01
3.381034469440172785e+01 8.249265212503182898e-01 6.389573309645597554e-01
4.105113788648858275e+01 5.643738803014308747e-01 6.384154862042766831e-01
4.281076889119471929e+01 4.841038140742651152e-01 1.634963721353385746e-01
3.092733826408644759e+01 9.869285671831717899e-01 5.504207849561575383e-01
3.669455405934002101e+01 7.649335906648010441e-01 5.605968040506514871e-01
3.936968640319459922e+01 5.707582365900611965e-01 4.984176406821044791e-01
3.883976859273212057e+01 9.713269558828075967e-01 4.766021079117552239e-01
3.730195165576739669e+01 6.395675944842829086e-01 6.351352653307270613e-01
3.532287535640690379e+01 7.751260962787530628e-01 7.480732764140889390e-01
4.204490813831228024e+01 7.309736365267912594e-01 4.534563235553796812e-01
3.485854493444285396e+01 7.491158133835547073e-01 6.552209853500386982e-01
3.697269658085843247e+01 6.021791579669073524e-01 6.885905806711091204e-01
3.731182629241757809e+01 7.562085437351480088e-01 5.557294729333963623e-01
3.447485377286859176e+01 7.823478618996906331e-01 4.757077681977642247e-01
3.295033211774449455e+01 7.703579563686121512e-01 8.084911302549498968e-01
3.938770310465242375e+01 6.066890818408640085e-01 1.312953507979121026e-01
3.565359625816455491e+01 9.840449681163199180e-01 3.030619284723751194e-01
4.377093482741683061e+01 4.251364536842826003e-01 4.676542971539859872e-01
3.558893591751120766e+01 6.828654291528526432e-01 5.183782588905242461e-01
3.399056652563081826e+01 8.951167502985354352e-01 5.785403133733983960e-01
3.918036776120408149e+01 8.719829107905152643e-01 4.730790606539773124e-01
2.809790397682460750e+01 7.037785150322779515e-01 5.901142526979542557e-01
4.351457180716067796e+01 5.004721477231812710e-01 2.348701835162054219e-01
3.544548246895013222e+01 6.385108719745570260e-01 6.362509412228114503e-01
3.065599267010863116e+01 9.085958480136695492e-01 5.580862098104250046e-01
3.341726076211715224e+01 9.671097279603330099e-01 3.726524743311629972e-01
3.358853215146003635e+01 7.254432368150972588e-01 6.421171402865220035e-01
4.947469018271920049e+01 2.470606936008611920e-01 4.217825472304002066e-01
3.505375314767694306e+01 9.557609393158338351e-01 2.731592282256912751e-01
3.819375727215156502e+01 7.006540279509267943e-01 7.638211709089473000e-01
4.067547061877954206e+01 6.426748438491795001e-01 5.134769552775940715e-01
3.604973810074903184e+01 9.307858753248431372e-01 5.769235592588342065e-01
4.147350659371972625e+01 8.158733983507506782e-01 5.331349074882537620e-01
3.457524767896994433e+01 8.491579906213452267e-01 4.908134524071213201e-01
3.137886877964298904e+01 9.676694401188202788e-01 7.299378225073049897e-01
2.699682232294319917e+01 8.816793868550090174e-01 6.469512104082536519e-01
3.261588631533540195e+01 9.603448258991442721e-01 7.156246432954282977e-01
3.099646792929951999e+01 8.689008084000874321e-01 5.509357207988442307e-01
3.277525402625224160e+01 9.249008708091310815e-01 7.975641440229187529e-01
3.635294981490509514e+01 6.921023711669829215e-01 6.905734485238304021e-01
4.082103984074295511e+01 5.417806768798961725e-01 5.988147874135758553e-01
4.136517150528833042e+01 7.046622205854130572e-01 4.929549834286593990e-01
3.910844058003593204e+01 4.684342925359228360e-01 5.099213276891347846e-01
3.986819102847061913e+01 6.294622102496773008e-01 5.098299893068691802e-01
3.404211895958832912e+01 8.133047438938202367e-01 7.882779478943284790e-01
4.087836320975689119e+01 8.135397803679301765e-01 3.363386322802235928e-01
4.309670929549726281e+01 7.340869146359469966e-01 3.469924173666348866e-01
3.338734468565608893e+01 8.632889734376649749e-01 4.373761702039143384e-01
4.620240002939604551e+01 7.685452938427009828e-01 3.676344214884828543e-01
3.819279575292136997e+01 6.975208987614264222e-01 6.108909304032147380e-01
3.005565761381557621e+01 9.125465138519072150e-01 6.911706321794478525e-01
3.167731417155370011e+01 7.793233915649638854e-01 6.173203856907982789e-01
3.479513159374967302e+01 6.124765109841170396e-01 6.440430071247629229e-01
3.973038340789991452e+01 8.765926841686566551e-01 3.230548542295758052e-01
3.391673293459231076e+01 8.962036521863159244e-01 3.816680924455927992e-01
4.675773829042566376e+01 4.463698915124533761e-01 2.724466086642798879e-01
4.086642685217571369e+01 6.696218815212416908e-01 3.689586592791448960e-01
3.614491121512019589e+01 6.321847602021796186e-01 6.836590971160020347e-01
4.691231840322719648e+01 5.220146661249827069e-01 4.275336027415228002e-01
3.749548002813222780e+01 6.743054165428599145e-01 4.267899092542861705e-01
3.921325248432580679e+01 5.958164677256972963e-01 5.000058464641082834e-01
4.457386921940501878e+01 7.807617495268924790e-01 2.589591064818804189e-01
3.494624031617103554e+01 6.596673574301396004e-01 7.462076686552633342e-01
4.198516990155423656e+01 5.769928995859707754e-01 4.409976616142667338e-01
3.065978994867432661e+01 9.253221530396068539e-01 7.955456731756428423e-01
3.157926077347786631e+01 9.671097279603330099e-01 4.525446304624828886e-01
4.147423456271282305e+01 4.537141139522228306e-01 4.633060610286366399e-01
2.627497105954196499e+01 9.054058494629462217e-01 5.165983710222901149e-01
4.039442341754417498e+01 8.275983059776426121e-01 6.033386679867522862e-01
3.544687138924766856e+01 6.222952960361799457e-01 6.861974657644647202e-01
4.108822182246334620e+01 3.786253155199874043e-01 5.349196694123563578e-01
3.904736692420669186e+01 5.540314965900896560e-01 5.917711096951767669e-01
3.459133399491391714e+01 7.184301498557431609e-01 6.178709461527205349e-01
4.104210970702477113e+01 4.240925515072807572e-01 5.134317510549368802e-01
3.913520184366663557e+01 9.144092233462015606e-01 3.263669214511006333e-01
3.152041833509678170e+01 5.680342182385161864e-01 5.320035889223651004e-01
3.059222855332077273e+01 6.230102993870615391e-01 7.221623239937634553e-01
3.116737043268904728e+01 9.528124739358850848e-01 9.990826690818621625e-01
3.784341441109861393e+01 7.730979915541323910e-01 5.417715611532624154e-01
2.727938202921544431e+01 9.129435848558120625e-01 7.634995080357398489e-01
4.261016899392917878e+01 5.590733811985680868e-01 2.938026036128985607e-01
3.318296399082537107e+01 6.143512319184707415e-01 6.893850758322158656e-01
3.038096013613751367e+01 8.935838091227319424e-01 5.566927978428637402e-01
3.451353179716412711e+01 8.543227109280707721e-01 6.155295895764576475e-01
3.399971794166031458e+01 7.273941941176640391e-01 6.293295565093003363e-01
4.021573456016671599e+01 7.447022489458250405e-01 3.368752004520401133e-01
4.137408421019991778e+01 5.547865802852759431e-01 5.020200838123550779e-01
3.760733475220532540e+01 7.718424674445162337e-01 5.928685089217179405e-01
4.270276719121922326e+01 5.960666716492626360e-01 5.858905567591115027e-01
4.544480049488488049e+01 4.921630480908461003e-01 3.668572912575731593e-01
4.134648830811897824e+01 7.078641425286115174e-01 4.556566612692454776e-01
3.329931460929110187e+01 9.305113475486942454e-01 9.399118049208796677e-01
3.071154812633639963e+01 9.613170776054899003e-01 6.029334236905594668e-01
4.033683685077269132e+01 5.805484502887864329e-01 4.869494237315811769e-01
4.203836852545867231e+01 6.500325485493948507e-01 6.344747234894407839e-01
3.037289696739206235e+01 8.919675170824015176e-01 7.320964925593892447e-01
3.508531089318581309e+01 7.828142470327008606e-01 5.183908415345547249e-01
3.374651711266766796e+01 9.977052201767010464e-01 7.505785445503988518e-01
4.010419760553411805e+01 4.426098140444990059e-01 3.362508160368204990e-01
3.312555499068508880e+01 7.880261138847464153e-01 6.546694319459526179e-01
3.463755783798299603e+01 6.940723825940096070e-01 4.580910778744826106e-01
3.780815363390106398e+01 6.507945911174384257e-01 5.063620369616465000e-01
3.015529830042011028e+01 8.708298270339809299e-01 6.706748022550823585e-01
3.837791393510301674e+01 5.951564552289531074e-01 6.111222919719514479e-01
4.342997499675393414e+01 4.355294394315116224e-01 5.170219746822225515e-01
3.701263703253248138e+01 8.292933964957608373e-01 4.509211074642585637e-01
3.679847019139992170e+01 5.943272194388794505e-01 7.308215490200162812e-01
3.458101522903160685e+01 7.944099881972386257e-01 4.834996991860778803e-01
3.474664740219186854e+01 8.603686974156320444e-01 7.655970909851598227e-01
3.659874750339210436e+01 7.486079846240643043e-01 4.716392394415874767e-01
4.744677784028075251e+01 3.528353914355721876e-01 3.301843633434166092e-01
3.484278440287391732e+01 7.785901514954545188e-01 8.450448706969050372e-01
3.807954004165497253e+01 5.799860507686661615e-01 3.199489488520920188e-01
2.766965017375916602e+01 9.086624956135074260e-01 7.148067106152516947e-01
3.594224566154480272e+01 6.827264231270385730e-01 1.825919231271727339e-01
4.283198098228601225e+01 4.912197820340379328e-01 6.152488755815572752e-01
3.398852868762958934e+01 8.121823658736191387e-01 5.573084193552060306e-01
3.944316156814372931e+01 5.743508674108039891e-01 6.032370555695301118e-01
4.843555560596951182e+01 6.637688599438431591e-01 2.013637930316133640e-01
4.164694330109341536e+01 7.913540691493862189e-01 4.173718772968379453e-01
3.577312232508212730e+01 9.009266059402984972e-01 5.475009709646879719e-01
3.411448857645684996e+01 8.707621147279240859e-01 5.360522932438334109e-01
3.572750446370778121e+01 7.220588606518045793e-01 5.034436971781207637e-01
4.292710217721212729e+01 7.147180368675402073e-01 1.910472387595771038e-01
3.384794098258253570e+01 9.174114780518980439e-01 7.653816107922061240e-01
4.138357640810144034e+01 6.362685229046697311e-01 3.726072320556103601e-01
3.211283224928487812e+01 6.585916956558007795e-01 6.127606729771281069e-01
3.927516150829046637e+01 6.635740506307502562e-01 3.958712043032978634e-01
3.778284284332021059e+01 8.444707391430296139e-01 5.843374218080031879e-01
3.131601451765988386e+01 8.111510011480155269e-01 6.930541945715587016e-01
3.734542984200481186e+01 8.620217386423660866e-01 4.373438166221334522e-01
3.075840119793104321e+01 8.917390656067194499e-01 6.565591986416338122e-01
3.550013693770207368e+01 8.804014366027735905e-01 8.059085903601238554e-01
3.457446300465624489e+01 9.708561657974765779e-01 2.935957646749383088e-01
3.228835149478820199e+01 7.995079243435152527e-01 5.437454720284079501e-01
3.905229384436808715e+01 6.544928644623946301e-01 6.635915444319494538e-01
3.479603976589690717e+01 9.886393521743833679e-01 5.066831813000963747e-01
3.554078254131278669e+01 6.311147280123725611e-01 6.078350349416861143e-01
4.008145563477844320e+01 7.120115631332205597e-01 5.206473338666974815e-01
3.778510579619258181e+01 7.932302539988923540e-01 2.595975169480020384e-01
3.259900636835651966e+01 7.264418564565883196e-01 1.118082849820686286e+00
4.346304181116411058e+01 5.836486413131398709e-01 4.187060025963574850e-01
3.623171420131431830e+01 6.237514713797577270e-01 7.218546277417533519e-01
3.129674432709919074e+01 9.939724565785619248e-01 5.668573128214021706e-01
3.275691713146284911e+01 8.382330564073352530e-01 6.744215520084926307e-01
3.483538296069546192e+01 9.415224531875364677e-01 4.038022058503746847e-01
4.399627250207723961e+01 8.018017277831269718e-01 4.293816803730813869e-01
3.263553091006726703e+01 6.648725303830832489e-01 6.203821249130144766e-01
3.183296141960386194e+01 8.539838137293176423e-01 5.157369092511404629e-01
3.980658664593313745e+01 7.439825812592864018e-01 8.216530970423918667e-01
3.359264270275168940e+01 9.392550236685892617e-01 3.935989361618604798e-01
4.136679005237066775e+01 5.300654754043450101e-01 6.066150740091272864e-01
2.935940886091561453e+01 9.167355924348692398e-01 5.221073065286819803e-01
4.217985464414859820e+01 7.802892891510941897e-01 2.563698666166715490e-01
3.067512254819171602e+01 9.996940077612327391e-01 5.881966941460782250e-01
3.385517521820208486e+01 9.663492867211925796e-01 6.183394285642254129e-01
4.188480724427738977e+01 8.042742479842475145e-01 4.212082746446293990e-01
3.075328976516777146e+01 8.989114807623117542e-01 4.744135779382959717e-01
3.044731120459489659e+01 7.771751455369731998e-01 4.834337636772186308e-01
3.371604839755293170e+01 5.590143372158683510e-01 5.732580684464095855e-01
3.284313346849137361e+01 9.471088183956212214e-01 3.776491406579433607e-01
3.527648364670267966e+01 6.156646516972945626e-01 5.257605120301073187e-01
3.017951610744037794e+01 9.182157901028059621e-01 6.790075210270274386e-01
2.798426830189373860e+01 8.386803036445932280e-01 7.895452592633566136e-01
3.229538573863662521e+01 9.647829858278441639e-01 8.360197479414002153e-01
3.091120337675709706e+01 8.076813479206429447e-01 6.823173182440465112e-01
3.069530339217366688e+01 8.662301744603471132e-01 7.180147685486829578e-01
3.326830260288603824e+01 8.583390151765296627e-01 7.096117990258520303e-01
4.518502797525556502e+01 5.004017682492778452e-01 5.603990029489213098e-01
3.844963210157985145e+01 4.078734455049955465e-01 4.390877225700188791e-01
3.234205973021875735e+01 6.955597764015196693e-01 7.750007211359140058e-01
3.706727784519190294e+01 7.791237973737471512e-01 4.215556051252604131e-01
4.227024953928031437e+01 5.881197543617792123e-01 5.605854208805706174e-01
3.421782805878043376e+01 4.929763872512076262e-01 5.291278616071837249e-01
4.340231290217697335e+01 4.459902526743085294e-01 6.075858247434399173e-01
3.157104035617215132e+01 9.041901769714976167e-01 7.018981432618272009e-01
4.279945493036869664e+01 6.797826275474627700e-01 5.027863623623524125e-01
3.662417703890314158e+01 7.167396855929528687e-01 7.187446499291862967e-01
4.463658684310000524e+01 6.740756944637262826e-01 6.023052752383312169e-01
4.133408007547192398e+01 5.170505550624637792e-01 5.247981067633078478e-01
4.197106330177854971e+01 6.015726427373131457e-01 5.049891803081184571e-01
4.339739342044356363e+01 4.919685988429794432e-01 7.385839165411611784e-01
3.031417454277329782e+01 9.576811376031837408e-01 7.419635049143873395e-01
3.090086170230864226e+01 8.811624485619453662e-01 6.764569011412654431e-01
3.534164812979399528e+01 8.463441171001288010e-01 4.410176015422495599e-01
3.215733463211525844e+01 8.129120021398719143e-01 4.606045224570634034e-01
3.138694708214724116e+01 8.564190926659681624e-01 8.415619416357597027e-01
3.961405552098077720e+01 6.662651620380397599e-01 5.141497677778031905e-01
2.774324446459602811e+01 9.900058834529722462e-01 6.295335112602403749e-01
3.479028845571030359e+01 6.833825823797430310e-01 6.083188864311288580e-01
4.379633954140236085e+01 8.022762742758711152e-01 1.866020413726113270e-01
5.647789775158438630e+01 4.269925582849553591e-01 3.535869663395678764e-01
2.934944216341096990e+01 9.581586367862438003e-01 6.013446479737553085e-01
4.805847752209999157e+01 5.118173884675192298e-01 4.611111758534330862e-01
3.512002538799866613e+01 7.397066289117755211e-01 5.183340335498088924e-01
3.794391311082750917e+01 6.456306181692632595e-01 4.569749311215138832e-01
4.358392527822382334e+01 7.904092635773143360e-01 2.185996535465730140e-01
4.376789651688093130e+01 6.224440898917289466e-01 3.856690779636117172e-01
2.891099981811116493e+01 8.843866297465237114e-01 6.851939267186440974e-01
4.552648681747832882e+01 7.618505303554177210e-01 3.243071067612489089e-01
3.225796709257486583e+01 8.018289578535405804e-01 6.334369577523030204e-01
3.073198093652085916e+01 9.837230377938571690e-01 8.455043213902014854e-01
3.285669037393191161e+01 9.893102875390193951e-01 7.393168712412990784e-01
3.231573237344332483e+01 8.103980535960475517e-01 6.453046392356270866e-01
3.864212506411895731e+01 8.114302615874448010e-01 3.693302152479872036e-01
2.935520449613925464e+01 9.737866729997208814e-01 8.180191162289190965e-01
3.589158201373246015e+01 7.020978292079923522e-01 4.366143738843666910e-01
3.550236885910602069e+01 7.773476598745100441e-01 2.445915304640801369e-01
2.872081508085151569e+01 9.889045953145111367e-01 7.273502956498250072e-01
3.544207006859979714e+01 7.141117621979929941e-01 3.149071075939706144e-01
3.418361013865359155e+01 7.663621380896930013e-01 6.771251832324219899e-01
3.461972384156569404e+01 9.100431091552385610e-01 6.665861548573422946e-01
4.103188767416775562e+01 6.389586712575940908e-01 3.740397462020058073e-01
3.311404718570135941e+01 9.625591243156285115e-01 2.912392217813367101e-01
2.784156788333128674e+01 9.598233594024392357e-01 7.682548338892203343e-01
3.022063614968683254e+01 8.299679603060585720e-01 6.371689828349665907e-01
3.803115957469540831e+01 8.851603915321447635e-01 4.017996615668878446e-01
4.442341225743169275e+01 7.631938133613285213e-01 2.874844974346275062e-01
3.525075721275069185e+01 6.768501834665453520e-01 6.516371960221352122e-01
3.433906038187285503e+01 7.403562579924607423e-01 5.523543770980833267e-01
3.753552297133499849e+01 6.896548582168963160e-01 7.299960583531728275e-01
4.465390526506243418e+01 3.281110309771512190e-01 4.182602196189385002e-01
2.948186006752834487e+01 7.567684392547153749e-01 6.632072703331090002e-01
3.309435659650796424e+01 7.737731065199762170e-01 4.806628092325671009e-01
3.980977371308428303e+01 5.195524603880814496e-01 6.522312416556732551e-01
3.816933914611723111e+01 4.225977654290420937e-01 2.695669425104632033e-01
4.512371055705938261e+01 5.736624748139473873e-01 4.181079724828934419e-01
2.761265993751946013e+01 9.717288666354761961e-01 9.008474785450807376e-01
2.666608265546720702e+01 9.474160365597243949e-01 8.074972914456746143e-01
2.695568487960888859e+01 9.932207818784345443e-01 6.261081496593902118e-01
3.734421028228659623e+01 7.202813542637103161e-01 5.283122890553921813e-01
3.505048507939430635e+01 8.140682905355951515e-01 4.189964046801694653e-01
3.424490233564536368e+01 8.181848635603512498e-01 3.847641115933296829e-01
3.294502452936777814e+01 7.415739390716450385e-01 6.234865430918392626e-01
2.938022686655454763e+01 8.610755164408101514e-01 8.952360160377438314e-01
3.611845177689444597e+01 6.422563557251976807e-01 4.166086239510557454e-01
3.533295115955774435e+01 9.518819216842555608e-01 7.071196558258964204e-01
3.772344078780790966e+01 9.183430579424223250e-01 3.230338447601378560e-01
3.396380162578838480e+01 6.673914977427164441e-01 8.087945883219862520e-01
3.098462912799068647e+01 9.881975277472904162e-01 8.145359343849726264e-01
3.155869957902199374e+01 9.140259035122122455e-01 5.983553177388863942e-01
3.189189580155726134e+01 8.871478716284586508e-01 6.160435859705893913e-01
4.231234110150830929e+01 7.735150212856789498e-01 4.017942939763984866e-01
3.522310133586309888e+01 9.844976486566666685e-01 3.608722657238858655e-01
3.126670171435394963e+01 7.581658636144743557e-01 7.449266407454863126e-01
3.261427940762627031e+01 8.679099876604373653e-01 5.413827045764720847e-01
2.862219157168859596e+01 8.171958869245579127e-01 5.762361605454356939e-01
3.214361635932188221e+01 9.924564740684670427e-01 6.927269015773931393e-01
3.879772563697927978e+01 6.940826944083235972e-01 2.845598568272566520e-01
3.579571121254804211e+01 6.895931885799726491e-01 5.945113608595855581e-01
3.681121285205971105e+01 8.677072546633736172e-01 5.373815267175180432e-01
4.352286450775852700e+01 5.712240744625617372e-01 3.895184930918080268e-01
3.543196020655764755e+01 6.843519630098779949e-01 7.291123672327747274e-01
3.211254052658868119e+01 9.030488635157515320e-01 5.992694157444132808e-01
3.274645749967488229e+01 8.662682956037822679e-01 7.792660009466375604e-01
3.325446735631756212e+01 7.684556747286656053e-01 6.076406240944466353e-01
4.655719744286300710e+01 4.583715547893522091e-01 5.526489068322916198e-01
3.634432503133164261e+01 6.520836672136919310e-01 4.074160596035741877e-01
3.754362196954672726e+01 5.247820620746380671e-01 5.297380204768610268e-01
3.565923973681539394e+01 5.944499961081864958e-01 8.090788012673107987e-01
3.124966685298783631e+01 9.578856889041936773e-01 6.727771442376667688e-01
4.075819063578227741e+01 9.961755624582123714e-01 3.157676321517395301e-01
3.661036355776032991e+01 7.567659136464405245e-01 6.896526722856608504e-01
4.045192656645489393e+01 7.928025959852111892e-01 3.847420175584911339e-01
3.133929152045788413e+01 8.124775049971686425e-01 7.460792928838383409e-01
3.697435779032935699e+01 7.253696270691211145e-01 7.346151790579035223e-01
3.324418823440768733e+01 5.886349927301620655e-01 5.234668404775556505e-01
2.938572990838996546e+01 8.691682081991369824e-01 6.827998813589507554e-01
3.626106493688738652e+01 5.653295616393380074e-01 7.808282271888213888e-01
2.749877263930764215e+01 8.533946655231985368e-01 7.078556977479697476e-01
3.988916035847784514e+01 4.637234844228910191e-01 5.802251915361120727e-01
3.554328115492783979e+01 7.349833493964357256e-01 7.831959690050324108e-01
3.676212399406904296e+01 7.510016375139099143e-01 8.124815061457176801e-01
4.015614715483072672e+01 7.954802481931361191e-01 3.016117378727357079e-01
3.417305094039921443e+01 8.271639962312359318e-01 7.774893904319157834e-01
3.131800212827110030e+01 8.762661374495008815e-01 6.487328877262953375e-01
3.408497376336186591e+01 6.378250299597580941e-01 5.837133738493726076e-01
3.517946759071140406e+01 6.332875650201388318e-01 7.765048048538871761e-01
4.071286017296056770e+01 7.904387940902499743e-01 4.734725602959696245e-01
3.373401972173466135e+01 9.222153970907278620e-01 7.356633171669563209e-01
5.753165778096820304e+01 2.510008411796408323e-01 5.453889632166643020e-01
3.911751930763657725e+01 4.623624436845804597e-01 5.075423364521567393e-01
3.923171855769879102e+01 7.230065380614638659e-01 6.049654096309871054e-01
3.751840387427554191e+01 7.631084689661922216e-01 3.352853642810329493e-01
4.227961451875596310e+01 5.870081311274004676e-01 4.497527345142716126e-01
3.447362697112022545e+01 7.390405700226213570e-01 7.220587234720903247e-01
3.345878874210498566e+01 8.078900476883881243e-01 7.017011433824118516e-01
3.399602310325171572e+01 7.506338514242455462e-01 7.455070150556740716e-01
4.296867297700083554e+01 8.339605043569581211e-01 5.077992099084289723e-01
3.308861515906821182e+01 9.350896891663900146e-01 6.075383305555779323e-01
3.358952358195725907e+01 8.831595999767546390e-01 7.637480694560008221e-01
3.974330814035602799e+01 5.423371694197927084e-01 5.124958137382046308e-01
3.451872237478204397e+01 7.513560272008529273e-01 4.712634420033193217e-01
3.990547741480109778e+01 7.562369833467602609e-01 4.483492048915405648e-01
3.677043854184319827e+01 6.625757071499933648e-01 8.104837608836845675e-01
4.210160589145925769e+01 5.344113631906399764e-01 4.382413146686587879e-01
3.871304417254746966e+01 7.474998256950432518e-01 4.348750586552714292e-01
2.866717072873608174e+01 8.930802030765038202e-01 7.605734848062744025e-01
3.870082136534178119e+01 4.676144187473386671e-01 4.068199913145361113e-01
3.827060146534703478e+01 5.011511478404906406e-01 6.583996748842434465e-01
3.442777179275789479e+01 7.834124903751971125e-01 5.350232474807150584e-01
3.531471580854511672e+01 6.088875451617897783e-01 7.168941662100032364e-01
3.809971761467789975e+01 7.714817412098169402e-01 4.886919861308082758e-01
3.840494135566827083e+01 8.326089929790525535e-01 4.524769304189946162e-01
3.477580552253565571e+01 8.447335758916809656e-01 8.409988363016023261e-01
3.354118192818330613e+01 8.255232746579823644e-01 7.405813372552354501e-01
2.878803950954014468e+01 8.938698063465898569e-01 8.931810564998738933e-01
3.273750719374233142e+01 9.345744582121138233e-01 5.480670700805660989e-01
3.172332052974541483e+01 8.733320140188736147e-01 7.475646849936834482e-01
3.306269791947966752e+01 8.926916032988732042e-01 7.408996931148728038e-01
3.179205884503300084e+01 8.950680389657291736e-01 6.655056845907980634e-01
3.400300157103246335e+01 6.301428311829107010e-01 4.177506680902903224e-01
3.238928424436470976e+01 7.168549332328056911e-01 6.399915606875743457e-01
3.711621530950098702e+01 9.178924920586883918e-01 4.208987841182688650e-01
3.362372188950305230e+01 8.541564386264919317e-01 7.139489519755023439e-01
2.863335132523620175e+01 9.992532318356400767e-01 7.677374511416109604e-01
3.303559787464870112e+01 9.934059823573407888e-01 6.653538179644598038e-01
3.831987911000084068e+01 5.930684657781890579e-01 7.627541251183163062e-01
4.056989560120686633e+01 6.314734806186222960e-01 3.601605198526345308e-01
3.848219039421849885e+01 4.947319867688223516e-01 7.191209689498128110e-01
3.524284228589813495e+01 8.654357863496865422e-01 5.933644650868123982e-01
3.862106095830814922e+01 6.287136158279990061e-01 6.810693437422081775e-01
3.407600431781407480e+01 8.150611574165481654e-01 3.356170942519180467e-01
4.271923369805404036e+01 4.328182974038131681e-01 5.386093225156796116e-01
3.251249471667756552e+01 7.593240342186080571e-01 6.314908728332915278e-01
3.697541942523176317e+01 7.865232727280828673e-01 3.511483447544313519e-01
3.980272089224236254e+01 6.232080921254270489e-01 7.407100352038640256e-01
3.176758250887628421e+01 9.689418021647637769e-01 6.188283341887805822e-01
3.586565019938053922e+01 7.308542873402961160e-01 3.566972805797649637e-01
4.269431024788377016e+01 5.361894328525833586e-01 5.084430575532117302e-01
3.538728177920276607e+01 5.440182773954298501e-01 5.051858620443975267e-01
3.646651482980045955e+01 5.198672023407732157e-01 6.067444413308189510e-01
4.024510123290769315e+01 7.457695491085004624e-01 3.296267346768798068e-01
3.199384242157876201e+01 8.402931355357491361e-01 8.889273467603889811e-01
3.869374365684929273e+01 7.532685649585759702e-01 3.638314028831646785e-01
3.750480374500546787e+01 8.798128233799696885e-01 3.275398386830652986e-01
3.051166910983608815e+01 8.483150591393546769e-01 7.966589006997514266e-01
4.117928845022159834e+01 8.971146828622651448e-01 3.550476333894999059e-01
3.319163828675410599e+01 7.586870492767632257e-01 6.786443337076135673e-01
4.078618672817233204e+01 4.582826829688183556e-01 6.052999317988024819e-01
3.498550727327894094e+01 9.393702875270015795e-01 4.539218398955542355e-01
2.990078095916220846e+01 7.398878861276179109e-01 5.649186423078458308e-01
3.602674605081873693e+01 8.301625643616469263e-01 7.535608813831186081e-01
3.690687563689343875e+01 6.281698563781294986e-01 4.852385351193570506e-01
3.337555049843414423e+01 7.982394089655682201e-01 7.948882934233501008e-01
3.431787170705342760e+01 6.374835137319090350e-01 9.170104578859877842e-01
2.746099466286318247e+01 9.142792063239083555e-01 6.403763463391004551e-01
3.505704114152650419e+01 8.927693601293880121e-01 2.748745413803193594e-01
3.920171326013942803e+01 7.126087079371261623e-01 5.650315354832313730e-01
3.933905301089114204e+01 6.411909345978634711e-01 3.656833655864309973e-01
3.331098739553130628e+01 8.219529212065126433e-01 5.214500540485559332e-01
3.598414271923402907e+01 7.971089135583351304e-01 5.371225726285097091e-01
3.570223100038118247e+01 7.599328782052948705e-01 5.125577040347945035e-01
3.419592397339889089e+01 9.413243609409693846e-01 2.281524423726027651e-01
3.696839051107525620e+01 7.952287791815196849e-01 3.552678888293643866e-01
3.397743023721366029e+01 7.614680234129898029e-01 7.733680019677695583e-01
3.810597142889086086e+01 8.350435611295375926e-01 4.399775154350755724e-01
3.122783195919002353e+01 8.621496512414096314e-01 6.050010549786398739e-01
3.219535105162625399e+01 6.583409826340383963e-01 7.390215131348120137e-01
3.403308224995215170e+01 9.477526054193770033e-01 4.727138831344414038e-01
2.775163096106390981e+01 8.665679252909023189e-01 7.876511880959887746e-01
3.217464113140822235e+01 7.807648791042575143e-01 6.239953716560218133e-01
3.026039706203606983e+01 8.959522529367238697e-01 5.213948832180232973e-01
3.755871737809001587e+01 4.312334722258143183e-01 3.365858521598728559e-01
3.220770787749420094e+01 9.097945085939809218e-01 6.738803153183930972e-01
3.196801410168822954e+01 9.031601348516600236e-01 8.068684644606440859e-01
2.871721564506145086e+01 9.414520722834693878e-01 6.889015766700770094e-01
4.104707602121735022e+01 6.142970831366113549e-01 5.928917545374767784e-01
3.396426928417051272e+01 9.768707926618402926e-01 5.404161849712766363e-01
3.799240545342165376e+01 6.298204963747638940e-01 6.098579001575662462e-01
3.249649191467665332e+01 9.563888082393445789e-01 1.402017798072471566e-01
3.754851758643937387e+01 5.684971472689176464e-01 6.479694889722824591e-01
4.459962167861664994e+01 4.915589258667332762e-01 3.698556225695648347e-01
4.050145278925693049e+01 7.130333775255388584e-01 5.008182596336555603e-01
3.395555914270537556e+01 9.401438999887646863e-01 5.461675622197135205e-01
3.509424633478141686e+01 4.465871216180407610e-01 6.225256817520404828e-01
3.860589518275386212e+01 9.231545393521090048e-01 5.020817221453149903e-01
3.272095422305204693e+01 7.536724750289959252e-01 5.505438306996186526e-01
3.025358149957520126e+01 9.883091434194721803e-01 3.753999835978680255e-01
3.360023387687378005e+01 8.899494121860554996e-01 5.328444671896073181e-01
3.846954584969324742e+01 4.528284119224290638e-01 6.058340099287987668e-01
3.927047037808117835e+01 9.081669251005504151e-01 3.208368086672704900e-01
4.248471202909707500e+01 6.273272356250094717e-01 3.955868269096496359e-01
3.667554728172286360e+01 7.364097349437914719e-01 4.910043619983863183e-01
3.874505125044126430e+01 8.183521286312629428e-01 4.357557207928480225e-01
3.962299482811272355e+01 6.644590775491506784e-01 4.232667059787482700e-01
3.280551008364315635e+01 7.499172218380362187e-01 7.404405756577863151e-01
3.008662472043439706e+01 8.613475499889745590e-01 8.148432762405694030e-01
4.578359870226639572e+01 6.896523043255593510e-01 7.316580987640436406e-01
3.227602205640545208e+01 8.191110986222456258e-01 6.041244747161050865e-01
4.045529118199493723e+01 6.038377551032358959e-01 7.183528871503720437e-01
3.555430462072516207e+01 6.705808165766734552e-01 6.778114026490317245e-01
3.169376014795073715e+01 6.839569359868347131e-01 6.821778899921435713e-01
3.635225149051217386e+01 8.798128233799696885e-01 3.696296397619109331e-01
3.530746331348957767e+01 7.869821000247841924e-01 4.207642604432953459e-01
2.917451175291322230e+01 8.512573188838187255e-01 6.858287442624098063e-01
3.401136131736084423e+01 8.824294395052270090e-01 6.480591738613985520e-01
2.826632668182891805e+01 9.837504422661307313e-01 6.493957988489345023e-01
3.819383461759611720e+01 6.015594177280200183e-01 8.341703419197477043e-01
3.599068260330898994e+01 6.910222086490134252e-01 4.535013265103952640e-01
2.884274485023606616e+01 9.716724085901988772e-01 7.173825866907292959e-01
4.304481675064433688e+01 6.231047199773543932e-01 5.849216201294558104e-01
3.762742005765021958e+01 7.408979386545840873e-01 6.102101769347816340e-01
3.165585775578086825e+01 8.821732207672380310e-01 7.400127343881928166e-01
3.238738013123209925e+01 7.603556379247552455e-01 6.913789363848383829e-01
3.124859530162355981e+01 6.432799782494323937e-01 6.463043489492680260e-01
3.291317914603003913e+01 9.844389826460937520e-01 6.195228531914451775e-01
3.669113319373290238e+01 5.122763387539546187e-01 7.165656693154646151e-01
3.577972373509757631e+01 5.905303279200250222e-01 6.574934676936550204e-01
3.076869563733028201e+01 8.674351384378449215e-01 7.512333365732222212e-01
2.940841454267127020e+01 9.634748362594925952e-01 6.346280427329338281e-01
3.922345368160583945e+01 5.484547027446937673e-01 5.771510167565592209e-01
3.328581068465272352e+01 6.743648865906738399e-01 8.046130482356547153e-01
3.560506679051215428e+01 7.780022435764653022e-01 5.217399038940774281e-01
3.156807027582106784e+01 8.475375157049106489e-01 4.496361571053461570e-01
3.859505160121778289e+01 4.564548652816650676e-01 7.322293654568987620e-01
4.884693586929620324e+01 5.731992418614637597e-01 4.079464779797565277e-01
3.874252655962121139e+01 5.835968124416255343e-01 2.208377573620375345e-01
3.404108729082513918e+01 7.608307958777156266e-01 7.022072722854365567e-01
3.150312424985024151e+01 6.590815764540257637e-01 7.956592552187716771e-01
3.349568033630230701e+01 7.483083890944225436e-01 6.462305292185415162e-01
2.335747904516546924e+01 9.894660702353346160e-01 9.608502313341448220e-01
3.006353524627835583e+01 8.103623575830990466e-01 8.235812475535249089e-01
3.251587380391133308e+01 8.266614383688666301e-01 5.258914922684203574e-01
4.780765880691302527e+01 6.941387137782083494e-01 5.397989572298005356e-01
3.389937764854158786e+01 7.912230076433582893e-01 5.762948196808814760e-01
3.598135059804574354e+01 9.038492703527907235e-01 5.444122147321156513e-01
3.140126014890881123e+01 8.809774464991754206e-01 2.539364125660721339e-01
3.483992865934725813e+01 8.843838176920846283e-01 3.877773164294416874e-01
4.279868372051136305e+01 3.783058383713126527e-01 4.239941083807391431e-01
3.111466177039869407e+01 8.646353026667876751e-01 8.145889017059324555e-01
2.887179917249511618e+01 8.152001513841523606e-01 6.330580394611039496e-01
3.610801525982292759e+01 7.712427654563660528e-01 5.875028248027136524e-01
3.225882536131172174e+01 6.869720999467904266e-01 6.154648202951716884e-01
3.368210794024222565e+01 6.582584091643216562e-01 6.066500755302127734e-01
3.522944930140858588e+01 6.184861986608835016e-01 9.332500551357003626e-01
3.431292524698979918e+01 7.148088128280879472e-01 5.871019639282716307e-01
3.956338109820398330e+01 6.028587034829725466e-01 5.376253083215961626e-01
4.711125743947400935e+01 7.129525004465149252e-01 2.806612808829997974e-01
3.068650455410771372e+01 7.237050521343748599e-01 6.957243491649574008e-01
2.967427141383290845e+01 9.772608546088584758e-01 5.813283299282940852e-01
3.043793295954115408e+01 9.903337116054721223e-01 6.330411207545192376e-01
3.567424418862033519e+01 9.604681436531617988e-01 6.372334909315269247e-01
2.827710588905781464e+01 9.649603798072706740e-01 6.805436622222810206e-01
4.444431203353367010e+01 3.655987377820506534e-01 4.065953958379103783e-01
3.908663885684248385e+01 7.112798433122363706e-01 4.525012155172522532e-01
3.915421798556578636e+01 7.094094846978779012e-01 4.507198081718467031e-01
3.951252643083108040e+01 6.973389384640213962e-01 4.947584375207459972e-01
3.281039812420664248e+01 6.772386569627968367e-01 4.976355018626930637e-01
2.588292692602388811e+01 9.888108766531827909e-01 6.695954104086323522e-01
2.789558712268199869e+01 8.253286528085056473e-01 1.269567518144507190e+00
4.850284224324502702e+01 5.515408727580709547e-01 2.654862598360413495e-01
3.847932586384742848e+01 6.151602521522228084e-01 5.636607490917913132e-01
3.060089589804620758e+01 8.787302447525270344e-01 7.022937965608441191e-01
4.179891493668216640e+01 7.184695103383424986e-01 4.556602446761331415e-01
4.349222408872525847e+01 5.603199069730141479e-01 3.805110488190957541e-01
3.688648772955510680e+01 7.097876037814172534e-01 7.354568954386975221e-01
3.997266711819467133e+01 6.042718015782329033e-01 5.491722796199106638e-01
4.194797644730311958e+01 5.052236097500493184e-01 2.979414368231959043e-01
4.128110807772764446e+01 4.964977732600234228e-01 4.894944317391253796e-01
3.532118320871089878e+01 7.796231411351631779e-01 5.050661322097144135e-01
4.114984767884338623e+01 3.343145008807537621e-01 4.808526298659658860e-01
3.053876440674450876e+01 9.826616659206497406e-01 4.622548735001597575e-01
2.910171742196109079e+01 9.322885692550674230e-01 7.601919526808335048e-01
3.146144904627956862e+01 8.675988022276874823e-01 7.156122165459134488e-01
4.052219046945554481e+01 8.193787475766278749e-01 2.372465984731048638e-01
2.702864950845477310e+01 8.947419320522336239e-01 7.098888565019626506e-01
3.349448929058620905e+01 8.698448556958033873e-01 5.676752285280389776e-01
4.155095406051008666e+01 6.394669722034629356e-01 4.527544320999185024e-01
3.818449276151659433e+01 6.756889634096104880e-01 6.658025300717748118e-01
2.941157182284955596e+01 8.901255002600475530e-01 6.273136602248501337e-01
3.153747484234766318e+01 8.842513938114039407e-01 6.417590343539731901e-01
2.873108100917788832e+01 9.414160049359814320e-01 4.993751844437315235e-01
2.857369561583665174e+01 8.910419072161893661e-01 7.329732951700981269e-01
3.207100991880078311e+01 7.249701695834219750e-01 6.503697932572550799e-01
3.097363434893671297e+01 7.127418516222714384e-01 7.371210270409116472e-01
4.277567765214384821e+01 3.663140394843900083e-01 2.273548379443306455e-01
2.908391559029742623e+01 9.288625039960783925e-01 7.279710090664968103e-01
3.217658161979586851e+01 9.704363265781169590e-01 6.063460234764582735e-01
3.407932379232831721e+01 7.052042753159559751e-01 4.691189119844416111e-01
3.066879298844701651e+01 8.748829195207703524e-01 9.410625063372185517e-01
3.424587354019610075e+01 8.719134734551612365e-01 5.016816837893104397e-01
2.759749299501341468e+01 9.916012359505067542e-01 6.119759421482047212e-01
3.499976774405706692e+01 9.348116525880419969e-01 3.563641445530087437e-01
3.374761193863716358e+01 8.667627504855064391e-01 5.178322977783775816e-01
3.918742890399468592e+01 9.450040707445147570e-01 3.590692520654991116e-01
3.063927571507388237e+01 8.141430588018718773e-01 7.304509979249725893e-01
2.854571862887815925e+01 9.717001675764834756e-01 6.877091118562571603e-01
3.384651642752390899e+01 6.853904254634213267e-01 8.492327530420333837e-01
3.871732327916677008e+01 8.132482514337976420e-01 6.162734024173731617e-01
2.962163317003489027e+01 8.169946175804938537e-01 6.217304324413310823e-01
3.626003537590541725e+01 5.310955184915548966e-01 4.461617616348911852e-01
3.443663198826480709e+01 7.733488647979640529e-01 5.923519845557567720e-01
3.647551977768063836e+01 9.796913453122726434e-01 4.903331884026632115e-01
3.583880804372783047e+01 9.741344349900136201e-01 6.591301658560660970e-01
4.036420884735014880e+01 4.103069986624998666e-01 6.984247714641896865e-01
3.158126245219427730e+01 7.715717471565676222e-01 5.040373248088576563e-01
3.241547733436188139e+01 9.591038964098010933e-01 6.026613531669644530e-01
3.043117500482678039e+01 9.869894962460971088e-01 8.077057330172419114e-01
3.701774507486116050e+01 6.798434943881447312e-01 5.260373083587471799e-01
4.479412626872716885e+01 4.514268395493722941e-01 4.140613884414466317e-01
3.740141923016088299e+01 9.030906905812273733e-01 4.062142025260168654e-01
3.331594101992282475e+01 9.382694272950975467e-01 5.138223075910620663e-01
3.706975506940106158e+01 6.125495586822684579e-01 5.126587361520837938e-01
3.535159873120782947e+01 7.788064514904547986e-01 7.061678355813079122e-01
3.384370785344433585e+01 8.128921515582429036e-01 7.175778892425128674e-01
2.899125983336506351e+01 7.291189238499938829e-01 7.183413799759221785e-01
5.090870900665730403e+01 7.224326299079351088e-01 3.637342412324089946e-01
3.258084029043544660e+01 9.973831253845417688e-01 7.428160205098950364e-01
3.235163681263841795e+01 8.759811791006628656e-01 5.651002174537271827e-01
3.131244162228988515e+01 8.531686906804052395e-01 6.913394334379431294e-01
3.225471873393634326e+01 7.434353584474592269e-01 5.232329745270936083e-01
3.132945821996220914e+01 7.062976439052326416e-01 5.648682483695086631e-01
3.681976167264328836e+01 8.216274749831807833e-01 4.422140048690842984e-01
3.390273837946506319e+01 9.505707928598059464e-01 6.755605199591494525e-01
3.187637283147217815e+01 8.578097321636538597e-01 5.168057770410977581e-01
4.584171640631230815e+01 5.849779158140476776e-01 1.939828605147410623e-01
3.581146954417141615e+01 7.935440391285513151e-01 6.597222971491162324e-01
3.724986842986636759e+01 6.489975657579758472e-01 6.257894692416536842e-01
3.379777219171658231e+01 6.457437510746992793e-01 5.137969688864659767e-01
3.119649751123177595e+01 9.779568662526439971e-01 4.964414785968775390e-01
3.900195163690835898e+01 5.002503038613580477e-01 4.266222882134327321e-01
2.964200366873451031e+01 8.281174935532940040e-01 7.458145575991438347e-01
3.229291479373308960e+01 7.557338862515072808e-01 6.063233162533534504e-01
3.781847484027588990e+01 6.043307840754844618e-01 7.813584882623368921e-01
3.223203276475754109e+01 7.368165775009408724e-01 5.771485580178067343e-01
3.388004633372935359e+01 8.388779561726262823e-01 7.308451843655937585e-01
2.971502535112878363e+01 9.285901049004792185e-01 8.164528600433514915e-01
3.191255476848320782e+01 7.798214065483789481e-01 8.066363741246951324e-01
2.990202707872301602e+01 8.742068406445597795e-01 7.240904803439700554e-01
3.334483779078459520e+01 7.846141493299991776e-01 7.197540766020332770e-01
3.517764307465457563e+01 8.880349549999463354e-01 9.254641749019421049e-01
3.440589400713364654e+01 8.549590415170515989e-01 3.706220887853513002e-01
2.583354378846057386e+01 9.522391046070154408e-01 6.083363459769715043e-01
2.982300858606247829e+01 8.176215557997889016e-01 6.265012968183407693e-01
3.131062699676567007e+01 8.877204372296747525e-01 6.693351247949801408e-01
3.267175324258577973e+01 9.048079055508293500e-01 6.532284149856973920e-01
3.479590430723709460e+01 8.621400226925849397e-01 6.513150395051688912e-01
3.138064418429923919e+01 8.631665931893148791e-01 4.948903453511063755e-01
3.658032143197352326e+01 5.629824374056376923e-01 3.443579542352557810e-01
3.465555230969680167e+01 7.099480458657250193e-01 8.481449122259714368e-01
4.594108349976069405e+01 6.049363888725770577e-01 3.175513981617526515e-01
3.502691886141587929e+01 8.150611574165481654e-01 2.993576183718865691e-01
4.073098435878281975e+01 6.817366879004058688e-01 4.088889704429994887e-01
3.850150048446469242e+01 6.057407039149858008e-01 8.035139986205018792e-01
3.283204049981581818e+01 9.785712104009907097e-01 4.173342421355417109e-01
3.097671376136675292e+01 7.994553622791416014e-01 7.088548060122331629e-01
3.392556776554851439e+01 6.749681977344469397e-01 5.404549729813046266e-01
3.029311586928017164e+01 9.218622231699352687e-01 7.669862858747447110e-01
3.895704047077414600e+01 6.652208573937984371e-01 5.394732682071263774e-01
3.389579749803858277e+01 9.205009364505716274e-01 6.310588871908830999e-01
3.779751693901043552e+01 8.524871222521140934e-01 3.266836125621684905e-01
3.408608030074832129e+01 8.821347704376817367e-01 1.443485272491204230e-01
4.105653652714232749e+01 8.147853821574462252e-01 4.187740017459461450e-01
3.806567237204389897e+01 6.586419492041110102e-01 4.618704443666281079e-01
3.823068315927621796e+01 6.695042904521036897e-01 6.071492304508143700e-01
3.509878374017733904e+01 6.186649960748131782e-01 6.433298875642340375e-01
3.287663093717100082e+01 7.401682106841382947e-01 7.794768529449312977e-01
3.521648385649041302e+01 9.289334386176109071e-01 5.873782391825596028e-01
3.161006220553435853e+01 6.948983321542510083e-01 5.539339914915375473e-01
3.648412906302796443e+01 9.368668845403516077e-01 7.794499301549918657e-01
3.081517863295088944e+01 7.850688459688087706e-01 6.857554777132942592e-01
4.417593417111634579e+01 5.477139333179987801e-01 4.230040096642975755e-01
3.420121987899634064e+01 8.080255547890405898e-01 6.398861420582574455e-01
2.982032835661308212e+01 9.302472700694274232e-01 6.201399025542443377e-01
3.307706624328239542e+01 7.579426116701954985e-01 6.402506364422098084e-01
3.365565787320553426e+01 6.336187002970203874e-01 6.498629236670638853e-01
3.653338567147178395e+01 6.108796156510429842e-01 7.600780713137180733e-01
3.055555839011692498e+01 7.700075320218067176e-01 7.068123136101057691e-01
4.762970210918233249e+01 4.840639701503507419e-01 5.680278679002435105e-01
3.222617043945459159e+01 7.431059787880783807e-01 5.069296954017332713e-01
3.802928790772094203e+01 7.624500325570281456e-01 3.372404788625679717e-01
3.560466570555946220e+01 8.833521851785598455e-01 4.466536291587260288e-01
3.155081097081203723e+01 8.541364809973220895e-01 7.236802032099876048e-01
4.670363715877189037e+01 8.347598775910918256e-01 2.360474499324585196e-01
4.609457728508417063e+01 4.819644072115059630e-01 6.258747501965783444e-01
3.613559804619830373e+01 6.061198549181707751e-01 6.167032483987648916e-01
3.002428509088386832e+01 8.143916501968335719e-01 5.129542682709332668e-01
3.246108378512764858e+01 6.812694843767248543e-01 4.565761882917966363e-01
3.251969804625252891e+01 7.929109599331740643e-01 6.772754139797068085e-01
2.871349463548868286e+01 9.860597756398215008e-01 5.440829714326086419e-01
4.210490027129838353e+01 6.153823775590553380e-01 1.790539671555317902e-01
3.488529333506172492e+01 9.474208550837996956e-01 2.973974280163106387e-01
2.897537970297611665e+01 9.516324822987223264e-01 7.014455193672897160e-01
3.623170717787029105e+01 8.626625641766323405e-01 4.338974398315202929e-01
4.438464354684108315e+01 6.273101417590868367e-01 3.847508398164520838e-01
3.475805747481041408e+01 6.944011370952700712e-01 6.832018746487946714e-01
3.320234355516332414e+01 7.814464961137523868e-01 6.606986769630798229e-01
3.013291428777456105e+01 7.708948499592701564e-01 7.983900435219445368e-01
3.929421922418273283e+01 6.032001061942254827e-01 6.306044730008131260e-01
4.816693108505095466e+01 5.272964020233815718e-01 2.085719553086414491e-01
2.916433393480050285e+01 8.359681874544162561e-01 7.882362602613232072e-01
3.424074973692587776e+01 6.236486306773328936e-01 5.216692789881559600e-01
3.852273832272589971e+01 6.892122785519244621e-01 4.600567729344910983e-01
3.962864335054587173e+01 6.292060897817989273e-01 5.710537715419293781e-01
3.193149102272131401e+01 7.321287569320471533e-01 6.884369243894828960e-01
2.974880468232278119e+01 9.166163926537986839e-01 4.991099633146668935e-01
3.127140518282676496e+01 9.975305374595516694e-01 3.933712402572567823e-01
3.713255189307324144e+01 7.804045994820528742e-01 7.588344805510163216e-01
3.526337478413960014e+01 7.980004466328243229e-01 5.592344041013587175e-01
3.594150034163924090e+01 8.373478292447409377e-01 5.354768335475882379e-01
3.274802972600686246e+01 8.620279323400423799e-01 6.314349231299403176e-01
3.390558167617425767e+01 7.927129869222646619e-01 3.732570610351546581e-01
3.929483999120878934e+01 5.532074284545259735e-01 7.192084193442838114e-01
2.978813640221173742e+01 7.196654287150842100e-01 8.836583477579076362e-01
3.804846089136691489e+01 6.331890542215878881e-01 5.997167284687577871e-01
3.551251499502215836e+01 8.189671583127724475e-01 5.581081227915833942e-01
3.364825885995039556e+01 8.473696460331778813e-01 6.368438682870183332e-01
3.326156125241972461e+01 9.570868047310565618e-01 6.083931080689017890e-01
3.363767227575171148e+01 8.675852835697127619e-01 6.767404082203231086e-01
3.584898091844367940e+01 6.134531410516400607e-01 5.524908035227227288e-01
3.483431302565701770e+01 8.406220079607168438e-01 5.781915114750659779e-01
3.118612180934949407e+01 9.703144486125161450e-01 9.139843549938659883e-01
3.174291009989917356e+01 7.612303940475714237e-01 6.730917705422896358e-01
3.420771477407198802e+01 8.570620752153358390e-01 4.512265381089807237e-01
3.967580059935481529e+01 5.355181067190567523e-01 8.047676364680418359e-01
4.411512916345146351e+01 5.319337227143399183e-01 3.942193488257318967e-01
3.596647609621088293e+01 9.538927464286188762e-01 3.933251553618635765e-01
2.825835405917668197e+01 9.890100009038066409e-01 6.920550588108105305e-01
3.997850679823667264e+01 5.669940815689493707e-01 7.080587568347536109e-01
4.497283925399276683e+01 6.398211706496271800e-01 4.209802554448479617e-01
3.535022031810927956e+01 9.769835815218032016e-01 4.293286211362404847e-01
3.249203941782089800e+01 7.355162462936392087e-01 6.683126013065727733e-01
3.906880208587082848e+01 6.899613937677437914e-01 4.818269971302654997e-01
3.398927518383180768e+01 7.942767377302822895e-01 7.924789228253671380e-01
3.213323174513638492e+01 9.503634171887203053e-01 7.023877222101694295e-01
4.027625940647602931e+01 4.774312085090666735e-01 6.785647386766076039e-01
3.640263055154946414e+01 6.847201592980689533e-01 5.467289304211779832e-01
3.648511629270680601e+01 6.774818050626483235e-01 6.240034699601986201e-01
3.459928714808268779e+01 6.531361288191449566e-01 5.920999501860102487e-01
3.278951989826430946e+01 8.940919159118685400e-01 6.273936366364130102e-01
3.805393325343337807e+01 7.503979945681060748e-01 4.805587325218506622e-01
2.937313825553089686e+01 8.801253984206369729e-01 7.711311344178281013e-01
3.308293260251266332e+01 8.839868937465391596e-01 6.368565799582273090e-01
4.384140148931694370e+01 5.551704891809472464e-01 6.275909578168791247e-01
3.573577525320418857e+01 5.582923478574174370e-01 7.443735138580375166e-01
3.245095719849434346e+01 9.843666788220810648e-01 5.859717581630248251e-01
3.089467339510906996e+01 7.543377376721036587e-01 8.142283753967047844e-01
4.249400536478211876e+01 5.430693547429381596e-01 4.419509968607717165e-01
4.145353211908324198e+01 6.161080206200457710e-01 6.155833625333686498e-01
3.537678085428960628e+01 8.480177371498026639e-01 5.492632641183137210e-01
3.418327327951191563e+01 8.452476017010782661e-01 4.947456203195908508e-01
2.546540591330793646e+01 9.920092384486616233e-01 7.838877284413842128e-01
4.138567155138219533e+01 5.475149157518396370e-01 4.051261032233590131e-01
4.450929512831195467e+01 7.596025352576374345e-01 4.822898286100579801e-01
3.624332733715869637e+01 7.032832911060953318e-01 5.368815122186367805e-01
3.738900972974511916e+01 7.242221853283632438e-01 5.968736221659904917e-01
3.690238366839693640e+01 4.964733903954891003e-01 6.020784784668021805e-01
4.211603683366873696e+01 9.666667286201409137e-01 2.987853184686962704e-01
4.139042145126913397e+01 5.782272280136075970e-01 3.649090696101847664e-01
3.415428276740744451e+01 7.903886804515456443e-01 6.415696705725109084e-01
4.195694935190332586e+01 5.496974192718134811e-01 7.749480929482953639e-01
4.630227869014707665e+01 5.877246351155238635e-01 3.272995130061222002e-01
3.389470680595046304e+01 8.407300935036954304e-01 6.062171565891901759e-01
4.547496080540710039e+01 7.129094191217341114e-01 3.670082794254921343e-01
2.835150450812198741e+01 9.261541454954382857e-01 8.415467428451243181e-01
4.232987402132238941e+01 7.604910349209713649e-01 1.878476487170640530e-01
3.700785651206194871e+01 6.330554308836668920e-01 5.347467849737654877e-01
2.701113069764621599e+01 9.864325663348305628e-01 6.895807687234205563e-01
3.875168258227851936e+01 6.355163307865395739e-01 4.623622216696180454e-01
2.924852672063004633e+01 9.236724569705719867e-01 8.401208328668307024e-01
3.773664075194778178e+01 6.732036180956197935e-01 5.149551862636919664e-01
4.772598457477277378e+01 5.589269212266053666e-01 4.013939095305398275e-01
3.170698009385097293e+01 9.646628542487871716e-01 5.124208286635656417e-01
2.765281309928757736e+01 8.979831880048065873e-01 7.698873130775523155e-01
3.919062391319472738e+01 9.137017274482256424e-01 4.665672859631143088e-01
4.788241888873885443e+01 6.175046025338439826e-01 4.383424752185351436e-01
4.802435102701414138e+01 6.042091676284429003e-01 4.483435098080623682e-01
3.547802030816316687e+01 8.828503765334294595e-01 4.494765758671384615e-01
4.023027822730463754e+01 5.932622805889067319e-01 6.267116333486449919e-01
4.201060275841223302e+01 6.952442597076416986e-01 4.475831522485956282e-01
3.944444666142346279e+01 7.061731435770618459e-01 6.286517118022413309e-01
2.793021170368257700e+01 9.987847782978489519e-01 6.385501762265337611e-01
3.630755561861132463e+01 7.017898766665188193e-01 3.797200112465866639e-01
4.102183022374486399e+01 6.814670930423982753e-01 3.479649680671999534e-01
3.534002647531798402e+01 8.096275548101856678e-01 6.414654953064449217e-01
3.531657828304069824e+01 9.144350003722516718e-01 4.471662302272498279e-01
3.286896192809079054e+01 8.289069276226251892e-01 5.581176898181026136e-01
3.426360704592130446e+01 9.083736362245801166e-01 6.746408529329129822e-01
3.373302601554537716e+01 5.557298955677000274e-01 7.122097063858882082e-01
3.617359273655966945e+01 7.254388671640624731e-01 4.583550892818012978e-01
3.189584502712308023e+01 7.808513716560423479e-01 7.341520181289280522e-01
3.075350059723321650e+01 9.469249982281372491e-01 7.340029191990974367e-01
3.535704518727721535e+01 7.058859178258733991e-01 7.566861963871858165e-01
3.615422713240628383e+01 9.340966366761196404e-01 4.082139892045191787e-01
3.827364195644555167e+01 7.331805101894279808e-01 3.293609550231679783e-01
3.854792055060556066e+01 5.466093547420084464e-01 7.775608313485823375e-01
3.870941407752926011e+01 9.723851406339811820e-01 5.983213872811699030e-01
3.875571801175617992e+01 7.873906906009323636e-01 4.558851181119911167e-01
3.881563240913296653e+01 4.334734947330741717e-01 5.541956186968913789e-01
3.410914960281323971e+01 7.559562464791819147e-01 8.648088115181088442e-01
2.832555104927723733e+01 9.404647987672628551e-01 6.711512995859193476e-01
4.198468543120437602e+01 7.261378149427846207e-01 4.912547740079536429e-01
3.380572799985534971e+01 8.761265351472456997e-01 5.297024512819596964e-01
3.094598052962642498e+01 9.278912489867163771e-01 7.201502642524513220e-01
3.742895181911306679e+01 4.706799203084887084e-01 5.169495809124527996e-01
3.554388181066973829e+01 8.151960324114267964e-01 5.628917965731558004e-01
2.964919956876144980e+01 9.374057132426931727e-01 5.952829420583906073e-01
4.719652709288011039e+01 7.202867388800010540e-01 3.414306742951875306e-01
2.873810071267128663e+01 9.973588348467223863e-01 6.252025713524128614e-01
2.930285760633810099e+01 9.935051229302753750e-01 6.564386487327302788e-01
3.811047088715259434e+01 7.176555919339967504e-01 4.786220641565245293e-01
3.432733139956365420e+01 7.815956943522764933e-01 6.516633402073555015e-01
3.209498078343171557e+01 7.100405968242641253e-01 7.870635591261497810e-01
3.527151416134749695e+01 9.433686734032182830e-01 5.315126004750402311e-01
3.554207734531878771e+01 9.412522230652886623e-01 5.412412074444168386e-01
3.521180818800362289e+01 7.935089643242873025e-01 6.059970652468756880e-01
3.873517056405987091e+01 8.149732169316897812e-01 3.241271310041066722e-01
3.066745406786537487e+01 7.942472304850338727e-01 8.682130924739199784e-01
3.092370363735388139e+01 7.496951711897315018e-01 7.813393655731507570e-01
4.056892470095232284e+01 6.273654588546392352e-01 3.928755717949538595e-01
3.634519213276648486e+01 9.168505015476343667e-01 4.331598540322796342e-01
3.839129961735178398e+01 7.822691708067250893e-01 3.092879627582792446e-01
3.277104987495496147e+01 8.287556590574423065e-01 5.649494886421171369e-01
3.091698486219778985e+01 7.500967184895137585e-01 7.089720360791350595e-01
3.389442949518805648e+01 9.842961118940752874e-01 1.611092421715160372e-01
3.825272132418302817e+01 8.268429691111650603e-01 3.014068495354619848e-01
3.920546363203729356e+01 8.001353566570815756e-01 4.977691493573482284e-01
3.828970473729971502e+01 9.601146500580998167e-01 3.540230447804912361e-01
3.862307455881602181e+01 7.112798433122363706e-01 4.699345170874957289e-01
3.268240472956584597e+01 6.702366230393097535e-01 5.554737678549849234e-01
3.110602846079495265e+01 9.437507169633886361e-01 7.877220097829621404e-01
3.573210332936648825e+01 8.558604320084804984e-01 3.601355651340160668e-01
3.082121300714992529e+01 9.130364240576539503e-01 6.253612359735227777e-01
4.081616207872398405e+01 5.607517325890279958e-01 5.678525939568699332e-01
3.129031995748812278e+01 9.979520009843998452e-01 3.734614257729574893e-01
3.153615616336728422e+01 7.395455092306383316e-01 5.930280550963198394e-01
3.262159789265505339e+01 8.888380399681162780e-01 6.270876695221545560e-01
3.097250902632213965e+01 8.691200503674202382e-01 6.705003781016297681e-01
3.582917264965309556e+01 5.531327175516796979e-01 4.474530540935157119e-01
3.668294756276083746e+01 6.969030648506790993e-01 6.983739590213781101e-01
3.890758320851518448e+01 7.517547640728554637e-01 5.582769469115951289e-01
3.442603289458782001e+01 7.446027085702726644e-01 4.852483245116175903e-01
2.805447746622377991e+01 9.466744485613153293e-01 4.597557462067018430e-01
5.291111616441643406e+01 4.730299580161761441e-01 1.774334242623594737e-01
3.838227508965402990e+01 8.021410695186216300e-01 5.007279448088594043e-01
3.417446765750996462e+01 9.394581563455062234e-01 6.317163778857597389e-01
3.684717770036203177e+01 5.846314778972339088e-01 4.712436479800709010e-01
3.242026835607015300e+01 8.451485255807928976e-01 7.812922937214992203e-01
3.794007988014904953e+01 7.560427028422671558e-01 4.262520129977956929e-01
3.640790649552488389e+01 9.216449084480917708e-01 5.637578143782919771e-01
4.087866620688060237e+01 7.051161050897162275e-01 7.370021535973462212e-01
2.771651114750738998e+01 9.743021597616224883e-01 7.437773248426913231e-01
3.446030068649173472e+01 5.698435055637477431e-01 6.359952066296328255e-01
4.260013225075199728e+01 4.252740434762791732e-01 1.689662360175956113e-01
4.269317612821749464e+01 4.731645639468002318e-01 2.798912633306377962e-01
3.677490402714336426e+01 8.277640624912566691e-01 4.706623053354379582e-01
5.136268095364970065e+01 5.121126406951947985e-01 4.186051382044869706e-01
3.398578297972684936e+01 9.007120939096159296e-01 7.289013195890866603e-01
4.775030318471952739e+01 4.744634143159072726e-01 2.156253501046411503e-01
4.104425834326396938e+01 7.512534483839750088e-01 5.462541748296239064e-01
4.087546416978119623e+01 9.316947283385406120e-01 1.936042598770361667e-01
2.736026292961243200e+01 9.497569299275717691e-01 6.966705159011185033e-01
5.184690678652779638e+01 7.723138959304703954e-01 2.822766394804419043e-01
3.254082492904633028e+01 5.941124682079179653e-01 7.144942976194817996e-01
2.778426482319316193e+01 8.991181651763064941e-01 5.695740583356494469e-01
3.922207800739949590e+01 8.970938074447692978e-01 2.011591215780593744e-01
3.449617037068156122e+01 6.315707379880463046e-01 7.106348417267190909e-01
4.539116148247561000e+01 8.019352232790871726e-01 4.179469387473963016e-01
2.866603844170943205e+01 9.020003134145527790e-01 7.310120678041465148e-01
3.045026402237979113e+01 8.726771052787970495e-01 6.770091863924521114e-01
3.308212635538938429e+01 6.485232705205943304e-01 6.763607894948499011e-01
3.598924765555918270e+01 6.234295854806505277e-01 2.214604431762124404e-01
3.057119230847434466e+01 9.675810941149525224e-01 5.830005515009102357e-01
3.946564660774805589e+01 7.509805319346538610e-01 5.927402958282749212e-01
3.898263854509568915e+01 6.346523003594858325e-01 5.620486658400540847e-01
3.499656625782670716e+01 8.647568040436997006e-01 5.501890221332147446e-01
4.029560546071913762e+01 8.194480245326527523e-01 4.973829414350510736e-01
3.515927693317216551e+01 9.179636009098119942e-01 8.355459602729209401e-01
3.550891937957146638e+01 8.047949650983651226e-01 6.254670318151051012e-01
3.251928009170722333e+01 8.214746222743836146e-01 6.902467029890779759e-01
4.201437529464656251e+01 6.116302374213494764e-01 2.665782680313489306e-01
3.971195112750486089e+01 6.169318162999969379e-01 3.800688554379375583e-01
3.261034762319481928e+01 6.722907406430975730e-01 7.271246413912908491e-01
3.253271837889257512e+01 7.347610793185940237e-01 4.433965804864580806e-01
3.909970726533172325e+01 5.553782007427798817e-01 5.476431386792391942e-01
3.821174267033880056e+01 5.684759672763713967e-01 6.603943167177938056e-01
2.635720645313643828e+01 9.551646014093966297e-01 6.539981069236556754e-01
3.872451650138643942e+01 7.232957257444296850e-01 3.574439950622806395e-01
3.174610104377619635e+01 8.519562627949055500e-01 5.303211233004723191e-01
3.272553873266731728e+01 8.335585084603117645e-01 5.744860078896042443e-01
3.255985116025025405e+01 8.050287103728080984e-01 6.252492985526955094e-01
3.351017005262303172e+01 6.483737919040600817e-01 7.775525900252686640e-01
3.822965190867913066e+01 7.271757876604533211e-01 7.257421711189321334e-01
4.730662445915354652e+01 3.863975273996753113e-01 5.701587089009756415e-01
3.330730901244077558e+01 9.137491907685814096e-01 7.674038549620540994e-01
3.308686981118231785e+01 7.786955539455038267e-01 5.895429783302704729e-01
4.054370350785463017e+01 8.602167256320826239e-01 2.672667228740843726e-01
4.259420361890292384e+01 7.889529640335827265e-01 5.180213440484328080e-01
3.740389952114784933e+01 5.611406946786794414e-01 6.169435839884961359e-01
3.488748611408742306e+01 9.742579510868143444e-01 5.038014460750046553e-01
3.288920313827913589e+01 6.804829415071009802e-01 4.894253274900657869e-01
3.220146865187780350e+01 7.169897776334394068e-01 7.612004567877957983e-01
3.765207539352977761e+01 6.212246937729800633e-01 6.256154853977846653e-01
3.477578616521839194e+01 8.601576266919730429e-01 6.837739546619211461e-01
2.897046978678946161e+01 9.716467159919839336e-01 5.925837131618688636e-01
3.696625096571040814e+01 6.305811699200698506e-01 5.397763589248404381e-01
3.094037465696338884e+01 9.565821928363341664e-01 6.722938195775302050e-01
3.804346872054874495e+01 7.816955687489406390e-01 3.662320205866410050e-01
3.137980167803555887e+01 8.717929000740965995e-01 6.791954899923571265e-01
3.404507463567785663e+01 8.158107454262887304e-01 5.708987892666550490e-01
3.006561402852779707e+01 7.960103558022960657e-01 8.885067056289022158e-01
3.830445265788369369e+01 8.375828247570853424e-01 5.526495080323816644e-01
3.906428575276419224e+01 7.478161896961904587e-01 4.889324019304054358e-01
4.119615068088891263e+01 7.299813366677706528e-01 3.974438549842477797e-01
3.096622479060039623e+01 9.141376107691122632e-01 7.389719746238637699e-01
3.304399731523273687e+01 8.198023211842238034e-01 5.973684847941365117e-01
3.197765159883769570e+01 8.068974344294306267e-01 6.432131690332150153e-01
4.577078459940033639e+01 6.217991479388255138e-01 3.678864614627659346e-01
2.978685581720974085e+01 8.074537774246733912e-01 7.365295364791455413e-01
3.527795902444358944e+01 7.742208518625278701e-01 2.850050688412015254e-01
3.493618230939093650e+01 9.111457470116125501e-01 6.698783709008166998e-01
2.831961262689970127e+01 8.881947507925740393e-01 9.677192765838124044e-01
3.300160501883895847e+01 6.432332872703929727e-01 6.891488604123019446e-01
3.101067291120034142e+01 7.980032878113018091e-01 4.723478041649226133e-01
3.458725302529299483e+01 7.125289953909015317e-01 4.913891503341941691e-01
3.999250392027945367e+01 5.880481296685545756e-01 3.452269119715019041e-01
3.422872818817276652e+01 7.750775297350658288e-01 5.885047057624820388e-01
2.620531984546111914e+01 9.796196777741182915e-01 7.223237949351667408e-01
4.106807069759192785e+01 4.893063948969710864e-01 4.565811859382395421e-01
2.786384519258568915e+01 9.206542722574585502e-01 5.973473548918174503e-01
3.361469267662130989e+01 8.851899962452136617e-01 7.639155123705887451e-01
3.080046857663316473e+01 8.699574318407503615e-01 5.862412798327100161e-01
3.777367042187438528e+01 6.041037967085040039e-01 7.846910392034195381e-01
2.887107211534809892e+01 9.579132079229781827e-01 7.067894263562296553e-01
3.444589992685607172e+01 7.228442684595698386e-01 4.319416549289496476e-01
3.042420717876628089e+01 9.652310617598911513e-01 1.005297725353695215e+00
5.518724445693766967e+01 6.007153546724279813e-01 3.467710752721692713e-01
3.704304455691809039e+01 7.708392941139121657e-01 3.875408986181204107e-01
3.042969629829513778e+01 9.154768213928415888e-01 7.652116568750974013e-01
4.597617487595573493e+01 8.347598775910918256e-01 2.556049251252718868e-01
2.929775043091881415e+01 9.725120677874333763e-01 7.116222562227454418e-01
3.163401950957159414e+01 8.867046510998742859e-01 3.949898846030582278e-01
3.300417803380356929e+01 9.110087978442200640e-01 4.316317759891182271e-01
3.712792016066353540e+01 7.245573180275985958e-01 4.957788632795707140e-01
3.273420561605061607e+01 8.586030835066658096e-01 9.898166211368916168e-01
3.159095016552020496e+01 9.329535724444820710e-01 6.630409208061491810e-01
4.459059330671715315e+01 3.824677022141572125e-01 2.882822934275741100e-01
4.475156845952010087e+01 8.061354023761770904e-01 3.083065079939646957e-01
2.640904404304123076e+01 8.727054147423023434e-01 5.166861367844401975e-01
3.650142751883030456e+01 9.605759307605575836e-01 2.125947099841981880e-01
3.583136423509002100e+01 7.835669978757019427e-01 5.627726175810198184e-01
3.554461710299607091e+01 4.601648432127367627e-01 4.583659378533476714e-01
3.118044183124865043e+01 7.913671371178072622e-01 7.216562410911520065e-01
3.168066942830212440e+01 8.219803130051941409e-01 6.760429912979954992e-01
3.736820205499036263e+01 9.360504979315432683e-01 4.676274172451259092e-01
3.170215197251041417e+01 8.718815467225248250e-01 5.976576563216575710e-01
3.049235099220841505e+01 9.286730065176646010e-01 6.137419895230031841e-01
3.206724166927884312e+01 9.866172322758886004e-01 4.095660004277950628e-01
4.094777653803780026e+01 9.834442272108125938e-01 2.367234621273485995e-01
3.153701449953154068e+01 8.671455891650275971e-01 6.737539679107122925e-01
4.359133696971951366e+01 6.803406671400368255e-01 2.803047395702852329e-01
4.115693533872022414e+01 5.746086480438800104e-01 6.130439122965527510e-01
4.477933704147239524e+01 4.981348695578308172e-01 5.964950469729367599e-01
3.291387970788313311e+01 9.201099057407160497e-01 4.376592093215267432e-01
3.386254066261643914e+01 9.605114956743302512e-01 5.651212612635603261e-01
3.865473828447468208e+01 6.686105588370170327e-01 5.655729295868311413e-01
3.170375428664593898e+01 8.223045146422681695e-01 6.465105647626151475e-01
4.013864783791131430e+01 7.920533581056359296e-01 5.059407206489635600e-01
3.371677549821512088e+01 8.611393328856846718e-01 6.601223331564629593e-01
3.338584717712227246e+01 7.429892174031962337e-01 8.531167465380025128e-01
3.265333477973124587e+01 8.308358577065498851e-01 7.587001999813721698e-01
3.087136665522318069e+01 8.132938966864623476e-01 8.500293261317295457e-01
3.945263530396395879e+01 5.379070546703574873e-01 4.248152089991306668e-01
3.353013428813321184e+01 9.580007133343761971e-01 5.229694381054912355e-01
3.075286522802426603e+01 8.043779860814219695e-01 5.046285859860495382e-01
3.694385488199021950e+01 8.253416049025332768e-01 5.406676132011318803e-01
4.484139464054973701e+01 3.657466484469402701e-01 2.291220790422334175e-01
3.190962484079533112e+01 8.659846709195498926e-01 3.128741569925644894e-01
3.918519036194309280e+01 7.353372218270690652e-01 4.178516023794199841e-01
2.985416262049501412e+01 7.904933335146395734e-01 7.213179851250304253e-01
4.208345063938949693e+01 5.369339857690584861e-01 3.983369905728301741e-01
3.067701457171149571e+01 9.975897632696809625e-01 6.332909764291269061e-01
3.104675383623329665e+01 9.621059360796523352e-01 5.134893621556063659e-01
2.809672545811923072e+01 8.278467142198357998e-01 6.496373356520899200e-01
3.662532127198397092e+01 8.318457208577150208e-01 3.342979875560320724e-01
3.391505391869863928e+01 5.765289624400087298e-01 4.939009444119141223e-01
2.939898632025111880e+01 9.842796495954732050e-01 6.144471904491933811e-01
3.259293927417200365e+01 9.836700835260314690e-01 5.105186833885604347e-01
2.822713754392203711e+01 8.370485019146173267e-01 5.523206546882797330e-01
3.387351441572342736e+01 7.990077717152340719e-01 3.585351623472394222e-01
3.942371949732979886e+01 4.896986751601996590e-01 4.619043215249765688e-01
2.699895205537274379e+01 8.673669531379082365e-01 5.624338929061609704e-01
3.593279388450942946e+01 7.006540279509267943e-01 8.748043330474305490e-01
3.604668244247530851e+01 8.125831694427506635e-01 5.230952923799996324e-01
3.538710827162837802e+01 7.693888437567141247e-01 5.243798658444291938e-01
3.714685190821842298e+01 6.013564434027345307e-01 3.691885140705481461e-01
4.291395245657063384e+01 8.311797273517171902e-01 2.617141671182426910e-01
3.465985174721284068e+01 9.659556775810277385e-01 4.016971355877522187e-01
4.350294273810941803e+01 6.925308523121678217e-01 2.604391734963497629e-01
3.339521061777550415e+01 6.103477938485536436e-01 5.360729626441089746e-01
4.121789223220368115e+01 6.536108743013108180e-01 5.392948824348230419e-01
3.423984187438031768e+01 7.975715223889400241e-01 6.596101539562936322e-01
3.272058085402615291e+01 7.989873449297322239e-01 7.556017832917311106e-01
3.934813841330069550e+01 9.313425593672091107e-01 3.813904014541669163e-01
3.315645851927615695e+01 8.162646245442646276e-01 5.051311279916653740e-01
3.262879473239050299e+01 6.168968837378326908e-01 8.429027617695719066e-01
3.661400822844985470e+01 7.832783593963843494e-01 7.446394012832264764e-01
2.916767272395502886e+01 9.986989240993572325e-01 6.149778728700152630e-01
3.620666596265355963e+01 9.327698598705810307e-01 7.910170252321701012e-01
2.778978971275030574e+01 8.127412489399528095e-01 6.940956810322872483e-01
3.180436666612927965e+01 9.349435377750427989e-01 5.445582926058987194e-01
3.293777131475036413e+01 6.856960101921256712e-01 8.592274738319347627e-01
3.410872087850497536e+01 9.774118316325466349e-01 6.184755877437123628e-01
3.804852258062989989e+01 7.660620559956722309e-01 5.044069677204308100e-01
3.118851665804055884e+01 8.881382464565038548e-01 7.436142979106944439e-01
3.424399638543749802e+01 7.270020872380807964e-01 8.637672324032334981e-01
3.959567064643442080e+01 6.595381417970038740e-01 5.049949222761062062e-01
3.311687494907531715e+01 7.512666077865329806e-01 7.078328758550989086e-01
3.375886296430026334e+01 8.114987626553332722e-01 5.474673082676325686e-01
3.468531231677970084e+01 8.465969825459738196e-01 7.957345681348443334e-01
4.706531217080631535e+01 3.957696299501832216e-01 2.827118638425133446e-01
3.685274667145257865e+01 4.599484430339604302e-01 6.052477094225833243e-01
3.559368414940926328e+01 7.441602639893156734e-01 8.474481741399840784e-01
3.547194566378460223e+01 5.640952650007537983e-01 5.891862883779853677e-01
3.368874101170808899e+01 9.303969223279093814e-01 4.605276171920024697e-01
3.614635908856786983e+01 9.571380947506801240e-01 4.087875871630198832e-01
2.874843077511309986e+01 9.159278450423903317e-01 6.048933720805481640e-01
3.657720581972927221e+01 7.420436772865701691e-01 4.800254641773860076e-01
3.827223314908855656e+01 6.354978493515998084e-01 6.019046028372383450e-01
3.872368542764242960e+01 7.176727345428287608e-01 6.243132654221801303e-01
3.068057578573532496e+01 8.327236176641537035e-01 7.064116187485479648e-01
3.371110523358008493e+01 7.233072423695692255e-01 5.296857698122274805e-01
3.888565574485333087e+01 5.751400551767701375e-01 5.493066563552921888e-01
3.994312187651497226e+01 7.110807673650224592e-01 4.859963886957714974e-01
3.139975910295999384e+01 7.788233704583438222e-01 6.069689232802998324e-01
4.279983062952026529e+01 9.666667286201409137e-01 2.780352049787752633e-01
3.751821348532150324e+01 7.481725085224206762e-01 5.156411938087875901e-01
3.727256118451439448e+01 9.907708666497450078e-01 3.096618026814654812e-01
3.223713661262625152e+01 7.705015778695027961e-01 6.902808733132453911e-01
2.950288861877301727e+01 9.815386380210414652e-01 6.712258880237700343e-01
3.364900007170606244e+01 7.986029108074907956e-01 6.566118275815967520e-01
2.979708429242147005e+01 9.624007501529000530e-01 7.722133561339850072e-01
3.925667999408350539e+01 6.610841279081386412e-01 6.552115651422084630e-01
3.412029729154296120e+01 7.605167211105032798e-01 5.195745779078897453e-01
4.374972687827488471e+01 7.998919017747855298e-01 2.132906811344294773e-01
3.193428942541883231e+01 9.257891961972319894e-01 4.447745691340180829e-01
3.262050780644264592e+01 6.934740759840982705e-01 8.505353376549956712e-01
4.015151456401765984e+01 5.829239531072717417e-01 6.856361449249683826e-01
4.725913959788229590e+01 5.216714578999449570e-01 8.998960911861862977e-01
3.476312085303484167e+01 8.359920705180050593e-01 4.117770301221766460e-01
3.629969331225461815e+01 7.321827450239194457e-01 5.687522798460104001e-01
4.581603282402586075e+01 5.854668442168421416e-01 2.715942807674590065e-01
3.530834826009377281e+01 8.715024521508787370e-01 7.972781965715245445e-01
4.756210830891468078e+01 5.367153869697207647e-01 3.071168713830225716e-01
3.789669052738711486e+01 8.634849787732098436e-01 2.294592556759661173e-01
3.749196003678535760e+01 6.850371571227450440e-01 7.713259320537563246e-01
3.315923664351839051e+01 8.302034929799838592e-01 6.035082216056019133e-01
3.396185529381954638e+01 9.761221412970956246e-01 3.113370749187684972e-01
4.119155280797040319e+01 4.117113106506681830e-01 5.484452896727980420e-01
2.882829072077941746e+01 8.634416452969128075e-01 1.028890840191885481e+00
4.032236392987442031e+01 5.158778812895092880e-01 5.161351455982567948e-01
4.435300876026521166e+01 7.626166148317218285e-01 3.371017226044462078e-01
3.832533629612132842e+01 8.871404728911916893e-01 4.872775180122827510e-01
3.831781619351554724e+01 7.415916754448979020e-01 5.866471019471800608e-01
3.379404360494636705e+01 6.888368620290536981e-01 6.263950478302202640e-01
3.709426570325061334e+01 7.577339066283211855e-01 4.586182136029507972e-01
3.973887451250451619e+01 4.864418312440357828e-01 6.136363301303966455e-01
3.130917291587982021e+01 6.723757073185627764e-01 4.094930421101267148e-01
3.354492177751587434e+01 6.472336048614470982e-01 5.116269450944466168e-01
3.241713812233212622e+01 8.407821100679180315e-01 6.339919447981440248e-01
3.594428114469200608e+01 7.728902125786729638e-01 5.139070771066478471e-01
3.486937566780937203e+01 9.368875072869909948e-01 5.133477770436407628e-01
3.620836032159032669e+01 9.494744197901687777e-01 4.989086762770973960e-01
4.252687374541955023e+01 3.713664095332454562e-01 4.640756429120703741e-01
3.223409547387840490e+01 8.992648100984487192e-01 7.653752620068910995e-01
3.192021583481940539e+01 9.929871951879609693e-01 4.669295514683490800e-01
3.675135376978775525e+01 6.661268132093963734e-01 4.277910701910982438e-01
3.275463731271220524e+01 6.544459144675940365e-01 4.177109257972215217e-01
3.749575950324859264e+01 7.184959688962343494e-01 6.020864790753276408e-01
3.552910544297063922e+01 8.070279161195650364e-01 5.435172759132406162e-01
3.441079332773568211e+01 8.782436348949174132e-01 5.776247933169450510e-01
3.567114238858700759e+01 9.028575019400755242e-01 4.754410209834560308e-01
3.681340321319990494e+01 8.617485902811828913e-01 6.876837237192456875e-01
3.854390657154009148e+01 6.460869352071729743e-01 4.780328052362624591e-01
6.121565709253559362e+01 5.775074925062579911e-01 3.070303250794816363e-01
4.640768388544015011e+01 4.762252440601699166e-01 2.684025301650715956e-01
3.784479438120347794e+01 8.224938312209564284e-01 5.742159735639412732e-01
3.053779446153744814e+01 9.320790337845333839e-01 6.420626927580131982e-01
4.310873142760180343e+01 5.011062863678119594e-01 3.982396125709391499e-01
3.142688730786087348e+01 8.323873582462225640e-01 6.166568118850007663e-01
4.778154671266764808e+01 4.854057024377534391e-01 3.029769401854816580e-01
3.694876964552101839e+01 6.213097262175514279e-01 5.705303791282387849e-01
4.158286760682735661e+01 4.901535845539563563e-01 6.182373379808289160e-01
3.639976729314184212e+01 9.136733824457625719e-01 4.903489381608556186e-01
4.314670466004969285e+01 5.966089723371449383e-01 6.639847454037198782e-01
4.060377192269108093e+01 4.271662902387912686e-01 6.149932985936820140e-01
3.269701165054033254e+01 8.855550265913678665e-01 7.100718250415730681e-01
3.214343449582121082e+01 9.506098575408196139e-01 9.474545784114485336e-01
4.278764835763635688e+01 5.358000670123290732e-01 6.570099038459762397e-01
3.275156855839995984e+01 9.562524964437952857e-01 2.879884304078932367e-01
3.259076338687449237e+01 9.827346454463598002e-01 5.552128876462945062e-01
3.106166135933629135e+01 9.677794853483432380e-01 5.912526788177573378e-01
4.564494584814446654e+01 6.247979557052899535e-01 1.890980791752363555e-01
4.631216105811356698e+01 3.271743415990353565e-01 4.979235688738861687e-01
3.072925528637751569e+01 8.422842458895962725e-01 4.532965899573350721e-01
3.352331937364138525e+01 9.248134698588907909e-01 4.098281134250811308e-01
2.726115796650481471e+01 8.090513578708319331e-01 4.747790124659182487e-01
3.620410059641027090e+01 7.801413823262270952e-01 6.835993922515233301e-01
3.188528941045544940e+01 9.336092879527566613e-01 5.943666588452762856e-01
3.352432078347138855e+01 8.353366193745865864e-01 7.820061644863804950e-01
2.786796782726184318e+01 9.641206968124598209e-01 6.599256715546564234e-01
3.506344515862083711e+01 6.839080348317592151e-01 4.104967434967710660e-01
3.138242134125083282e+01 9.256385748829201177e-01 7.927726120926181785e-01
3.176168447724250754e+01 9.035369490420027683e-01 6.379447857044784342e-01
3.486384528475366551e+01 7.556336649562740426e-01 1.669880718496936367e-01
3.509687180035182053e+01 7.610921667150872816e-01 5.507454033629669565e-01
3.230325935523368486e+01 8.992162482033487780e-01 6.453218574771487637e-01
3.629074963668720955e+01 6.621047257434260480e-01 5.244581409489958990e-01
3.095899191109795723e+01 8.580673233293480973e-01 5.046482999603387753e-01
3.232437174375090905e+01 8.021055864844958139e-01 7.988251916264449415e-01
2.431308789652785052e+01 9.850819117118019275e-01 7.213988184450910168e-01
2.960327098762931186e+01 8.075305985405578646e-01 8.363730697946536452e-01
3.365558681793584128e+01 9.772654530934695716e-01 6.446693661034287315e-01
4.182868412673259684e+01 7.517547640728554637e-01 4.494548714509092879e-01
3.387022355358876524e+01 7.210111203640385824e-01 6.011646341530583193e-01
4.661326383456793110e+01 4.070268012046954764e-01 4.992280930511063253e-01
2.868995759242062960e+01 9.808186508163696526e-01 5.436949382332317837e-01
2.745055197841535133e+01 9.426211029875173342e-01 6.489533757732053321e-01
3.325355842322884570e+01 8.693796905815058818e-01 6.349592123624220319e-01
3.395393204536858178e+01 8.748128051144014039e-01 3.718473064461703670e-01
3.584850692477689194e+01 6.988469530262660934e-01 6.486235057167932805e-01
3.702554905057200330e+01 6.910475750390319138e-01 7.610611901702896143e-01
3.753911158506290491e+01 9.740031577963496057e-01 2.951205771247784604e-01
3.217487144490406337e+01 9.610940241941858808e-01 5.584973745007693058e-01
3.616966701295632447e+01 8.200981822973548718e-01 4.554709829610795735e-01
4.440301980205627785e+01 5.713292607143544144e-01 4.992611751178423485e-01
4.085307307733236826e+01 4.360312182346960386e-01 3.373421749360915323e-01
2.924185755677330079e+01 7.777399774409615718e-01 7.293409818584143389e-01
3.508270621771174547e+01 5.427852512180555422e-01 6.512124128235587950e-01
3.994847613549040233e+01 5.695644804479100820e-01 4.018413078902018376e-01
4.105828398118001132e+01 8.358969487526183295e-01 3.404903298464700412e-01
3.630356180952787071e+01 3.854689948709699721e-01 5.349677050612352547e-01
3.288074094549824622e+01 7.023480791802965140e-01 6.906045126560622638e-01
4.247024114814036011e+01 6.777999531428752222e-01 6.874614566805782312e-01
2.762373622121001659e+01 9.793931443199641595e-01 6.303367197881895034e-01
3.288722651039875444e+01 7.935505802878649595e-01 6.018978507668772959e-01
3.642614751240206772e+01 7.704293461501795504e-01 5.876732900387272585e-01
3.967481824399840917e+01 4.166225822795551204e-01 5.151992512434818705e-01
3.346893950331535450e+01 9.704354038074812783e-01 5.303643113003900789e-01
4.236865420700478069e+01 6.689372817267400517e-01 4.427897985785958501e-01
3.271963955161272963e+01 7.283965086087649254e-01 6.924431156213750604e-01
3.388882605630769973e+01 7.191990842678694928e-01 6.418838923293775922e-01
3.376113247246007631e+01 8.923739957694140079e-01 5.659315310249319886e-01
3.981673634358349290e+01 7.038551253143242592e-01 4.534508872952398018e-01
3.534558516778669457e+01 8.301598831470039519e-01 4.672749948684932209e-01
4.444474899017765068e+01 8.518668271920929458e-01 2.904795482096332315e-01
4.190845057486379943e+01 5.093926689651937512e-01 5.879514097044757914e-01
3.799220440993911296e+01 4.107954429509773076e-01 5.343564765441013442e-01
3.263960487909451302e+01 7.208882113011192416e-01 6.319098712465018863e-01
4.057478086976463061e+01 5.335824244420890317e-01 5.203487964894684126e-01
3.541737300730115834e+01 6.553615264883453362e-01 7.715375646932077780e-01
3.556971934237146371e+01 7.004204792452409789e-01 4.343133994962241062e-01
3.762626800114264114e+01 4.500005866387568609e-01 5.015768687402708537e-01
3.088948696997383436e+01 8.643614259825878054e-01 7.360262336147623818e-01
4.550096305411046416e+01 5.447665536422185983e-01 4.557225221597114850e-01
3.160580449594952057e+01 8.786694451314401855e-01 5.033133878739886047e-01
3.450048686200109671e+01 7.658424035035877875e-01 7.119402609651860336e-01
2.751663638284217939e+01 9.380319419849185714e-01 5.937988229313133637e-01
3.536262783194769810e+01 6.964874212649349028e-01 8.517585807290362077e-01
3.513629637606263145e+01 7.665288408354333782e-01 7.622065896703048571e-01
4.248980697987011013e+01 7.265528854491356547e-01 2.683624931271390568e-01
3.849802352500221048e+01 6.552605678867088335e-01 6.904270222795844125e-01
3.589986377277818264e+01 6.760087798089844391e-01 3.812764381418544679e-01
2.939469368053973497e+01 9.532825287027064665e-01 7.837088800176107428e-01
3.799427944435800697e+01 9.370088298348904221e-01 3.792831093897220396e-01
4.063988925136757047e+01 6.159580265554329692e-01 4.648541361258826665e-01
3.734237897266791606e+01 9.854439764893002662e-01 2.938145668888628714e-01
3.330044955784644145e+01 6.971369908318190145e-01 6.317286313720927859e-01
3.743366566132512219e+01 7.759393958671332303e-01 4.837896581832031306e-01
4.207885681283275403e+01 9.477675876323757853e-01 3.517009952004827578e-01
3.298395843093583579e+01 8.879540070626330550e-01 6.408840243510279810e-01
3.059458166325828543e+01 7.564419637830787080e-01 8.066423325600148297e-01
3.602718571773105793e+01 5.066872175189387484e-01 7.305923873756300368e-01
3.325348359674677567e+01 8.828713630341418206e-01 4.386079211341089579e-01
2.828892558422544568e+01 6.309007450452406296e-01 4.631410085264434096e-01
3.148376815449156751e+01 9.832556054653124322e-01 7.096485351290773291e-01
4.450335226322530957e+01 7.297778526366480722e-01 4.521226750625383373e-01
4.261150945990525685e+01 7.135546883386097994e-01 7.915181261559531833e-01
3.697945649758798226e+01 9.734853064668700373e-01 6.589059782080675109e-01
3.846633803155896913e+01 9.245875206854389239e-01 3.514665305300470055e-01
3.283464520247849805e+01 6.263359022035871471e-01 5.136946964232921298e-01
3.341171768724398561e+01 6.464587299446393764e-01 7.369378711381204816e-01
3.209181615384521535e+01 8.738815646471999043e-01 4.902431166858792211e-01
3.502901389536517485e+01 5.882790729071279978e-01 1.216325624631063584e-01
3.217455285403443810e+01 7.828628925136036365e-01 3.608751805187341843e-01
3.824043428716511528e+01 6.248328320922238444e-01 3.580650096026524731e-01
4.351295209662063002e+01 6.304064000869908924e-01 5.189781370203471189e-01
2.846562487029728317e+01 8.299827679225614263e-01 6.509184811891888245e-01
3.289071617214815291e+01 9.286005142202903295e-01 9.705157933556198824e-01
3.914239884242710588e+01 5.242825627428374657e-01 5.849182779262463994e-01
3.256259834555246613e+01 7.551562566846374835e-01 5.199802897794402190e-01
3.379246123095921917e+01 7.730268541404911042e-01 7.446116135585613138e-01
3.259884899104274325e+01 9.551693417459197200e-01 5.328543143983680563e-01
3.298410755415908824e+01 8.042688621454457953e-01 7.241053957092959958e-01
3.001877971630531405e+01 7.311876025048658079e-01 5.385165317365225857e-01
2.765700146070540910e+01 8.270112831670251019e-01 5.755968967281807069e-01
3.559661487754374321e+01 8.743618430100597028e-01 6.379845731360048733e-01
2.799856842147094582e+01 8.604435513528324586e-01 6.313541042385708568e-01
3.293402449762185569e+01 9.946541993581098362e-01 5.478891346846683774e-01
3.536446668860666165e+01 6.300596418169502888e-01 6.328812966694046249e-01
3.156824432769838396e+01 8.951859984038432749e-01 6.906185080886423355e-01
3.456637866203951859e+01 8.940110103647688211e-01 4.262956499822533885e-01
3.358051236099198178e+01 9.577328246629566166e-01 6.089711927297543070e-01
3.561503691619930123e+01 8.455368717480482577e-01 1.581767699261655280e-01
3.434729069676219382e+01 6.284811742980440652e-01 8.689117475323999695e-01
4.000153985621149388e+01 5.779485444643861491e-01 6.110248573223788782e-01
3.384031006551813192e+01 6.449276811762192363e-01 6.556552278474678808e-01
4.395123654849500383e+01 5.723451750953109096e-01 4.693808330088597991e-01
5.183702532250072892e+01 4.605610171406960274e-01 3.410572134355436269e-01
3.615073527059006153e+01 9.402640626119223022e-01 4.945527454814609425e-01
3.419024442839851474e+01 9.233254588195081158e-01 8.865884018737256733e-01
4.123067640421668045e+01 4.219869459699006065e-01 5.469374658891027474e-01
2.778656201188659480e+01 9.067048391624331627e-01 7.778376279891560108e-01
4.444546761728091866e+01 3.522622483421136708e-01 3.944795409890176630e-01
3.655334315602967621e+01 6.689986182868744580e-01 4.439031682951199986e-01
4.774079296014182461e+01 6.751075640093981978e-01 2.396277722370304952e-01
4.166034803709510470e+01 6.145561041518203815e-01 4.743150112017320841e-01
3.856937748742154781e+01 6.390145288716680971e-01 5.981730399990814462e-01
4.505657738066651774e+01 6.749896560497856690e-01 2.743068595858966230e-01
3.167429590426832675e+01 9.646952646482968019e-01 7.678520976658237407e-01
3.280128666110491764e+01 8.388782414735612702e-01 4.855951692265654818e-01
3.547049273815395765e+01 8.876360891581706047e-01 6.779582623165659738e-01
4.040609857269513583e+01 3.757062023728569011e-01 3.691778547949709499e-01
4.026376370332223331e+01 6.812596185005800331e-01 7.515743037063523646e-01
2.997855897950813642e+01 8.725856888765133323e-01 5.275682957488692093e-01
2.881693780316992459e+01 8.240608318783539943e-01 7.653104225954986406e-01
3.146937673714455741e+01 8.196882562227750801e-01 6.157678059998364928e-01
5.150430840910543395e+01 5.927960463458675777e-01 2.106656681979339196e-01
3.727842731369698015e+01 5.953231494725288453e-01 6.346120509730140968e-01
3.060223176989993732e+01 9.759174195823645537e-01 6.545909877903849372e-01
3.756101707908882759e+01 7.894107793487885605e-01 5.241594942720627648e-01
3.136789422197583121e+01 9.047401903441979476e-01 4.795847065784414331e-01
3.145077793788423293e+01 8.794543631958879892e-01 5.122320829010884591e-01
3.102308621136581834e+01 9.626680101943205781e-01 6.298051177976936588e-01
3.570662493099442258e+01 7.190634677030222077e-01 6.282629304092941513e-01
3.859786106984371656e+01 7.744449725423453446e-01 4.592468545329034257e-01
3.434960875155021398e+01 7.409814252506501386e-01 6.917483747562706009e-01
3.640250565415537665e+01 5.998198969526948865e-01 6.779369983223726415e-01
3.133209654926012178e+01 7.249957824935584494e-01 5.636755559165571583e-01
3.692070406919174985e+01 8.691061963720577710e-01 4.412466175565298299e-01
4.921309080760954657e+01 6.188760212170982822e-01 3.236397393576915249e-01
4.224448627918823718e+01 7.699528003663935749e-01 2.514446600048427238e-01
3.119181607403459111e+01 9.036128987646960820e-01 4.914360810633018328e-01
3.752466460984677354e+01 7.587751329701851732e-01 4.831142245735952634e-01
3.958279520065378421e+01 5.377560373132608262e-01 5.771175206293454041e-01
3.256923882096008782e+01 9.005291181968670955e-01 4.641440135460486172e-01
3.688854374491312171e+01 7.317682211756383337e-01 6.632691890408842772e-01
3.577197424610275789e+01 8.637209198155572087e-01 1.717042271356205019e-01
2.853896776945265401e+01 8.293574812703738974e-01 7.540778283852491715e-01
3.802806578367192003e+01 6.320239257580229086e-01 7.362680712052789289e-01
3.210196409577624621e+01 7.308335619499832791e-01 6.198890871749097586e-01
3.078584415952441233e+01 7.937813040504674289e-01 7.313332060745779684e-01
4.068363460749749549e+01 8.134220768540264546e-01 2.180889772903182033e-01
3.260453548725156736e+01 8.802353458611587023e-01 7.147453650557693550e-01
4.415184433215964788e+01 7.499826515987730868e-01 2.743264205456720783e-01
3.492368003690248202e+01 7.558153925945992890e-01 4.901559115488736129e-01
2.984911916790738928e+01 9.053945329990985558e-01 4.488243390654074183e-01
4.222465777243805007e+01 6.856302290203064587e-01 3.566031316675561946e-01
2.952986915503394272e+01 7.514714033229931145e-01 7.994055080326134544e-01
3.333053207889043534e+01 8.479503180333438639e-01 6.946226030322030232e-01
4.303087334172134604e+01 5.093070040389124919e-01 3.014513219858178661e-01
3.411003425902958952e+01 8.855417781374341768e-01 6.273235723850263401e-01
2.863071373992960744e+01 9.574543087631083305e-01 8.266485294146590501e-01
3.505223450919881856e+01 5.759316713874031990e-01 6.363852095950680576e-01
3.426083563149927613e+01 8.225088604678260085e-01 8.452336662644928111e-01
3.507605182897245300e+01 5.827061375972105717e-01 8.988987273075097484e-01
3.871925230954620645e+01 9.596540259884139834e-01 3.734389054664317142e-01
3.403469012017901463e+01 7.877535927488579226e-01 4.679490044807058657e-01
3.370575787074108831e+01 8.126312564245272707e-01 4.924866454046020747e-01
3.129105753733605511e+01 8.831358167855319907e-01 6.592605274861820241e-01
3.264632407414007531e+01 8.016385988409860941e-01 5.581618300011547129e-01
3.349744809460497663e+01 9.602095096186413770e-01 4.517193266474482938e-01
4.313399159568680119e+01 5.590822719122831019e-01 2.150988947960685571e-01
4.074122143272145280e+01 4.674717542476172216e-01 4.574310190520901598e-01
2.816898683642878609e+01 9.717318928512199694e-01 5.934971423358995635e-01
3.186583713215968316e+01 9.937610993782380886e-01 5.809881143981111551e-01
3.745259264961185863e+01 7.389856844257733925e-01 3.848507536121475447e-01
3.313389497582598864e+01 8.019967716828670934e-01 7.011745248999055047e-01
3.425443934695611858e+01 8.279989594475739567e-01 8.000208215575409509e-01
3.601088606943758919e+01 6.983488400013809771e-01 6.938426577304571685e-01
3.278208042296994762e+01 6.808921336588528161e-01 6.202596221077150140e-01
3.385873965412780251e+01 5.488876741036263773e-01 4.424728301444907919e-01
3.703781327621229025e+01 5.425347515016977207e-01 6.481096893339328702e-01
3.508160702000542841e+01 9.088593277153672600e-01 4.490907936832478353e-01
3.714870908583903031e+01 8.020843765812694093e-01 4.599408099740424638e-01
2.956183461207178098e+01 9.640656694441253061e-01 5.865097879213250209e-01
3.647610606869789507e+01 8.886426340233967158e-01 2.052389107441707217e-01
4.139405052585919975e+01 7.618702269171984121e-01 1.506341215546126433e-01
3.835957795218833155e+01 5.017168789328430023e-01 4.969815562860379066e-01
4.365468701105003646e+01 4.888637102313852512e-01 5.224383575215785225e-01
3.441501960818727213e+01 7.812004137747369237e-01 6.747151162133999680e-01
3.924611404837104800e+01 5.767408496589496725e-01 5.131271755796824596e-01
4.846348065841959141e+01 4.100599955260819662e-01 2.420843476288295770e-01
4.275137679439419713e+01 3.682584850109364982e-01 4.562452123557629302e-01
3.112816441671532530e+01 8.319721271206292901e-01 8.350428838343486593e-01
3.485373982427923778e+01 9.592242656073262097e-01 3.896870360365262131e-01
3.456548930651933915e+01 9.349295295577042531e-01 4.772215565467335940e-01
3.456143838497354892e+01 7.122578741606035990e-01 4.996271301594698566e-01
3.479527213960417953e+01 8.143107709414333373e-01 4.483466687726516131e-01
3.854515803545641717e+01 6.866262631301605079e-01 5.856998039037746295e-01
3.112617524527223978e+01 7.551295694526223290e-01 6.747574024813829396e-01
3.602552189526075921e+01 5.549322597145552871e-01 4.119409886960983536e-01
3.730601429227836263e+01 4.932217710474255390e-01 7.044772442021464132e-01
3.104741465478517526e+01 8.031334355487399490e-01 7.387360481458803418e-01
2.855794807123261236e+01 9.471600148923552398e-01 7.602686733057900659e-01
3.412703363462652817e+01 9.473754166223880002e-01 4.385131407845035967e-01
4.285051054243906066e+01 4.151308275909811329e-01 4.681554912716189287e-01
3.335957329073337263e+01 8.054548241325881763e-01 5.829132010983181233e-01
2.932569349409322967e+01 9.529251859045174688e-01 7.362715461843036824e-01
3.913922624867916511e+01 6.837364254199536084e-01 5.648818893526447171e-01
3.020348719868049514e+01 8.639594268470821570e-01 6.103829530543815052e-01
3.685853136777161154e+01 6.832863964808087998e-01 5.246882418607773380e-01
3.977310449184425067e+01 7.462999141170751916e-01 3.989986238691972664e-01
3.830350950586425540e+01 6.405829837079264344e-01 4.252020212193547977e-01
3.696401979036413366e+01 7.015668721486909565e-01 7.620558674093943496e-01
4.341422592991825269e+01 4.545043450531095486e-01 4.888339727113735766e-01
3.458194373194501736e+01 6.107198151972712541e-01 7.162256738935207645e-01
3.569389136968164422e+01 7.645383325324469626e-01 6.170009124236714992e-01
3.294228697730103761e+01 7.743692364846749276e-01 8.361524850196310199e-01
4.531066493518590477e+01 5.512580769602243302e-01 2.612648077314634887e-01
4.246804698649085452e+01 5.708637500977732371e-01 4.447209471950290816e-01
3.927144823792190920e+01 5.583298818464899060e-01 6.261341921446420544e-01
3.529134435180203155e+01 9.447176607818330574e-01 6.086438088040325711e-01
4.106971891930049168e+01 5.322101201827191819e-01 5.771714090851641776e-01
3.301114029596370614e+01 9.037724417781312081e-01 7.997996339336436167e-01
2.994308324599508708e+01 9.555361794505977668e-01 5.200364021523404823e-01
3.108879132470282869e+01 9.209186425049574742e-01 7.355590537753466940e-01
3.377042563923368590e+01 8.568969220318179980e-01 6.901744031099186216e-01
4.038916754682421839e+01 5.576717213195775402e-01 6.427499111140901888e-01
3.505579916564261111e+01 6.549837078010699587e-01 5.168342328477611991e-01
4.295699039529573326e+01 5.463463198795615039e-01 6.096459880952851407e-01
4.256581299038482058e+01 6.033819442560188762e-01 6.620819957342674034e-01
3.628038412089227904e+01 7.518574544982049579e-01 6.496463980022260110e-01
3.547383523123506421e+01 7.943925303915492231e-01 2.821358586382537448e-01
4.409810991066338914e+01 2.905139277569858680e-01 5.394512444954312480e-01
3.734650078083131319e+01 6.067306415539489572e-01 5.427491076999775288e-01
2.983433944583295272e+01 9.014041297662912511e-01 5.900886955982054261e-01
4.225466545840237131e+01 5.124386159264333607e-01 4.074936649092076868e-01
5.026916829974633316e+01 5.699688581410857768e-01 1.621891700011910686e-01
2.938385683246633917e+01 9.005063595922148112e-01 7.030455484477486916e-01
4.194948969450384624e+01 5.614212067917820903e-01 6.428862391089438244e-01
3.664655090623303124e+01 5.447493933284748291e-01 7.930373312443244060e-01
3.372958428674380116e+01 6.152478876442052380e-01 7.443695883015326586e-01
3.440419794679073107e+01 8.327015852975101495e-01 4.329548144466796589e-01
3.396382779103353755e+01 6.713281452546632222e-01 5.836502864584038885e-01
3.118622164330728452e+01 9.905458053494000659e-01 6.532864122145853880e-01
3.724963693275886811e+01 5.265265446785343251e-01 6.557622688833162350e-01
3.339350009098129135e+01 9.796623313437382574e-01 6.415047539281210076e-01
3.159136847189835606e+01 8.866940435993272418e-01 7.895049674307041965e-01
3.421954878173139747e+01 8.905321729453657964e-01 7.841393026125483834e-01
3.995504605484836702e+01 9.164949757232552230e-01 2.136779141084945433e-01
3.897253420576490157e+01 6.284832265772064552e-01 6.104915829430046514e-01
3.529980167954769144e+01 9.349418972998508881e-01 6.507568192779911165e-01
4.172419770953326434e+01 6.488371729137843991e-01 5.064897079108138245e-01
4.317668369395580896e+01 6.011525403040028914e-01 3.451396614522808104e-01
3.609898822689207520e+01 5.841153643427532405e-01 6.882130170405393876e-01
4.705483429662474038e+01 4.832354285925889448e-01 3.275525531161093684e-01
4.279401086052268965e+01 5.234164305360973213e-01 2.254990665882898870e-01
2.862369456838445458e+01 9.528951446654032598e-01 7.868613380616055197e-01
5.057698386616024777e+01 5.155744356286149355e-01 3.937505275638907287e-01
4.838511119053601561e+01 3.863517343429823669e-01 4.696276634816700102e-01
3.259983854998074548e+01 7.210550082780842196e-01 7.244453696458279524e-01
3.193238482621523389e+01 9.329502063300491033e-01 6.673048163997660209e-01
3.614692310569382272e+01 6.344842424975321027e-01 3.769493046845105444e-01
3.448719766489367089e+01 9.449454483860698639e-01 5.873178059453996180e-01
3.678590127942331378e+01 7.891410417398063704e-01 5.759257485962827605e-01
3.105994764246057471e+01 9.416422440775618075e-01 4.641446943124801772e-01
3.844423226327080556e+01 7.612949752917539392e-01 4.851856468858534166e-01
4.136786679036489289e+01 9.063931105807062627e-01 4.165762435991401946e-01
3.271333685827521265e+01 6.568282816280573977e-01 5.197777115846565765e-01
3.231072938782107684e+01 8.304723967828946396e-01 6.305745708435037677e-01
4.002285921177810479e+01 6.483458130536253750e-01 3.971647055927277625e-01
4.641991512717475388e+01 7.282975234489710292e-01 6.558999964954530526e-01
2.883895069236919539e+01 9.278093177685762249e-01 8.873490678339783777e-01
3.133071019332503937e+01 9.033409975221762256e-01 5.805761356760681391e-01
4.540407520288776055e+01 6.978651464880684108e-01 3.732923657928971517e-01
2.885736647523660992e+01 9.620836660414315844e-01 6.551620319548434601e-01
3.216590861305682125e+01 9.434686029489676162e-01 6.490873173884559311e-01
3.798778240051658628e+01 9.636334411935296718e-01 4.589536766849403593e-01
3.699267249595835949e+01 7.370721748393779249e-01 6.797439362499519966e-01
4.068099112108603777e+01 8.895020585509163524e-01 2.845173160650784072e-01
3.956772867294921525e+01 8.949974523997250575e-01 4.086033710573100386e-01
3.672803949552187674e+01 6.074012298686553013e-01 5.924940004598872045e-01
3.708034369889099935e+01 9.620116879320629311e-01 6.818395590248933491e-01
3.165107688127718433e+01 9.361607935761089294e-01 4.479428933448466599e-01
3.812534664828422137e+01 6.803212852366067320e-01 4.296287027937499281e-01
2.769737335196932193e+01 8.738210021561144680e-01 8.273302005758137456e-01
4.288489357141995129e+01 6.116302374213494764e-01 2.408680600894996249e-01
4.389666919516958643e+01 6.974810836354485843e-01 4.199942664449481944e-01
3.137061241106297160e+01 7.366682883908891588e-01 5.275535480734397931e-01
4.130910019157682456e+01 4.899747024763121961e-01 5.368167271860555534e-01
2.996635993164433032e+01 9.615477728316893513e-01 6.708525748150293566e-01
3.662205446761185357e+01 7.061199727087402733e-01 7.699775597727176457e-01
3.340091116387058179e+01 7.649894571358252238e-01 6.452696496396370662e-01
3.736918656705910280e+01 7.427343261606436098e-01 6.827895978008999833e-01
4.156152444572502702e+01 5.586845657106425111e-01 4.041290172168224837e-01
3.323811213996765446e+01 6.439665794013309519e-01 6.016830853397590051e-01
3.830299117146311261e+01 7.805913151684701345e-01 7.711108150811156747e-01
2.938735397102685454e+01 9.877910127638572790e-01 5.867817044573644392e-01
3.380581636380487254e+01 7.616707632934196504e-01 4.979208137886720897e-01
3.205984703086868137e+01 9.953567789990632741e-01 5.391376166394860059e-01
3.348088276908815430e+01 9.850463069575052799e-01 5.954017472413978274e-01
3.333633001333932100e+01 8.809359890384262926e-01 5.976111744399721371e-01
4.412653116899922878e+01 5.491676148924929945e-01 4.572792817960465439e-01
4.786867751478294508e+01 4.138803164168713411e-01 5.278484123397069183e-01
4.579563168717780997e+01 7.619542836524891838e-01 1.971037685745239409e-01
2.788650180298097325e+01 9.511994259551889153e-01 5.609019612313749237e-01
4.034742367084334091e+01 8.313319253761313199e-01 4.363913444462957369e-01
4.303788434657221984e+01 6.363037062394957255e-01 4.791431258583883079e-01
3.220901968181976116e+01 7.527502853022378648e-01 7.820328142435570840e-01
3.152829432387526509e+01 7.964614393740361287e-01 5.547380824986442027e-01
4.113033967093559795e+01 4.751899549080874086e-01 7.548123836888829263e-01
3.298127713835814490e+01 8.098879668643348406e-01 6.296988398198112291e-01
3.276835191636207156e+01 9.477526054193770033e-01 5.295548840323025530e-01
4.829781474108818173e+01 6.473382297410510411e-01 3.974576777909242797e-01
4.401334678639166498e+01 6.786678964695043170e-01 1.885208255856482829e-01
3.329793544625718482e+01 7.070478620478325427e-01 7.031699833437657920e-01
3.372889839570618875e+01 6.523949619391314902e-01 6.243452585344960726e-01
3.862828914820789095e+01 9.127013888427520927e-01 3.530173457215982635e-01
3.863481007008003587e+01 8.690296972553354093e-01 4.450211225189653619e-01
4.521894583013754243e+01 7.781016169117348502e-01 2.262135868170632447e-01
4.222591936966814075e+01 8.257958007427841363e-01 2.098417204541839221e-01
3.564340713214107836e+01 7.618136071389421948e-01 6.819695398805636355e-01
2.901434622786206319e+01 9.563565767146838814e-01 7.992280380900620429e-01
3.028333347973667600e+01 8.674295703976724337e-01 5.621449278036956265e-01
2.659687852363460436e+01 9.464717196341193572e-01 7.484733533416354501e-01
3.018457114993711699e+01 9.956073584228493090e-01 9.934642228351565629e-01
3.662099603181749785e+01 7.878474013332366077e-01 6.338775506500600176e-01
3.977849566631436318e+01 5.862778413341833694e-01 7.845837386427737536e-01
4.000465585109341760e+01 8.073067858862524870e-01 3.195831087984494778e-01
4.728564841092697435e+01 3.867780017244606960e-01 3.051070761227515082e-01
3.345752957637608205e+01 8.943718305436874072e-01 4.750835313157611428e-01
2.990010781829445818e+01 9.720928333646546848e-01 6.419512922369634556e-01
3.260829181052454118e+01 7.357691296250793433e-01 6.076957240787267400e-01
3.552649510287087509e+01 6.060544473501313645e-01 5.187386901971339226e-01
3.293917611093399245e+01 9.768858285624878457e-01 4.482905879350579936e-01
4.192112959329735844e+01 6.757081507036857282e-01 2.722301210061290888e-01
3.550002532006654832e+01 8.969631623322749103e-01 7.596133110676523970e-01
4.282248802937646559e+01 4.393228517012208179e-01 5.612133490349272558e-01
3.515201729629493599e+01 8.024173361014589334e-01 5.308710077573901565e-01
3.659503290326880176e+01 6.644134552238082358e-01 7.128541991826083946e-01
4.819716688519528702e+01 3.877379224185648621e-01 5.194410444570570773e-01
4.182198909881526561e+01 6.089304939886257539e-01 5.844136185532877725e-01
4.002724766968094627e+01 8.060949087974724758e-01 5.925202682885716277e-01
3.213437039103121862e+01 6.551895723281284667e-01 5.085125163823660532e-01
4.085018104607248546e+01 5.022573924413673563e-01 4.947974829450243472e-01
3.236620527668395653e+01 9.412161651143627905e-01 5.197346401797628968e-01
3.344113381164778787e+01 9.690226009082125724e-01 4.193122862062605982e-01
3.014413682675542105e+01 9.268947267025735570e-01 6.244788347163846565e-01
4.075426212036205698e+01 4.317717334313757038e-01 5.284195690493879161e-01
4.294067969194545498e+01 4.184655752895647396e-01 4.407643574616372795e-01
3.245435450738830241e+01 8.641368304491517938e-01 5.499099363876945867e-01
3.734937014976954828e+01 7.003132134201961456e-01 8.394163788427689843e-01
5.283494446387466326e+01 3.790919684671500423e-01 1.751512233070757485e-01
3.020401388575453083e+01 7.778349809304057061e-01 4.910254723096316165e-01
3.000947734773234998e+01 9.684136391482630613e-01 6.309369147340792017e-01
3.710140252440250919e+01 7.131260902356290066e-01 4.835024469312618201e-01
3.828249261313149532e+01 7.191725058505974433e-01 5.950252289353654689e-01
3.644500644526985411e+01 6.259903567738366315e-01 3.596408445690097988e-01
3.408321776345700727e+01 7.786225133521883501e-01 6.420247727356516165e-01
3.932045858848858444e+01 6.195863030034932661e-01 6.674349342584574574e-01
4.017713828274469279e+01 8.006221599009981649e-01 5.860490899804483567e-01
4.124835798090367689e+01 5.818412695119509204e-01 3.985918509639052032e-01
3.205726964186705175e+01 7.737731065199762170e-01 5.285638345173775399e-01
3.385977990606688337e+01 9.594950900753766998e-01 3.980690628896523808e-01
4.016284307544747634e+01 8.307170763102236233e-01 4.660379879403146464e-01
3.536351434685111883e+01 7.065065378470862800e-01 5.007290024546077190e-01
2.943860665399021670e+01 9.546960277925194971e-01 7.048700750081011712e-01
3.176578469025351836e+01 8.564977983163274411e-01 6.125520000652548980e-01
4.080681236419163582e+01 8.726636448108383570e-01 3.511397901211995021e-01
2.892112241375194870e+01 7.773901306428510072e-01 6.808850336698787364e-01
4.477041827257113482e+01 6.551532915456460548e-01 5.703295314498554314e-01
3.160334638059646295e+01 9.537610885966766316e-01 7.632799132473677695e-01
2.772398547966066573e+01 9.634012151035933336e-01 5.017707969532843038e-01
4.277377712348157246e+01 5.535948005842307174e-01 4.767767632798891597e-01
3.586951809477763220e+01 9.295995287271442420e-01 3.298755860631576442e-01
3.748543567983536207e+01 6.457565537026848101e-01 5.044796610289732364e-01
3.854101845577956453e+01 6.167612817850066653e-01 4.389041535304837871e-01
3.226369242581654362e+01 8.494390907070130670e-01 5.522971604956593561e-01
4.733546453039412683e+01 5.540085580111059338e-01 2.743179474930882988e-01
3.179046322802037849e+01 8.378493401682193253e-01 7.014994098321296612e-01
3.085428443664135401e+01 9.348601400668558048e-01 7.044281062230978163e-01
3.291397277285686584e+01 6.042808256344898155e-01 6.329501266629378176e-01
3.791429590887128143e+01 5.614904161559569618e-01 3.545887645040095570e-01
3.866091162453390950e+01 6.034208957774783721e-01 5.690170842598167855e-01
4.088783992162073844e+01 4.964977732600234228e-01 5.038207138275027086e-01
3.114727833544469249e+01 7.956497507735991181e-01 7.636181826380442628e-01
2.999183772429357475e+01 9.777745585355933633e-01 5.745756697575397087e-01
2.588733384207233712e+01 7.454697644852532612e-01 7.431925596484963981e-01
3.138378421984820221e+01 9.993596269655851128e-01 4.942480449508246387e-01
3.853362790209244793e+01 6.419047572177521976e-01 3.446795822289444589e-01
2.743047444169767957e+01 9.751094273752678454e-01 7.809815093106522443e-01
4.008764349816049588e+01 6.722561087062961516e-01 4.416108294689619074e-01
5.646203452928187971e+01 2.372997253046495725e-01 2.880088352220086523e-01
4.673961321260919988e+01 8.151166662359052850e-01 3.817166933986691491e-01
2.945140009624919841e+01 9.972186246608445437e-01 6.958093037200172581e-01
3.886886889454931548e+01 5.716159501674942245e-01 4.560106215658249473e-01
3.482300748284598768e+01 7.191222685319447194e-01 3.241033171957642955e-01
4.720743846858076864e+01 6.143174783913962766e-01 2.404640216181993251e-01
4.085375077381728204e+01 8.446370741529964921e-01 2.217945238045740675e-01
3.531570293667821403e+01 7.192480939419639840e-01 6.458575815814677767e-01
3.499632292798752786e+01 7.077377698355558078e-01 7.464355332295090628e-01
2.779666796080362445e+01 9.447440383757779170e-01 7.918858383694072911e-01
3.564853062072823775e+01 6.733066537938378060e-01 4.530639608692238474e-01
3.165265836965048507e+01 7.513878098515429649e-01 7.468983901939123538e-01
3.632177587164841270e+01 9.175781765884146735e-01 4.597128025875651391e-01
3.893339352412817789e+01 6.346357889122573592e-01 6.081341218106448565e-01
2.908695726027628936e+01 9.460233578641964458e-01 7.579626450557548356e-01
3.059641170376279362e+01 8.261876844185307434e-01 7.841735452408828966e-01
3.511439229645110771e+01 9.387383813159292378e-01 4.762445321707242107e-01
3.269916917352605168e+01 9.090782046136660632e-01 5.299021924118925142e-01
3.501543846396405968e+01 7.229255032805136372e-01 5.008091068934937828e-01
3.098677333330203965e+01 9.816385135358596248e-01 6.401358097616597354e-01
4.459778202458350904e+01 6.143417081443430794e-01 2.534558385744177800e-01
3.411244502111923538e+01 9.844958927833288298e-01 4.622339014422318648e-01
3.904253737852582162e+01 4.966217260156311486e-01 4.017043921220884162e-01
3.631561201593643062e+01 9.972986980563511850e-01 3.232821917657077715e-01
3.374550606579526146e+01 6.593048967630993351e-01 5.210482556223250405e-01
3.349804368021322887e+01 8.807881412947667910e-01 6.519054173404174035e-01
3.756389095140287537e+01 6.887764255270572011e-01 3.968070783576147509e-01
3.876197511130584417e+01 8.141085203928462022e-01 5.965226514401972269e-01
4.130718154089160521e+01 5.822649496936722624e-01 7.851665041145292623e-01
4.386351956457500023e+01 7.557566256864347576e-01 2.471803243239738268e-01
3.475337733092309378e+01 9.096639856918163902e-01 2.966586142723408037e-01
3.222673332913527844e+01 7.938439480382177837e-01 5.609140272109207626e-01
2.885834482708757420e+01 9.589212362053199934e-01 5.453099963201941680e-01
3.660207533207196207e+01 5.206333251035218934e-01 6.370135632360299782e-01
3.646187561058317783e+01 6.937125216595211308e-01 6.175598314651289389e-01
3.321230860003618801e+01 9.115124410258929055e-01 5.913554141337579173e-01
3.029769552393899446e+01 9.257429665109134787e-01 6.523399828601316175e-01
4.074008609501395028e+01 5.471728657618945002e-01 7.146862694757052381e-01
3.781238974146655352e+01 7.604982456786354428e-01 1.764335931795181500e-01
3.899561447454357932e+01 7.637657781531043133e-01 5.873863754691660555e-01
3.834697674658975330e+01 8.928444891134398320e-01 4.083982819609604520e-01
3.233705704876006592e+01 8.692200757244193943e-01 7.140712975233264315e-01
3.186638292595582911e+01 6.932699460379950773e-01 5.956958621444149449e-01
3.561033071233024572e+01 6.504877716453685288e-01 5.572246079050139356e-01
3.234169465376121622e+01 9.132594137448833971e-01 4.134707079929205165e-01
3.065661950412467363e+01 8.600046980396156560e-01 6.330036389594128066e-01
3.164536247768312904e+01 8.567011906975142699e-01 7.942978481753514286e-01
3.782603328945659626e+01 5.633069009510842662e-01 6.875733206327763192e-01
2.958603752939016829e+01 8.701431163119199841e-01 5.773132965666299965e-01
3.205407650533402375e+01 9.476658170783822666e-01 8.631107280462679832e-01
4.195510502714117251e+01 5.330907213543601975e-01 7.449056928986215187e-01
3.454969619908917622e+01 9.751697646726384949e-01 4.129092813129430772e-01
4.447855892329263128e+01 6.420797746074295986e-01 4.276202547114703600e-01
3.881390865797564516e+01 7.186596947480662356e-01 3.986184494105025622e-01
3.352471436590744247e+01 9.451922476325864686e-01 5.570344597047471868e-01
3.978143380895852488e+01 8.738613979579007429e-01 2.399881190298887024e-01
3.441976347274476211e+01 7.172306202710508893e-01 7.343236873369860529e-01
3.545992262307687071e+01 7.357998845127103893e-01 5.082011939953774426e-01
3.874231284596005054e+01 7.720909137363053398e-01 4.519694622405610041e-01
3.332719807845821691e+01 9.665908897653643361e-01 3.591180582208580718e-01
4.295107806834415953e+01 6.241454841338638371e-01 4.206166174980118799e-01
3.221225949466977312e+01 8.839113800819879962e-01 7.416015257719200671e-01
3.750900492972002809e+01 6.100460341399918107e-01 5.737637996443445410e-01
4.505291394005817551e+01 5.862685815027072200e-01 3.521397449505052069e-01
3.481185658353619772e+01 7.460660368407432408e-01 6.632770462501388353e-01
4.228971146321453034e+01 7.649344411182125159e-01 4.128778870242149623e-01
3.356770394449407036e+01 7.184894601409955728e-01 6.555326329071528013e-01
4.608011873116679880e+01 6.308275101005490493e-01 4.098183461188462662e-01
3.158588623856558897e+01 8.273943567007236988e-01 6.437390002391796262e-01
4.100843033223869583e+01 5.553395580094693251e-01 5.348453800764870758e-01
3.268300786056828855e+01 8.846207550541481668e-01 5.207359512971800886e-01
3.867044441199070803e+01 5.731835944523784310e-01 6.725271145584131860e-01
3.616814291153644234e+01 9.348787832383541607e-01 3.494162991476047475e-01
4.356861210740751744e+01 5.304221750853125306e-01 5.935560435857808459e-01
3.456875815674488450e+01 7.883824032358232037e-01 7.725649117072727057e-01
3.229052418904500854e+01 9.733095979387685892e-01 8.255584576588873569e-01
3.835897571269204320e+01 5.340303967220374481e-01 5.493477657106572432e-01
3.653641455711949249e+01 7.027166290191489972e-01 4.525429183064282879e-01
3.925622365080233322e+01 5.958277726978356004e-01 4.977372457001721928e-01
4.270751804713989230e+01 5.880629532097441103e-01 6.195981116811766221e-01
3.536124137608869233e+01 7.928781394703695584e-01 4.658101849110730663e-01
3.403331684233272370e+01 7.949970424593655327e-01 7.801617257186658216e-01
4.093583068848002426e+01 6.180909222568384820e-01 3.713556811987244743e-01
3.749091986713860791e+01 7.444433661162310756e-01 5.032655613202732248e-01
3.504059546978219686e+01 7.796098525256239808e-01 5.658703192875442767e-01
4.313737019116673821e+01 5.604106787708729165e-01 5.368903486683684889e-01
3.532344544074308601e+01 7.300649411135214928e-01 6.661249394870517593e-01
3.788507907926186391e+01 5.961423018189067058e-01 6.260411632863421838e-01
3.721478802666646146e+01 5.466578217094599790e-01 4.673833969572831482e-01
4.332072211074731882e+01 6.191559194248379416e-01 2.939550603507251059e-01
2.591997309062167432e+01 9.670626275957149298e-01 6.650286341036848459e-01
3.460614568107732936e+01 7.891560908578025835e-01 6.906503984693338483e-01
3.767672822803990584e+01 7.893362903938860864e-01 7.079172911560065451e-01
4.404609947332353670e+01 6.130194582196418773e-01 7.074195354417633919e-01
3.023842137673399932e+01 7.857894073010359692e-01 7.526286120221864495e-01
3.627680683879139423e+01 8.655186843425727306e-01 5.369894006943596310e-01
3.025176389442512459e+01 9.610260273551802790e-01 6.070420743381884643e-01
4.034866983395340867e+01 6.602164189954374818e-01 6.032881660004600910e-01
3.514521315360449449e+01 8.229319162137502808e-01 3.044971961269232197e-01
3.466440223699676437e+01 7.855487956103390790e-01 4.563654245466177151e-01
3.652811626592355054e+01 7.075766998471564317e-01 4.711751144596116325e-01
2.859379072674430233e+01 9.905321966685022295e-01 6.376125682289863761e-01
2.731292265097528116e+01 9.411990120400764992e-01 8.414113736098335350e-01
3.630412874743967677e+01 9.024807160530380346e-01 4.215310991163645493e-01
3.570654370468092509e+01 6.647193513757490013e-01 4.708711709235479659e-01
3.403568184415633624e+01 9.694022957995509504e-01 7.278960080741793126e-01
3.825941627544091972e+01 9.651454793646989661e-01 5.187160416765288495e-01
3.925997425058814372e+01 6.329619729322979449e-01 5.293825087803861740e-01
3.648075855560546898e+01 7.355324950648700622e-01 6.955066318912398460e-01
2.713637876539488403e+01 9.747034389435451640e-01 6.830341324926861857e-01
3.093096358932827528e+01 7.661773134416233200e-01 8.419577602515823100e-01
3.690622458445373155e+01 8.333744417909755287e-01 3.645897579461853111e-01
4.358201550015244408e+01 6.195420744176765027e-01 5.554287111440173730e-01
3.141171320507533338e+01 9.158993479854071751e-01 7.440388534330941717e-01
3.333781469387106711e+01 5.630521953322524809e-01 3.451306821257426605e-01
2.756785870974135477e+01 8.882303290979864929e-01 6.739737924062126906e-01
3.628942854287051034e+01 8.976410073512833820e-01 5.920357011097910904e-01
3.470478283927895546e+01 7.245590224668245760e-01 5.356283021234975461e-01
3.290737960289054342e+01 7.922588944605569727e-01 6.528094367469621240e-01
4.233968583685830822e+01 5.408570958928528016e-01 4.983928385267962224e-01
3.144125303593196108e+01 7.989289041159322036e-01 4.742994703062911044e-01
4.025597067850822697e+01 6.531308242714330969e-01 5.576421288541097976e-01
3.715086172058995828e+01 5.911212176660477491e-01 6.556421331660188256e-01
4.180645622398373717e+01 8.922404673264723307e-01 2.619769250399082705e-01
3.468754015541747293e+01 7.283965086087649254e-01 5.964270875544117612e-01
3.900067138507331066e+01 5.908733262433147893e-01 5.279417122494024506e-01
3.156897362320486877e+01 7.829781293272196629e-01 7.723622796322429096e-01
3.077831626247917640e+01 7.770269927902672125e-01 7.197790639635937016e-01
3.799213617216997108e+01 6.291917607617731889e-01 8.273910144917022702e-01
4.509232038184629232e+01 5.131568037932094928e-01 4.878703457870915416e-01
3.425848076391446995e+01 5.702306952303060061e-01 5.219706818538407678e-01
3.463912246631503677e+01 8.370283846954899021e-01 8.823765131155530961e-01
2.781989600081695357e+01 9.309932576608870303e-01 3.733111330650843440e-01
3.899882595074006986e+01 6.046956786136350459e-01 6.779297538696541503e-01
3.062283249400682905e+01 9.359106773313426997e-01 6.724913316339881098e-01
4.665069470002986662e+01 4.297942715295529625e-01 3.906604299633915089e-01
3.103477899907104387e+01 8.908165527417548635e-01 5.847353486615227691e-01
3.729992925291091410e+01 7.445994365208671306e-01 6.123864883530952818e-01
2.858410760286136565e+01 8.513948173657087670e-01 7.118260602542458848e-01
3.847026605494772866e+01 6.269838274946454293e-01 4.848911905186741866e-01
3.257891508749487031e+01 8.787782676807018856e-01 4.891390869412962084e-01
2.907225006670490330e+01 7.950864349502939632e-01 6.977456193070077362e-01
3.390668136675784439e+01 9.409393663230699589e-01 5.425706173535915777e-01
3.402431346954287505e+01 8.488222592552201462e-01 4.945672927522626328e-01
3.703586118797031901e+01 7.182722816934704602e-01 6.071534052983279528e-01
3.337847419321436604e+01 8.749964766899172020e-01 7.571386186475704827e-01
3.535312550981401358e+01 9.234691985908412004e-01 4.355128284405495043e-01
2.852958864369344738e+01 9.339280355930263955e-01 7.943777992886121853e-01
4.341134565071370588e+01 5.661313569322697914e-01 3.704525632562534754e-01
4.141847000436993653e+01 5.683719371895873396e-01 8.943444695639356512e-01
3.083753720591957048e+01 9.158993479854071751e-01 7.765117855142004144e-01
3.703022411555708260e+01 7.836195635710145879e-01 6.743764695382056251e-01
3.570364258794474921e+01 8.879401627854465184e-01 6.967513745092437372e-01
3.299663385013442252e+01 8.070669374035883692e-01 7.804680784667609172e-01
2.898077485597390535e+01 9.841820266994559807e-01 6.828375550910666947e-01
3.843763690564906454e+01 7.945654034306378621e-01 4.177699859885820044e-01
3.336827665297286671e+01 9.507378605187047915e-01 5.568324840777802986e-01
2.999891787844151025e+01 9.157065717367947055e-01 6.292786208429859141e-01
2.935313399540767065e+01 9.651922430175782219e-01 6.677056598905803941e-01
5.204338334821920853e+01 6.167273015976528772e-01 2.145936881820529885e-01
3.241901887560502615e+01 8.638776345935640366e-01 5.675486497585726653e-01
3.750203045932068591e+01 8.193742714656645498e-01 6.644831639426000969e-01
3.341758493692732657e+01 8.631665931893148791e-01 4.037705630298194515e-01
3.188661139816103329e+01 9.661164274347507908e-01 4.275190532938618060e-01
3.055428788620370284e+01 7.209653312772760225e-01 8.831662119725331994e-01
2.877429839444078041e+01 8.048442184475523842e-01 7.289753665608726951e-01
4.716528593599822727e+01 7.779386201467267670e-01 3.258733772627464553e-01
3.353755662765140499e+01 8.457288880572775280e-01 5.757088774179222046e-01
3.947099789115111435e+01 6.617286941589051175e-01 3.422225857868084753e-01
3.877033430208192044e+01 4.970540752813997210e-01 5.914113834277784365e-01
4.175002808574627267e+01 6.572271262918045753e-01 4.590652590862387972e-01
3.121538710988741272e+01 8.722748711333199179e-01 7.891416759559385374e-01
3.928578646928329476e+01 7.510738956938577404e-01 3.149207877061189764e-01
3.720356476721409678e+01 4.880217625216760058e-01 5.861944380599732884e-01
3.077947113284240999e+01 8.670454176980209038e-01 8.053849723561313789e-01
3.162857311933296955e+01 8.451381829521558142e-01 4.786735821938746804e-01
3.375097613795794871e+01 7.025942518144094873e-01 6.723934789261032385e-01
3.511502138421388963e+01 6.777906814088630050e-01 6.053233027985579495e-01
3.707048416451424089e+01 7.970256271923238378e-01 5.103121907877222752e-01
3.802218285383158047e+01 5.773798857866200285e-01 6.046795942448119909e-01
3.939503316620186979e+01 5.789431934654417633e-01 9.023941746096783012e-01
4.870005255180902282e+01 4.439350293829856797e-01 2.176991609526828242e-01
4.605203212360540022e+01 6.322395322404628093e-01 2.311178072390094318e-01
3.701382242676370993e+01 9.748485662751545933e-01 2.870516882567036299e-01
2.922817615077206455e+01 9.550326741101397010e-01 7.025740831110736107e-01
3.439479459220485325e+01 9.063766421051041577e-01 4.246488786034486873e-01
4.045614801549630357e+01 5.278777718868722379e-01 5.159665549218461766e-01
3.315620702967149214e+01 6.360295951854150198e-01 7.033943641133230118e-01
4.833506636862443173e+01 6.504967941793569075e-01 4.555308038948078231e-01
3.481881428158177272e+01 7.582308168957598848e-01 6.645344901120860959e-01
2.866092032262418243e+01 9.836225427717557590e-01 4.599947397393039372e-01
3.047475001316702148e+01 7.864415695916940896e-01 6.103708455534689881e-01
4.453252669473664582e+01 6.294574222856538226e-01 3.223714712947395311e-01
3.241444729922601198e+01 9.481149874069587646e-01 5.099058158667837404e-01
3.138196935316306835e+01 7.252520080051318985e-01 7.301322188847315653e-01
3.136911711782168410e+01 6.813907174806762557e-01 6.630874384316388648e-01
3.064531349835108998e+01 9.852520608518604561e-01 6.364188783783543135e-01
4.162698046755548376e+01 6.169791783656723982e-01 4.245490267351073044e-01
3.734925480655697783e+01 6.214266242274633090e-01 4.114857171994941165e-01
3.481787303291659441e+01 6.822151467887649368e-01 5.745198439504238808e-01
3.219658812797336367e+01 8.748266643288693523e-01 6.021868150526896724e-01
3.340392159508900960e+01 6.829524818755688953e-01 6.698810716731975479e-01
4.304677936505778035e+01 6.930848285069105552e-01 3.518994266027479778e-01
2.968817493133622065e+01 9.968448803096718880e-01 5.024145882264570151e-01
3.641902099454018327e+01 8.968313732082693335e-01 5.058914330897126277e-01
3.390334504516996361e+01 6.914934441905083995e-01 6.402281852882129032e-01
4.088672028806604430e+01 6.748573804712246771e-01 5.335194067413177033e-01
3.737895863296370891e+01 8.186271496031840567e-01 3.321424479027749177e-01
3.189717545600932880e+01 9.604319340860362209e-01 6.907663056201386320e-01
4.068527049388542594e+01 6.628317153906373438e-01 3.837699330027390388e-01
3.718888976605501284e+01 6.290469744296279808e-01 5.342106504940064005e-01
3.289466288480493006e+01 8.973616613456437685e-01 8.110853479086954643e-01
3.158239501989566023e+01 9.469106883277630393e-01 5.558181681839130528e-01
3.789185581564370864e+01 7.028255626178764315e-01 5.561150786564621473e-01
4.509735692138382745e+01 7.423415668263101397e-01 5.436974793636959458e-01
3.734792206163128725e+01 8.452799345787965768e-01 7.321556949308721807e-01
3.726106949317694017e+01 5.744125639315318388e-01 7.389380639555862551e-01
3.280183925653155796e+01 5.056209433658583885e-01 6.233238795049184100e-01
3.588982016987090873e+01 5.922000798954596412e-01 4.793292154601008770e-01
3.371066434817048219e+01 6.454412875628426915e-01 8.313078852752761039e-01
4.649654234734044422e+01 6.618042020929993940e-01 3.972495023872871234e-01
3.373106680715338257e+01 8.305884636745104466e-01 6.573790498828607776e-01
2.990177847591422733e+01 9.906204329164403077e-01 7.501076871940297597e-01
3.409119287103875706e+01 7.887282108894737576e-01 5.225260050457415373e-01
3.495115582977060598e+01 9.587589935053043577e-01 2.905412405621998206e-01
3.920437590411840034e+01 4.952120970783007725e-01 3.955011480866343909e-01
3.417898813158647897e+01 5.988552713943506856e-01 6.074396742661137827e-01
3.814101176106591851e+01 6.394709339403027437e-01 5.530433234399343423e-01
3.529403540446651277e+01 6.163561078042879560e-01 5.488400813379072929e-01
3.663226370275317834e+01 6.363871568237506882e-01 7.123485138477696488e-01
2.898888648976882720e+01 9.004963246950551392e-01 6.120923222730937363e-01
3.378813842435680215e+01 9.322993804163570708e-01 3.711683894447349030e-01
4.074250004913698575e+01 9.313764666859988273e-01 2.810430741610648320e-01
3.073789686229931561e+01 8.153069542822133364e-01 7.866794830540405625e-01
3.467819338441036336e+01 7.063837555475659391e-01 7.111314537072246367e-01
3.451993572037430624e+01 7.056074267989924653e-01 5.965104486896863900e-01
3.181715817405889624e+01 7.615986326623717106e-01 6.078975592973633324e-01
3.572604324558682976e+01 6.586961612185427972e-01 7.191509217825419187e-01
4.286946138186415567e+01 6.697475059263500174e-01 2.911961012112568858e-01
3.977958873407994389e+01 6.066903626933601856e-01 5.337055578538835166e-01
4.019790700355776636e+01 5.588014025981629107e-01 5.760237725096040151e-01
3.399851063711593468e+01 8.098879668643348406e-01 5.809383435014334740e-01
3.658374775419476777e+01 8.350435611295375926e-01 4.998939537331172356e-01
2.991095372181183265e+01 9.591283678024702386e-01 6.353481805634825230e-01
3.532549998344739350e+01 8.514124059874850214e-01 7.032470780852428938e-01
3.580902220485977949e+01 8.288668763221241909e-01 4.700149649339367963e-01
3.451803551306225160e+01 7.772219835393930909e-01 6.337384768609366503e-01
2.986633368018321377e+01 9.581629232993535972e-01 8.743150801098316105e-01
3.317412892364053079e+01 9.488130948185747870e-01 4.307767967938809783e-01
3.633701221796876979e+01 6.500612749064482720e-01 4.933659285511671211e-01
4.365619693699110115e+01 7.619995493096718420e-01 3.690689879643013760e-01
3.424362364883054966e+01 8.257134228969242873e-01 6.802268217168001563e-01
3.555167871499048005e+01 7.941139188253214520e-01 5.715341923811960712e-01
3.689394096203151463e+01 7.068024718225260905e-01 6.125370219350652068e-01
3.168671834640717933e+01 7.512415053498855411e-01 6.848347940167364145e-01
2.875283926050926198e+01 8.414232413182243242e-01 8.201277837049610886e-01
3.646903674935374795e+01 8.458908451146558427e-01 5.756887341968160987e-01
3.785502542160585904e+01 8.528945424099129147e-01 5.352134966208293987e-01
3.872503946771611538e+01 6.219458111071884954e-01 9.061061570039550261e-01
3.775727727115947374e+01 9.363919391883956944e-01 4.916216313251550729e-01
4.298568838611206644e+01 6.905342626391794969e-01 3.989754641266912705e-01
3.916171650944761495e+01 6.706918873173997042e-01 5.985810389984326241e-01
3.534024643077103178e+01 7.778129205270050139e-01 5.207861537489290038e-01
3.793107061314184847e+01 4.828545635093114408e-01 7.197450225963563097e-01
3.792407148818004714e+01 5.836136167546290832e-01 6.810710633211157772e-01
3.151982926204712498e+01 9.100148322134010703e-01 6.216156011751293731e-01
4.170872878762104108e+01 7.449765099188401241e-01 4.306716223633549889e-01
3.828524520937439490e+01 7.061677311397723811e-01 7.046881038686987342e-01
4.233965434358764668e+01 7.492335427223488775e-01 1.851100920536846439e-01
3.889146451348998568e+01 6.477119042915029379e-01 5.224524222337377788e-01
3.598982526109365665e+01 6.608144611490995857e-01 7.679238049229588636e-01
4.186199099277493474e+01 6.074587418438891495e-01 3.907991924853277954e-01
4.626052267058074108e+01 3.677222885638709027e-01 4.162296997585562819e-01
4.190874440821939118e+01 4.252740434762791732e-01 1.882512099610086365e-01
3.813087027370394821e+01 7.273941941176640391e-01 4.528056914958415446e-01
3.711686342483893242e+01 6.648547852819758353e-01 6.171847220724746563e-01
4.337424427698056917e+01 6.694587162261503854e-01 5.233141144535216061e-01
3.591711958154125028e+01 7.015000142079347301e-01 6.076574431379879737e-01
4.168208445910004656e+01 5.688858379012056155e-01 3.820345111904640545e-01
3.579631077759609781e+01 8.186792201110199008e-01 5.670730900060795276e-01
3.639110410645061933e+01 4.978261400532907888e-01 3.555752397585031921e-01
3.517290972086073708e+01 6.462732045036995165e-01 4.833261859215767786e-01
3.337587005757205816e+01 6.554078043149185184e-01 5.645836665212058403e-01
3.198162427771930538e+01 6.867383454544578880e-01 4.392685045256367049e-01
2.946301455489998489e+01 9.230067835351738470e-01 4.470750880725300469e-01
3.982223628836339913e+01 7.032541980352322586e-01 5.784877580687001197e-01
3.541394650815923484e+01 7.317191129080017342e-01 6.366598755352000927e-01
3.859021451118038470e+01 8.281493625615273801e-01 3.777057659135178991e-01
3.198236840227673383e+01 9.828969474201032508e-01 5.090833742362276260e-01
2.970697218556269092e+01 8.904454789146184490e-01 6.161410927180710484e-01
3.316717920895469973e+01 8.014047702376763116e-01 6.842436934051332464e-01
2.404295259750874791e+01 9.203226467672236399e-01 1.003632563502313557e+00
3.326236252036683538e+01 8.056659598237081443e-01 7.535553127201070067e-01
4.141607788239758037e+01 5.239501167154709815e-01 3.555875512689257723e-01
3.195204516504806236e+01 6.392021915130726706e-01 7.594783500606543392e-01
3.423750730064527659e+01 7.389675807483987446e-01 5.949654055923135898e-01
3.131452427795625226e+01 7.025195735949659737e-01 6.125616756237340921e-01
4.050390279368401281e+01 5.156448907876389764e-01 2.406308754134661998e-01
3.051722977253762892e+01 8.567899489602180951e-01 5.503722093449420205e-01
3.235590334969830195e+01 9.563944110834754486e-01 5.551824340882827169e-01
2.941788797577091685e+01 7.498851906376529097e-01 7.904495289820082649e-01
3.484454647274587558e+01 9.111105428147866503e-01 6.651337053905671537e-01
4.360646444265466215e+01 7.904092635773143360e-01 2.179697878072222317e-01
3.802602202665179476e+01 4.151806921769596870e-01 4.732324911888616814e-01
4.090784594089336679e+01 4.506139372861450720e-01 5.681901225476496675e-01
3.604420356346152943e+01 9.621029227091237868e-01 3.416949623271683945e-01
4.363918367385225139e+01 5.715913837345519832e-01 3.899910084588046333e-01
2.987439524491048104e+01 9.524766487757275746e-01 6.822851556595290745e-01
2.937424669469417537e+01 8.423845547666191091e-01 7.488459953440281813e-01
3.169269841680710442e+01 8.450602618864894167e-01 6.668375773286254748e-01
4.165883006434460611e+01 7.211357990212069469e-01 5.575989253190662964e-01
3.777768655044516066e+01 5.608068108655912543e-01 6.989106480020568224e-01
2.776302271021693358e+01 9.732536523430065367e-01 5.564007339255707674e-01
4.179243042637206429e+01 7.813281976069492707e-01 4.715705635380831873e-01
3.670856053611554159e+01 8.277699784899129609e-01 5.573713021224779851e-01
3.680437712793980154e+01 5.573514108314228110e-01 5.865741097963383943e-01
3.047052144606857738e+01 8.258142887611332750e-01 6.855595735616270003e-01
3.347662713137930979e+01 9.725549888747535565e-01 5.082620345467241396e-01
4.391256752648169481e+01 8.125687948827353679e-01 4.503612075296087314e-01
3.326553473129703775e+01 8.766987569483438714e-01 5.085859688302510895e-01
3.871611211578976963e+01 6.373334370159883244e-01 6.326671589171984911e-01
3.607850978238116113e+01 6.367277493985341597e-01 7.796594541645122112e-01
3.464241813458323804e+01 6.163139809259335911e-01 5.627047993974655382e-01
3.689920778539562463e+01 8.057323193509945414e-01 4.691518024661207042e-01
3.506782673841136244e+01 8.172908505700394732e-01 6.040015753600712634e-01
3.702751765341263734e+01 8.963194757193163609e-01 4.263161134848144629e-01
3.488820231049091092e+01 8.198453504006799619e-01 5.351025470344696888e-01
3.540654733796134934e+01 6.854411336477694849e-01 7.144498716823521889e-01
3.490926509444035020e+01 7.696513502693094200e-01 6.336735621460476420e-01
3.657247911199169010e+01 8.853234456104308592e-01 4.516129929325281012e-01
3.078027593574375587e+01 8.519576090268831114e-01 5.917703586533141769e-01
3.937808822021721511e+01 7.235639494721219922e-01 4.883713511673821728e-01
3.034771429424428746e+01 8.057949800115355998e-01 7.892875111723820503e-01
2.990267816476294271e+01 9.967955917920826581e-01 6.328903399194415469e-01
3.686689149583818903e+01 9.519293141477389586e-01 3.546238924473776866e-01
3.645276320417538329e+01 5.629824374056376923e-01 3.490622318563535997e-01
4.426498495800528588e+01 4.925032990125072230e-01 5.578579262977465536e-01
2.965432898559958730e+01 8.378951967764205477e-01 7.730087483009085991e-01
2.839308067606397756e+01 8.896622459010866679e-01 8.169048983212866544e-01
3.668879285684414526e+01 8.835639487226474298e-01 7.259481598910612066e-01
3.536371778982508118e+01 7.494209093856206705e-01 5.426304110542646830e-01
3.198749834987222229e+01 9.515793666791146910e-01 4.923814620230331784e-01
3.462826571123526520e+01 7.280612452103297771e-01 8.950971558729298172e-01
2.790210597476206900e+01 9.063596715962408679e-01 6.298562989968744530e-01
4.542947112370913487e+01 5.638074542094144714e-01 4.152650575263249211e-01
3.907898468104354350e+01 5.875390366956833033e-01 6.522995787492732456e-01
3.356187778187397441e+01 7.088835509689391801e-01 6.908479681521996207e-01
3.535370539608783957e+01 6.878229357244434183e-01 5.922519751398733767e-01
3.800770638671458812e+01 6.930367086657369669e-01 5.350499480534754992e-01
4.311725603430056708e+01 4.995368239543921951e-01 4.546559321188932135e-01
3.670415469868832758e+01 9.202693237731194298e-01 5.199737772819550408e-01
3.280814269413945539e+01 7.621649296295525122e-01 5.850098163255560424e-01
3.641676339559788289e+01 9.624277792538521448e-01 5.517352518449407661e-01
4.057502745848685066e+01 5.881975280100777415e-01 7.884370222003324047e-01
4.139282361827196866e+01 5.047822944025802672e-01 5.708002786584679411e-01
3.762555480231683447e+01 4.827114853839743480e-01 4.132595533264525889e-01
3.484370944563558936e+01 9.430943288166947491e-01 4.391745074486525513e-01
3.710689866716156615e+01 6.362202894761143090e-01 6.437177882912960003e-01
4.348567912388860179e+01 3.855013078316738562e-01 4.757232712179191303e-01
3.532515192862415887e+01 7.322337931082784079e-01 5.970042481013092539e-01
4.361637562336709095e+01 5.369339857690584861e-01 3.491915565876930194e-01
3.209458904075304986e+01 9.991132793138152168e-01 6.816636143223294697e-01
3.153009708990903803e+01 6.226446799395811693e-01 6.487982413662374270e-01
4.166833429757516427e+01 6.433562701034121201e-01 4.443035310690743867e-01
3.525372741833215429e+01 6.219829526165009392e-01 7.785247872564329263e-01
3.521585804062370784e+01 9.599104684588919412e-01 4.903003909479833888e-01
2.938874602653636359e+01 8.804660067890133224e-01 6.172772801340929982e-01
3.913566369064764672e+01 7.812848612437361950e-01 7.809857897195539023e-01
3.958335461084877949e+01 5.474425188748464066e-01 6.802024399017160272e-01
3.278595960725247238e+01 7.616029065651147567e-01 4.472533893503971014e-01
5.587719135613610177e+01 5.450952876202282971e-01 2.080016042008739074e-01
3.230786237209601808e+01 8.498111441338516148e-01 6.323769916638360966e-01
3.734842522060774428e+01 6.640720953847483177e-01 6.747987689617045426e-01
3.071898945596876018e+01 9.803053223805824334e-01 5.531228921406153853e-01
3.575752330263890855e+01 7.181485389323033486e-01 6.315765094067613550e-01
4.322266310093550601e+01 6.174563538069522961e-01 1.742192026201422328e-01
4.171922608766842444e+01 4.608498071361348813e-01 5.950489793559931018e-01
2.953856042543736393e+01 8.850919578791245357e-01 5.810035415015194493e-01
3.988647675016942884e+01 6.143476700630031706e-01 1.762543106338736454e-01
3.311070532086704077e+01 6.651509214332700370e-01 6.331311340345027183e-01
4.201946400213373778e+01 3.904218000326312166e-01 5.673108174761011258e-01
3.209376979261251250e+01 9.985009475340064222e-01 4.867353431395592400e-01
4.217643513254410692e+01 7.489182290606981596e-01 6.448077849473040635e-01
3.542590366480634145e+01 8.298261409142877465e-01 3.241612731250788082e-01
4.786663489728218224e+01 4.272844796616285801e-01 6.205408061197118519e-01
3.453938147704739237e+01 7.669540516645800832e-01 6.595393635693332923e-01
3.773261304358315016e+01 7.098546253166214681e-01 5.565101878268760016e-01
3.848298604813621893e+01 6.094986281522531968e-01 2.539653530649225721e-01
3.639832285238588128e+01 7.360149930143691233e-01 8.064741945694418046e-01
3.316438746065082910e+01 8.802133682130756087e-01 6.163295770725828460e-01
3.186534826758294869e+01 9.033409975221762256e-01 5.540571667227136565e-01
3.493711122417185067e+01 8.159848307508585918e-01 6.685612747378064658e-01
3.720482879034206292e+01 9.747645510179536732e-01 4.416416235954856440e-01
3.889243936772502508e+01 6.287090984180834230e-01 7.044196959177022599e-01
3.186467949562725366e+01 7.884466760039544608e-01 6.994407383513485676e-01
3.540847771297887192e+01 9.427814084635366410e-01 7.641844495291636452e-01
3.916728490768950621e+01 6.441080102451071099e-01 5.072749295023168958e-01
4.828193354244967850e+01 5.272964020233815718e-01 2.056932647797817537e-01
3.362815033441512469e+01 8.331513511917766346e-01 6.797867904989914889e-01
3.940670792267972189e+01 7.068730933662135119e-01 5.522652483062923112e-01
3.941062864045765934e+01 9.414919135856902876e-01 1.944508224250466044e-01
2.648993461503869185e+01 9.434567212838864680e-01 8.529438552047882149e-01
2.919203364479072249e+01 9.657440153988978704e-01 5.237249937885108952e-01
3.187486778417548905e+01 9.646555983267252055e-01 6.452681607162811250e-01
4.051290847747542045e+01 8.721574717644632324e-01 2.146828857564172244e-01
7.058172884109082190e+01 1.491219776256710872e-01 3.070509749104473607e-01
3.767907947377080546e+01 5.567310639261695560e-01 8.807733106027427761e-01
4.512121869067538427e+01 6.242744676279270433e-01 4.749553802489245857e-01
3.419754601670558003e+01 9.743209618389563342e-01 3.546253929097052393e-01
3.485902263484152996e+01 9.759393446299333696e-01 6.430521774173415528e-01
3.982312260448001950e+01 4.118043064786063301e-01 6.429380591187415783e-01
3.834057737210953576e+01 4.522672207993201909e-01 5.796613217749150282e-01
4.798317722249016981e+01 8.376880568226937607e-01 2.735815433492408411e-01
3.563425322117483773e+01 4.929763872512076262e-01 4.683465912307436807e-01
4.441032528665163426e+01 7.076689336789790952e-01 2.035441083594790035e-01
2.859404274336782947e+01 7.299293519679604936e-01 6.731073858379531538e-01
4.197832681154193324e+01 5.806990320987948095e-01 4.500419657434882037e-01
3.965203599725639094e+01 6.281927460894393134e-01 5.265200306027900679e-01
3.846709696339623719e+01 6.499871175931071221e-01 5.220475117753068384e-01
3.673993231199067111e+01 7.225963516506417328e-01 6.792510597909451331e-01
3.142596293091436621e+01 9.941328196677358120e-01 9.646140633652484642e-01
3.860953033429535708e+01 7.982766203777953429e-01 4.200871123272103547e-01
2.751751596586227677e+01 9.928787548739671509e-01 5.686716722601423690e-01
3.667406873255549726e+01 6.107711838150342576e-01 4.911349036283422786e-01
3.114514215480218340e+01 7.512889028491605004e-01 8.411405006358401160e-01
3.515588780187986373e+01 7.977373098664291007e-01 6.118880636675763096e-01
3.131602449792689669e+01 9.142564046793161259e-01 5.836705483357539359e-01
4.569994660217338378e+01 5.657777911730516029e-01 2.395077082340813790e-01
3.372865093065355779e+01 8.213550269291594041e-01 4.826992280654184286e-01
3.434931002611261164e+01 7.034667400558026751e-01 3.831185169504839338e-01
3.246581020501973569e+01 9.024653236993219751e-01 5.613111842796644213e-01
3.186717349755073059e+01 8.866199828953823525e-01 7.141510696522156421e-01
3.661802284024248877e+01 8.667500095427226325e-01 3.830869776305981245e-01
4.347040342346648600e+01 6.576187312156119846e-01 3.953688894354004391e-01
4.639788576494552785e+01 3.445536349919682828e-01 3.214259856252739689e-01
3.451448510143913495e+01 9.164976509836665342e-01 4.108951879039353106e-01
3.373773949095681957e+01 9.042405283077844524e-01 7.457499149773456626e-01
3.608080536268439431e+01 9.585325681911651685e-01 2.786664374177930115e-01
3.996277408191622982e+01 7.971415311779447288e-01 4.399558581527340251e-01
4.480231753242169646e+01 4.210256797452711641e-01 3.986563141290546119e-01
3.790879965337044410e+01 9.241454628146809069e-01 2.723264815585517140e-01
3.385988192781780981e+01 9.427121428530345071e-01 7.656850937546688662e-01
3.883061532199095467e+01 7.394789731685263989e-01 7.522806448647784139e-01
3.410280592592106075e+01 7.784647057412844573e-01 6.690513738617964723e-01
3.843642636871780383e+01 5.875390366956833033e-01 6.799217832329279565e-01
4.041305286173699329e+01 8.257634358114338546e-01 3.163553276069211995e-01
3.913855576855937102e+01 5.965692197302870925e-01 4.221263194974818056e-01
3.423457017629367272e+01 5.355950583363511264e-01 5.459258109585838348e-01
3.747286983752922396e+01 5.194531256097418837e-01 6.182452366360553508e-01
3.878207263392020820e+01 5.526797084970436202e-01 7.937758422106069300e-01
3.578741695639217113e+01 5.628567007717896198e-01 6.775863638993853133e-01
3.366733333970327635e+01 7.539620356401586232e-01 7.212345642067814477e-01
4.182106069401122994e+01 7.164963260595677008e-01 5.639743541764972168e-01
3.550138302855897621e+01 8.934853877471373718e-01 5.452313344059666056e-01
3.396506704600964355e+01 9.893344963827789273e-01 6.385415878436428994e-01
4.010431497243399690e+01 9.743235602403677031e-01 3.376648719487366224e-01
3.783875682647124705e+01 5.854031331250123538e-01 6.793451670606601711e-01
3.263371562769670930e+01 9.071228136462901048e-01 5.872301238057636708e-01
5.208547541780794887e+01 7.428684527538026439e-01 3.195377389826103975e-01
4.381681491197989686e+01 7.386206936643057164e-01 4.145436063400065319e-01
3.410262229585565308e+01 8.035542626088288953e-01 6.419260332088225773e-01
3.401764062851123072e+01 9.266549688524986506e-01 5.181636702388757731e-01
3.276629636316550176e+01 8.406718355005335930e-01 9.878389582916322631e-01
4.485140120634233796e+01 5.790804367831428046e-01 2.660242951322561167e-01
3.270417402017996267e+01 9.823598976284656503e-01 6.924319592890377795e-01
3.388345996753231049e+01 8.957510962737736948e-01 3.997591753672827819e-01
3.508157933470304357e+01 6.732738100211655974e-01 9.101120116770619051e-01
3.664429315051827984e+01 5.106419650666139676e-01 7.831273202885421503e-01
2.650311863846185645e+01 8.134447023459331350e-01 6.112904305817092876e-01
4.377063280819736235e+01 6.459750551340543989e-01 5.236433713293312531e-01
2.739216401241715815e+01 8.953174857703845024e-01 8.240920761646497450e-01
3.996205317039835592e+01 3.832784409143291660e-01 3.791524718011261563e-01
3.543661133791071904e+01 5.595137141265266179e-01 7.253578519686066928e-01
2.614781245693692568e+01 9.982651709703846965e-01 6.852246320137623803e-01
3.544879066521191646e+01 6.847658633455983024e-01 7.245634773349540758e-01
4.875089801563644443e+01 6.187254513331836847e-01 1.891561149333709502e-01
3.388911591068336548e+01 9.255501804515678943e-01 4.129362272125245426e-01
3.930959426213871666e+01 8.340191097681675103e-01 4.472640155221324632e-01
3.140482963904773683e+01 8.216137376189764918e-01 6.533151626219682040e-01
4.120007447055781569e+01 6.118258429296344891e-01 5.577668789595076060e-01
3.190448661030639599e+01 9.543025257975612519e-01 7.035449379299358874e-01
4.120571576840067252e+01 4.548002624084026557e-01 5.027655750859665318e-01
4.009280101775703287e+01 6.155480875620018555e-01 6.321723176473790229e-01
2.872032193679124745e+01 9.762362099905335100e-01 7.615449888970663439e-01
3.782233165007465203e+01 5.359089089572428577e-01 3.598732867486861275e-01
2.506025733605808270e+01 9.274843563439554295e-01 7.342858149878227492e-01
4.180547514239378160e+01 6.533497438341073771e-01 4.123647157647592487e-01
3.588133967413327241e+01 9.339321342413596794e-01 5.260277903067884786e-01
4.334568499239723138e+01 4.253823553106879096e-01 3.127516481921603919e-01
3.426445235302526271e+01 8.355242942573988252e-01 7.356285871649970165e-01
4.559860138105443639e+01 7.674521154075074625e-01 5.151153387551471452e-01
3.648288589265648341e+01 6.827409181259634918e-01 1.101173596004185740e+00
3.225501098892758023e+01 9.444931808690878450e-01 5.296378931572708337e-01
3.335844847101739674e+01 6.923818022204069056e-01 4.979386084449522465e-01
3.288791887304822836e+01 8.655440057124876851e-01 6.053239043317331092e-01
3.700856017117568797e+01 7.727062150138234164e-01 4.532113929047617007e-01
3.455616971114039870e+01 9.642308347330817986e-01 5.533149183947783101e-01
4.113306268987288661e+01 7.110117651927021498e-01 5.240107904029408514e-01
4.072376976795056436e+01 7.599172209404747580e-01 3.317464358144801562e-01
3.939906455321333567e+01 5.625098038855687044e-01 9.185338926396924286e-01
3.069770225096139526e+01 7.916726872030107609e-01 7.612033387847095822e-01
3.626253665986250496e+01 7.190067483242627011e-01 5.068283911730017133e-01
3.473785129440459229e+01 8.155203021005333897e-01 4.393492464128176400e-01
3.067236900323395687e+01 6.311437017166756647e-01 5.747910738374363282e-01
3.008660279308492491e+01 8.735914499269004097e-01 8.836559777530945681e-01
3.462582067355017301e+01 7.209323031956508254e-01 3.239397780941220550e-01
3.186816513538345319e+01 9.291777417569012654e-01 6.143397528757168491e-01
4.170682708768193692e+01 4.836625481615999256e-01 6.423421758997009956e-01
3.199193320540810248e+01 9.888103319196996921e-01 5.288444526804203516e-01
3.897646566683201286e+01 7.338843134439201332e-01 4.314180013007399284e-01
4.088268524555878258e+01 4.193957891109535430e-01 5.749257687123695559e-01
3.215994800855948199e+01 7.220349244341202066e-01 7.790985180489885531e-01
3.815994606859381832e+01 9.673791333749161003e-01 3.809712244325124675e-01
3.900164866632505323e+01 6.644503368849562497e-01 3.582936062175554603e-01
2.832341613089597132e+01 8.665679252909023189e-01 7.515625879969717316e-01
4.187198764181525235e+01 5.263377492599592422e-01 4.379678453516838155e-01
3.018159469921224414e+01 6.943383561851569352e-01 7.231275286650062917e-01
3.563340183443416720e+01 9.154224049758510340e-01 5.199174894073864683e-01
2.681366833499723512e+01 9.981002523337029197e-01 5.639366273773829263e-01
2.976278529465409051e+01 8.326703087965249273e-01 7.139311970869600676e-01
3.081023020876643415e+01 7.219592284392920556e-01 6.473717485297599827e-01
3.707834979668969311e+01 7.295406715949036558e-01 4.933738053881900898e-01
3.890702339689876510e+01 6.014431019158897884e-01 5.041797493330334445e-01
4.728760813383120620e+01 6.646961985226306213e-01 7.327944203213768715e-01
3.007976785577245593e+01 9.089554688235970126e-01 4.557863077126801388e-01
3.390121545670001524e+01 7.048865381449204159e-01 7.909529748394983351e-01
3.297795978445292775e+01 9.303939086272954295e-01 4.870655322976102930e-01
3.945275996531476892e+01 5.499516704365454700e-01 5.079712218349461406e-01
3.536131197039583896e+01 5.619657045642041382e-01 6.862453162279047447e-01
3.915631681523897356e+01 8.517790106786857773e-01 4.084011583091635145e-01
3.871113643670911131e+01 5.312570346919252007e-01 4.802455946104508544e-01
3.406846529412644742e+01 8.728203332208656073e-01 6.584371983350104651e-01
3.558932499268595251e+01 7.950889042668284334e-01 5.260043550032693638e-01
3.819850936429554622e+01 8.801121015842403583e-01 4.556792115941336596e-01
3.169700594566011276e+01 9.752277992079456670e-01 5.500724833542880443e-01
4.407045146029225435e+01 5.165587903221502408e-01 3.096654842716026201e-01
3.136574715662911572e+01 7.989230778601558169e-01 5.331060569566574703e-01
3.312072093218242941e+01 9.141710470182682347e-01 5.716170275404451884e-01
3.221216939115477373e+01 6.875451198326172353e-01 4.981249695538891853e-01
3.931083369947383233e+01 3.615822941381515165e-01 5.201230607750948476e-01
2.495234663650283125e+01 9.933524600395859938e-01 8.145168040404412446e-01
3.368288883416199297e+01 5.838289457850329711e-01 6.337181844052884871e-01
3.719961537837296106e+01 9.767368323412479736e-01 5.109936321457850816e-01
3.301666301174364548e+01 9.687647583958743924e-01 4.781133343901597388e-01
3.489234742780963217e+01 7.725064203057611101e-01 4.653714001270781164e-01
3.273790985550621002e+01 8.783935172087764531e-01 6.326011417388500702e-01
3.173731637720521448e+01 9.683328686139064390e-01 5.595734992020043874e-01
3.733882140396039517e+01 8.904697229478890641e-01 3.842848286870749752e-01
3.235553016238845458e+01 9.922654478720475124e-01 4.440569978904598814e-01
3.364609738272648087e+01 7.609868353829667420e-01 8.483440527929175801e-01
3.112676488035096156e+01 9.781693614567629202e-01 7.830046652987100453e-01
3.398444984885804132e+01 7.821944144778087971e-01 5.876867348969602167e-01
2.983287049546297709e+01 9.009365156286051057e-01 4.510458183543571975e-01
3.407677944502849954e+01 9.095001535107928303e-01 5.628178612387475521e-01
3.956707120858695959e+01 4.756438282112080973e-01 7.162821673566858172e-01
3.482899652897085474e+01 6.720184407576293983e-01 7.540783063408518228e-01
4.519816381853785003e+01 3.182804542434193307e-01 3.634572802231522126e-01
3.470821405943655691e+01 7.969831805878433428e-01 1.728040050968133179e-01
2.902828991864811314e+01 8.590561932105389431e-01 5.838604272511037641e-01
4.411391610643467942e+01 6.971048523719337586e-01 4.133648872265306973e-01
4.020501300590682803e+01 7.731959181111842661e-01 3.372794605061280593e-01
3.681224063968193150e+01 6.468320062673013071e-01 7.504403674968995741e-01
3.146994348566345323e+01 7.868205907718829328e-01 6.143156580131877709e-01
3.355823374052886265e+01 8.798060009226680300e-01 5.443160762935718155e-01
3.070253004643654648e+01 9.651756194116138943e-01 7.158007180455223661e-01
3.307146853462791114e+01 9.144050770969684994e-01 7.662063908753425912e-01
4.108535150937873937e+01 5.613232384766095873e-01 4.859612904241448761e-01
3.283127753804546245e+01 8.987535285596769397e-01 4.174284063952140023e-01
4.499588751336934678e+01 5.654311652681863754e-01 3.675184983206692957e-01
3.600750767690589527e+01 7.676839798537221649e-01 7.334174923921780165e-01
3.868820145012630718e+01 5.660330130418236294e-01 6.016850220550964412e-01
3.441553154470570064e+01 8.661107807855615848e-01 5.866576328129272655e-01
3.864990500711427757e+01 8.690296972553354093e-01 4.444567614201848094e-01
2.943756035583924913e+01 9.667725318176870752e-01 7.131387332635957810e-01
3.445893493349446857e+01 6.749099002553846649e-01 8.136781443497103083e-01
4.974452342662403481e+01 5.317265923169192110e-01 1.736152752727257442e-01
4.165380743750798587e+01 5.555873025805518894e-01 3.844627093913109417e-01
3.974899769857528753e+01 4.545669130497364541e-01 3.693415581143316695e-01
3.373616889399324492e+01 7.905355877209768733e-01 4.918690489879715133e-01
2.874842121593874111e+01 9.433469084675540905e-01 4.920238742111439079e-01
4.267297158680286628e+01 7.378791961636814722e-01 1.990672767134769039e-01
3.384636252970394565e+01 7.903472520762081510e-01 6.219355102621842990e-01
3.855701217603250797e+01 4.693324031209153424e-01 7.860812810684798535e-01
3.340791965254320672e+01 7.059307946237085574e-01 7.422135306923137721e-01
3.292606184340748854e+01 7.722192007024182292e-01 8.192406061204269285e-01
3.400672281553445231e+01 8.996608842412754381e-01 4.853626036597192273e-01
4.564998475500584618e+01 6.587040787983053924e-01 4.240315877117909471e-01
4.053224458278570097e+01 8.721574717644632324e-01 2.141034153510804894e-01
3.325500039263980057e+01 8.524291753546228145e-01 6.090271423553972330e-01
3.418877818781538735e+01 6.361616034632676664e-01 6.439768914117167675e-01
3.713312813837062265e+01 6.848423888378798452e-01 2.366878083327458027e-01
3.627262904183696435e+01 8.069882494319374766e-01 5.850184696196918388e-01
3.673458764556064438e+01 6.963972748880284946e-01 5.633903964313955459e-01
3.989427852820061560e+01 6.143476700630031706e-01 1.760242807805124376e-01
4.727946674244834213e+01 7.716794291877934198e-01 2.607900394038681902e-01
4.313446716602302189e+01 4.483997155487719488e-01 3.570595363693984114e-01
2.657215362163751848e+01 9.849423166928211737e-01 6.680333719110737034e-01
2.935075962532578231e+01 7.152302855226082556e-01 7.378128127808419867e-01
3.475939650710809303e+01 9.008832305080273217e-01 4.864262482037380320e-01
4.418823091312489026e+01 7.125616397243621503e-01 6.238225852219952960e-01
3.678278607538619838e+01 6.129401522650068657e-01 9.721275111920231193e-01
3.068231813721478218e+01 9.179889892932059370e-01 7.289330440166912339e-01
3.700771691117120099e+01 8.562935000720024448e-01 6.868874249990242209e-01
3.797842895421212006e+01 8.040317506847215467e-01 7.471929932043022138e-01
3.503021638460889164e+01 8.168823080208815757e-01 6.981207100632833562e-01
3.673175701257683556e+01 8.458487793783459052e-01 2.328483014575802312e-01
4.133037283667840711e+01 6.626920497893686868e-01 5.958829037514019600e-01
3.576609396507881655e+01 4.960619537253317390e-01 5.707697821130893745e-01
3.210492558223209869e+01 8.165157095004001997e-01 4.176722764262727483e-01
3.641018045345784770e+01 8.328306471341927475e-01 6.747632634520891459e-01
3.087702474427559451e+01 9.086672605139494152e-01 8.208667387365804480e-01
4.431353251443717056e+01 5.992136193983449433e-01 5.496733896862910917e-01
4.354423697594499743e+01 6.276475361139248754e-01 2.960049641670871590e-01
4.120012511893465756e+01 6.519277647337619053e-01 6.782587979888577978e-01
3.767838690449958960e+01 8.578116761904064358e-01 4.477646242751330830e-01
3.223297931389883786e+01 9.840118443153013095e-01 8.299201605914314772e-01
3.275993984748051702e+01 7.876098452836509667e-01 7.242408473951701398e-01
3.190570789854566769e+01 8.624389564302321620e-01 4.172418551666305375e-01
3.020603263134655947e+01 9.072828442773849256e-01 7.231701265383343458e-01
3.602874842531827682e+01 6.346321161394881116e-01 7.170975087055377895e-01
4.589795017419418599e+01 5.009439979499683560e-01 4.819835031433197803e-01
2.457397682467166788e+01 8.976926924049219991e-01 6.470898869392717190e-01
3.336969082125134634e+01 7.441922427571961984e-01 7.265336969638949149e-01
3.992084472830300967e+01 8.953374281522119560e-01 6.075434990628403309e-01
3.385803749908256322e+01 7.780022435764653022e-01 6.002596404887412529e-01
2.778100454447441692e+01 9.800504450728293460e-01 8.956312672249168161e-01
2.762984555185766311e+01 7.335796512350841736e-01 9.490801676211305660e-01
3.203689754871832918e+01 9.742361408424922153e-01 8.459640772236904915e-01
3.331049519936350833e+01 9.930617317239491815e-01 4.784148025752911759e-01
3.827100512160089352e+01 8.554591018044448436e-01 5.375497791850013529e-01
2.997930594666933501e+01 8.653814714489117543e-01 5.976127383509474145e-01
3.936831788011416222e+01 6.878553448863775621e-01 4.836046992308538628e-01
3.021652219099411241e+01 8.579022154957313129e-01 6.045424652046409442e-01
4.525520146221891338e+01 3.619848850250682037e-01 3.511666970052640946e-01
4.698412107746776201e+01 8.647427691312555842e-01 4.576231087611701276e-01
3.374114759314129230e+01 6.479930559960218606e-01 7.505638246882656572e-01
2.964820717643535275e+01 7.678560592991995337e-01 5.145872022798049228e-01
3.115273478698548004e+01 8.047221266025745834e-01 7.315081603105114683e-01
3.791608946632807431e+01 8.528421403760734210e-01 4.205159640668805210e-01
3.492796215753162414e+01 8.977065299784600105e-01 4.273194677662021101e-01
3.745230560119421881e+01 9.662774426358018420e-01 5.354123653519963222e-01
3.442430560904976033e+01 6.719163225884822177e-01 5.492669534870753267e-01
3.015796988595851502e+01 8.049116117452149721e-01 4.625862082679442211e-01
3.549711749244151093e+01 7.172372823132151520e-01 4.240563207051080696e-01
3.476081854265714099e+01 7.621831077342027250e-01 6.633512466551174658e-01
3.399914029666146575e+01 9.697187187251037344e-01 6.137779058545966837e-01
3.433491496754835026e+01 7.669637767826467112e-01 7.234013272208790202e-01
3.210680356284989045e+01 9.476567015397989735e-01 6.006578347205449031e-01
3.349913112988364361e+01 8.490121984557916779e-01 4.578958999017107567e-01
3.904763861991192897e+01 7.638747154646896576e-01 3.745834953250173349e-01
2.805548646710998995e+01 9.697764979540876018e-01 8.123863803155251251e-01
3.813970907086598316e+01 6.001323304285134386e-01 5.662731314266770122e-01
3.212941109055525146e+01 9.440585017879515872e-01 7.364918910046167611e-01
3.275497069414294771e+01 8.378126290244523044e-01 3.894607792399689128e-01
2.824126628697296582e+01 9.977294974161616814e-01 7.307349442484709634e-01
3.306687890797038420e+01 6.527015936220772474e-01 6.307146116813895365e-01
3.865080052891496365e+01 7.609674853614039058e-01 4.188595472878203219e-01
3.638197139299705185e+01 7.431007326038329142e-01 7.531609280350328728e-01
3.237889268155510081e+01 7.558290143696273500e-01 5.176647586962681569e-01
3.590553743640897721e+01 8.366938493517812603e-01 6.379654709494754217e-01
3.877425820168586768e+01 6.048983564467674823e-01 5.498639267019452825e-01
3.595174331536386347e+01 8.418436751710882682e-01 5.612756757083021686e-01
3.343142719157319931e+01 9.519555288342337329e-01 8.515885716857735099e-01
3.413226385048708522e+01 6.441478845642600870e-01 6.087301512309291063e-01
3.237626380985308572e+01 5.822827299730187756e-01 6.663101624818766888e-01
3.636424471498389721e+01 7.454514717118702061e-01 6.875777444454499454e-01
3.218455041214317447e+01 8.842171522474309153e-01 4.173591856048347037e-01
3.854779897353420637e+01 5.072291055280088168e-01 5.413105686276044048e-01
3.536416276915612400e+01 8.037400593906275370e-01 6.192270514714497409e-01
3.552278379699529154e+01 6.232632755656164480e-01 4.722081781819343349e-01
3.158090674872712356e+01 9.248987167297528789e-01 6.039574267014110598e-01
3.877094684296733362e+01 8.450967419288744065e-01 6.310796874493952435e-01
3.124524604320707510e+01 6.997291114763324327e-01 7.174795939592447658e-01
3.764271962947162109e+01 4.596978258937979289e-01 6.876918221340304616e-01
4.729497994295253704e+01 3.604619010752679875e-01 8.171595211350095589e-01
3.569292885056155029e+01 5.049399845675358600e-01 6.748023311377175926e-01
4.055986879797939082e+01 6.697911464921562086e-01 6.703838940743590546e-01
3.405370215695950975e+01 8.682264577649977388e-01 4.857686193489081372e-01
2.816842913583954910e+01 8.281330923205133532e-01 4.853080357442344228e-01
3.326250333765316469e+01 9.572831235766772195e-01 5.952218643159210565e-01
3.051254592507943642e+01 8.324221310808908036e-01 5.581007671857015628e-01
4.244737166660606675e+01 4.133690312984709680e-01 4.642688164116245964e-01
3.704721253218330190e+01 6.484812385167916249e-01 2.092064217391361725e-01
3.768471816979099032e+01 5.663772491107099682e-01 7.835319166652191525e-01
5.355997460633965090e+01 2.846977432404379504e-01 4.245986372847344037e-01
2.815092367322732159e+01 9.594906898323320998e-01 8.608876416716965130e-01
3.593357322241898544e+01 6.608323221909383482e-01 4.289708273636328451e-01
4.477616315769603972e+01 4.549370375691479951e-01 5.860780634024675972e-01
4.091965408903432433e+01 7.241390864533688854e-01 5.043633141753961491e-01
4.695900708202507445e+01 5.756799980450602039e-01 4.366790561139862192e-01
3.188710698271170685e+01 9.626666251339517366e-01 6.067015394537867978e-01
3.971083567084824750e+01 6.097548424566534564e-01 6.694527492565714999e-01
2.793319546981946644e+01 8.802839056961648811e-01 6.483397931698428041e-01
3.338724820992809583e+01 8.689589185990701514e-01 5.777370849125109675e-01
3.942774705469653185e+01 8.711176724753778577e-01 5.522565726713224432e-01
3.429712364908115063e+01 7.167854917270688464e-01 5.524191126030411070e-01
4.090896039421468089e+01 4.604312273937978817e-01 4.855223638654014295e-01
4.311911619290815878e+01 4.894137697921196462e-01 4.880398834140323716e-01
3.499155660149840941e+01 9.154191459418725696e-01 3.817409811170511813e-01
3.287530883495192313e+01 8.309067562792428197e-01 5.592570525592658326e-01
3.406334485173510984e+01 7.075858999071261701e-01 6.054847411323249773e-01
2.708893711085337230e+01 9.803997808588246210e-01 6.040073778713994646e-01
3.450540253358153109e+01 8.975469579415392696e-01 4.393477936639609283e-01
2.886906714569482446e+01 9.620836660414315844e-01 6.544911926307629413e-01
2.406092068260229055e+01 9.850819117118019275e-01 7.394397051521370834e-01
3.732729198750152477e+01 8.814808938112218550e-01 4.628903493722904550e-01
3.107049146977073661e+01 7.649223728739372730e-01 5.926739735436082901e-01
3.726699167274284008e+01 8.231392371271396557e-01 4.775044714967636716e-01
3.990632701634302748e+01 6.319653567636590585e-01 4.551363054975286482e-01
3.276555411978028332e+01 7.488106074006045665e-01 5.405768398783107331e-01
4.012456288541500271e+01 6.760263118904845658e-01 4.181301006003969589e-01
2.825261393604510829e+01 9.830297275482765551e-01 7.067481093557385075e-01
4.495318257977712761e+01 6.758152268540724705e-01 4.710566510584034972e-01
3.643721178305123942e+01 8.358204234848957137e-01 4.710606260983958848e-01
2.620973685651786766e+01 7.531282732413857595e-01 6.567943850520794324e-01
2.916875218071720610e+01 9.168304309493831017e-01 6.636277253382101282e-01
3.775022340314545488e+01 7.042856935096503124e-01 6.493726453235040275e-01
4.062253785345792778e+01 6.412066665372355700e-01 4.808426793390175868e-01
3.451915891444400586e+01 8.224938312209564284e-01 7.258786628837819999e-01
3.548069532402259085e+01 6.649995396674532877e-01 1.678076947236483152e-01
3.434596281770190274e+01 7.916675371245834869e-01 5.892192723134898058e-01
3.927704625580649633e+01 6.885639407748272989e-01 6.383433377645192364e-01
4.158681289974511230e+01 6.224158468280188705e-01 5.779354165927240716e-01
4.050417696911713961e+01 5.990320983883923311e-01 5.441183901251899213e-01
3.754839990137848815e+01 5.544394213039639530e-01 5.738197184169798737e-01
4.272056797495766745e+01 6.119062062118096890e-01 3.484846697328941589e-01
3.847494981281446513e+01 6.715947070329698620e-01 4.575769489897919540e-01
4.018552359590308498e+01 6.772297343404947156e-01 5.589337297501092428e-01
3.903132712065394117e+01 4.956288775244089839e-01 5.002483134100579321e-01
3.315589445639361088e+01 9.422481967649275481e-01 6.357545409130427316e-01
3.805067726578901954e+01 6.528390422404843907e-01 7.768999974468892011e-01
3.197439136940035098e+01 8.648998938508088985e-01 5.746722533222813345e-01
3.445330746480227901e+01 5.229827743459352085e-01 6.985081026815231908e-01
2.897303156398758262e+01 9.228436475320975774e-01 6.491759522239226587e-01
3.143060610007250588e+01 9.615924114619278651e-01 6.021205424009958840e-01
4.433326483143461161e+01 7.885167098649672468e-01 6.418494429913259580e-01
3.475176263218278905e+01 7.153299140893953911e-01 5.449841103770410866e-01
3.921767194620584007e+01 5.435221123664186749e-01 4.203341147870746641e-01
4.041484110934568719e+01 7.752944596913263764e-01 3.360683950183442348e-01
3.979543322262817640e+01 7.627092931563900224e-01 3.538700127225617442e-01
3.107375277994826490e+01 9.033143381272857875e-01 7.567980895172021771e-01
3.442321187342679423e+01 7.358311330540748818e-01 5.898141172170922042e-01
4.529149747021318007e+01 4.261159128006852814e-01 4.153883951013912501e-01
3.494290117604190016e+01 8.394674582459489276e-01 7.521797439444470879e-01
3.158153262394108651e+01 9.023718389720672972e-01 4.408884544396206029e-01
3.215764740438766012e+01 8.054435728287899776e-01 7.251028517952335939e-01
4.084780694223611164e+01 6.974959503677287120e-01 3.972340673069795769e-01
3.606770476926562452e+01 7.122816051694210726e-01 6.214586877920513786e-01
3.418243159641082940e+01 8.246916156559608302e-01 5.469583199038361432e-01
5.820651566601842575e+01 5.863685026737335271e-01 2.355984792337094402e-01
3.519529594108448123e+01 8.377200139305904791e-01 5.392695897448642750e-01
3.043794066752985827e+01 8.888405172373391450e-01 8.088655452028589155e-01
4.416744760020132077e+01 6.694412135885557946e-01 5.029208961784396026e-01
3.528272622703930494e+01 8.328952190053962035e-01 5.608360119734343563e-01
3.306539949008829637e+01 7.296942923634299749e-01 6.583454472006802227e-01
3.578308954858924551e+01 6.924733354398535656e-01 4.504462385213160447e-01
3.641324856810565080e+01 5.541248518602056583e-01 4.183156865822864612e-01
3.547943447893394620e+01 6.911548038775753300e-01 6.105296416728912545e-01
3.049116495374186897e+01 9.204801107927025328e-01 6.426269492049725418e-01
3.281509159239299578e+01 8.578191865670505845e-01 6.779868463919230814e-01
3.556227145244766064e+01 7.758270995323307551e-01 6.844446286961628489e-01
4.063540000163869337e+01 4.507182665701975344e-01 4.621166150985594467e-01
3.543617808575773864e+01 6.820320688047080138e-01 6.907329533868040716e-01
3.719074064173506144e+01 5.608453723791044787e-01 8.113805922396768455e-01
3.860072637041516685e+01 4.743425071123473225e-01 4.126395582201600187e-01
2.788329939228564314e+01 8.327930709351318850e-01 4.044145815233717856e-01
4.475361278510412433e+01 7.654833120457792406e-01 4.547310874840392314e-01
3.389678365325320186e+01 6.715170316336420697e-01 6.622394926785291069e-01
3.575632549581514752e+01 6.754084802406555843e-01 6.511719340183474980e-01
3.087760544421196229e+01 7.594251597455311531e-01 6.499965229071301698e-01
3.044498190275721328e+01 9.197814873301032312e-01 6.407741468245228278e-01
3.030329423838307434e+01 8.854717155230349412e-01 6.674608857175264864e-01
4.236707085711718435e+01 4.868627049577216592e-01 6.156418726600191293e-01
3.969741282744359268e+01 8.367972212921895858e-01 4.497671890023420271e-01
3.099560176820719448e+01 8.664362155216671635e-01 6.297842590692499520e-01
2.810851009612919071e+01 9.008856135422892430e-01 6.427404321618800376e-01
3.613635209153848393e+01 7.052573266326224166e-01 6.808670103118766859e-01
2.822033711875532802e+01 9.116256278192974571e-01 7.854124076538019361e-01
5.212301298172863540e+01 2.729611541426201216e-01 2.500267884597816570e-01
3.721103224139964993e+01 6.698882809873768496e-01 3.687682389337177957e-01
3.622246259664945001e+01 9.794140603897977249e-01 4.397576583035989195e-01
3.575186966600199412e+01 5.665845927193338127e-01 5.790695427386598482e-01
4.021435383748045211e+01 8.733691025160298382e-01 3.455546528269730633e-01
3.562277679893852422e+01 6.733820935977370414e-01 6.607363115561086797e-01
3.402536895852579590e+01 5.268741756147884425e-01 5.257996965410883794e-01
3.820860076840933317e+01 7.666169005144159998e-01 5.781386588624122247e-01
3.587819008863637293e+01 9.109191720456699670e-01 7.521466432470166330e-01
3.137258394394734040e+01 7.523648512327774096e-01 5.284268425422712356e-01
4.412426537236810020e+01 9.474933655936408350e-01 3.876725002985736412e-01
3.528865052998002483e+01 9.335735361202671667e-01 5.920119082750635586e-01
3.443454668278204167e+01 9.896870448113410657e-01 6.129356477654380742e-01
3.497974773826645389e+01 6.454474226458815078e-01 8.026674216869649214e-01
7.547107568300297942e+01 1.249914235190762724e-01 2.927109095374535452e-01
3.337853897734899533e+01 9.173938869183182465e-01 5.217921910919535167e-01
3.290419245943705562e+01 8.311517778593543460e-01 6.634049981218373970e-01
3.218055437899720062e+01 9.415876816754773504e-01 6.865256033624772547e-01
4.821533355643781960e+01 5.269508894767326312e-01 3.027861317707791211e-01
3.183210644659378374e+01 6.262682081240575904e-01 6.373280750983262299e-01
3.168040323220780863e+01 8.291774908847971970e-01 8.515299042730980483e-01
3.707299563615419657e+01 6.012195653174687848e-01 6.041249915978124108e-01
3.850562994916990078e+01 9.604576802159957571e-01 5.349342415851512378e-01
3.457911004438220459e+01 8.955567865098793545e-01 4.868084987735718516e-01
4.359774092964617864e+01 8.882530944653526106e-01 2.351480006837108616e-01
3.075095683728103424e+01 9.748317100469542362e-01 5.783548975490891975e-01
2.983087430604115298e+01 9.053342942822973916e-01 7.044736919328857816e-01
4.186571818740330286e+01 4.507182665701975344e-01 4.191490335271149670e-01
3.526209660209250529e+01 7.337195999018443215e-01 7.452744165284713729e-01
3.498482083489671624e+01 6.317582220703028550e-01 4.663051518273268470e-01
2.902528647214302993e+01 7.476117982749190816e-01 6.905832959122902848e-01
3.888455296020075735e+01 9.095515754644163398e-01 4.160481454848750649e-01
3.789742131847427231e+01 6.049774045158206048e-01 5.037268849656620917e-01
3.306099016861366380e+01 8.008521746683996412e-01 6.380349776368320347e-01
3.369530620025987844e+01 9.288252026987391385e-01 5.161394521888289511e-01
4.093210187378080178e+01 6.364468342661795397e-01 8.377094237667581655e-01
3.662609193504468408e+01 9.990048184501809647e-01 6.741628059388574679e-01
3.329320460362884404e+01 8.748824368515045746e-01 6.517200162841672029e-01
4.923738317284378496e+01 5.549965232262924486e-01 4.036199375176782733e-01
4.304675684463400387e+01 8.038461387768278676e-01 4.572550495018132266e-01
4.075424953128345607e+01 8.415396288499641386e-01 4.079825015314200720e-01
3.883665918108090409e+01 9.859107436583458561e-01 4.305955126567186930e-01
3.797650692086689617e+01 7.582060027950539016e-01 4.243272104417544210e-01
3.944719386122539362e+01 6.554633211312574925e-01 7.655683631259018185e-01
3.444914746997724819e+01 6.109940394253912110e-01 8.102189626287206181e-01
3.934804671574178769e+01 6.218013336236816180e-01 5.442354019029974621e-01
3.484375283227239350e+01 8.571521321636346169e-01 4.944578967514543510e-01
4.198030719663819355e+01 7.604174378884535068e-01 4.362585254989051475e-01
3.130241774536025545e+01 7.121224949278852634e-01 6.584098476828825763e-01
3.849397829004107052e+01 5.188434995064679089e-01 6.075611720267112270e-01
2.814982029061287960e+01 9.314448800740601220e-01 4.367184614893264150e-01
3.735681676938188644e+01 5.972101770170595847e-01 3.739847007773366427e-01
3.768100494140544043e+01 7.202184334175123492e-01 7.592165730678800406e-01
3.361186259003979160e+01 9.355859584310106669e-01 5.320517743244197462e-01
3.780915104068385091e+01 7.750127695670715466e-01 4.137394350157344025e-01
3.826714414735898373e+01 7.931964800129267523e-01 3.351973927420562882e-01
3.469984707260454826e+01 7.935499543705976100e-01 7.948820971181942419e-01
3.319460535802124923e+01 9.589804798155435739e-01 4.418030153368855406e-01
4.328761893749013012e+01 8.220471122664818608e-01 2.954257746987591915e-01
4.302410313255825969e+01 9.914103285447337655e-01 3.311652746422253935e-01
3.121211615384924087e+01 9.875134877804193634e-01 6.190726693670332015e-01
3.411814731671874767e+01 5.650808469705906889e-01 4.317583841402616307e-01
3.236443123592255944e+01 8.596002580440972318e-01 4.747690874185119259e-01
3.496605764909843117e+01 6.680740569946224117e-01 7.113123447864611038e-01
3.993971780885377854e+01 6.113780531037941168e-01 6.659521561549257562e-01
3.187124218103514295e+01 7.365349362671999023e-01 7.138956083056550161e-01
3.491478600057396875e+01 6.931219878768174469e-01 9.846228586857797005e-01
3.564341041252856002e+01 5.885815261460728420e-01 5.677381861296608712e-01
3.794192147905714307e+01 5.040928943485649683e-01 7.839129023469183499e-01
4.412710929925466985e+01 6.181174701726644960e-01 4.663177759726394034e-01
3.792435348705160436e+01 9.635773830880765001e-01 5.287125178063106778e-01
3.632283827053579728e+01 8.812077830644836629e-01 4.730453422194711433e-01
2.783018059809748834e+01 8.479312989146724489e-01 7.043165024352311399e-01
3.011135126126943007e+01 8.134833841539838017e-01 5.043197074861743845e-01
3.515576861461794778e+01 9.183572386716724045e-01 4.394140590878323205e-01
3.110487093461258112e+01 8.203037100752224031e-01 5.202521832307930305e-01
3.033108395047990058e+01 9.417201677873198173e-01 6.305960482457162453e-01
3.462448710000992236e+01 6.300638580209917405e-01 5.413262018521803887e-01
3.570556753912126879e+01 8.351214127391556330e-01 5.314780918203040327e-01
3.824143772937455310e+01 6.125186242055321584e-01 5.354239937684472928e-01
3.208446256080920733e+01 5.994141935544732291e-01 6.107516323984090167e-01
3.631169074156860432e+01 8.369511386055690227e-01 3.839253271463936579e-01
3.922364240733275409e+01 5.660334372502555667e-01 5.199151669730941450e-01
3.360001886479511057e+01 8.297197759966677966e-01 8.491876272046633423e-01
3.530318519849458880e+01 7.440308856883469657e-01 5.619821161271305598e-01
3.793776130147028880e+01 7.055960877621558769e-01 6.721481447168772272e-01
3.971854602381959154e+01 6.157017400168682819e-01 4.638645045605478412e-01
4.059266876798849921e+01 5.646926329825339153e-01 1.683306050677932098e-01
4.376973652930816172e+01 6.217991479388255138e-01 4.304229714091408754e-01
3.683509366636216953e+01 6.050386052919464186e-01 5.219319314236203766e-01
3.580825754673765715e+01 9.683328686139064390e-01 3.822699273505549833e-01
4.235241480361445099e+01 5.465825970490520991e-01 5.693803045535702489e-01
3.305504260692519836e+01 7.728122715715886049e-01 8.650482763040525658e-01
3.893570307327205882e+01 6.184422430413475391e-01 7.131270230626516327e-01
3.223735783505064489e+01 8.223903477658872641e-01 4.702716352012192291e-01
3.200134526618294473e+01 9.161728888876071730e-01 5.894226244502773771e-01
3.025423216659521231e+01 8.292875825789282063e-01 6.560351316216930240e-01
3.387043406296001535e+01 9.803154562208497014e-01 3.762287183401554769e-01
3.377687214937490268e+01 8.688125369562895717e-01 4.806220697799331032e-01
3.210812680509320671e+01 9.387246439672818354e-01 7.971649484270983965e-01
3.985307871835916416e+01 5.776548603921963787e-01 4.383414277497617584e-01
3.329695526880600909e+01 8.919607978034754803e-01 5.616420720405977951e-01
3.173225735135218528e+01 7.839124812787302554e-01 5.086875886655156664e-01
3.917754883524545306e+01 6.033997355720472910e-01 6.053099095909965088e-01
3.184200056280491253e+01 7.838741148181813667e-01 6.316489178981238295e-01
3.774886874752994714e+01 9.466813830207468916e-01 4.749262014756183703e-01
4.134605110708972120e+01 7.981510809449537946e-01 4.001627033133980382e-01
2.905187568658173802e+01 9.300397798509006941e-01 7.502246690191397560e-01
3.246457018864539634e+01 8.445601104514339763e-01 6.553929925243165977e-01
4.076129209552077981e+01 5.210551025481395815e-01 6.533767447343608037e-01
3.479506345766122877e+01 7.618336521134215777e-01 6.324543638345422325e-01
3.512243453345634947e+01 7.567394581555028088e-01 5.525700214035307312e-01
4.181603092781481479e+01 8.679731427456206516e-01 3.460899927965951361e-01
3.235369212151383778e+01 7.766218479732004409e-01 7.218374909856515309e-01
3.049038686613672056e+01 6.840760843125145430e-01 8.044360503674583551e-01
3.706665063892891965e+01 7.519061811938597684e-01 6.730902005862794413e-01
2.730634042865426636e+01 9.296101414132689200e-01 4.282324678042073729e-01
3.872350139814136583e+01 3.783058383713126527e-01 5.738523445450633975e-01
3.434568166052446259e+01 7.603925716491184428e-01 7.451681346064955580e-01
3.537968556790377050e+01 7.575962985103449343e-01 7.251629105022677768e-01
3.222953184386292946e+01 8.071263556504131298e-01 6.466489269947856000e-01
5.811930684913298251e+01 2.191427057047364291e-01 4.295825554488855724e-01
3.819109892443383814e+01 6.487483635499076140e-01 3.097360005727924914e-01
2.985332269583953035e+01 9.957523213269221518e-01 7.540678911320166655e-01
3.043472386959684428e+01 9.769564681139927265e-01 4.345477750413046514e-01
4.227263159748896726e+01 6.524101242267508205e-01 4.085285513143725455e-01
3.690914346903996091e+01 4.953539054440566081e-01 5.887576604222355403e-01
4.388523938220841814e+01 6.224281735581478348e-01 4.637645505855079731e-01
3.541773919073383325e+01 6.592294502051405658e-01 7.163694754773912710e-01
3.736515671883842771e+01 5.526999518872305339e-01 6.502588727288861614e-01
3.308670575986852214e+01 9.317836558530359081e-01 7.431667619723877349e-01
2.962944463937697748e+01 9.005063595922148112e-01 6.889296165967557783e-01
3.458858719272076598e+01 8.235059609985738716e-01 5.445464280399818779e-01
3.167077437956052677e+01 9.573701698773867674e-01 6.510732963986229915e-01
4.524697781319686385e+01 8.921120691064361452e-01 2.447087915118369705e-01
3.379142405515619885e+01 9.203674931124672387e-01 5.973401627502065159e-01
3.348073861371189253e+01 9.008191681703419107e-01 6.392778511416032927e-01
3.555464988297366347e+01 7.182873992122384976e-01 5.240727012380321792e-01
4.032293287226781331e+01 7.076593345093395993e-01 4.571141597530717360e-01
2.941617661860344413e+01 6.939279117516778950e-01 1.042823958092795378e+00
4.954693816389825400e+01 3.155686127513968042e-01 4.597284590070601085e-01
3.364603641134059586e+01 6.677570718822136708e-01 7.494972873894369947e-01
3.578642436432051710e+01 7.793009858486913410e-01 6.415153040706209620e-01
3.541416200070469955e+01 8.842563585506570956e-01 7.385308654206083068e-01
2.851397277020384990e+01 8.721179019350585593e-01 5.481117271761402066e-01
3.582953087247312141e+01 6.937116152311371131e-01 9.842820556121301134e-01
3.489107904600339083e+01 7.600248596064487216e-01 4.795851993431164417e-01
3.336539942770482270e+01 8.178750782270209907e-01 7.108022197656886920e-01
3.902475580496568597e+01 8.970672134173206524e-01 2.956653329782811812e-01
3.763398365541235790e+01 7.863628291308918383e-01 4.158344350737976369e-01
3.888791255383085144e+01 4.082208866526421120e-01 6.190883760474771291e-01
3.778887850112853641e+01 8.276961835485162622e-01 3.625871896749203738e-01
3.797670981030789505e+01 6.865786702432864486e-01 4.817689078653606960e-01
3.525530701382569987e+01 8.928767371422852150e-01 5.383288373419543582e-01
2.677197314321786692e+01 8.732471268839435696e-01 7.706337415001615065e-01
4.802559346439750243e+01 5.033644563759834822e-01 2.731054026769513809e-01
3.753723682197507827e+01 6.901341563760625686e-01 5.552187910074156685e-01
2.969579796989117426e+01 8.971931230390928214e-01 6.162780966032327390e-01
3.223057080277312991e+01 8.455863625306122566e-01 6.583693777194002950e-01
4.298691605366822444e+01 4.740991947200522416e-01 5.701064006052941613e-01
2.966430997327146812e+01 9.505369543471090532e-01 5.548913175531028363e-01
3.133565548664850553e+01 8.840695089246037863e-01 6.365051836465029922e-01
3.460085170078207284e+01 7.961365348599326319e-01 5.925916031736502276e-01
4.534102402252609920e+01 7.163263127180189427e-01 3.631223407131822234e-01
4.461172052305830249e+01 5.456091485197728241e-01 7.539949886656127642e-01
3.898455987322547855e+01 5.784145267804239321e-01 4.239431704404808543e-01
3.039805791999208395e+01 9.833549005283086508e-01 7.206519467509074905e-01
3.157702697069513320e+01 8.531387545900600555e-01 7.791260805379467413e-01
3.016497582456905135e+01 9.432603902313085875e-01 6.512849302345370406e-01
3.115605269570853864e+01 8.419961567054530249e-01 5.238777666639283792e-01
3.629101114336116041e+01 7.585736380301320025e-01 6.733583630421706712e-01
3.098344082222700635e+01 9.580266751191167662e-01 7.683013101855348248e-01
3.916853143158981254e+01 5.904639188303523190e-01 8.107355166959158144e-01
3.559945799696059510e+01 8.253026796730948966e-01 4.769959982112422781e-01
4.127798291685166987e+01 7.124829739286322461e-01 4.808049396000393938e-01
4.173062911140814890e+01 6.362718066546149132e-01 6.265658688918229746e-01
3.665932916508413086e+01 7.205984940182406095e-01 6.680287499161516873e-01
3.496414827438873374e+01 9.498545693720443772e-01 4.485360147353806837e-01
4.593069501305294011e+01 4.532680733310647803e-01 6.087564966957499379e-01
3.899749601471928884e+01 9.590271745526786074e-01 6.669841821501351076e-01
3.090792264572194270e+01 7.068675139850068012e-01 6.625370649784654287e-01
3.870369723188522926e+01 7.354117151024268662e-01 6.117788857806603087e-01
3.405855800402417799e+01 8.391132235090945635e-01 7.453276792568993558e-01
3.559371588528704677e+01 9.567917188437572440e-01 4.618516978585017752e-01
3.172574233955839063e+01 9.442729138205268047e-01 5.507347778795840254e-01
3.497013681469940138e+01 7.729334074198176419e-01 4.429439114687589440e-01
4.077426941347103195e+01 5.576573056605709233e-01 7.363422819934005714e-01
4.476403761619084776e+01 6.776871663804817647e-01 3.617817839102076549e-01
2.955958730943208579e+01 9.570738852543105857e-01 6.567956949917549414e-01
3.678294600664600722e+01 6.370569378520726245e-01 6.427408231271724004e-01
4.435763456535563876e+01 5.559536671211385839e-01 2.788800970984590677e-01
2.943165230175982927e+01 8.905338895372549857e-01 7.843290095153744312e-01
3.557847402249993252e+01 8.650711676224853708e-01 3.532334458625835394e-01
3.620003324675125356e+01 6.785780793050791848e-01 8.259387926372140365e-01
3.583826488935258681e+01 7.153196620657404914e-01 7.025512587839528589e-01
3.426649923336430703e+01 7.898682262190122039e-01 7.590986341933899650e-01
3.272070601036035242e+01 7.250735879252394600e-01 5.158654884859482648e-01
4.082842326615469375e+01 6.452915672347416809e-01 2.411377649747913077e-01
3.377525303675568580e+01 8.952765263414214081e-01 5.440583951583449762e-01
4.622244881194554722e+01 5.450225601051218449e-01 4.025301269465846321e-01
3.543601876882367208e+01 9.236189010600124316e-01 3.661481363304696091e-01
4.354951752888470651e+01 5.329629712810960429e-01 5.796304736182856798e-01
4.985302519138265609e+01 5.491259877150423963e-01 7.526777695950822578e-01
3.819508707725270824e+01 9.541975174828132289e-01 4.833564559077118128e-01
3.738938265406850547e+01 6.645704990387667488e-01 4.066112694769831171e-01
3.568258997939472010e+01 7.205434077436829732e-01 5.182270690351650222e-01
4.147814813310573356e+01 4.989658477043417140e-01 5.369956198482407350e-01
3.722710086339504443e+01 8.610584903493290199e-01 6.883608323580842070e-01
3.998302537314611271e+01 6.198108729218928525e-01 4.919346508497140502e-01
5.778482330255437205e+01 4.013717575105669177e-01 5.617137830031365686e-01
5.765816262383664537e+01 4.940023492839785146e-01 5.567190648370230477e-01
4.100624012659110917e+01 8.142257872994524970e-01 4.429826001440569927e-01
3.419744163101493228e+01 7.916288781472941016e-01 6.352675619243484118e-01
2.797153578590598499e+01 9.818787785098274101e-01 7.136674355990295648e-01
3.173938163692910663e+01 7.752561748892433657e-01 6.977412671866272120e-01
3.280530387443669582e+01 7.500947299805338364e-01 6.404700961156418737e-01
3.959629356987471027e+01 5.875336247699803893e-01 3.408653995937122594e-01
4.491195799312317405e+01 3.865294490256289128e-01 9.609588834556085368e-01
3.208831656678714239e+01 8.268581571845603495e-01 7.655825565695159041e-01
3.196638876079001079e+01 9.591751266912875717e-01 1.040445590776454932e+00
3.037017831401185219e+01 9.846996370051132041e-01 7.267798515297031470e-01
3.936684656402979954e+01 6.268649690415675213e-01 5.751444276631046959e-01
6.234657884572091291e+01 1.667599045056309404e-01 3.702765184823531563e-01
3.272070765287436700e+01 8.446935842022158525e-01 5.578834217395683970e-01
3.507051511570065117e+01 8.146542260140433589e-01 6.059221774813906558e-01
3.840556539757981369e+01 9.441562707898292217e-01 3.021793191241892718e-01
3.274181230590031788e+01 9.396166112400178294e-01 5.049849879910317529e-01
3.846005963669991701e+01 9.119180940580088324e-01 5.382484988022849803e-01
4.158606616832885550e+01 6.946652445336721771e-01 4.974855219036576903e-01
4.425865404097055489e+01 8.388116602039034087e-01 4.074531263950295634e-01
4.130785250043751233e+01 6.355127499352082321e-01 6.705221845959947746e-01
3.862265836321976309e+01 6.311303191193943229e-01 5.733933803445748767e-01
2.804228339590400765e+01 9.919576991245604436e-01 8.404786896754130598e-01
3.984527352450579940e+01 7.509252606801414265e-01 5.591677382209803149e-01
3.995138942018397898e+01 5.788681011829605039e-01 5.846962751191459029e-01
3.080073298784416380e+01 9.349494908762994161e-01 7.455316086541970977e-01
3.221918705709052944e+01 6.162501372877882133e-01 6.656112987863219699e-01
4.488338757747227703e+01 3.970964267739225395e-01 6.520669228010163021e-01
4.134547359381230081e+01 7.832771804672064020e-01 4.994614793644108763e-01
2.838189367115094086e+01 8.985791593304816027e-01 7.437519347169426753e-01
6.299536276946840729e+01 1.667599045056309404e-01 3.561641562830372143e-01
3.191505467778729255e+01 8.425516338819087903e-01 9.250795156168485356e-01
3.205560511936811707e+01 9.713240130337967848e-01 6.228096398832050351e-01
2.998883073778668873e+01 9.706284283320844031e-01 3.545823561841914273e-01
3.010121747554813965e+01 9.878903063378927651e-01 6.596065272303508475e-01
3.271956310247133359e+01 7.824425989899199685e-01 6.578285850003585677e-01
3.311063691567451173e+01 9.352336345119052208e-01 4.950507634773347876e-01
3.536806082721331279e+01 8.372450036379806004e-01 6.388649149630802881e-01
3.684241234304648316e+01 6.609121287811000611e-01 6.641380436526057585e-01
3.924303005694556390e+01 6.041127595118647164e-01 6.903570367461852042e-01
3.265295914763992613e+01 9.515790279904777771e-01 6.114061749225273568e-01
3.674742514678715111e+01 9.840672613344741970e-01 4.632277441267509954e-01
3.313278570004478496e+01 8.241918115074035045e-01 6.407437482664347650e-01
4.393107312431946099e+01 6.764750984018053082e-01 8.947132423660639766e-01
2.625750751652945070e+01 8.691811075322837254e-01 8.595554040787218852e-01
3.351758772170128253e+01 9.273113790401895651e-01 6.252868032244814911e-01
4.091755378000392085e+01 5.035996013448249542e-01 6.998289138680111598e-01
3.843020963837378190e+01 7.694399963190701186e-01 5.959405264018576842e-01
3.261021698702106164e+01 9.746602968149146173e-01 7.816226743637915142e-01
3.289494172924678850e+01 9.713313708805210167e-01 5.212508479839713660e-01
4.029544301479919000e+01 7.927248329848028963e-01 4.292748184663932043e-01
3.383534761280854042e+01 9.295029324556494110e-01 5.228784580446912411e-01
3.849118833062501466e+01 9.565214173586600310e-01 4.112012477614764294e-01
4.857233739711505649e+01 6.324337735162510743e-01 4.630537834529005470e-01
3.598682728063802472e+01 6.731566943799474068e-01 6.060921555898625135e-01
3.678919124586020928e+01 7.160767804932647307e-01 4.357698609627301822e-01
4.003015742207851702e+01 6.322224058146800330e-01 6.468834310314067748e-01
3.305085251491660614e+01 8.070520978914837995e-01 5.977254134720839662e-01
3.742202137879117174e+01 7.587213208892115146e-01 5.291335927789062588e-01
3.582396205320818439e+01 6.747388469372767039e-01 5.694421771799789145e-01
3.396466891389061971e+01 8.807843363392802161e-01 6.338382435197233988e-01
4.441021604855355065e+01 3.129702313281104153e-01 3.029181604687241069e-01
3.626081285730483472e+01 6.933645078058350286e-01 5.229613361763078005e-01
3.235594043467142455e+01 7.752113787628355235e-01 5.643901033320103400e-01
4.855929471149052290e+01 3.680225778607997267e-01 7.804289686180705399e-01
3.650122301369489008e+01 5.860438959102304279e-01 5.990718989909159520e-01
4.479418050298025378e+01 6.219473560036048454e-01 3.100426068983613281e-01
3.864369937652337228e+01 6.835861013443902401e-01 9.527790873418469086e-01
4.385996384037627394e+01 5.316806309521113771e-01 7.599658604583510169e-01
3.516816596571585052e+01 8.915479807870766438e-01 3.460862885528183663e-01
4.164266983604237282e+01 5.922789941815487236e-01 6.160863187919906059e-01
3.252167101090844881e+01 8.123065060483597444e-01 5.732696817097151509e-01
3.263178467997128962e+01 9.095332893493928150e-01 4.674080645484979257e-01
4.059294645969008286e+01 9.475767776854792102e-01 5.158957741859321322e-01
4.132384129805080164e+01 6.733131448958230569e-01 6.986154189714919305e-01
3.118280522723312131e+01 8.712564099810842233e-01 6.844256190949693508e-01
3.577564921816319554e+01 7.256895799008598047e-01 3.733489419125788911e-01
4.811944502443054006e+01 5.577396886490559869e-01 5.406745851362266819e-01
4.021595905381523295e+01 8.656426470616206403e-01 5.688110263782114595e-01
4.202627705559186921e+01 7.165913081800409090e-01 5.545446938728346709e-01
3.896330481377010813e+01 7.663772485881581442e-01 6.056255571496174106e-01
3.168991844868682506e+01 8.195603012569957491e-01 5.601358545638268627e-01
4.889031648830867027e+01 6.932004727104510433e-01 3.058217983773288684e-01
3.437733198151268255e+01 8.094552340245364519e-01 6.327013984152199955e-01
5.061465526903863577e+01 4.861607944737553755e-01 6.094214524825557477e-01
4.993239237965192956e+01 4.279207569393250754e-01 5.327018665179662493e-01
3.451655105789762246e+01 8.077380587934950285e-01 6.111918281382121565e-01
2.962180785169903530e+01 9.216316350800636270e-01 3.942643948934769216e-01
3.055957808206695248e+01 9.586296427817899701e-01 3.110073343424317183e-01
4.376052055854017908e+01 8.334963751568819079e-01 3.785025687549172235e-01
3.201152024793786666e+01 8.842788936191952054e-01 6.374665306117937025e-01
3.320102964322358474e+01 9.739155919447427534e-01 5.878159673508708272e-01
4.126830556787978566e+01 7.716333941058725054e-01 5.779500297847000034e-01
3.538164411237065110e+01 7.178212361948645981e-01 5.962817561734775618e-01
3.959824861336314683e+01 5.906818662627377758e-01 4.178879108570614509e-01
3.330987768467661425e+01 8.105839492758365461e-01 5.613538870461007857e-01
3.580863975882284223e+01 8.836540147084650521e-01 5.840016091654144370e-01
3.381723451779745204e+01 9.369575368144782423e-01 5.152207071525302107e-01
3.828588128815488290e+01 7.636161650888706465e-01 7.036126583869309892e-01
3.731807404427652131e+01 9.863092685826454487e-01 4.077617708156431320e-01
3.535452681148208143e+01 7.391530768953982200e-01 7.435272809246215031e-01
4.923615200531384062e+01 4.182694791160238568e-01 5.070679161115532185e-01
3.784085036216118425e+01 7.274492642251411123e-01 5.096608414784403740e-01
3.821549122171587243e+01 7.959951250158313618e-01 5.016217289231381660e-01
4.948801260655879730e+01 4.962501305184319755e-01 7.394070092156334040e-01
3.151923383588050953e+01 9.917051115356083635e-01 7.843435628177247709e-01
3.532400986629777151e+01 6.050342498632849120e-01 5.082334990182081347e-01
2.951067734265698306e+01 8.625481663144037858e-01 5.887627198657409133e-01
3.113970356981791454e+01 8.657161544005924636e-01 6.198565566594105292e-01
3.948140124866490197e+01 6.280994519446601032e-01 7.241340440595910311e-01
3.303221291977908436e+01 9.903949971084760051e-01 5.162264823623254895e-01
3.424475214039883042e+01 8.960313821423465663e-01 6.196172123719170255e-01
3.581902871283357825e+01 5.229933227266336804e-01 5.755177074296397022e-01
5.736108515072636749e+01 4.871627163798217253e-01 5.221898395151666206e-01
4.115882275904842658e+01 8.998010822492115146e-01 4.281037225992553319e-01
3.760884720076179377e+01 6.801910294738576779e-01 6.648353156310449208e-01
4.168146333527793246e+01 4.263730125588057751e-01 6.404893813343388587e-01
4.007437025502634498e+01 5.662815448402321872e-01 5.157770069357778819e-01
4.985340394784510920e+01 6.470589267044467574e-01 4.295246534129683047e-01
3.085405349955062348e+01 9.804588412402676090e-01 5.091156823422946509e-01
3.579748704403195347e+01 9.398967297554480238e-01 3.869505683158669385e-01
3.904573607846739947e+01 7.649435696446658106e-01 4.352594067474850337e-01
4.463862965320165443e+01 5.367775846824136554e-01 6.532773199659984709e-01
3.723333015372335097e+01 6.583879033968487171e-01 7.219411139239345632e-01
3.773437716554849430e+01 6.749116199646286729e-01 6.520110488775807678e-01
3.564200404346136253e+01 7.066634144844177179e-01 7.093089077065107828e-01
3.115821552261698457e+01 7.635089899964362381e-01 5.314610673182798006e-01
3.461600428445652966e+01 7.943380256109117132e-01 5.876849490880765581e-01
3.203655794067415030e+01 7.779148865709842875e-01 6.072621189627235294e-01
4.737617269309822632e+01 6.230638811593901538e-01 5.866510890811301726e-01
3.344009531127694856e+01 7.785017955102550014e-01 4.992496741805947935e-01
3.681812993561708680e+01 8.122800079363650116e-01 4.774705042087649676e-01
3.787019605844349002e+01 5.393631929171672779e-01 5.649596032864022677e-01
3.628202858291413690e+01 8.746784740291722038e-01 4.206388400309252207e-01
2.748637448818579543e+01 9.096310647427520157e-01 5.518614511467858641e-01
3.650927796896916533e+01 7.913353212621613286e-01 4.464560774081798300e-01
3.301472198988007278e+01 8.349800869988861507e-01 6.111792495573646899e-01
2.635015608927070829e+01 9.541565841863436370e-01 6.868201785756549160e-01
3.107237213344460969e+01 8.885961412144620652e-01 6.843358715979089846e-01
3.460429160633056966e+01 7.895862227451774240e-01 5.901176543643980033e-01
3.304976862525578696e+01 9.610148237387371450e-01 4.764906996265647621e-01
3.758251657723187833e+01 6.515069756101181664e-01 4.804319685634531600e-01
3.808828165339942728e+01 5.792798737393967112e-01 6.140403906752036622e-01
3.468153039562952955e+01 7.551523788038466689e-01 6.997660808944226041e-01
3.954392355913041257e+01 6.056579641147157300e-01 6.060125623355459012e-01
4.920750939508404542e+01 4.650574824944673225e-01 5.687447698320589051e-01
4.103397165027843130e+01 8.864891282888428536e-01 4.321349758889657111e-01
3.878082725581155188e+01 8.831872614677802602e-01 2.706507180714033400e-01
3.277359258436685963e+01 7.511979644774509079e-01 6.245262664733451929e-01
3.272692391382430088e+01 7.375598280639333870e-01 5.836533288760177296e-01
2.983128622832392907e+01 8.857751128159095932e-01 6.228023702858597188e-01
3.732140771123985701e+01 6.841883529881883641e-01 5.439549988530086866e-01
3.914870402794089443e+01 8.341374637723969476e-01 3.740921273308723261e-01
4.125460058738239866e+01 5.272438037689273216e-01 4.405694917375233555e-01
3.183619836364001188e+01 9.358232046862899889e-01 5.217322887185602553e-01
5.482435649249561749e+01 4.771840540213925785e-01 2.050641033797315216e-01
3.413214121001588808e+01 6.752663005550619824e-01 7.853252635119880587e-01
3.674570468846702198e+01 6.431384953280848693e-01 3.366618334418740033e-01
4.564603187452562594e+01 3.262040539112646131e-01 3.729614476077893759e-01
3.286054888451904787e+01 8.036772684791541055e-01 6.531203173417434726e-01
3.420915467186016201e+01 9.477647140101423950e-01 3.726099475537471561e-01
3.292444484527362647e+01 9.411480703747040488e-01 3.836778179280304624e-01
3.021729060738391226e+01 9.695955950900455589e-01 4.565163558788827292e-01
4.728305148720673401e+01 5.577815815743862871e-01 4.111111677733558789e-01
3.190290598634975794e+01 8.494016069716372463e-01 7.598198742152821872e-01
5.368351351132637461e+01 5.646833549818727205e-01 5.244475379342212751e-01
4.026863110533477652e+01 7.970932953887464034e-01 6.399727824681655797e-01
3.931860443284418238e+01 8.496382635578755282e-01 4.519433693916182215e-01
4.128249857622787999e+01 9.014235549289687510e-01 4.476405271267537844e-01
3.667866321977327004e+01 9.045114676563423828e-01 4.344763244161993776e-01
3.472329263205434557e+01 5.965341305576513653e-01 6.447505023552575487e-01
4.102859349371435371e+01 8.942340279168902173e-01 4.914351380184316942e-01
3.937792178768852835e+01 7.477710363716373321e-01 5.258062709339050844e-01
3.738317559621297193e+01 7.548798387385474706e-01 4.085177131215707025e-01
4.199101782805903582e+01 5.276145916772754241e-01 5.892397577323660318e-01
4.255872643378708631e+01 6.707590104176437418e-01 3.864099315048405425e-01
3.330941279158272295e+01 9.213894835100463476e-01 5.693656122695079924e-01
3.308840003947864261e+01 9.315941584332063652e-01 6.363469957870206972e-01
2.922301099463174268e+01 8.010369353193594888e-01 6.677836178124522126e-01
3.860126018873872766e+01 4.906335443467070845e-01 7.355355154841376475e-01
3.085897073734399854e+01 7.346623923956147051e-01 6.184127275366965160e-01
3.209586392304868951e+01 8.483106952971247727e-01 5.608378425366120634e-01
3.400278016191077057e+01 8.148980012120803362e-01 4.233477606697059747e-01
3.868516548609569128e+01 9.432066069159875665e-01 5.371233456755570845e-01
3.633472833858229478e+01 7.371045082657610159e-01 6.893115431613805466e-01
3.472664678985730546e+01 8.185010355067358079e-01 5.844831012037398077e-01
4.056608342537349188e+01 5.102076677382842984e-01 4.793275547637488865e-01
3.650135341001949030e+01 8.655658867884810093e-01 4.138658482135563754e-01
2.559057822629499412e+01 9.744057707757164399e-01 7.752523056833372506e-01
3.498145298058767594e+01 9.656807211070955743e-01 6.213610975928984814e-01
3.634465203379131282e+01 7.501670316385687931e-01 5.400183759624593849e-01
3.369247245995177309e+01 6.781541169768793287e-01 7.510548704944894904e-01
3.559346612047595215e+01 5.857022406795331371e-01 7.348468899036882940e-01
4.046966996766266789e+01 5.565764490290937561e-01 7.234352801920868048e-01
3.202141037164260950e+01 9.380271966744871959e-01 6.627811636664241446e-01
3.638815769842922521e+01 7.386942812368603173e-01 7.598604065290270881e-01
3.919786244581913337e+01 7.401557107188582174e-01 1.057603628552010067e+00
4.874155371253366553e+01 7.264585475899555389e-01 2.212292072399309750e-01
3.259119285490125861e+01 5.726261985229468277e-01 6.776486593609726272e-01
3.717574500122661618e+01 6.015362658283006647e-01 8.046594896157800436e-01
2.737062458199375570e+01 9.169977781222643509e-01 6.083090785206123341e-01
4.230081760322247675e+01 7.202047163092680782e-01 5.072218839368964893e-01
3.696526832113919880e+01 6.380763393172905751e-01 8.021935461483740148e-01
4.422493222570160043e+01 9.591751266912875717e-01 4.748621132333514794e-01
3.049673388553250675e+01 9.480238107714008544e-01 5.262891159004267072e-01
3.913786320215100289e+01 8.071024649864559919e-01 6.188538876725863114e-01
4.090984685257588183e+01 6.382965433666366595e-01 6.628175667618461109e-01
3.946958496995184618e+01 5.860659625716189147e-01 5.623414851447126050e-01
3.116566951233903993e+01 9.105189306206111777e-01 5.968495071250243811e-01
3.918793590367550195e+01 5.897149368521320545e-01 7.214016110930960846e-01
3.000946717241075135e+01 8.882435358627192024e-01 7.173980365563344952e-01
3.960523345777121307e+01 3.565055795079308254e-01 3.796074465325181002e-01
3.273978660753438419e+01 9.209565473934463453e-01 6.452974677484215604e-01
3.560182537731741093e+01 6.745710648456162417e-01 4.751152628668144362e-01
4.039224037950859270e+01 5.151926094866643435e-01 4.101864483084407542e-01
2.819967161119991772e+01 9.818787785098274101e-01 6.998038367568200080e-01
3.633021646910431457e+01 7.314249171948252748e-01 4.137744553126881386e-01
3.537270437693618419e+01 7.824683549071641542e-01 3.547523109724615153e-01
3.761127113339015438e+01 9.611957958124671686e-01 4.635929693726943968e-01
3.608309451223669839e+01 8.069363069003055999e-01 6.004200521220857123e-01
3.188467194387296288e+01 8.962011752981861035e-01 7.042644219659939253e-01
3.980969013148184388e+01 4.722799335513466201e-01 4.437377887186432779e-01
3.875958241733651022e+01 9.530784984081848155e-01 7.723158175531382730e-01
3.013414647341249974e+01 9.771184218920495601e-01 5.584434767858817983e-01
3.337472537750932133e+01 9.863817799165077727e-01 6.685890706243143855e-01
3.260071525678772275e+01 9.723609257111763826e-01 4.725161893497095700e-01
3.470499261541667835e+01 9.610558806390999687e-01 4.617159139652202704e-01
3.103161457979946647e+01 7.510412967732539302e-01 6.491134184591534906e-01
3.703057857834191680e+01 6.805203304545679455e-01 5.181560526002786382e-01
3.683730263129139360e+01 7.233512830211038525e-01 5.165445352816142588e-01
3.953239665021771287e+01 6.861003482672486387e-01 4.482301821102644412e-01
3.241402027729306923e+01 8.954168770525462451e-01 1.042197278637850388e+00
3.243419867427134307e+01 8.242042828142014388e-01 5.329417723349069158e-01
4.083580226242353461e+01 5.632100951152666513e-01 4.853988813589700246e-01
3.673517092760500447e+01 9.705147405833588481e-01 4.965479569522784908e-01
3.170762068336089712e+01 8.160243060851174457e-01 5.354070709426581587e-01
3.219858816745967545e+01 8.353129448710404636e-01 5.125606050397951696e-01
3.900758720523005962e+01 7.036906295655732668e-01 6.038059383383752587e-01
3.372176792631887565e+01 9.376839533717827857e-01 6.967463012324315308e-01
3.202928066765804971e+01 8.324883637746718357e-01 7.637111050402658474e-01
3.799618703514250484e+01 7.271454541352343481e-01 6.879082877627348269e-01
5.258600732985691906e+01 4.754363079293433825e-01 4.917618770318885613e-01
2.967483879927426926e+01 9.464217979639476530e-01 6.525287746870352956e-01
3.141116636706998122e+01 9.066279286831552264e-01 7.881250999607257723e-01
3.148379339906510310e+01 8.564793250152622495e-01 6.142464269095715412e-01
3.877049999990973816e+01 7.888411119634700652e-01 5.064347377551482454e-01
3.641231307144354190e+01 8.249695015107938456e-01 5.076938642234841703e-01
4.874077627331636364e+01 4.067309415630355196e-01 5.660070650492853295e-01
3.171806180335723013e+01 9.867450327917836050e-01 6.414512438616053469e-01
3.539614985076727294e+01 7.880963343428099011e-01 5.858517165471665011e-01
3.272670403922677451e+01 9.933644079250779635e-01 4.832769881689222280e-01
4.131376725504958358e+01 6.608094286215875357e-01 2.990649259525046677e-01
3.336669602009974511e+01 9.405052941708268444e-01 5.308946971923561575e-01
3.298141927258145500e+01 9.639499825444975967e-01 6.776756191932414852e-01
3.137917059041710033e+01 8.889904012935480049e-01 7.355011931587234209e-01
3.632058763335859197e+01 8.193195292854579259e-01 5.891647619431050753e-01
2.950732931015588179e+01 9.777645939496569794e-01 5.273153841303001022e-01
4.268639836288848954e+01 7.773225363835145618e-01 5.246417944827542756e-01
4.063884456015743041e+01 5.410351976775439331e-01 6.855599055874004311e-01
4.550920296585479718e+01 7.417573986460473945e-01 5.763492068587702244e-01
3.828844642129500642e+01 7.538140275681990410e-01 5.131029439674120729e-01
4.579893244807549024e+01 4.595301846366284249e-01 4.794728693036877099e-01
4.147126998110201157e+01 6.664023660554353468e-01 6.232878576102651724e-01
2.643776488739057129e+01 9.652871345579584483e-01 9.308499117619021268e-01
3.751554801840879350e+01 7.500245713293551830e-01 4.767192784393122773e-01
4.076413666021392856e+01 7.343801919817497526e-01 4.601282126034272890e-01
3.165183472610923587e+01 7.878880159431587149e-01 5.650271280842479316e-01
3.530003541455237581e+01 8.410812947961594510e-01 6.463804162655670815e-01
3.469346206576685887e+01 8.609736178361088177e-01 5.888496770805505820e-01
3.064211425052358706e+01 8.596940109578845579e-01 5.663569950686376808e-01
3.870192867243883938e+01 5.633897518328369047e-01 4.530553884268794240e-01
4.235942379475117292e+01 4.767435300490598937e-01 3.813218348652399059e-01
3.332387061986961641e+01 8.614605955406396953e-01 7.958663830700629660e-01
3.156884824479905305e+01 7.670250364777886354e-01 7.139115301399682201e-01
3.672258754893046984e+01 6.674895245816446776e-01 6.326757454145196524e-01
2.789863330696637789e+01 8.946948096590570110e-01 5.173488440894189466e-01
3.405025237530338700e+01 7.485404683264466064e-01 4.593161440424499142e-01
3.163934900868450839e+01 8.429974973171132646e-01 3.161368139581505754e-01
3.617909865296748961e+01 7.270240762581170468e-01 7.966429629298816817e-01
3.650303464305559942e+01 7.723870430708394963e-01 4.562353382340689212e-01
3.660039098172810412e+01 6.541363513073726876e-01 7.400309748547130306e-01
3.063186161223624993e+01 8.912291465482204966e-01 8.291292154969227557e-01
2.971929364112343563e+01 9.503764624927816262e-01 7.396365009315083450e-01
3.971720719445576009e+01 6.174447658390660454e-01 9.679403593843509679e-01
3.570131579026406854e+01 7.971401725656424020e-01 9.286911553769013894e-01
3.432798754748264258e+01 5.400210087177798046e-01 4.598155493584965003e-01
5.171092641127738432e+01 7.060962805928293617e-01 3.730563137719289935e-01
3.803117335605017502e+01 8.300569737050597086e-01 4.317487259787022857e-01
2.772837804112567639e+01 9.789441546399594296e-01 5.952554070921151075e-01
2.904861559615816446e+01 8.447171021114393552e-01 7.712622768434066467e-01
4.222935698055447062e+01 6.799906623150806517e-01 3.418392571332016794e-01
2.669624785619165408e+01 9.021333637787736226e-01 6.804895669859085672e-01
2.768107226135542476e+01 8.599237355371620595e-01 7.952120326413510965e-01
3.530524240288281135e+01 9.694256668931228171e-01 3.739262131801487921e-01
3.919057448067280802e+01 8.199046464263045619e-01 5.294351459318286102e-01
4.279898547700613420e+01 6.649554305668947674e-01 5.291635367189108097e-01
3.627046195780813775e+01 7.414239507110154115e-01 4.363745645314171528e-01
3.057486022574026663e+01 8.356666754561042909e-01 5.479886302196194103e-01
2.960700336530302579e+01 9.411184589241438081e-01 7.135884498009121835e-01
3.114073198084570393e+01 9.490782610419907783e-01 3.473959772624619080e-01
3.990827344491994921e+01 6.488592404209736486e-01 4.742229848956076577e-01
3.552945779125524695e+01 6.227686768265928707e-01 6.669646170220245862e-01
5.298707098615977173e+01 4.013717575105669177e-01 7.031202767099841155e-01
4.853920573710955466e+01 6.591456537996361886e-01 3.946586882085061365e-01
3.467112373255619673e+01 5.777807272813494377e-01 7.419205811114131244e-01
4.087375757363027162e+01 6.680878665445598719e-01 4.397483983211217806e-01
3.902829557685908668e+01 8.396983196470541033e-01 3.701464337506568114e-01
3.949253516817704224e+01 5.393631929171672779e-01 5.006716268687608773e-01
3.668741681496418039e+01 9.880791822918963963e-01 5.875146046326201743e-01
3.102285110013897906e+01 7.551820452831310426e-01 8.592070024067394174e-01
4.312563626409044559e+01 6.712014166851256736e-01 5.431198879589111961e-01
3.424290755709360923e+01 7.996613195568286203e-01 6.109123592389811286e-01
3.447086840035405686e+01 5.254767315217483414e-01 6.916225701874416654e-01
4.428089300105575887e+01 6.783135617484259416e-01 4.212527511244974487e-01
3.320742680250511114e+01 9.422009692666636349e-01 4.332684758461772812e-01
3.308581186141792330e+01 9.705147405833588481e-01 6.616169260186307577e-01
3.599401797929164104e+01 8.443211146826293811e-01 6.367357774254073233e-01
3.690837494114613548e+01 8.272324868131112341e-01 5.697443762394179823e-01
4.137183997397298185e+01 5.461971160936492931e-01 6.477970049890754423e-01
3.006851598627887512e+01 8.898552536552994940e-01 7.631266878682034793e-01
4.054965498469623242e+01 6.797739827523493483e-01 2.929821725927757581e-01
4.080704715359337342e+01 6.370339619693378141e-01 4.899295401393955474e-01
3.261342250829336820e+01 8.144644971636774144e-01 7.214728072689459148e-01
2.871802082574518522e+01 8.579252939599949501e-01 6.188796673035923401e-01
3.081034749081889856e+01 6.948939335340078571e-01 6.880564237549809947e-01
2.846493554880425236e+01 9.309502641435729586e-01 6.921782210753474329e-01
3.476361509853501985e+01 8.354260440744559757e-01 4.807979507910655204e-01
3.832482808591435486e+01 9.181480525661067649e-01 4.861666403908442291e-01
3.926711563933527316e+01 8.028441041977186776e-01 4.820195487367134324e-01
3.448266865392654523e+01 9.365507117102863655e-01 5.109464851139705610e-01
3.244171808323435613e+01 8.938165177810469819e-01 9.720239487890205421e-01
3.416043048335442478e+01 9.288622952994731730e-01 9.473299387258724558e-01
3.037903199203120863e+01 8.280800303067923362e-01 7.112364216752029566e-01
4.355881055789561174e+01 6.563884867528372302e-01 4.312957172495393565e-01
4.613176336684990986e+01 4.096737685624567971e-01 4.891181907293922770e-01
3.441725375330233305e+01 6.050342498632849120e-01 5.479693813422895632e-01
3.850443258000341018e+01 8.526646991137667442e-01 5.562403075410985442e-01
3.751287448592564999e+01 6.303756932856522388e-01 3.654809102730387504e-01
4.378550902152969115e+01 5.604626411552561249e-01 6.130105502547058549e-01
3.938116496801202260e+01 7.040349311273507160e-01 7.031284385436445961e-01
4.323566170763472627e+01 6.831631363488073205e-01 6.084241631421618557e-01
4.493495933769327166e+01 5.312154745025999825e-01 4.333810678664879457e-01
3.572741962304873908e+01 9.858678490766308311e-01 5.368327905936407518e-01
3.544845432240419569e+01 7.715698017583234591e-01 4.262153305806282155e-01
4.056709923358090464e+01 6.573952769037082478e-01 5.294261895028585796e-01
2.878447329493526752e+01 9.753517127002030440e-01 9.509323107844029899e-01
3.341962409762678732e+01 9.738207328530196216e-01 5.509475764474781601e-01
3.688460145988283045e+01 8.983257233449403190e-01 7.570423817778691999e-01
3.037209733921271848e+01 8.798961974770438399e-01 6.775079913305936952e-01
3.310929902380569700e+01 8.690841460073629454e-01 5.333982445081787427e-01
3.846860751903503228e+01 6.599771539499208473e-01 6.867387250212495520e-01
3.938703382669424258e+01 6.760152875240094117e-01 4.622086104124816242e-01
3.277397656619005062e+01 6.672182178481579351e-01 6.172540092275305978e-01
2.897722247910483873e+01 9.669698749231555590e-01 7.562674972281242525e-01
3.818278816435555711e+01 5.528924313862019213e-01 5.091782651376360880e-01
3.980857266604147071e+01 7.076484023745289731e-01 5.121709965590176550e-01
3.335641090936697140e+01 8.522711496995453162e-01 4.323808136858913742e-01
3.837671067455111285e+01 5.565066913279904659e-01 4.146495633874441866e-01
3.543503130662442402e+01 7.969293448382573919e-01 7.219532409046596211e-01
3.364763920071008130e+01 8.729842280354621620e-01 5.594414421470812471e-01
3.721071181953665530e+01 6.063941035013191705e-01 6.676721289545254345e-01
3.601865415181647734e+01 7.077462616736861500e-01 5.055367913369197552e-01
3.816310226854545107e+01 7.731065511345801555e-01 5.012230294291430965e-01
2.789518977927246723e+01 9.282435482351100164e-01 4.954628855401174703e-01
3.989945937383070174e+01 3.772166600434928019e-01 5.337737393037909062e-01
3.536970763239271776e+01 8.363719691476255713e-01 6.226356066183148519e-01
3.338840733467586119e+01 9.546883555853290515e-01 6.949955244263650300e-01
3.183181313329564333e+01 9.715831449713125956e-01 4.255007658529209036e-01
4.672868803148487871e+01 5.173053838171085550e-01 6.182708778181175147e-01
3.932087752394890856e+01 7.423749133787214127e-01 4.300762480631627471e-01
3.025394220346185037e+01 9.919904949398588023e-01 5.787983489482052546e-01
4.443425124976092633e+01 6.237093325821948531e-01 4.200104924765551972e-01
3.020638574058806469e+01 9.239022928374548416e-01 6.499588672414843282e-01
4.831721833309791947e+01 5.041261360591845486e-01 3.490112893223102919e-01
3.860929828782359152e+01 9.860514213926871996e-01 4.082114519327322832e-01
3.180776739109869311e+01 7.297652827932461506e-01 6.834778543741849566e-01
2.720427677760962837e+01 9.601224397497704066e-01 6.346647390604683858e-01
3.236152345922163676e+01 8.513526900296287669e-01 5.415792171485089845e-01
3.949151288230773815e+01 7.987119137543542413e-01 3.990629876515212615e-01
4.440291976701195154e+01 6.014411521780688163e-01 4.729893741940600638e-01
3.606478865948831469e+01 5.664332683628638954e-01 6.093888015819445281e-01
4.449176369807882025e+01 4.838335895048495039e-01 8.083462041643935114e-01
3.395909723258963453e+01 9.227975064866843491e-01 7.552392100340460379e-01
4.453305618059037130e+01 8.316457187228162296e-01 5.003066425322143518e-01
4.182182554634859883e+01 4.463825114094021607e-01 5.467177999753213280e-01
3.639415278155184552e+01 8.833613015219180520e-01 4.716228818808696488e-01
3.957826058588619844e+01 8.349564957985644575e-01 4.550876958078551304e-01
3.100424683788904900e+01 8.920475883682157381e-01 7.627509962025924573e-01
3.253962212407303412e+01 7.300596558651677448e-01 6.994669080403573824e-01
3.299875176307187274e+01 7.532081804721225682e-01 6.027391090346077007e-01
5.138758835490444454e+01 4.646343637724265063e-01 6.957963156035720242e-01
2.862188851502418174e+01 9.101476833920799647e-01 7.213197505866386638e-01
3.394661686734488626e+01 9.483811242261978025e-01 4.505547104273599501e-01
3.921541823055595444e+01 6.136404990113696334e-01 6.922429491850197181e-01
3.234027383044846005e+01 8.155192818939922539e-01 6.239723657055911143e-01
3.287816959460843691e+01 6.062709353034368975e-01 5.884545777318529458e-01
3.827179605326512757e+01 7.276790612168588801e-01 7.237858894362395601e-01
3.715242117757446039e+01 6.177099493167450550e-01 5.631498610124096027e-01
4.196014548335627836e+01 6.056579641147157300e-01 5.135323595384292394e-01
3.779758892746022525e+01 4.139805180731930268e-01 6.848543996342981721e-01
5.367156892308557303e+01 3.467829087109629560e-01 5.892093097228647824e-01
3.533843768842917399e+01 5.437276516213104260e-01 7.153777859242584913e-01
4.291335215322086327e+01 7.267420122014993655e-01 5.299750242203385975e-01
3.497644136162956130e+01 9.768361570067731758e-01 5.262812888267152100e-01
4.597568091782741106e+01 4.799698368644723101e-01 5.121461740666107820e-01
3.240324567716394455e+01 5.905255955629762354e-01 4.644041363251835697e-01
2.843879571410727891e+01 8.468762251360706372e-01 7.855018725287100656e-01
3.186245744535830227e+01 8.153359685217880237e-01 7.778660700338512202e-01
3.986021958082375960e+01 7.982730139305711514e-01 4.012716584951053767e-01
3.609175805633392997e+01 7.433486059691694070e-01 6.150043150854676011e-01
3.160725189589063078e+01 9.307337077228488020e-01 5.176672795851847697e-01
3.744970578571636821e+01 6.486479977235505290e-01 4.446520704212016395e-01
2.990458994990549968e+01 9.116572165187150079e-01 7.620018896185031254e-01
3.285235925298856330e+01 7.206126982317472285e-01 7.350471715304496279e-01
3.942679525052604816e+01 7.667724900816570432e-01 6.935112675461272413e-01
3.568233773760125871e+01 7.930718614215772622e-01 4.611286509140268275e-01
3.810136296316713356e+01 5.686948001734132285e-01 5.156005063604655048e-01
3.196674213041534074e+01 7.732624280835858066e-01 5.573743422740576881e-01
4.325350677310742498e+01 4.326829496621891202e-01 6.027952453349586515e-01
5.322675437341627003e+01 5.159426134725105806e-01 3.553438839026807905e-01
3.183172976601900217e+01 9.691364233329111677e-01 5.314059071976258153e-01
3.299585753491175666e+01 9.368986610054184094e-01 6.885999989861765203e-01
3.423673641957955738e+01 8.747604607677395006e-01 3.911800008122651717e-01
4.205210456815074593e+01 9.914614378274996254e-01 3.984896500172039890e-01
4.583260028072595560e+01 4.430026529818478775e-01 3.510310918588627205e-01
3.845624455902293448e+01 7.244589788056771118e-01 4.523920013634080695e-01
3.674443812359936601e+01 7.197898165565821404e-01 7.126810536145281594e-01
4.276535641459118153e+01 3.674979897188178635e-01 7.396396344452446092e-01
3.927773515199181276e+01 8.692375450917197988e-01 4.160827192496468485e-01
3.364202245454282547e+01 7.232272352204072163e-01 5.237168951201988110e-01
3.048263864111029164e+01 9.624688689699647526e-01 8.257696997707436593e-01
3.929100579141476146e+01 5.972016736467387066e-01 7.631401794030172603e-01
3.181089274664064703e+01 7.582947808786442145e-01 9.634963249057535428e-01
3.121089729781940392e+01 7.414239507110154115e-01 6.692236850120903968e-01
3.433818594218232789e+01 9.051854217087231813e-01 4.132992372315087981e-01
3.264672804758219371e+01 7.881461867827362910e-01 5.775405402016752232e-01
4.230302012949141499e+01 4.490415523501796180e-01 5.991313809965864712e-01
3.693883777955122838e+01 9.001455279147918542e-01 4.118897922898759889e-01
3.351059662777427661e+01 7.962335868562517849e-01 5.992631404115801308e-01
3.693637512416931656e+01 7.597361633072959863e-01 2.935309119907721365e-01
3.084659675767056441e+01 8.268706780904664377e-01 7.495998156289179759e-01
3.841384023701392181e+01 6.714799599102734273e-01 5.760515904281851007e-01
3.279667963553831100e+01 8.018871187263213463e-01 6.521598101438609296e-01
3.613508207986533449e+01 7.189661782875542695e-01 6.030245308969801599e-01
3.668208630381458590e+01 7.809428127620722249e-01 5.619885010205009079e-01
4.081785291102827529e+01 7.058602893904022402e-01 3.280230618243567542e-01
3.467592989381846280e+01 6.897112954244809524e-01 7.085475769911923072e-01
3.059575718113531551e+01 9.307568820857418102e-01 8.311250696728498255e-01
3.787269828170909136e+01 7.795294844171661852e-01 3.511982330742631220e-01
3.397999587530449617e+01 9.820730875574603669e-01 4.185338684820562039e-01
4.428762788566939435e+01 5.783462594114824329e-01 7.478583680262511635e-01
4.850410479970616962e+01 6.417138480365325304e-01 4.171607389487664297e-01
3.352622851989899999e+01 7.983780104262645505e-01 6.596494880709480313e-01
3.251122595549529137e+01 9.755418291100313999e-01 6.033424599661756371e-01
3.433533706022371490e+01 8.860066897964345989e-01 7.339060308503082553e-01
2.998544701566602910e+01 7.351169815143229203e-01 7.350401670790105424e-01
3.323781529798875312e+01 7.670467358606178898e-01 4.488676697988038256e-01
3.846082603369622888e+01 7.202047163092680782e-01 6.577053738820269890e-01
3.772393356440642975e+01 6.526866779726315793e-01 7.259333226435358277e-01
4.109213540946206678e+01 8.806371428900423570e-01 2.891744240627066587e-01
4.879974934350017435e+01 4.395724949859386999e-01 1.093304194678329955e+00
3.235036447267338389e+01 8.031751062472859415e-01 5.917310620563990264e-01
3.611697514389019403e+01 6.607984481044953951e-01 4.125731126913196878e-01
3.312669821963923056e+01 9.134099976038292379e-01 6.783152257244636774e-01
3.781460604962566663e+01 5.890357242927760639e-01 5.846249970543639929e-01
3.356616069201491825e+01 7.097487771183539351e-01 7.590377565595715081e-01
4.541845714698585113e+01 6.478304870518746261e-01 5.329012338460813458e-01
3.377120480556843773e+01 6.415312763336685764e-01 6.724862593793773380e-01
2.547708522831302247e+01 9.422286434570400493e-01 7.840605623710775740e-01
4.739862736529821774e+01 5.612737707152333222e-01 4.451859854943925887e-01
3.484778939979028678e+01 6.898390569162278219e-01 5.784065488048152348e-01
7.695228201883266195e+01 2.375185486997704876e-01 5.970864901696173455e-01
3.358994506915994549e+01 8.651185526988406371e-01 6.243821741196005082e-01
3.918637012777865181e+01 8.055434869841701095e-01 4.728715063885340908e-01
3.863459883316397026e+01 6.794747550056660090e-01 6.007250202612071099e-01
4.789963579708702923e+01 4.709135112933556799e-01 4.019166927378545195e-01
3.433494623568610393e+01 7.761449580243643398e-01 5.381744487809491106e-01
3.497217297558166393e+01 8.298955622453786374e-01 7.451876679957685212e-01
3.029420452371599026e+01 8.511048089565538266e-01 6.700180709611923691e-01
3.621036956164328302e+01 7.265582882331005354e-01 7.439471832094219916e-01
4.238005672051798456e+01 8.068633516562998542e-01 2.917192952574911846e-01
3.681291845695361076e+01 8.702972337042141904e-01 5.923575325478540599e-01
3.652684598405270577e+01 8.527161303974521989e-01 3.711521115692869577e-01
3.293728582558317441e+01 9.527400765657464410e-01 8.578213555310935101e-01
3.642879116493469382e+01 9.935877417058104344e-01 5.880119034991240223e-01
4.478337053223107489e+01 5.603891060713470651e-01 5.318991443626432947e-01
3.394657968389883962e+01 7.524736596458357907e-01 5.794765039445610721e-01
3.973607692383617973e+01 6.611964842538550213e-01 5.379684088375801254e-01
3.398961776079602259e+01 8.379503025510950387e-01 4.702687553503582252e-01
4.216978679961052734e+01 6.198634705256306221e-01 3.636909589623796846e-01
3.272560631105935869e+01 9.329399257247907862e-01 4.476727657751497502e-01
3.303369560390275694e+01 9.358231489408578296e-01 3.377523220495826650e-01
3.545546298169632138e+01 8.498308726253754886e-01 4.754049334232453572e-01
3.343467930710198743e+01 8.970919872757902036e-01 7.526460613472292227e-01
3.290016565550045158e+01 8.698796435464130061e-01 6.297277515694137406e-01
3.846832930819071095e+01 7.042234274937761995e-01 7.311510844797890485e-01
3.222968093910192522e+01 9.753048786820968097e-01 6.878266062510947076e-01
4.928813849781622736e+01 6.801910294738576779e-01 2.703368175037514920e-01
3.022220360447890997e+01 8.570571530910963132e-01 3.357669258113665789e-01
3.057529794797537903e+01 8.860088979954053867e-01 7.826657026447463306e-01
4.525721318180155350e+01 7.282317075743517387e-01 4.715363213477685167e-01
2.996326435916716946e+01 9.325138123759192377e-01 8.420187246091530575e-01
3.980130567737042924e+01 8.797321637557115048e-01 3.247028483786012498e-01
3.162157298000854055e+01 8.798208838617250782e-01 7.763342461019100416e-01
3.950067338099229630e+01 7.431763639688560019e-01 8.402390333674343292e-01
5.058602133448197691e+01 2.860309887021822428e-01 5.620818936818882117e-01
4.078662598928797678e+01 9.212067682405320479e-01 4.622314681205417219e-01
3.928857225908598849e+01 8.122800079363650116e-01 3.845680276004386777e-01
3.808350629768519724e+01 5.811117364333636681e-01 3.783406808629536933e-01
3.795807169499676093e+01 9.733447843656394260e-01 3.537352058580219838e-01
3.833593519306385389e+01 7.358638395363507057e-01 3.669249944235402627e-01
3.691592191676384260e+01 8.793883071849626365e-01 3.565388157693332172e-01
3.661724427198184628e+01 7.522366017602289956e-01 5.235653613258796080e-01
3.333307521357168923e+01 7.050671576895971571e-01 7.515896035967296607e-01
3.024299526018741702e+01 7.304440483105011372e-01 6.442209368547791026e-01
3.950677063619797025e+01 9.601088708816950534e-01 6.962026741462111756e-01
3.255862915479288944e+01 8.272324868131112341e-01 7.794580270733315608e-01
3.503464718299218106e+01 8.574159495863219460e-01 5.210108359780797338e-01
4.114023769506391659e+01 6.503689597642127174e-01 5.916959567751047810e-01
3.577940718145887189e+01 6.910756083933223826e-01 7.295517414851927507e-01
3.621065529026535046e+01 9.515675661574075628e-01 3.930907517589513067e-01
2.938373792429980824e+01 9.109831243983146365e-01 7.464880789574658282e-01
3.980152921410513756e+01 6.488056563906461349e-01 4.923374345865678681e-01
4.570158877607746462e+01 4.598588865886765742e-01 4.202679324351282775e-01
3.935072520548071395e+01 5.633660015724002434e-01 6.410156779272280225e-01
4.295670505228098079e+01 3.879125761214893275e-01 4.260862867727592818e-01
3.710816570636183798e+01 7.588092239260243455e-01 6.322646470670414409e-01
4.802660327350530878e+01 4.086912136370045023e-01 4.332449165309465444e-01
3.313407533158216012e+01 9.134065936252799833e-01 5.165671441600041547e-01
3.186630409713603740e+01 9.914614378274996254e-01 8.455052967779046469e-01
4.783045537318248819e+01 5.670101227290920143e-01 7.411792204406670859e-01
3.126395983532775702e+01 8.620694020150562187e-01 6.095904122527939784e-01
2.943310263321033204e+01 8.078829327868366494e-01 8.932478744909688739e-01
4.342133655863812436e+01 5.349047278947703932e-01 6.282758110064381452e-01
4.151142506590679915e+01 7.981995309753523449e-01 5.088432859280780374e-01
3.439761904945197557e+01 6.774403318734283364e-01 6.941786266142294659e-01
5.297861386473140044e+01 4.084225011798540139e-01 2.816957833848428017e-01
3.976750061526021796e+01 5.761163626576989438e-01 3.955308264634538329e-01
3.530453829716903158e+01 7.367226186058631887e-01 6.200747767486418649e-01
3.553900395214548524e+01 8.564569710308380657e-01 7.658270075464915783e-01
3.209730375295242055e+01 7.463475106392530867e-01 5.991035382614895433e-01
3.303952250850178984e+01 8.005184150242501406e-01 7.673443066549892055e-01
4.196157480732158973e+01 9.184497234384816355e-01 3.968470742373771953e-01
3.456928217588202301e+01 7.442465818726256011e-01 6.645190579093028793e-01
3.152593802989934346e+01 9.585302751153585987e-01 6.332329572927347661e-01
3.525705750948543482e+01 8.304540832389823990e-01 3.830193284530755138e-01
3.359168225102194327e+01 9.154568050681713975e-01 5.103483541213990060e-01
2.986142732602287353e+01 9.864639730930727657e-01 6.646005382563316966e-01
3.461832071549036272e+01 8.273806093834682462e-01 6.447504622753759129e-01
4.342399995317017414e+01 6.067341403043037262e-01 6.483939083731113939e-01
5.298507997701255334e+01 4.993099173227201204e-01 3.303901594671990183e-01
3.716531156551996418e+01 5.894876991554377499e-01 4.737696710395837840e-01
3.650439378335680374e+01 5.278162726968586016e-01 5.586968609225803073e-01
4.480012409575998333e+01 8.827017179844566241e-01 3.484137425797286247e-01
3.358968059555106578e+01 7.884725412347221019e-01 6.258596399762532680e-01
2.813185849826726681e+01 9.856021211962744388e-01 8.658964534189272921e-01
3.433940855749269616e+01 9.133162793522512368e-01 3.660537257495828367e-01
3.229176317713925215e+01 8.499152230170488043e-01 3.549650652391601602e-01
3.943790648303457402e+01 4.328315641850251083e-01 5.358729304268912141e-01
3.881791282009135813e+01 4.774621676532658232e-01 4.529583355344157236e-01
2.848947034468287498e+01 9.767800441065820349e-01 5.370215195373940764e-01
4.167697796669857269e+01 6.345512066412339891e-01 6.071415747446975431e-01
3.044796418809247740e+01 9.888328070253979973e-01 5.002075251344311191e-01
3.975239565507584416e+01 6.563884867528372302e-01 5.683467115028909555e-01
2.920484882169555974e+01 9.328690137788347991e-01 7.100943512810977687e-01
4.469074873699003803e+01 6.654835479692509104e-01 2.894694232836262371e-01
4.137396459615366240e+01 5.959461532191862032e-01 4.056032717107909691e-01
3.772721235641837012e+01 7.938213595687334534e-01 6.031976979531614713e-01
3.799026915142755456e+01 6.706320070255080701e-01 6.192973983625579271e-01
4.403284425356432052e+01 4.856957863522338159e-01 5.730464423586071332e-01
3.673132596693000096e+01 7.832771804672064020e-01 6.878221345947670429e-01
3.604541301787283203e+01 7.755259551018226505e-01 5.665433483034705286e-01
4.218832041771783281e+01 5.040297127179921288e-01 3.397816134975113478e-01
3.732621688118020842e+01 7.110401459248818501e-01 6.156204683685915224e-01
3.901526852706461312e+01 5.440790026800839119e-01 6.712604183351444931e-01
3.313289265532561956e+01 9.652871345579584483e-01 5.406851593380238574e-01
3.357662561414882418e+01 6.790940879769707950e-01 6.470588091703907141e-01
4.301021474579135884e+01 6.288433004881792687e-01 4.798427391304322387e-01
3.357057527789007878e+01 9.845821390011115781e-01 6.325214431489029066e-01
3.207812735961503847e+01 8.473943803771526451e-01 5.756041627177626019e-01
3.882470977855040672e+01 5.033536691230585669e-01 4.427339011545183278e-01
3.698558269054525027e+01 7.305733923955224363e-01 5.397685762176225310e-01
3.756880518207091058e+01 8.496638009178077988e-01 5.282412022887534864e-01
3.795863784092136939e+01 6.866206502801446288e-01 4.534866933639367104e-01
4.322548576430187239e+01 7.267189801615759892e-01 4.003979811833969227e-01
3.137726518098742545e+01 8.686045601931358107e-01 8.629067467428186422e-01
4.060185419355179448e+01 7.659874260214442065e-01 6.002566949348530079e-01
4.025674610192908176e+01 7.265582882331005354e-01 5.686556444504573538e-01
3.504250701439956828e+01 8.218375162803861489e-01 3.407187727948294831e-01
4.397579736437621989e+01 6.140559427292465733e-01 6.828503048349378046e-01
3.130863138093905107e+01 7.788419942392990070e-01 7.239996646056223728e-01
3.526543309633948553e+01 5.823638698464620456e-01 5.063937214346638793e-01
3.695260432142184470e+01 8.311287107295869392e-01 5.052640814210344056e-01
3.979369090736214076e+01 6.303756932856522388e-01 2.872169640972743188e-01
4.571978423100689071e+01 3.879125761214893275e-01 3.399006366800364498e-01
3.878804880384208786e+01 7.908586397203866136e-01 4.687166990043868942e-01
3.704186996753067262e+01 9.423612885851163634e-01 5.674194108151952021e-01
3.314839108219268127e+01 6.488628963313529674e-01 6.706679628185671094e-01
5.101453531550738774e+01 6.747231203656495202e-01 2.195496756997406262e-01
4.092420890920213594e+01 5.035996013448249542e-01 6.995524862634665553e-01
3.023010936886402078e+01 9.288772879544876515e-01 6.578769659239016576e-01
3.947157175279384944e+01 6.794663895307940793e-01 4.693375618085158241e-01
3.680212843516948595e+01 9.324447330473674134e-01 5.360471365014318756e-01
3.588702959590528963e+01 6.599442898900312882e-01 6.595554346686691716e-01
3.484049875901853710e+01 9.495447545225288444e-01 4.892428308469377596e-01
3.797458400993157568e+01 5.415339844481070752e-01 4.885146071703301840e-01
3.370567232764241083e+01 7.264361459614223637e-01 6.745983124540749776e-01
4.601427579092382558e+01 6.419162066794735777e-01 5.089821975139241506e-01
2.846310746970293692e+01 9.345732639170147849e-01 7.891449503258152198e-01
3.534044957857383906e+01 9.385965491708148090e-01 7.392020965478723893e-01
4.169250643770409681e+01 6.035479290298413346e-01 6.987122159667423782e-01
3.159177151382051463e+01 8.963145566166561551e-01 5.381317878531196586e-01
4.054023969187007026e+01 8.333933390510740447e-01 5.227587816255543363e-01
4.767791142905777235e+01 3.903230942593567954e-01 3.828995445428848288e-01
3.430930079053461412e+01 9.357683428001826176e-01 6.270938116990443234e-01
3.203997376954309573e+01 8.697988484320845481e-01 4.265315049492249821e-01
3.424988233719813024e+01 7.959951250158313618e-01 6.754863983189525189e-01
3.813315713880199809e+01 9.587610608488184027e-01 4.117557013190772386e-01
3.464524503682724088e+01 9.147981084445742095e-01 7.146248767141087921e-01
3.328844690902933934e+01 8.889366084970168336e-01 6.733343598824040876e-01
3.480336158859282136e+01 7.997578914458285393e-01 5.499291602245779398e-01
3.811822318228259832e+01 9.449689298548179517e-01 5.296384021147455545e-01
3.405296011950198931e+01 6.527456360412886571e-01 8.226385542458295452e-01
2.734406953789850192e+01 8.570571530910963132e-01 4.763647358359731077e-01
4.566115900606564537e+01 6.476387200560000945e-01 5.834630257719755075e-01
4.113097231421753008e+01 5.836411812998862914e-01 6.896307354245945209e-01
3.633287158230251634e+01 7.691275610884309444e-01 5.941568468871740727e-01
3.246633434169222454e+01 9.391426952926483773e-01 9.724446660972252410e-01
4.148597231898540372e+01 5.311288553129385193e-01 4.787556026962209166e-01
3.292315438163197427e+01 8.573366538572843032e-01 6.666221092901281065e-01
3.336546820357785492e+01 7.935296418528227091e-01 7.485389278530780732e-01
3.807485141701835829e+01 5.719022604793453368e-01 9.282930666193911495e-01
4.162435658109183834e+01 6.612684156190578033e-01 5.785121356049206520e-01
3.933536636559691857e+01 9.352657840240784504e-01 4.930334817312123641e-01
4.300864490159040088e+01 6.417597604092513119e-01 4.719510029868210221e-01
3.045637760567076668e+01 8.796315127278835355e-01 6.987259177653128983e-01
3.794412823545408742e+01 6.162011946327717871e-01 5.590755078864719785e-01
3.297047280835074901e+01 6.948939335340078571e-01 5.774600898907044089e-01
3.619060404101108475e+01 9.006401782707094128e-01 7.839570991088732343e-01
3.854275180439994131e+01 6.783605466088581393e-01 4.766907741523178643e-01
3.526090985282542078e+01 7.638165644384642405e-01 6.486393358151506527e-01
2.642414383902465147e+01 9.169977781222643509e-01 6.659167565909240860e-01
3.153465035256158444e+01 7.956927341279808052e-01 8.388548264112787312e-01
3.616986972479555362e+01 6.177099493167450550e-01 6.056126948167569468e-01
4.031998783856968060e+01 6.756337517703414619e-01 5.126054165537048402e-01
4.895045606599272503e+01 3.762474138302615012e-01 6.787303041511199009e-01
3.615675245765622492e+01 7.706207576756674005e-01 4.905232172915522937e-01
4.559743850021907008e+01 4.682426537263739141e-01 5.855987173413836899e-01
3.606690040973347777e+01 6.933272804897236963e-01 6.874683243801863464e-01
3.865012075412555248e+01 6.287302967097848638e-01 5.276752788333135546e-01
3.335702387725896756e+01 7.271183838841106528e-01 7.265613746574014487e-01
3.182400471930209562e+01 8.203361650626953550e-01 8.835779320898293765e-01
3.678498172736665595e+01 6.710658780243189403e-01 6.277036765646997196e-01
4.246949824837040666e+01 7.327909347918726279e-01 7.787583822678815215e-01
3.232472473020661852e+01 9.147287876186316335e-01 6.692938749011612121e-01
4.182701557707592599e+01 7.141671440499131052e-01 5.124982293662045940e-01
4.874592894779274843e+01 3.878174257906153444e-01 5.393035607211998927e-01
2.639451694598269782e+01 9.928784709572058276e-01 5.465609044310623110e-01
3.266836776024498334e+01 8.439586231107130132e-01 7.976446338242032530e-01
5.054100167727700210e+01 4.124874471734429338e-01 4.430417795377855072e-01
3.830124382958516094e+01 8.958985736878462003e-01 3.366653633440105930e-01
2.862072225237660561e+01 6.541964521075068761e-01 7.920246577893771400e-01
3.317461950023970019e+01 7.819314498592320195e-01 6.989894036190157367e-01
3.525742214672570896e+01 6.983835075489167599e-01 4.673517191558071437e-01
3.584318454256548847e+01 7.643308620019632071e-01 7.291073823644133034e-01
2.928445721458051665e+01 9.324755994392628367e-01 6.531392282694035156e-01
3.586530952560966767e+01 7.959533369103733991e-01 6.019229099075610323e-01
3.328883622498317152e+01 7.432650993953708873e-01 4.855718195064355203e-01
3.489978314236743984e+01 9.345732639170147849e-01 4.591673762631151567e-01
4.001979044884993897e+01 7.832832105888125618e-01 5.056902428566224517e-01
4.059807819441424215e+01 8.283332160636770469e-01 3.029687205065305089e-01
3.719507403146401003e+01 8.334963751568819079e-01 6.218273943740724174e-01
3.283230760326209463e+01 9.030274092470331748e-01 5.107885988212313988e-01
2.981682437752637327e+01 9.944541956967160035e-01 7.603050323347126938e-01
3.819377621438811587e+01 7.908586397203866136e-01 4.915690629862134453e-01
4.732255712774792755e+01 5.879674365707265871e-01 2.189971443063746803e-01
3.185904334591569409e+01 8.362756521761599560e-01 8.949009656229788279e-01
3.653423217571381798e+01 5.439031289348845721e-01 6.466693678043495819e-01
3.061811940689564082e+01 7.963016662201976015e-01 7.472513673701196568e-01
3.578409899618548451e+01 7.242160531108170485e-01 4.868204172381564443e-01
3.591690205237972577e+01 8.036080174398650966e-01 4.060596853913230331e-01
3.070005727700402787e+01 9.464217979639476530e-01 5.973431110414395562e-01
4.693630962329785916e+01 4.087802773033856751e-01 6.204926337507788991e-01
4.352092465399286425e+01 9.002176847109698565e-01 6.195228286247694838e-01
3.875759943136797148e+01 5.730226687626481796e-01 4.336147185377641766e-01
3.767353162145942491e+01 5.609743597502514501e-01 5.807103405744649116e-01
3.782913126750369059e+01 9.025877091302848543e-01 5.403808929140460071e-01
5.873987515718864216e+01 4.634750186781002035e-01 3.811475217286263706e-01
3.708379188276325777e+01 5.906061322863809249e-01 6.078453947886059971e-01
4.996006994109165333e+01 5.873336918850625699e-01 5.451860073659695605e-01
3.839046934398392352e+01 5.533567419668200538e-01 5.793737621887562472e-01
3.573176681812297772e+01 6.631524620719870811e-01 5.451749218288541865e-01
2.886843975894187153e+01 8.870318650686489503e-01 8.185416128607653219e-01
3.720579512321177873e+01 8.935784257330628977e-01 6.103786198247449502e-01
3.192840923166788514e+01 9.847309301927598124e-01 4.092120804870300610e-01
3.034974721157416866e+01 7.946151058088658514e-01 5.698777544292022990e-01
3.921987766234212813e+01 7.529469478213082212e-01 4.292699860668676148e-01
4.568122616870410724e+01 5.089478384197267946e-01 6.751803403304060813e-01
3.484257346682775847e+01 7.330844985037237027e-01 5.187847433365240235e-01
2.997311498438182653e+01 9.368729654729459622e-01 6.940285995118502527e-01
3.437829369140530389e+01 6.926093801861513688e-01 4.834418327384796821e-01
3.744774132465749261e+01 6.747231203656495202e-01 6.613755008779298450e-01
3.600119214416086066e+01 7.591642088735000016e-01 6.894584145004482023e-01
3.482498379797884525e+01 7.705030085205890611e-01 4.334407817555742115e-01
3.230700738992685928e+01 6.606938874203079903e-01 5.317940594965158141e-01
3.645251960605257580e+01 7.569651278365694402e-01 5.692016798340133743e-01
3.079733620420526563e+01 8.524782775325303597e-01 6.012845939989501787e-01
3.881951434819748670e+01 5.618489405388533697e-01 4.976050055273155692e-01
3.804747287191558058e+01 7.008454654625803082e-01 5.899552173582855996e-01
4.084415937399651853e+01 7.104563337192491002e-01 7.307226316672539301e-01
3.572386653061863626e+01 5.913139121843568047e-01 8.779812913727793600e-01
4.920293435591064934e+01 4.370871607840497441e-01 5.243145349316002957e-01
3.924156899155251210e+01 6.693283161262622016e-01 6.515250451364782425e-01
3.274134428293660193e+01 8.477722234894908837e-01 6.206574641974588191e-01
3.438937163871335656e+01 8.109330393009106519e-01 4.917534853195519307e-01
3.196644961247946171e+01 7.755783281363421988e-01 5.524449102607353890e-01
4.501219406500730003e+01 5.008810806105494784e-01 4.087969119749620961e-01
3.633636369803967625e+01 8.746589113081949529e-01 5.451726118381252650e-01
3.647722783609833641e+01 7.098143099948427404e-01 6.185975059642917495e-01
2.968444256046183938e+01 8.817204130245623883e-01 5.903260741328041350e-01
3.045480195874378282e+01 9.480238107714008544e-01 5.283905987323644915e-01
3.878202625963010064e+01 5.951800141205931816e-01 5.948498561145046937e-01
4.180132461683737688e+01 7.438280476234196970e-01 4.690026826390531478e-01
3.704726255295046400e+01 6.608369398925594274e-01 5.986263739554846808e-01
3.328470748535765722e+01 8.020592343375602118e-01 4.664767302363300172e-01
4.542181210921677348e+01 5.814801281325697735e-01 4.062510286118440894e-01
3.070637213634815410e+01 9.941645046459931523e-01 6.943873333187462471e-01
3.396368305436735824e+01 8.965967808867389977e-01 4.022105000734316205e-01
2.676020030165468455e+01 8.425586867581842387e-01 6.726177493235110383e-01
4.744651391508918437e+01 3.680226895677854437e-01 6.034764774531696796e-01
3.757884094330090363e+01 7.931721810790821614e-01 4.043295023288294709e-01
3.309388272906337392e+01 7.584784520984485523e-01 6.228501635691870986e-01
4.355709447760278152e+01 7.874071124500346963e-01 4.455054395874661344e-01
3.475550764709381468e+01 8.236835337115665512e-01 7.982369480719128108e-01
3.594872353138128318e+01 9.069836628971114090e-01 5.693447070728935300e-01
3.326539142819786576e+01 7.430837160240442163e-01 7.407276606075106073e-01
3.562720711770292326e+01 6.619219695811612292e-01 5.346399121145920530e-01
3.796167019501384488e+01 6.717038410991839070e-01 8.137615032819001115e-01
4.079781815897263897e+01 6.476387200560000945e-01 7.722211692366813818e-01
3.348012800253324173e+01 6.157232304334853135e-01 5.941239829179174592e-01
3.561680085700806586e+01 7.946496179610530453e-01 7.807923079514900166e-01
4.396250346673937770e+01 5.520079197052923936e-01 6.276643129328866033e-01
3.734362158606723625e+01 9.606837794729420343e-01 3.837835969096241029e-01
4.172225274771075476e+01 7.619393889348200499e-01 4.280595144342769776e-01
4.238164855453805302e+01 4.605011219111871945e-01 4.924778095548396073e-01
4.011587638446194859e+01 7.911145717723278015e-01 4.450551558298587174e-01
3.891402923435522609e+01 9.250916692967191546e-01 7.454690335698778147e-01
4.043137451224131951e+01 4.573978952993585922e-01 2.522360075755271658e-01
2.869048460125287647e+01 9.739742035529266317e-01 6.719997123333772970e-01
3.409696584257211072e+01 8.198574069744679615e-01 5.471485422944766253e-01
3.882303679459419499e+01 8.827017179844566241e-01 5.560117906183862369e-01
3.244614045812159020e+01 8.716054191680026042e-01 6.954385397857187900e-01
2.985346517714766534e+01 9.888068573909764014e-01 7.626059717945123939e-01
4.182071999298003817e+01 7.610898883353649502e-01 4.981598836776847672e-01
3.096225329400744286e+01 8.595061260027712091e-01 7.709279902639513127e-01
4.063145624285082391e+01 8.054626697254179124e-01 5.749727161516576812e-01
3.049583161765515982e+01 8.540321560987943483e-01 7.926164036251784895e-01
4.700862526261188634e+01 2.879045378583071080e-01 4.313860621130911621e-01
4.166156682129572175e+01 6.115546316242008729e-01 3.804042523576739998e-01
2.830559859081742857e+01 9.909283571504752253e-01 5.827584728956691773e-01
3.911056463697581620e+01 5.981581861576849013e-01 4.910297138709153186e-01
2.920813122036808451e+01 9.699745242417490143e-01 7.351582207579973050e-01
3.749900775191171931e+01 9.754884104938338352e-01 3.976495950703681226e-01
4.845057008363461648e+01 6.112364819858843168e-01 5.252353248359622473e-01
3.124851090062173498e+01 9.178195373510942279e-01 6.502989906944318665e-01
3.637405370406599303e+01 4.639676391202393058e-01 5.294992263614838324e-01
4.095759842795787620e+01 7.019845794697008312e-01 7.629692113664341413e-01
3.393552358308718198e+01 8.439512743846947496e-01 5.307960071047813644e-01
4.172704213243435589e+01 4.980191330275534067e-01 4.063999507500276054e-01
3.301756172063551986e+01 7.200440955355885686e-01 6.788753048761784203e-01
2.963670602531641407e+01 8.968117319467902027e-01 5.730074374722037289e-01
2.866198087461483013e+01 8.452973584576477517e-01 6.318188266402759989e-01
4.056724866142383945e+01 8.546582708486637481e-01 3.211498134199297083e-01
3.200615295084178058e+01 6.967702577733992930e-01 3.446726967187124790e-01
3.228085455000476856e+01 8.299842865997570929e-01 6.126030963449916600e-01
3.704645888226298922e+01 9.490897486077474188e-01 3.987448075586395024e-01
3.981842474216970373e+01 6.382049321749289073e-01 6.192488130178781525e-01
3.334924839282194853e+01 6.280978161477900334e-01 6.702922459862526994e-01
3.649421756598129463e+01 7.630451027825773114e-01 5.271677464857412732e-01
3.739692738996193100e+01 9.743614200024651728e-01 4.082167353175596980e-01
3.884938939199649610e+01 8.567424330708739433e-01 4.436750970287954288e-01
4.203610527363785820e+01 9.292906676733856397e-01 5.814025958701071195e-01
3.430255742563807075e+01 7.178212361948645981e-01 6.464974403857998153e-01
3.008870570641893138e+01 9.332530356174931763e-01 6.826056425949712514e-01
3.677459802936963484e+01 6.834564420024905607e-01 6.428363391423203010e-01
3.685828629483683727e+01 9.754889516206339817e-01 2.812606267756771472e-01
3.954607838186955604e+01 5.204541381469424133e-01 5.340193132225331540e-01
3.786517189375782522e+01 8.526646991137667442e-01 5.825136135161274042e-01
3.791324020808108486e+01 6.870775426129919206e-01 5.338884695907502032e-01
2.675722884369791998e+01 9.198443763124779515e-01 5.132255749098796338e-01
3.074803643708044731e+01 9.182415557110079618e-01 7.771802148023138068e-01
3.290723979014210698e+01 9.075501715032083805e-01 7.145852511428868459e-01
3.757767120527756077e+01 5.584478013788921613e-01 6.292789850000438667e-01
4.193752676569324223e+01 9.500071830592952127e-01 2.896704734682735149e-01
3.952750319881204888e+01 6.801621450701490490e-01 6.936181287061898848e-01
2.808333968148730264e+01 9.706284283320844031e-01 4.464925276240730989e-01
3.750391966126193211e+01 9.743737518038948497e-01 4.166565382998764777e-01
3.279445316757870899e+01 9.017225521643084107e-01 6.356389516819120900e-01
3.343208654931351731e+01 9.805973193413566324e-01 7.539832553826667505e-01
3.678773691223651099e+01 6.979894887561999273e-01 6.241183615762582182e-01
3.076167707214456826e+01 9.917051115356083635e-01 8.282859503433153137e-01
3.447923012468121584e+01 6.498323511850045975e-01 7.146817601846499057e-01
3.234808008045308725e+01 6.390516905028612582e-01 9.533882024170795555e-01
4.694964751922928059e+01 4.243470414821832737e-01 5.103940444058970849e-01
3.231429590951459119e+01 9.355353681974494240e-01 4.607168954624158985e-01
4.952243685735130896e+01 6.248319004405086252e-01 4.086694118252875429e-01
4.542762316171526038e+01 5.468937333939376533e-01 5.705904256978525657e-01
2.802533732578898551e+01 8.461021754602618961e-01 8.473688790306989072e-01
3.290413051291566404e+01 8.833741836819405391e-01 3.969720908430380280e-01
4.047819890707950208e+01 5.877502137060814924e-01 7.583504187868337354e-01
3.889959687581416858e+01 9.512810628011524328e-01 4.519786459565423020e-01
2.993891199401375403e+01 7.557361112144962423e-01 7.769218871626695222e-01
3.574312950081403528e+01 8.019837149636358520e-01 7.548330511622244332e-01
4.693688683450315580e+01 5.173053838171085550e-01 6.110926842385340230e-01
4.351600345106281509e+01 6.204699642258214576e-01 4.048119577145345427e-01
3.634442785608653281e+01 7.973173939369737617e-01 4.828214166253482764e-01
3.427900198532541509e+01 6.667697630819976462e-01 8.173712299637301282e-01
3.413970020903030189e+01 9.345732639170147849e-01 4.916541354551763332e-01
3.047433450236535180e+01 9.825596696119608398e-01 6.593454402121584623e-01
3.114921765733325643e+01 9.658163180465347830e-01 5.946751069783557941e-01
3.891792517267912643e+01 8.237025960362125421e-01 6.850653447999703882e-01
3.872414012257507210e+01 8.201708243226389916e-01 5.333124199027824419e-01
3.222440136803226807e+01 9.788893077092142292e-01 7.337346429474270737e-01
3.723656235023965877e+01 5.364926946162523747e-01 4.195041825513686762e-01
3.171564211885651119e+01 9.082647028525624444e-01 6.081444546782803773e-01
3.226500648897049928e+01 7.994438208109186927e-01 7.192189940814711635e-01
3.296383152764173730e+01 8.488177360660837945e-01 6.189811234549157382e-01
3.432927592822226615e+01 8.749437802264201647e-01 4.985226926300621586e-01
3.327296012438284833e+01 7.575032724669426010e-01 7.061861279483312437e-01
3.576337485848406317e+01 9.348912458662738123e-01 5.499606572182890174e-01
3.046971936531681280e+01 9.843430908915572486e-01 5.787771598171339571e-01
3.093226382778047423e+01 7.578673302618768037e-01 5.706264265199771923e-01
3.769569064742920972e+01 7.060016834146742859e-01 6.271052989496807006e-01
4.377542539434359981e+01 7.955446855070168466e-01 4.094250471400852076e-01
3.025532728180716902e+01 8.051292660399869128e-01 5.367887964629138864e-01
3.947353397322420676e+01 9.377590825338744107e-01 6.155367047515248879e-01
3.196233140571779074e+01 9.519491787145728523e-01 4.770555814822228791e-01
3.086414223311270888e+01 8.757290570136236907e-01 7.046308496970007385e-01
2.929553583406597284e+01 8.433065414956584238e-01 6.397852311729734787e-01
3.859274489589836321e+01 5.829951114073175233e-01 4.492997881045896480e-01
3.489425909756734256e+01 5.389672057583682063e-01 7.658854090498737888e-01
3.492847458556745011e+01 9.623158050765028282e-01 5.054076544678787197e-01
3.682044583004321936e+01 6.888995188287254656e-01 6.801263973160153187e-01
3.319744581709402098e+01 8.809947818684834564e-01 3.571543500133006477e-01
3.802781527290433417e+01 7.794213857209341123e-01 6.108428938237441264e-01
3.268693738082013311e+01 7.839384658916322968e-01 4.457828351863249439e-01
3.083079470995973281e+01 7.371541782044243041e-01 7.394619407158974367e-01
3.611864706540155368e+01 7.940314313429546189e-01 6.117276179971664618e-01
3.743651758069225366e+01 8.642611569705798136e-01 3.470294850824507393e-01
3.072392436233840840e+01 9.585576920832975523e-01 7.294143603976743773e-01
3.949617508256390863e+01 9.112238430978699677e-01 5.226961819538284981e-01
3.517578445902046980e+01 8.497097437352645333e-01 6.856869551574225063e-01
3.186687722229896735e+01 8.691073568716084496e-01 3.954025268871956267e-01
4.032430589407405108e+01 5.247478458162377901e-01 5.656707437406400807e-01
3.215170534986610562e+01 8.240574565965749221e-01 5.905441233527900513e-01
5.067893327110335377e+01 5.079978216570674165e-01 6.116149596733964078e-01
3.577865611370732069e+01 8.807404839469541447e-01 4.531447417914971632e-01
4.333386459019465775e+01 5.136047371444211196e-01 4.642254181584633543e-01
2.971089650669773619e+01 8.606977177555789060e-01 5.823803562912225340e-01
3.394591785353456004e+01 9.109831243983146365e-01 5.117678721023761756e-01
3.147886887014456292e+01 9.416702490877959519e-01 7.868876811310180353e-01
3.559119447695374561e+01 9.819859325590235555e-01 4.517622338710123864e-01
4.157793477141821370e+01 5.755939806827214955e-01 6.063497229283342227e-01
3.960265557682169657e+01 5.416451267170437900e-01 7.717044217879442947e-01
4.519792656324263902e+01 5.836300348493460577e-01 5.534770804531047306e-01
2.947025896236502263e+01 9.126335757863488496e-01 7.076470914038208715e-01
3.866776151033796083e+01 6.852776711320310854e-01 5.740788093907958078e-01
3.800275607825955149e+01 6.722360930022249770e-01 5.780379422088086638e-01
3.345163618622299850e+01 9.092706793228280127e-01 3.717826459830699259e-01
3.004047049551412840e+01 9.315941584332063652e-01 8.023720370187020778e-01
3.893864380137691938e+01 6.174010265990150792e-01 5.323517250462145300e-01
4.065929380711963148e+01 5.443613343843688446e-01 5.225842409776375597e-01
3.743685578918314150e+01 9.495447545225288444e-01 3.859594217042052189e-01
3.066952818845453166e+01 9.143165816194316342e-01 6.684055811221288890e-01
4.218172080001686908e+01 5.503248198842840555e-01 6.873309255788241368e-01
3.445188593948601152e+01 8.508433187622389537e-01 5.499749155618118834e-01
2.977963715426586333e+01 9.497564162755272044e-01 8.182175531391164824e-01
4.392053465880989194e+01 7.214407149017268983e-01 4.821070259203412700e-01
2.962544545658150597e+01 9.762089411368980452e-01 7.436944897827303391e-01
3.748694860984012678e+01 8.848997651253612817e-01 5.508930482738467749e-01
3.651528190004955832e+01 6.742019837511081803e-01 5.593472934388799001e-01
3.329724095542856332e+01 9.870107672757824080e-01 4.805426391330713254e-01
3.647663810738220036e+01 8.881069273811228459e-01 3.821708527956840795e-01
3.956454848964571624e+01 4.886392180376967764e-01 5.367102702034254325e-01
3.994415226555742038e+01 7.046412940183975904e-01 3.741587413116685967e-01
3.492435766897490623e+01 7.722739351714216216e-01 6.201977581470820011e-01
3.873469570998583578e+01 9.254995326231332253e-01 4.496483571322867911e-01
3.944044610207427581e+01 5.845897287059843572e-01 7.350938887174743863e-01
4.439438493531905294e+01 4.364178991737037716e-01 5.399376767941402866e-01
3.921579953735382418e+01 4.865066140001524930e-01 5.318076058294091135e-01
3.622805903196830002e+01 7.020844677710128545e-01 6.391524577013377728e-01
3.733948566689464599e+01 6.575879312435234381e-01 7.216039495957577987e-01
3.438519778335054866e+01 9.445931577203932061e-01 5.953193971901825643e-01
3.468809791433110234e+01 7.500536244280668896e-01 5.816103879634688667e-01
4.548838565322923699e+01 5.111321510217418096e-01 3.712895303764595645e-01
2.952696427205430396e+01 8.961862915126235229e-01 1.027056267909244758e+00
3.458559222829551061e+01 9.833023120676676054e-01 4.076481524052051331e-01
3.442678841614056751e+01 9.224343960326824021e-01 5.122520396236378559e-01
3.607219313246086045e+01 9.402178233324075540e-01 3.785562418507591453e-01
3.576486562013464265e+01 6.593989325081872632e-01 9.030401154836984468e-01
4.502979136855066145e+01 6.530107133389996266e-01 5.719848093597403871e-01
2.794191813075908115e+01 9.312108783062910122e-01 5.655600590943257178e-01
3.409740236743267872e+01 6.812981024940051311e-01 6.156098756841396069e-01
3.417755424009358478e+01 9.075501715032083805e-01 6.508573903106036340e-01
3.816117060086217094e+01 7.346687188874814201e-01 6.754698032915023020e-01
5.132785088254308903e+01 3.442876833585230556e-01 7.544575596214453395e-01
3.549010143574100340e+01 8.073639019751498447e-01 6.747133030209957472e-01
3.462862919474822121e+01 7.154258323002731235e-01 4.430622627007900216e-01
4.096388685236064475e+01 6.166534093970730268e-01 6.354573539727292886e-01
3.448177364762240416e+01 9.145439833804508423e-01 3.344511935560709470e-01
4.063208652250537511e+01 8.194451691384252445e-01 4.018208975916480741e-01
3.642542327795370483e+01 6.619471858286541943e-01 6.821042142037141431e-01
3.670120353882210651e+01 7.991450484511213315e-01 5.666642359338106560e-01
3.063344962552524819e+01 9.016716767023803536e-01 9.547415890799558769e-01
3.378286330044252850e+01 8.848170780807435021e-01 6.111969703671327192e-01
3.903174897931450005e+01 5.763263900366191184e-01 4.044551277743628770e-01
3.429923874997700750e+01 9.485694545320068061e-01 6.492658164326726711e-01
3.655687214900527948e+01 6.067440370427056306e-01 7.313630318813321152e-01
3.468786186995294685e+01 8.166170059476391963e-01 5.593457504757228804e-01
2.860958841315318324e+01 8.963407908742911934e-01 6.612049538660914605e-01
3.800089433320277266e+01 6.951182914834584947e-01 7.691151795146168313e-01
3.390947060040951300e+01 9.025365812087463580e-01 5.800462835699043973e-01
3.126276781800877558e+01 8.996918476451930546e-01 5.941338364574233477e-01
3.750949748002025075e+01 6.550877188562131970e-01 5.659986389124049833e-01
3.259534666542892722e+01 9.519491787145728523e-01 4.483705445621699592e-01
3.540899672052237435e+01 8.152438977951823595e-01 5.908249941279046791e-01
3.695061362578308461e+01 7.949840046987486364e-01 4.888005259434757832e-01
3.559716979444343110e+01 6.869442943575607696e-01 5.269627701830573718e-01
3.762606302382987877e+01 7.796775268332279962e-01 4.245756449738717908e-01
3.582446554288375751e+01 6.619219695811612292e-01 5.261898027355421670e-01
3.041839651820122015e+01 9.151653858400076169e-01 6.341298914377963003e-01
2.654575524767761152e+01 9.770502239155778312e-01 8.078289561642242322e-01
3.678628222151016303e+01 6.732771640869823493e-01 7.059988454963702642e-01
5.229484115896610064e+01 2.731235032641967098e-01 4.000854649779675976e-01
4.199314215662181482e+01 6.461291118311843773e-01 3.933177179687111780e-01
4.262369231241547851e+01 7.276967202277733193e-01 3.216572507865769204e-01
4.302708155462428152e+01 4.849578230674310153e-01 7.595257978138060251e-01
3.091828395521372741e+01 9.206599626406239967e-01 3.629267090321187661e-01
3.083202151800104929e+01 8.177223354151992307e-01 4.831557824809390445e-01
3.741189399226501422e+01 6.739317009491414545e-01 3.919358108618241077e-01
3.448863696826224157e+01 7.206126982317472285e-01 6.527296527390726855e-01
3.114550169872796914e+01 8.448929790516660487e-01 5.021985663474107797e-01
4.119266148980207731e+01 6.336047973401949251e-01 5.551029645379632615e-01
4.041345187898791380e+01 9.424300377174291699e-01 5.763520075136776555e-01
3.857216830102976957e+01 8.283919862140549650e-01 3.910648367301542416e-01
4.261091247991127062e+01 8.920333638847264268e-01 6.981574622255231066e-01
4.614206112839503504e+01 8.147728434612342419e-01 3.809297513324225171e-01
4.009310118909651521e+01 5.782404234125883002e-01 7.310162582004037235e-01
2.832273092900308598e+01 9.929625215783696168e-01 8.045650374647328462e-01
3.109220410804896062e+01 9.933625322968243632e-01 6.325642538432827422e-01
3.963079870867640864e+01 5.071774924628633663e-01 5.419928689608025651e-01
3.436254098505057897e+01 8.275170641431941476e-01 7.954999610430929513e-01
3.041408940102488501e+01 6.913691295552253369e-01 7.941835535658405831e-01
3.587080162143888629e+01 6.498550243661584958e-01 3.873665140021961828e-01
3.177161214295646730e+01 7.021727253500770205e-01 6.648740631100327203e-01
2.996404666223398650e+01 8.385202340485633510e-01 9.267187990587560931e-01
2.912011490966370886e+01 9.457291967890255613e-01 7.354647863435792576e-01
4.053891516139251650e+01 6.203074198746663104e-01 5.975615465328938392e-01
3.659560962545948826e+01 7.579027083106230078e-01 5.087969175839825997e-01
3.615449513278576177e+01 7.797398008279677883e-01 6.569030982174376421e-01
3.781377250655817335e+01 5.165871945711216773e-01 5.401003163569506604e-01
3.951843451315371425e+01 7.754441588909730676e-01 5.102651644799949260e-01
3.086796073341961844e+01 9.257338582684682127e-01 6.288648425538510001e-01
3.841613818272048064e+01 9.365272271526675629e-01 4.241486934417739718e-01
3.944612177488779992e+01 6.476896229550308526e-01 4.314331158391959131e-01
3.943547911020186802e+01 8.350608837225782510e-01 5.365837658689429635e-01
4.210064213561599900e+01 6.273311013462088415e-01 5.148901243490933144e-01
3.255899617910122146e+01 8.410812947961594510e-01 7.849839927590883670e-01
4.186023188805040718e+01 6.850037695725309517e-01 6.013797099661035706e-01
3.251450779613457343e+01 9.646651646374519995e-01 5.164365184043065993e-01
3.955336890447389919e+01 9.729907804048220088e-01 5.534870910338524075e-01
5.359031480987758300e+01 2.945614379583156861e-01 4.289484447269090173e-01
3.571170298849166613e+01 9.322487811537020219e-01 3.304706867469047737e-01
3.350717009373433797e+01 6.431384953280848693e-01 4.658528566452866948e-01
3.710630603868372646e+01 6.131455355689837683e-01 7.094992137959027501e-01
4.175172795958577865e+01 7.404072465260347347e-01 4.996771645142036866e-01
3.064760580495792652e+01 9.543961242677292400e-01 5.719834138628285825e-01
6.028382903727174380e+01 3.749955454084468176e-01 3.419796700369193143e-01
3.196387825132892146e+01 9.947354700850582487e-01 5.257187071150367652e-01
3.178005328683997632e+01 9.960001131316732481e-01 3.929178028889850349e-01
3.766547073054225336e+01 9.093671063379259456e-01 4.572230728950671952e-01
3.537285354996783582e+01 5.863849509763461310e-01 7.251910116269228990e-01
5.771121399098217353e+01 6.455363262549490555e-01 4.511224805128161708e-01
3.899687532712533056e+01 5.071774924628633663e-01 5.670591165926823773e-01
4.367743584332232842e+01 5.512957240222379207e-01 4.101077320777800628e-01
5.153117477695716531e+01 5.287419699015504237e-01 5.843266207955224445e-01
4.060180694238398758e+01 7.322994679067762469e-01 3.555486355102693286e-01
3.522061091130939303e+01 6.486001566080813463e-01 7.648469856620416785e-01
3.441515231374770423e+01 7.773928919743227084e-01 6.764763809269064287e-01
3.205647793334854612e+01 9.405303977257966075e-01 6.566020793181002180e-01
3.119550906647300437e+01 9.824435629952508187e-01 5.945914167966521724e-01
3.253053937059686973e+01 9.620093676434570140e-01 4.647308013302622887e-01
3.480266427852539124e+01 8.080772363769266331e-01 6.472216477798062861e-01
3.279285552395934644e+01 9.321251056344194152e-01 7.404101011667288956e-01
3.916651488288031402e+01 7.470010779177231885e-01 3.838791927767764567e-01
4.244236578125095605e+01 5.297188484113470874e-01 7.135982563942822043e-01
4.279450088077813064e+01 8.989106668853893423e-01 4.093815971362562700e-01
3.131610955144435593e+01 8.524590568345213892e-01 5.921527837962350382e-01
3.210483749871544035e+01 8.962669356658147235e-01 7.058788726836355831e-01
4.032835108776002642e+01 8.523052302198739216e-01 4.576130542029808734e-01
4.130055428146770424e+01 6.144958556199228150e-01 7.239603012289098638e-01
3.917522636101929123e+01 6.617481241102707301e-01 4.163356833901990517e-01
3.770874120882125169e+01 8.246081393676845117e-01 3.739824862644778869e-01
4.952511693522041014e+01 6.523418188620905278e-01 4.104838579456674408e-01
3.798897871011287464e+01 8.011500651977250254e-01 4.397638961912878619e-01
4.045587283296712400e+01 9.397518701052307577e-01 1.626855807612090921e-01
3.326234022536110047e+01 7.824425989899199685e-01 6.307760257542468496e-01
3.523201075704053409e+01 7.526401707368057803e-01 5.476541028559855917e-01
3.735627874296596218e+01 6.558921694009024472e-01 7.507193489478555248e-01
3.659248475287428448e+01 8.194391222715198264e-01 4.619768064752111103e-01
3.737269291102764157e+01 5.242080208573761668e-01 4.756400650948859887e-01
3.413251726152902421e+01 9.062898662092961910e-01 5.046795583953747055e-01
3.758424993746906750e+01 9.494590007233636442e-01 4.565004780214142466e-01
3.409955263079694987e+01 7.787634492777999462e-01 5.499542053307214795e-01
3.595790478847487037e+01 6.294878148549900576e-01 7.541264256369165642e-01
3.181706036426295015e+01 9.147981084445742095e-01 8.670360592684532852e-01
4.243009849616266393e+01 9.152750157313790380e-01 4.611587103811920496e-01
3.383854466286462781e+01 9.072475687205483474e-01 7.046720115981707222e-01
3.586727005556888059e+01 7.139415569500080494e-01 2.993605291898711052e-01
3.878898662381698870e+01 8.618879977851404695e-01 5.412952800187615932e-01
3.735801582985084224e+01 5.201457093167772827e-01 5.770111900034288199e-01
3.191667291185065025e+01 7.532159165596166162e-01 6.487968888655899491e-01
3.622556558370320090e+01 7.689254904411497726e-01 6.237813834565065774e-01
3.555234181752420852e+01 8.344820801918242381e-01 4.570984174793658039e-01
3.857859355829528880e+01 7.330770555233846464e-01 5.543898693296424041e-01
2.608333086741263784e+01 9.815491550480831551e-01 7.457629637666334244e-01
2.598463675462818046e+01 9.890675260936675484e-01 7.767828134744552138e-01
3.757515220510070009e+01 9.088841388453535730e-01 3.571616615588193988e-01
3.624324268716342345e+01 6.675081316338313808e-01 7.375240825872309003e-01
3.208736868768838235e+01 9.374006072745284524e-01 7.450413757823738381e-01
3.783209862870755558e+01 5.965341305576513653e-01 5.095951604615244213e-01
4.186236662618510707e+01 6.486479977235505290e-01 2.923730634511972903e-01
3.452117792309091726e+01 7.093597199754123617e-01 7.301813435528378138e-01
4.097264924731800306e+01 6.805203304545679455e-01 3.720908467660274388e-01
3.597591869584165636e+01 8.873287950567765314e-01 3.863121167706207726e-01
3.331585163993496224e+01 7.731065511345801555e-01 7.196417074725525165e-01
3.617705138532539877e+01 9.602761129930349471e-01 5.690451771596042319e-01
2.975810892530186536e+01 9.051388478526124493e-01 6.440397850147906444e-01
3.576453341718976731e+01 6.708836391530765830e-01 5.165027981025378523e-01
3.169417030575891658e+01 8.461845148495241720e-01 6.905338263505312879e-01
4.932431829448319860e+01 3.640096875814617383e-01 4.583410675955633673e-01
5.345940187695305212e+01 5.575137679741670738e-01 3.478909129184398763e-01
4.880698637908699311e+01 2.690994199951127208e-01 3.978661060956956153e-01
3.064779148172081236e+01 9.192620085352002368e-01 6.846070631481961932e-01
3.856288242987114501e+01 8.564119193900542326e-01 8.652222154504631835e-01
4.255799875867246129e+01 5.559042210097887571e-01 5.281639385533153375e-01
4.202399886399290807e+01 5.284999070889312422e-01 5.843279506902672171e-01
4.140609564241704277e+01 7.638165644384642405e-01 4.039605062508754840e-01
3.756077650717915617e+01 9.620569681506961901e-01 4.403729909486653882e-01
2.428147388017721298e+01 9.921417969360000200e-01 6.045175919821740296e-01
3.563812318084742259e+01 8.678702522026814359e-01 4.958961707795615514e-01
3.765130508833408385e+01 8.636998481189261945e-01 5.789748020824964092e-01
4.956163564433818891e+01 5.060885128562403468e-01 7.310703507784855892e-01
3.703744980512737328e+01 4.995240260535591115e-01 6.025992694503194969e-01
3.428828968076253858e+01 7.337252205719726472e-01 6.289127139326564642e-01
2.804057473633878672e+01 9.846947713182807593e-01 6.787108838749187356e-01
3.906174255002598983e+01 7.980637193048502054e-01 4.383674493795107763e-01
4.474906963781319291e+01 7.373928181143315497e-01 4.343665582214029652e-01
2.984960120491741975e+01 9.758302391858794111e-01 5.794785557213086857e-01
3.255601168328154671e+01 8.306879858441971187e-01 6.214679031801807474e-01
3.070481473554809781e+01 9.407167452842551958e-01 6.589693648607752863e-01
3.528813872397844875e+01 8.306265757713655606e-01 6.006355121705312383e-01
3.048303632142353692e+01 9.216646573051390234e-01 8.068962822213970876e-01
3.990334486395506985e+01 5.433761138629964460e-01 3.270819571778448842e-01
3.824014596409863032e+01 7.760009078058262011e-01 5.725935789172528212e-01
3.248210204709307192e+01 8.823050906035445617e-01 6.810807970750399898e-01
3.128769192765124885e+01 8.694244503739829710e-01 7.489430069349264363e-01
3.946822157309180312e+01 9.030273219783560013e-01 3.084278171582839345e-01
2.689863883627581842e+01 9.858199245662238042e-01 6.933013330984654221e-01
4.529448651144200966e+01 5.574620206343171569e-01 3.897336706554483943e-01
3.566464479519936503e+01 7.938634202173187049e-01 6.460566013516587658e-01
4.053089001068401842e+01 7.426224528316336393e-01 5.561016050566508495e-01
3.410802373921356434e+01 8.610584903493290199e-01 8.427563989214349460e-01
3.087536936437381385e+01 8.703270264922313704e-01 7.328909127719223093e-01
4.964531106526966653e+01 5.201915864180692850e-01 4.272480014647104252e-01
3.953641278893703515e+01 8.402230215906099087e-01 3.168942078267845686e-01
3.813225703722440585e+01 9.686280755368735784e-01 6.105671883006451583e-01
3.818262111857312391e+01 7.264112164664099369e-01 5.739266514306233802e-01
3.417036008269032266e+01 6.896736383397473746e-01 6.824754219995212701e-01
4.711352570338878110e+01 4.139805180731930268e-01 3.517017257619370896e-01
3.547294994615509012e+01 9.406704627935772445e-01 4.392464420775856193e-01
4.410986873767193117e+01 4.731532057059320007e-01 7.488722412387641691e-01
3.529167485613393040e+01 7.326840021076399534e-01 6.119460250017698666e-01
3.782027242660367961e+01 5.404547708899677394e-01 9.011301449384309104e-01
3.980630307966108461e+01 9.917651445653088427e-01 4.881094052229767444e-01
3.179124151777940455e+01 6.115026070783573520e-01 5.496501126716976104e-01
4.367687841416183403e+01 6.141805796293635655e-01 6.341690750696405976e-01
4.170107823987125784e+01 6.855845113676489744e-01 4.482455741937299010e-01
2.693808957400004189e+01 9.574134786934556107e-01 5.579443332353638541e-01
3.702036744717364769e+01 9.356843484834104219e-01 6.267571651182459735e-01
3.644816495595262040e+01 6.075033332177177670e-01 7.410328085566977308e-01
3.763997625824733007e+01 7.712202937405465697e-01 5.025975205711663563e-01
4.104067060519042087e+01 9.565214173586600310e-01 3.235361946822157275e-01
4.013383566463633656e+01 6.188981355039069321e-01 6.778489991011472648e-01
4.420591905533708399e+01 8.356124482435820511e-01 5.628032054603149259e-01
3.330702062137321917e+01 7.862635250871651271e-01 7.010036906046193117e-01
3.862385574759515805e+01 7.075701856856375649e-01 6.214695759342819814e-01
3.913239964287757999e+01 8.604849525467453963e-01 9.472500969888546507e-01
4.887827712639833067e+01 4.824817300059356939e-01 4.325186384727112698e-01
3.130642212391195400e+01 9.751565320336004206e-01 5.774954354262989975e-01
3.569163310588063354e+01 7.434176822054303635e-01 7.577801725655171072e-01
4.082237102092035741e+01 5.845871368680344293e-01 3.817122472159705238e-01
2.979723325779522725e+01 9.405874835584879801e-01 6.056979379950729880e-01
3.559745568937650972e+01 7.124829739286322461e-01 7.171070183603505122e-01
5.182185828395175520e+01 4.174814000672428804e-01 5.354740959692998459e-01
3.194093477307641393e+01 9.209255291805183985e-01 6.766508363162068163e-01
3.323492488058645478e+01 7.932112832016814385e-01 6.473162553161126986e-01
3.106863981356724480e+01 9.606837794729420343e-01 6.632685341259783041e-01
3.936161571810198723e+01 5.933638688148096252e-01 5.825934190844691551e-01
4.142968886196652534e+01 6.207671426742914500e-01 2.155765438594108574e-01
4.469480403244109112e+01 5.461971160936492931e-01 5.252867861444930897e-01
3.473124858168156948e+01 8.642525010626957993e-01 5.099401876286051571e-01
4.363996398114822028e+01 7.477710363716373321e-01 3.767903205867664806e-01
4.291593406447320547e+01 5.588548089836962163e-01 7.809954429786730712e-01
4.114747747185892024e+01 5.228463670048039136e-01 5.264479588804897858e-01
3.156617179590215372e+01 7.143328487508598945e-01 5.666853212279622243e-01
3.164545978403006998e+01 8.247519959470370754e-01 6.159942800327812273e-01
3.791876804926099709e+01 8.420981070223193532e-01 4.372483813081615711e-01
2.367368737042614768e+01 8.397918985327326169e-01 6.728532137951909187e-01
3.828510707970664129e+01 7.030907995326919346e-01 3.630138709383454176e-01
4.096034330016351532e+01 5.555772565604428781e-01 9.785184271069444772e-01
3.377822148213704878e+01 8.656239728917101139e-01 4.201887753435676887e-01
3.768607277526072608e+01 8.467550448349955294e-01 3.758874613764069395e-01
3.526610728287658958e+01 8.898694438137672025e-01 4.551100462657653445e-01
3.786348716219197286e+01 9.182415557110079618e-01 4.432057397651624764e-01
2.903102535691398955e+01 9.857791640132476108e-01 9.119890984760042896e-01
2.953002957905114201e+01 9.002725572351936156e-01 5.671872889971903975e-01
3.484370731886271244e+01 6.973429819568134347e-01 6.023852309703759955e-01
5.439988157906663702e+01 3.430160688251534529e-01 6.061963641042759088e-01
3.611077602133146769e+01 6.303756932856522388e-01 4.184993966826225376e-01
3.298426977537457105e+01 7.585288784271418949e-01 3.831015302348597662e-01
4.141693392476555147e+01 6.141410729150155179e-01 6.724767730471762350e-01
3.755251784790688419e+01 8.471682811901584120e-01 4.736354623178610224e-01
3.782099376023908377e+01 8.404249707376829637e-01 7.382741557974443758e-01
3.030321874560009121e+01 9.320208789331908550e-01 5.559313152780496203e-01
3.057212505419260040e+01 9.679663299025828005e-01 6.170801314061820086e-01
3.543565219344935713e+01 7.943341366992701102e-01 8.392830092188482416e-01
3.000706761569352210e+01 8.737769999866858983e-01 6.069462907059053336e-01
4.756360113878182716e+01 6.386943624603863556e-01 4.434488212882689018e-01
3.532017491810698573e+01 8.529521615437694049e-01 4.878159330139711369e-01
2.812932378849708215e+01 7.597361633072959863e-01 6.985244067451770178e-01
3.924900382924501230e+01 8.183963586760050202e-01 5.529091710242377555e-01
2.844626258488101911e+01 7.927400982216180614e-01 6.118464020777714119e-01
4.002977192205827350e+01 8.123065060483597444e-01 2.781826261619417817e-01
4.228733858293317383e+01 5.286332022342834502e-01 5.505826849662166511e-01
3.777697663333820088e+01 8.726015127528813364e-01 4.648688945415477280e-01
3.022765176983901725e+01 8.190628835937727725e-01 8.882643426821499322e-01
3.137790094643583672e+01 6.982745597128691140e-01 6.220275883617122359e-01
3.337259337969616269e+01 9.429097448404452075e-01 6.153314303945413011e-01
3.798507831700354131e+01 8.536801252923353900e-01 5.621320431354283054e-01
3.020306299958333085e+01 9.007509418235828402e-01 6.455677690930106127e-01
3.742917312722926937e+01 6.377172798128746267e-01 6.210967523580884775e-01
3.489460001961333546e+01 9.083912012658426072e-01 4.333544723793118503e-01
2.724404127379122187e+01 9.909856151689403481e-01 9.880713164278208671e-01
3.413593113137575585e+01 6.745710648456162417e-01 5.384609196064853442e-01
2.728772922369007858e+01 9.170621713516091678e-01 8.389132928084026553e-01
3.347686110889925715e+01 6.925480447372927006e-01 5.603551907115328357e-01
3.139177393074180955e+01 8.356734554698699302e-01 1.007058159217291138e+00
2.869837640204191231e+01 9.368913971802491636e-01 6.072485200493131785e-01
3.690277589005359005e+01 9.209255291805183985e-01 4.512131867682708797e-01
3.539194335768537769e+01 7.292609267421573671e-01 5.598737385527540189e-01
3.497203452241407717e+01 8.121374303205300960e-01 4.993385919939464235e-01
6.185488140807527202e+01 1.937421135973836639e-01 3.718385690562820978e-01
3.988366497671423616e+01 4.721989230137592086e-01 4.924096377489854404e-01
3.634307079565741816e+01 7.599205287122977603e-01 8.124729847503919800e-01
2.836442775210083411e+01 9.053618497918095587e-01 7.255726583933940210e-01
3.280883137178139464e+01 9.597589799309456104e-01 6.502784383404933699e-01
3.765596758659093979e+01 6.609778427913376442e-01 6.967017207320725936e-01
3.337995925043178147e+01 8.914438321599742476e-01 6.624291414999913252e-01
3.292190694658521721e+01 9.331113251529438157e-01 5.299908380679202446e-01
2.934353447565173667e+01 9.236189010600124316e-01 6.497961770818599936e-01
3.884303227598334729e+01 8.518446119607212541e-01 4.646535727638356761e-01
3.254603073039709926e+01 8.063194244098246255e-01 5.095614702444715149e-01
3.487232755374731141e+01 8.675463715721436486e-01 5.655998560994592861e-01
3.439466213643434855e+01 8.911028617298512033e-01 5.343677106249669073e-01
3.619394108762207907e+01 7.900449351989358160e-01 6.043832822576743480e-01
3.507527206254903973e+01 9.673571583409168451e-01 3.985910618888279799e-01
3.626060240199158358e+01 7.994438208109186927e-01 5.297763502393806334e-01
3.539302381039043865e+01 8.848997651253612817e-01 6.426471021934035965e-01
3.526707669406161472e+01 9.610148237387371450e-01 3.836609261185720543e-01
4.661512797065961422e+01 4.556272681192111151e-01 8.854276245968722980e-01
2.833222839443731189e+01 9.340352260558811848e-01 6.753439700958859815e-01
3.273798313378873814e+01 8.836540147084650521e-01 7.325729189914133022e-01
4.322691304562503944e+01 4.067801052526773264e-01 7.149563958396716323e-01
4.423340931774519191e+01 6.486573849691330551e-01 4.764119023898252259e-01
3.469492682409028816e+01 8.263664152768634974e-01 7.383993142801921206e-01
3.659750773691479253e+01 8.076237670515891143e-01 5.872255951846658828e-01
3.059477606528544769e+01 7.007021818764950227e-01 6.134638114253325725e-01
3.408308623697791262e+01 8.036772684791541055e-01 5.938240047365107577e-01
4.408965167109346339e+01 8.291718132737257996e-01 3.720253326396882332e-01
3.396342436848980384e+01 6.225960545975111060e-01 7.072407473080219997e-01
4.141456279316368949e+01 5.844376455247815016e-01 6.052760071868767966e-01
2.869283367321762412e+01 8.302260177996806378e-01 1.076345532076515177e+00
3.418311565042919398e+01 9.789755675471244478e-01 6.429384487453781993e-01
3.280957763365362467e+01 7.967277539817740895e-01 5.480461701494940829e-01
4.124856447289004535e+01 9.853164721890363964e-01 2.548341902666332315e-01
3.863028369340268853e+01 9.196812270785204024e-01 4.647699832880999304e-01
2.734174141828556159e+01 8.863928858366076913e-01 6.615803399273268992e-01
3.758238265669819356e+01 6.691863437357034039e-01 4.755581227130213917e-01
3.822502661295353477e+01 7.326957852953055461e-01 3.751880811558793716e-01
3.216920299039086473e+01 9.804588412402676090e-01 4.474196334273017883e-01
3.942817165442663452e+01 7.747789675138121446e-01 3.672750913355516400e-01
3.496656146349178584e+01 8.153359685217880237e-01 6.200386777849091757e-01
4.474882349586171415e+01 9.044425699541438490e-01 4.129236047031959456e-01
4.237704702410858459e+01 5.283224640092247792e-01 7.751610195302982564e-01
3.223466739631929556e+01 9.129328683900748143e-01 7.477652338498466111e-01
3.492158370998042471e+01 8.104020931607608391e-01 4.375628956842673722e-01
3.400200440710905525e+01 6.709105328413481617e-01 6.647059779853894401e-01
4.322910022858497570e+01 6.898390569162278219e-01 2.723831564652589021e-01
4.120483843329937201e+01 8.481563609202199538e-01 6.470137872244505761e-01
2.868616207908730686e+01 8.724104443889334481e-01 6.394623955041228713e-01
2.855370771694930809e+01 8.709407322098321469e-01 6.568887819747796231e-01
3.719954373933944680e+01 5.845897287059843572e-01 8.396160307641226117e-01
3.048662956867485363e+01 8.695357101276562917e-01 7.566226820634336381e-01
3.108334465029466287e+01 7.862986292599626337e-01 7.180552994155905422e-01
3.472934514489293889e+01 8.775709631805166389e-01 6.345991772421311072e-01
3.884406518791993079e+01 8.400612853004435499e-01 3.949431074698896982e-01
4.763052063282756876e+01 6.055001901640765238e-01 6.540227978466068848e-01
3.546884639647763038e+01 9.497564162755272044e-01 5.265751356767319757e-01
4.455620379388587082e+01 5.574620206343171569e-01 4.127611340317510202e-01
3.110489325706113561e+01 8.706490905940778013e-01 7.529676295424053700e-01
3.598363016289643923e+01 6.174010265990150792e-01 6.581900639231436090e-01
3.853831373231094659e+01 9.673279870809835534e-01 3.840524100378570616e-01
3.209395676747245574e+01 9.208108549830451572e-01 5.417469200977188537e-01
3.583730424603079712e+01 8.827017179844566241e-01 6.856486354352581136e-01
3.589746351201653596e+01 8.473453267981976289e-01 4.977769106723073378e-01
3.301340223252241657e+01 7.639643144398133856e-01 4.996327749349117608e-01
3.039348525079669727e+01 9.903949971084760051e-01 6.478635334750609820e-01
4.033598308463916027e+01 4.744442039214917806e-01 7.544408636701774862e-01
3.878609248893398842e+01 6.653467989030393825e-01 6.596307044429778887e-01
3.043804921554534815e+01 8.538501128680537899e-01 7.514129313114353836e-01
3.034345874112873531e+01 9.216646573051390234e-01 8.152078663775661482e-01
2.744498728420322209e+01 8.054315167134016296e-01 5.728241209587132676e-01
3.576418234102012406e+01 9.357467827576667618e-01 6.530103900122806726e-01
4.807101437372828912e+01 4.490415523501796180e-01 4.072531624581435250e-01
3.970020245529156711e+01 8.428801856947570892e-01 4.559069582854475278e-01
4.619508896927492714e+01 8.829398909231964687e-01 3.718231832424730432e-01
4.274331538891267002e+01 7.852793849941154258e-01 3.796181101875003572e-01
2.987013202381432109e+01 8.258872852710597012e-01 6.827924282331740979e-01
3.912848192647873447e+01 5.639201480133302358e-01 6.280445308278479466e-01
4.244352332680998074e+01 4.491613833563611879e-01 7.820566972634687142e-01
3.369843313106465388e+01 7.657799661343758224e-01 5.879518727733018535e-01
4.470553597600888196e+01 5.285270551175733633e-01 5.355202325913026584e-01
3.548456781716046038e+01 4.562190872403363850e-01 5.650555555912091243e-01
3.038637340076695992e+01 7.856721536923414462e-01 8.183541770932556414e-01
3.145559407636166327e+01 8.983542042303266362e-01 6.131549725882400326e-01
3.424732716096498564e+01 9.782804027228083621e-01 3.213922881427245248e-01
3.883302230360924767e+01 7.651817806271885569e-01 8.812542178364028977e-01
3.978476560621319180e+01 7.908700074792045509e-01 6.245213969516647534e-01
3.764760049536328523e+01 8.907493271087305597e-01 5.053937104698104088e-01
4.751897876702896184e+01 5.724337979892757389e-01 4.588210394811524928e-01
4.609193543000376536e+01 6.285172260011073764e-01 3.132237003134901721e-01
4.746384469804674922e+01 3.723941020113203937e-01 6.205530649556788569e-01
3.081538801554031437e+01 7.226765132789197965e-01 5.599393710622126985e-01
3.333536143389648743e+01 7.566963068580949692e-01 8.605967756789436596e-01
3.613608801142292037e+01 7.144091925767159790e-01 8.625762971001158519e-01
3.638173092019592048e+01 7.942061555965627129e-01 8.441369968671817992e-01
3.769931400611550742e+01 7.259967136050708980e-01 5.791134552300587490e-01
2.994399380937696975e+01 9.718661976388720536e-01 1.025314838964757502e+00
3.158183773078620149e+01 8.168862585064419202e-01 6.605399105346639876e-01
4.111580216374603935e+01 4.846060606493468037e-01 4.983414589517801696e-01
2.898794883501217257e+01 8.334613670406109120e-01 6.203078826767315368e-01
4.721051323502535269e+01 3.903230942593567954e-01 3.965906634347690640e-01
3.381879676438529003e+01 8.262465910272909220e-01 4.120043753386317120e-01
3.299891800709590939e+01 8.185302503667337692e-01 5.903399011056995604e-01
4.213903405676254721e+01 8.422347330142714306e-01 4.425381207864865774e-01
2.878207843265359855e+01 8.177223354151992307e-01 5.887904380150764672e-01
4.463014762610004738e+01 6.256372786239534634e-01 4.193570572676014740e-01
4.200462257027272983e+01 7.987119137543542413e-01 3.153579444159083089e-01
3.388161299746269606e+01 8.131485889563454528e-01 5.612286818800896748e-01
2.898239224034190187e+01 9.150914870513615629e-01 6.446662720150143633e-01
3.438913256283488096e+01 9.634334524941283728e-01 5.529333257366009224e-01
3.924508006814961192e+01 8.803865556251694313e-01 2.779380730758867490e-01
4.848954034827491455e+01 3.385011011216306764e-01 3.979297909020401702e-01
4.184252254616577460e+01 8.147728434612342419e-01 5.228275238352918519e-01
3.279757595990006536e+01 7.907080387628162566e-01 8.781140434071178502e-01
3.034636621837707438e+01 9.513097449216667556e-01 5.995257768492028294e-01
3.731224011111762451e+01 6.232913217763155211e-01 3.774062304205239027e-01
4.378976360458987926e+01 8.799043122696210695e-01 4.304905266360981031e-01
3.532401158450517187e+01 9.103859785575716401e-01 4.643468190540905871e-01
3.589357200207437160e+01 7.101240547490973443e-01 6.001439755475076465e-01
4.276727473513053468e+01 5.742300903086120512e-01 5.813981231879765676e-01
3.533407093946775035e+01 6.782699271494614379e-01 5.045611384851312886e-01
3.661160402754399712e+01 4.832646066251464756e-01 4.533385906820484035e-01
3.240949439281511957e+01 8.930539712545065845e-01 5.243956416349584426e-01
4.035027681091764862e+01 8.201111357240725708e-01 3.947907535735211693e-01
5.613945269766716706e+01 3.067525490876020777e-01 3.295993889000228827e-01
3.955390227481801446e+01 6.865233064888325298e-01 3.758932461803577985e-01
3.630473830228909549e+01 8.099565672009465533e-01 5.287258521982134418e-01
3.641882519248063232e+01 9.740927827881652457e-01 4.837006332416370902e-01
4.844055187209717417e+01 4.336113571528894539e-01 5.055386485389895546e-01
3.563817412438819332e+01 6.563500287852619408e-01 5.633313537764318424e-01
3.853619102925998874e+01 5.151926094866643435e-01 4.781063846385500971e-01
5.062650121379734713e+01 8.450452466944375907e-01 2.181678670536394138e-01
4.735444252183098968e+01 5.799192375038854097e-01 2.475320129207544961e-01
3.499670567911313412e+01 9.388562358190756241e-01 7.140331021442619663e-01
3.854619886994444045e+01 8.557671490208837994e-01 6.338493767567380255e-01
3.802403122197319618e+01 6.390094207357385203e-01 5.987578393547655642e-01
3.665070435823153616e+01 6.040142828514906137e-01 4.897935239200032487e-01
3.100657217025872470e+01 8.123940076467570659e-01 7.476443607648177725e-01
3.106414335462434906e+01 7.994438208109186927e-01 7.856797583874912672e-01
3.682476933703049582e+01 7.399970497566891181e-01 4.526606401905489130e-01
3.109039903799300575e+01 7.722676718250085504e-01 6.674573696094502351e-01
3.543400328079999184e+01 5.974926382311427364e-01 6.070685987336840173e-01
3.520010400998117461e+01 7.887664706343251453e-01 3.796142473394347738e-01
3.180003676559589465e+01 6.884021186520948854e-01 5.952274324060647936e-01
3.068336872389760828e+01 8.721934653377694247e-01 5.491568878152175426e-01
2.877569037233757854e+01 8.179495813103559998e-01 7.635294355538205791e-01
3.173402440594223606e+01 7.850716881239269140e-01 7.279919905063116925e-01
3.418297126313303380e+01 7.409239404953246177e-01 4.204551624910345398e-01
3.548722821212093947e+01 7.220416290256395087e-01 4.171852673132240841e-01
4.379478328071360238e+01 9.604810709706803618e-01 2.268231733358297975e-01
4.143485296313261301e+01 7.853175014234842211e-01 4.370522336106841266e-01
3.453314989053696848e+01 9.565475488161063744e-01 3.935350280104933929e-01
3.154556400483506806e+01 9.559188616725392551e-01 4.575146918581899924e-01
3.013748163440619621e+01 7.921200207231654522e-01 7.473868466792882304e-01
3.420259879767896649e+01 8.720710795681021477e-01 5.123553127053671608e-01
3.483543495682200586e+01 6.072490922364903732e-01 4.759187609894122151e-01
3.319987551079315580e+01 7.343662343348115185e-01 7.397919453409443902e-01
3.860019835624947859e+01 6.075556176086449600e-01 7.597706978881973994e-01
3.237131719745067926e+01 7.645824920626637100e-01 6.973867224756353789e-01
5.235640413912391011e+01 5.972016736467387066e-01 3.231533398649332200e-01
5.334149773749003742e+01 6.075928965706941520e-01 4.287379288646513409e-01
4.488966757673639307e+01 7.096499949291684706e-01 4.574221314551433215e-01
4.078819795742926146e+01 8.435485411578581560e-01 5.215598410298470933e-01
3.820276139288697692e+01 8.567919757449984353e-01 4.697044913212488071e-01
3.191640152363960681e+01 6.782699271494614379e-01 6.656724274077122638e-01
2.724401287066097410e+01 9.291738841048240438e-01 5.537698209497652346e-01
3.248179280739571340e+01 7.906893446612222043e-01 7.737185980350840264e-01
3.799983890615872184e+01 9.663805051297843507e-01 5.605164576208037097e-01
3.495210939736652023e+01 9.933135089724334232e-01 4.268851539975346276e-01
3.530579957853887407e+01 9.480318930278740508e-01 5.907406055219059926e-01
3.236219696187001205e+01 9.480318930278740508e-01 7.354312831780848159e-01
3.962151968740983676e+01 6.586264336131684161e-01 5.969373082907186712e-01
3.406717890219404410e+01 8.471292337603197886e-01 4.103700555288887775e-01
4.069383390350161989e+01 8.029735466334482208e-01 4.976652272312869774e-01
3.073477988001144467e+01 9.186533647877935804e-01 6.392587224210580787e-01
3.917907239552335596e+01 9.219626378432691505e-01 4.899673328322610710e-01
3.613749535767228593e+01 9.273863250701840366e-01 5.307683460761897232e-01
2.969047859296346559e+01 9.400467328517716492e-01 8.173422106030919787e-01
3.293634146345087998e+01 7.991672484509901864e-01 4.618458474943000214e-01
4.004815704458147962e+01 5.942060716890373850e-01 8.028363182761915073e-01
3.185765009194832231e+01 9.725803293611822165e-01 8.250601608150249788e-01
4.189483729903171394e+01 8.181902931564826176e-01 4.010527497944626485e-01
3.328884926411264900e+01 8.638343670827199894e-01 5.803735834364042168e-01
3.555127362082654940e+01 8.291718132737257996e-01 7.015457630345672824e-01
3.198923431309629706e+01 8.188820281023102554e-01 5.337818504743996328e-01
3.203380872257945811e+01 7.213663720633007870e-01 6.401003844094075301e-01
3.163992787252449546e+01 7.876614543282637326e-01 5.499216748400009847e-01
4.460807178837203679e+01 6.438281948132262844e-01 4.361730608741478110e-01
3.029886395387871545e+01 9.912111701236580030e-01 6.492111082469537164e-01
3.197070299758270551e+01 8.277612728370977724e-01 6.546604559805827561e-01
5.433885105082497091e+01 4.893033602668596105e-01 3.691671899800036405e-01
5.248001452904984632e+01 5.148143023419229358e-01 4.747564705257187878e-01
2.984414063155740138e+01 8.298554179939019448e-01 8.507966331452568864e-01
3.888215654480720218e+01 5.849889906267889961e-01 5.184497272408880031e-01
4.519061311684500026e+01 4.993099173227201204e-01 5.598555571206502712e-01
3.839884130563828535e+01 8.055434869841701095e-01 5.030788960688041822e-01
2.875714726450406644e+01 7.670744433363966275e-01 7.337066344386509176e-01
2.753839448009809843e+01 8.949532486419826682e-01 5.887710894554712970e-01
4.025994274083973323e+01 5.160597941769303754e-01 8.713932725883583030e-01
3.933604329884757078e+01 7.514034570285098580e-01 5.432255740317041282e-01
4.009520423207131046e+01 8.615913387047281491e-01 4.217332245037713201e-01
4.255603250597258125e+01 4.677768424058976193e-01 5.458137219621566061e-01
3.774537233746928422e+01 5.152379160447571049e-01 6.682847220847409897e-01
3.821960056568097741e+01 9.861128852607258244e-01 4.889008822111453600e-01
4.617131223900830861e+01 4.729460684850695928e-01 7.240991459789138940e-01
4.089541525674285793e+01 8.885961412144620652e-01 2.797598623569610421e-01
3.668742794842693655e+01 6.862646166573472817e-01 5.158833450570246004e-01
3.064093871709600947e+01 7.043918606992196629e-01 6.701499086725795085e-01
3.634659125123344126e+01 9.205247693504463591e-01 9.271351064488886351e-01
3.559377466575901394e+01 6.322762201874680965e-01 6.677303140064186904e-01
2.814863798423989039e+01 9.596403854496537988e-01 5.777829472554244505e-01
3.783293145052164164e+01 7.927410287862506344e-01 8.535229576832890075e-01
3.237992413436373340e+01 7.168872168914647292e-01 6.794747194076029562e-01
3.902781229539384356e+01 9.049834743712403817e-01 6.914404912158252925e-01
3.160249834218994636e+01 7.999178187137756524e-01 8.119974053934819747e-01
3.459767883770220465e+01 9.471664108906387991e-01 5.171707109668675084e-01
3.419279421686519527e+01 7.627520262171606502e-01 8.399577291337235740e-01
3.517887824430257382e+01 7.168872168914647292e-01 5.458498597466610036e-01
3.774874453755069226e+01 7.000076604037325234e-01 6.215340072862627352e-01
4.271500917325435154e+01 6.187795466197771876e-01 5.378035793828072064e-01
6.050950619957652066e+01 3.773903529264582279e-01 6.208612689139150209e-01
4.822855188724327746e+01 2.942390495252470983e-01 3.794793000533285277e-01
4.349406131887447913e+01 5.544459959416443429e-01 7.051076342649332807e-01
3.737417724181271694e+01 7.690538967311980612e-01 4.356957653630875726e-01
4.418554662390657484e+01 5.250104195809548457e-01 5.196737198147461934e-01
3.003828617196914763e+01 9.933145079367922126e-01 5.500740865652280487e-01
3.427497879470261921e+01 9.151067422718204281e-01 7.273161379504706758e-01
3.047349638382392101e+01 9.860514213926871996e-01 7.841751834181052150e-01
3.274392149756507564e+01 9.656807211070955743e-01 7.321556003674655200e-01
3.524222929989583264e+01 7.043918606992196629e-01 4.520920502651421535e-01
3.622642268027129830e+01 9.238618797200374155e-01 3.903986999917263834e-01
4.024870758686550687e+01 6.551181361399444070e-01 6.418809935046281279e-01
3.442661062707219344e+01 7.403024946012642937e-01 6.999204375344297846e-01
3.800165107401819853e+01 9.058568544036099679e-01 4.004201263872305683e-01
4.306528707627073516e+01 6.141410729150155179e-01 6.084615871089275041e-01
3.583586839792992862e+01 7.432650993953708873e-01 3.799848925345608031e-01
4.269660107767398927e+01 8.952509104787510497e-01 5.172344487597583251e-01
3.945626517362228469e+01 7.315240279222493536e-01 4.095971515616725345e-01
4.098058426794354858e+01 5.814801281325697735e-01 5.586520090189358578e-01
3.816885417207323883e+01 7.894380032039431949e-01 3.794164415478476493e-01
5.386033758368947844e+01 6.681184022945697576e-01 2.722185020383266485e-01
3.625822541039573110e+01 8.428523589484223644e-01 5.590611333061110688e-01
3.066744213745710113e+01 8.898531977030561535e-01 7.096141492662286776e-01
3.410787761515901195e+01 8.353461796279878504e-01 6.705699382091079297e-01
4.177678430552987976e+01 4.845641790982473940e-01 4.565425274234305997e-01
3.376888276564721991e+01 7.526335578815221972e-01 7.104807523795182433e-01
3.765796572874876347e+01 9.443255304100559577e-01 4.680214114114028545e-01
3.282122240955824566e+01 4.573978952993585922e-01 5.425879745799950804e-01
3.157009472961130214e+01 7.177634250699849172e-01 1.075218796811213462e+00
3.608338544608871246e+01 8.592927727891758183e-01 8.438433971059607908e-01
3.391269222743942180e+01 8.866650887508482626e-01 9.612030078280168199e-01
3.893517845887341622e+01 9.937618177185576496e-01 3.942950860580387018e-01
3.411591177245931306e+01 7.346580695374530512e-01 5.404899142231384124e-01
3.416437688670003325e+01 8.901494377439453931e-01 5.494508849247486948e-01
3.746276493400594632e+01 7.286798648438286286e-01 4.575405765214874410e-01
4.102222991547978381e+01 7.822132364077529765e-01 4.865609238123927982e-01
3.578966674282649052e+01 6.537482018002731543e-01 6.056730400128217395e-01
3.605435757593213708e+01 8.153283631239053308e-01 6.806539368336921303e-01
4.178518333443248167e+01 7.765333027308563008e-01 5.110824689853563640e-01
4.292398664436536393e+01 5.317324886050756039e-01 7.226091931446045891e-01
3.994546457978607634e+01 6.271503411701718766e-01 6.765418979227365570e-01
3.765929873779122516e+01 8.144973162565514180e-01 3.460060515978961027e-01
4.353506452440573327e+01 3.043584010660909667e-01 4.285855707216034705e-01
3.253859545438395173e+01 8.851530777586732457e-01 6.208963928372048802e-01
4.122912993282977112e+01 6.141410729150155179e-01 6.800951199516549472e-01
4.751552874829759787e+01 7.690133920007413693e-01 4.025094059884082309e-01
4.850425187858879639e+01 3.094850877211787754e-01 6.252758046310387119e-01
3.495889249170050306e+01 9.213260980073127993e-01 3.831056293181792638e-01
3.167175436391504917e+01 9.428190220245772357e-01 7.484520864778110294e-01
3.579099805849276095e+01 6.095042344553226465e-01 7.325415708905036460e-01
3.559077276966530690e+01 5.630911186477152164e-01 6.973184423657031727e-01
3.415375847153133293e+01 9.567843755088057955e-01 5.555198718256316726e-01
3.090124217800410378e+01 7.824425989899199685e-01 7.553801458056320639e-01
3.580635051797755608e+01 9.722467685585162167e-01 5.364592650227846260e-01
3.660602898618753898e+01 5.886847465865443496e-01 6.163870170765118894e-01
3.155103924697623086e+01 9.879061381348096527e-01 6.308164240558644664e-01
3.001686781423489236e+01 9.051388478526124493e-01 6.298674233025409741e-01
4.700726354429387044e+01 4.067309415630355196e-01 6.237575694674822868e-01
3.276380858164205279e+01 6.750002518405038288e-01 6.270254072314672689e-01
2.657031953818339431e+01 8.844120372710454481e-01 5.882119497794023877e-01
3.958736976995227508e+01 7.906893446612222043e-01 4.553520563452543302e-01
4.500678490567034373e+01 9.238943033212682066e-01 5.283658929241498159e-01
3.431994641754784681e+01 8.168862585064419202e-01 5.280589707793323928e-01
3.662812464101119048e+01 8.343467342456654112e-01 7.715781966993056074e-01
4.323186046469810151e+01 5.818226319884471920e-01 5.726648418362205728e-01
2.910306845559849975e+01 8.051292660399869128e-01 5.976338739311060078e-01
4.078194591556398763e+01 7.248096926168842158e-01 5.579288475234920330e-01
2.997648528225384368e+01 8.388771676325670335e-01 8.443779342180129932e-01
3.860513989158180692e+01 8.286618272072238112e-01 3.318452709767730768e-01
4.420770862497150944e+01 4.975332596815217889e-01 5.526928025676254297e-01
2.971916519288192049e+01 8.355798391065309971e-01 8.551413083838922402e-01
2.594622842603788015e+01 9.152165086047742149e-01 7.280077961159988620e-01
6.103758034899281881e+01 3.558520482438465304e-01 4.507956326853513329e-01
3.565875215910217122e+01 7.728547281360027554e-01 5.973345827094735938e-01
3.257345130912936781e+01 8.354093122011509998e-01 4.988830792491473765e-01
3.009651416251577061e+01 9.856436271517345915e-01 6.717144626224832438e-01
3.617005679675929031e+01 9.860500824279564425e-01 3.741085417497350685e-01
5.155458245483918489e+01 4.370871607840497441e-01 4.547833466733862684e-01
3.708101099207683404e+01 6.852188520423974083e-01 6.665465246674190380e-01
3.575368259609971489e+01 7.856721536923414462e-01 5.453845586811647550e-01
4.822392459321534375e+01 5.380082007212211304e-01 7.275503539527521379e-01
2.932168921292428365e+01 8.809729076557576422e-01 5.853167483785658431e-01
3.887049307362039485e+01 6.693283161262622016e-01 6.672912761166510665e-01
3.309941353446946977e+01 7.239444026744028537e-01 3.845050442442686789e-01
3.989322118697626962e+01 7.553580621933458916e-01 6.835492096568546172e-01
4.258241727795656573e+01 4.627727117343449770e-01 6.729912849940173913e-01
2.954533753869751322e+01 7.635089899964362381e-01 6.150634237128298487e-01
3.247008835057061304e+01 7.696793124319485369e-01 6.640708647486779359e-01
4.212451618701540923e+01 3.818445559765124009e-01 4.578857292355101860e-01
3.205179087803749383e+01 9.789441546399594296e-01 3.800740547795689595e-01
4.234898121921270331e+01 4.084225011798540139e-01 6.034025859680968162e-01
2.906875757401713756e+01 9.092706793228280127e-01 5.786149058196052852e-01
4.040141952555944727e+01 5.766379207838101539e-01 5.191367709535971153e-01
3.146657852369466823e+01 9.787819321549251494e-01 5.473444614684175313e-01
3.424832479405959162e+01 7.384433558695683297e-01 6.852280030353757878e-01
3.613723938015625947e+01 6.367639991409209665e-01 6.800267547093823417e-01
3.927982674238762684e+01 9.663805051297843507e-01 5.096648564391167424e-01
4.039030369822053501e+01 6.458169794627611759e-01 4.584391204415538268e-01
3.947181911246335773e+01 9.558941116014018080e-01 5.319112308382880627e-01
3.470311408361818906e+01 6.769264159304335671e-01 7.590732305149754389e-01
3.919524071420252653e+01 9.700676047217600129e-01 5.621201677634793947e-01
3.070543633662752114e+01 9.491678108917736001e-01 6.264191934126107641e-01
3.814717402735794138e+01 5.190278608513119174e-01 6.611336387475208465e-01
4.634166647680595474e+01 5.237661549847616449e-01 6.724378058089603982e-01
3.063280822055964236e+01 7.507339311273741878e-01 4.395500955215514427e-01
3.112077466326473640e+01 9.419328875985754079e-01 3.710015403428920111e-01
3.261632549826022398e+01 9.770385853292139489e-01 5.786703196454956455e-01
4.787090390333241885e+01 4.129348562771997244e-01 4.620036033020882837e-01
4.303020426311123003e+01 5.878846338552513595e-01 6.216077798129142629e-01
3.670339584264988986e+01 7.036923277113229513e-01 5.050320748744057120e-01
3.142533853162654722e+01 9.792113811793922151e-01 9.161845126790821858e-01
3.242637849409162243e+01 8.162328334993042001e-01 5.681783893710298239e-01
3.971511990321388907e+01 9.758113004614266117e-01 4.151344912709659107e-01
3.366676777376173391e+01 7.500759367562771507e-01 7.099248251822225519e-01
4.683240450889990569e+01 6.701327414628046597e-01 5.539438079923918457e-01
3.213297883260344179e+01 8.703270264922313704e-01 6.650696245351825908e-01
3.527139520642055004e+01 9.278889711141296015e-01 7.643234024570729757e-01
2.771731110670367926e+01 8.101492412875042071e-01 7.066977679721192507e-01
4.131296676308402027e+01 5.872864413961026431e-01 2.720283755307106310e-01
3.820262126124563906e+01 6.774403318734283364e-01 5.254374981623932683e-01
3.568162468387003372e+01 8.929257963794794417e-01 5.961630252152183562e-01
3.736938061665299671e+01 7.855291240358830418e-01 3.225798015494825699e-01
4.021498530868266386e+01 8.263058410366924678e-01 3.721989595775299642e-01
3.426722525239443229e+01 8.655794798627175490e-01 4.402517751725872897e-01
3.500793154201939927e+01 7.267420122014993655e-01 8.754709035349274027e-01
3.284990316980745462e+01 9.399035449840443812e-01 7.844065992217524874e-01
3.991010619807537552e+01 8.090802614770109535e-01 4.212881999982111547e-01
3.763471820963752634e+01 5.649510138340863019e-01 5.413836946212308154e-01
3.640268931647353412e+01 8.086533955683320452e-01 5.859425521584723517e-01
3.056036354710444058e+01 7.711932728385826330e-01 6.689118217257736809e-01
4.186887046681032842e+01 5.379186066935049970e-01 2.959095718383617513e-01
4.277243272586930090e+01 7.826004786160276616e-01 3.841536061191328510e-01
4.210784382443031149e+01 7.039531737133820632e-01 5.414945555189126791e-01
3.368857901569712965e+01 7.796775268332279962e-01 5.910784772199694226e-01
2.816162739450711427e+01 9.025364751333078139e-01 6.904487916520565260e-01
4.934471493870412218e+01 6.115397912235761568e-01 4.506989874989016931e-01
4.053912415650067658e+01 5.681292007845262226e-01 3.033326471491479270e-01
3.495223690305266473e+01 6.171386386043320460e-01 5.990598013805121802e-01
4.041120811378102218e+01 4.970309763519432100e-01 7.803695399906808161e-01
3.571249708239015774e+01 7.324159399244587476e-01 8.244099775405391295e-01
3.213756579656514845e+01 9.005532105278889476e-01 5.647646532512030637e-01
3.462731564420565888e+01 7.237033732865565394e-01 5.805417769701763930e-01
3.793857766118162544e+01 9.820653911514367618e-01 5.729198794149366059e-01
4.020046434518534539e+01 7.418679679746014166e-01 4.369150441646146299e-01
3.925549292852975469e+01 8.428523589484223644e-01 4.400224219045920648e-01
3.364252354331022588e+01 7.325585234149084579e-01 4.720929283513266572e-01
3.320031505040245179e+01 8.300729258737693517e-01 7.826110056531703218e-01
4.335292085057434974e+01 6.462068192085752560e-01 4.784268912564139109e-01
3.645617220275290293e+01 7.256186106075993569e-01 5.243640690232304058e-01
2.805751312120313656e+01 9.217985006720124108e-01 7.035798501998654642e-01
4.018374524874593590e+01 9.099109640700639989e-01 4.957555754929481306e-01
4.182137426698395188e+01 7.706317236854051123e-01 3.728056049397833749e-01
3.025814343532805140e+01 9.288772879544876515e-01 6.563409485819510225e-01
3.219354395689086346e+01 6.754945907500576885e-01 5.697910136166535189e-01
3.585684622174049707e+01 6.834426226966253681e-01 7.626185417745914297e-01
3.531099349460738779e+01 7.042693655261593744e-01 5.956475143811716944e-01
3.083166592612242951e+01 9.482937709061955989e-01 5.464990154684340462e-01
3.996981563566192364e+01 6.248320328357924724e-01 5.609880107711120445e-01
4.624839663375139764e+01 5.670101227290920143e-01 8.007412377886085064e-01
3.860107856422555983e+01 7.337288206639606125e-01 6.797939438949688329e-01
3.007004064347469097e+01 8.863928858366076913e-01 5.108227001967351466e-01
3.207412526680237619e+01 9.205463883485252019e-01 5.515567014233740961e-01
3.527481184683388449e+01 7.367463289472897525e-01 4.137265484656589276e-01
3.103440534018101360e+01 8.655098419845922431e-01 3.719775047493031894e-01
4.110013596835758420e+01 7.864613114874018374e-01 7.216078325014750883e-01
3.328433762323744816e+01 8.191536174860021280e-01 6.928204081388472657e-01
3.138058052408272047e+01 8.797321637557115048e-01 6.801761509649824067e-01
4.223696280178222651e+01 6.955118926560787118e-01 2.838554290582625539e-01
2.753690137822614403e+01 9.505016056722908058e-01 7.690393821331986679e-01
3.371558126720822202e+01 7.009213587168640069e-01 5.049698119649693728e-01
3.514270520361606032e+01 9.010684827982899936e-01 3.259927410256719393e-01
4.802731962377072250e+01 5.035996013448249542e-01 4.481932688489115857e-01
4.101890776255615378e+01 6.208529713896849822e-01 3.789185545216298134e-01
3.193444861594977624e+01 8.078145521092193748e-01 5.500545381352531793e-01
3.336523431238249771e+01 8.013548188610395417e-01 6.905109213954254699e-01
3.286094724926803678e+01 8.970919872757902036e-01 7.832461905462956286e-01
3.011158586566534723e+01 8.339053488388946667e-01 5.487040173853553471e-01
3.977906897267269670e+01 7.590227204635071612e-01 4.646709816166261220e-01
4.024294107354732830e+01 9.092410789715863473e-01 3.981726359703222085e-01
3.623446408089595394e+01 7.456029225751859002e-01 7.648387694442416729e-01
3.602574460796876110e+01 5.415339844481070752e-01 5.690369099962118149e-01
3.114208266692934046e+01 8.904728375567181331e-01 7.210314600094375193e-01
3.112949919386513997e+01 8.991518433765417484e-01 7.992219100986368563e-01
3.332894897678313129e+01 8.362099886268762328e-01 3.691970914470921739e-01
3.040118365068164863e+01 8.798208838617250782e-01 8.476413170426195798e-01
3.357983420477974335e+01 9.304884967609191593e-01 7.889577903707829520e-01
3.671861623438091726e+01 8.805770350079162867e-01 3.545921687927846566e-01
3.269415445051178182e+01 8.131485889563454528e-01 6.179328350598153330e-01
3.023933824292087635e+01 9.878306694726324277e-01 4.849324293831733246e-01
3.242418370111500536e+01 9.712099370094352535e-01 7.180962060144115977e-01
3.461232900057144946e+01 6.294878148549900576e-01 8.223191799361042609e-01
3.633570619243648991e+01 7.274492642251411123e-01 5.721959468037344232e-01
3.597765486561565496e+01 9.077054508700004298e-01 6.794992954848896316e-01
3.134621153197026899e+01 9.578915704932168262e-01 3.044807650294644175e-01
3.179627994063670826e+01 9.753957935995402062e-01 6.156143138728235042e-01
3.768683256186474040e+01 7.850716881239269140e-01 4.550477254883079636e-01
4.220467223899431275e+01 7.107501686104108485e-01 4.111217512305257449e-01
3.698947793968947906e+01 7.050060455651558922e-01 5.184979385646212302e-01
3.058630832613217265e+01 7.743400528813106920e-01 7.382733945232330397e-01
3.455666151888931381e+01 8.721708852146842217e-01 5.610954481384720083e-01
4.147660632528848623e+01 5.355615799425943457e-01 7.116556606203054969e-01
3.136564194847155562e+01 9.649979691051699948e-01 7.944964777850749282e-01
4.294345627033949597e+01 9.440622312713520259e-01 5.778083993392629791e-01
4.225115369235629714e+01 7.153191884760825570e-01 3.530564967825330358e-01
3.153421405648883180e+01 8.851530777586732457e-01 6.725228003311309877e-01
4.036512913605026398e+01 7.283784417578064163e-01 4.235488955411437773e-01
4.380285785680531774e+01 5.234435468823193105e-01 4.847160249818276423e-01
3.448493365257107257e+01 7.996613195568286203e-01 5.996064703429491161e-01
3.643928540215411971e+01 7.554635381392782456e-01 5.065956534030880976e-01
4.666739714557922269e+01 5.492571992584369678e-01 6.800046241153376858e-01
4.200119661548332317e+01 5.002025757924333238e-01 7.524981174670989370e-01
2.910077623919256595e+01 9.890675260936675484e-01 5.865231779563351289e-01
3.499228540483021987e+01 8.356780498277300850e-01 8.332584241881200171e-01
2.948582285188743057e+01 9.675648515381175541e-01 8.802469335344041967e-01
3.117734093966096864e+01 5.875471023893436007e-01 4.848124184032290285e-01
3.798159345985401103e+01 7.160767804932647307e-01 3.906949969287314972e-01
3.641895581553893635e+01 9.228396143301176302e-01 5.138361538766741399e-01
3.109326718358625286e+01 8.680428274742501005e-01 6.729339729039192086e-01
3.278817451106205283e+01 8.252291912343782121e-01 6.958287806245714302e-01
3.081078251398584555e+01 8.337152009154717991e-01 6.577226812339266315e-01
2.656677512635452132e+01 9.945967621795267499e-01 7.312844250476163710e-01
3.910677749032628725e+01 8.960313821423465663e-01 4.182551864243937434e-01
3.252806708059255669e+01 9.221077314469230402e-01 5.646436314184107852e-01
2.841164300442337165e+01 9.902551165158474111e-01 6.838520388473028344e-01
3.457266099881847765e+01 4.378075603165661467e-01 5.871665187089669669e-01
3.339713999647759834e+01 8.563949001053698940e-01 8.166519350578818059e-01
3.728697151154936762e+01 9.290177964974544178e-01 5.098884601706454855e-01
3.239167084868633850e+01 7.696968212187114133e-01 8.246871016966086376e-01
5.025192466069873376e+01 6.257200201216478463e-01 7.948645073596642963e-01
3.426850262818453530e+01 8.510210057922178439e-01 5.620132452468284967e-01
3.687796044955340591e+01 6.550877188562131970e-01 5.928164487391367476e-01
3.275148822669497406e+01 9.697949335197828535e-01 5.470742168809564765e-01
3.279807821093773157e+01 9.381399124466162087e-01 5.296999622151198350e-01
5.299988227739977020e+01 3.275937761741338772e-01 5.317664400665711444e-01
3.862548444509992862e+01 6.916080629844169048e-01 6.120002349355366800e-01
4.053327030658759611e+01 8.467724106267866535e-01 5.543698429327189592e-01
3.693658610714562229e+01 8.908565056333821452e-01 5.758376215700038436e-01
3.167091957354889331e+01 7.829113382247419040e-01 7.708116390418898733e-01
4.244279515841370909e+01 8.002529772574008549e-01 4.357372734891643562e-01
3.754681918003950614e+01 9.165213401196358189e-01 2.578919874285421909e-01
3.681194874886754320e+01 9.238618797200374155e-01 3.682831991215765877e-01
3.088026257063382829e+01 9.579223707089403739e-01 7.822330323168095179e-01
3.785391148848767529e+01 7.343465986622300656e-01 5.430661906039561115e-01
5.155910094504056218e+01 3.281422080755060922e-01 5.772528517649080371e-01
3.322665977595406872e+01 9.240032343806215964e-01 6.395629403418040537e-01
3.033430711034975147e+01 9.793237498821384390e-01 6.782054660029137594e-01
3.709869354441949696e+01 9.115795544443902054e-01 3.572859362206391443e-01
3.135575823517085681e+01 7.833085342099026516e-01 6.221591140777222861e-01
3.702365997582163004e+01 7.970049828750764842e-01 6.587376029302766112e-01
3.656262693785573248e+01 7.731065511345801555e-01 5.669368641748895321e-01
3.871390021452791075e+01 7.724502580351036984e-01 7.720726565869353575e-01
4.059458561179511804e+01 8.311287107295869392e-01 3.702179037353719449e-01
3.578380246973082990e+01 6.888653144884504531e-01 7.064012985107259723e-01
3.355120149933540574e+01 7.500346508546412716e-01 5.315103991437635234e-01
3.426384007207261106e+01 8.427344155793122793e-01 5.374363728406665874e-01
2.876339894043122314e+01 9.293857320466043515e-01 7.316616545615128864e-01
4.178022109610400037e+01 5.889843938874773643e-01 4.272173395836921239e-01
2.988961434235526937e+01 7.589016111812540988e-01 5.301078319766697744e-01
3.349106605043124318e+01 6.812981024940051311e-01 6.448595549943879623e-01
2.994173434163766956e+01 8.827561245275493684e-01 5.974581984546420976e-01
3.420544322839796791e+01 8.403266839516642106e-01 5.656221333667592610e-01
3.514479507959542559e+01 7.667349303747180711e-01 5.301620873932000322e-01
5.024017696307169700e+01 5.773039569969109497e-01 5.417331642150382542e-01
3.192475340080768476e+01 8.268581571845603495e-01 7.746283358469626679e-01
3.418826447614615205e+01 8.473943803771526451e-01 4.783561486504961380e-01
5.228216572261117534e+01 4.463464231829070705e-01 4.413064370707651674e-01
3.957235545429051626e+01 9.711134181492450113e-01 3.316547725057523155e-01
3.804074075010152711e+01 5.617001249170916477e-01 5.212527900063447239e-01
4.469332712555387843e+01 3.371618012652797258e-01 4.983706809715406916e-01
4.360857258556427496e+01 4.809485307241416208e-01 4.168615099420481251e-01
5.004426858018148039e+01 5.036737017101803326e-01 5.209571677133697509e-01
3.568974731670994771e+01 9.092706793228280127e-01 2.857578842682097497e-01
2.946436971513930914e+01 8.627656459304018366e-01 7.217366429506244518e-01
2.943418016804141146e+01 8.852984218240437242e-01 5.613387475931191917e-01
3.591463076739223936e+01 6.391949342474745333e-01 6.066825627061805948e-01
3.429156400809146987e+01 9.909856151689403481e-01 5.794875085668189651e-01
2.699977437983610784e+01 9.796531571163278329e-01 4.380929801027357851e-01
4.554211383596295803e+01 4.236368036842677043e-01 7.639547713870705747e-01
3.836352598876955966e+01 7.250115283240754493e-01 5.756313436281909057e-01
4.287758536299995171e+01 7.974163165364507311e-01 4.979223866328815751e-01
3.425899844668742134e+01 7.212805135752238250e-01 5.813239865813490947e-01
3.555883765668306751e+01 9.182872840183280427e-01 4.448932075917753637e-01
3.932689686827647080e+01 8.241736801542886015e-01 3.760095331511366656e-01
3.030315044196294494e+01 9.083480546681399481e-01 6.065802825762683925e-01
3.242052898647767023e+01 8.688105860060284513e-01 5.274557679381096653e-01
3.452765492180621720e+01 9.154568050681713975e-01 4.694059621164081708e-01
4.780078713383424827e+01 6.126557813614128545e-01 3.946739373421793151e-01
3.549097394455618115e+01 7.910614420333939023e-01 6.190594850895564383e-01
2.894672082575384664e+01 9.777645939496569794e-01 5.568947609396905918e-01
3.293150010038329611e+01 9.565475488161063744e-01 4.613107162840687780e-01
2.944170554112552196e+01 9.844357577776190471e-01 4.976240401022092863e-01
3.127723985425057052e+01 8.672688536084540711e-01 5.959688333309314245e-01
3.901446082680239158e+01 7.750368473190559770e-01 4.403911218835573349e-01
4.023365384062283567e+01 8.380506415755833993e-01 4.135706447465815061e-01
3.517829669242738788e+01 9.532255653965278075e-01 5.071680264557323348e-01
3.681608053884935572e+01 5.279044215769905790e-01 4.782215869658378860e-01
3.296358866027907197e+01 6.984645524645261006e-01 6.386123961402055960e-01
2.809851241304242109e+01 8.251834966230101598e-01 1.111464839414822103e+00
3.384662598648765908e+01 6.097359573359620866e-01 6.519835691250926990e-01
4.730623213398435922e+01 4.129348562771997244e-01 4.794548380385947328e-01
3.197422603300935151e+01 8.075398557835179458e-01 7.329159411958109382e-01
3.818275240037009155e+01 7.935296418528227091e-01 5.279364721605169786e-01
3.406909219369571673e+01 8.558401916925565400e-01 7.192893390578480872e-01
4.673580463612245239e+01 7.765721219368316719e-01 4.088835425571699100e-01
3.284896989651640098e+01 8.807843363392802161e-01 6.893307514609445796e-01
3.846223626464475132e+01 9.544338225172903645e-01 4.260702269779115259e-01
3.551925498949761106e+01 6.272252102073693214e-01 6.082429661570997181e-01
3.353348935938389275e+01 8.148980012120803362e-01 4.432670719504628876e-01
3.974281189935719283e+01 5.664192140985619961e-01 5.235846208702554794e-01
3.541422152965981951e+01 9.166279376888160080e-01 5.786199889549574760e-01
3.707493762335964504e+01 7.166681502106957424e-01 4.623630267644665559e-01
4.279946370406002387e+01 7.859419333848030043e-01 3.128865910221592661e-01
3.172407284478976663e+01 9.845963134378159509e-01 8.590752923985364164e-01
4.128218598790966354e+01 5.880264974069272510e-01 6.977616209695511884e-01
3.612516573223088301e+01 8.843144853851364617e-01 4.514814793837046425e-01
3.624377042943327609e+01 9.016356458489224179e-01 4.080233208451531923e-01
3.362242243329734492e+01 9.246998074474082063e-01 7.522786205212200761e-01
3.704659870533492949e+01 6.083947999186789524e-01 7.280356965882819331e-01
3.083263910049737078e+01 8.881331701646385524e-01 5.985143159284396219e-01
3.577423881123451821e+01 7.904036601353506830e-01 4.263667291217239641e-01
3.009233635601345824e+01 9.548994579856000531e-01 1.028836720343240030e+00
3.354954465169823408e+01 9.614719084370891844e-01 6.558696571516045015e-01
3.532389497812846457e+01 8.199046464263045619e-01 6.968525706780860363e-01
4.271530741850325796e+01 5.276145916772754241e-01 5.622922795843559030e-01
4.169542979461930798e+01 9.108230483848067660e-01 3.218457099850410286e-01
4.286413411164043907e+01 6.406043565570215259e-01 7.206400532414112270e-01
3.170768149555018312e+01 9.150914870513615629e-01 5.033064781696332535e-01
3.901619064022487748e+01 8.864333010546393554e-01 2.507625987886226704e-01
4.104272048854745947e+01 7.391530768953982200e-01 5.018883072626830755e-01
3.724604531640245852e+01 8.868464540706316734e-01 3.976089960099945531e-01
3.629858238428990802e+01 6.237482965816814051e-01 6.814603213379456514e-01
4.021059243568269181e+01 8.096888139237210513e-01 4.757048430687356722e-01
4.398933614570181305e+01 5.742062832167501574e-01 4.915613361992284269e-01
7.820213283208687471e+01 2.375185486997704876e-01 5.715613570781474806e-01
3.010857023021219803e+01 9.254150091662377564e-01 7.076456174065772764e-01
3.447552460134615160e+01 6.360746580014859930e-01 6.411154479659697536e-01
3.689582845031271319e+01 7.271183838841106528e-01 5.609609925837526490e-01
2.753719008841055427e+01 9.261995347673371848e-01 8.859278972641749794e-01
3.448952833388739947e+01 7.949476304262013127e-01 6.654450430266509731e-01
4.831407718994211109e+01 6.557450025543879457e-01 3.797180630799061318e-01
3.770857034654244444e+01 9.059164852748086139e-01 3.847653602382701266e-01
3.551439207609586646e+01 8.372431453856274963e-01 6.727365872605016728e-01
4.198275651513188222e+01 5.105506419548505592e-01 5.096749061047427531e-01
4.801693781231347913e+01 6.463355960740616579e-01 3.106656498170347613e-01
3.355508135888159416e+01 9.228798620119923468e-01 4.525855705338267532e-01
3.912824311945907141e+01 4.551430680253379935e-01 7.566066738585069951e-01
3.763879817219390844e+01 7.712202937405465697e-01 5.026445515410390419e-01
3.428946768133833700e+01 9.471539268981712389e-01 8.098877934397191725e-01
4.151604266079051087e+01 6.461393220336071330e-01 7.671345412044398016e-01
3.199374617624641459e+01 9.867450327917836050e-01 6.273071528789703200e-01
4.452935557278915724e+01 6.109576383025268065e-01 6.947583909369621225e-01
3.110692564560088513e+01 8.912525872317319520e-01 5.172713477930808157e-01
3.231111102422462267e+01 9.516024400057307986e-01 5.099576725610529548e-01
3.245324738889102179e+01 8.020592343375602118e-01 5.040482209712068284e-01
3.456483048238637679e+01 8.372453616711804658e-01 7.866551387101249349e-01
5.051646460958232154e+01 3.116656404680846482e-01 4.908072166577273077e-01
4.134452118480794525e+01 8.945404077187365521e-01 3.458258411381932018e-01
3.405079259912702838e+01 8.261085954235461992e-01 6.732853379002033956e-01
3.687148190593764951e+01 8.894578954005077920e-01 4.287974954301009278e-01
4.229992578424036509e+01 5.152180146011323680e-01 5.789793660792696972e-01
3.670226936406702123e+01 9.902728842142030086e-01 3.740114132934875268e-01
3.243352506174441174e+01 9.008761477771768389e-01 5.188255950045825848e-01
3.784887033661477318e+01 6.531993878203419257e-01 6.499219248715195629e-01
3.890455583739788636e+01 6.573563788371747929e-01 5.631767460390975089e-01
3.951673491384993042e+01 7.944079811651154621e-01 6.286701353315258256e-01
8.246783992695880272e+01 2.552315482762483878e-01 5.596493143741692045e-01
3.458649404178127185e+01 7.264361459614223637e-01 6.319509555323824523e-01
2.912219803282459551e+01 8.270753377538442308e-01 6.929974153883593502e-01
3.693718634617774654e+01 7.316860472927614323e-01 6.724782830241924358e-01
3.372124908623396067e+01 9.066279286831552264e-01 6.656291365828769235e-01
4.809914377028925969e+01 7.046391336773393244e-01 3.549095865663908222e-01
3.538206004637378754e+01 8.226062126472780678e-01 6.578327808816111233e-01
3.254665252651260943e+01 8.241918115074035045e-01 6.702919280474758379e-01
3.767627999410315454e+01 7.124756683695616655e-01 3.268287370150158577e-01
3.669408292476612843e+01 6.749672191669768839e-01 7.172160734795528514e-01
3.528065243159790754e+01 8.568905661264314411e-01 6.834560844687302961e-01
3.841248637277244171e+01 7.940567483203826438e-01 4.780616763262691693e-01
4.441808805456980025e+01 5.923266284395289905e-01 4.129643068583866428e-01
2.873883019969023778e+01 8.208054892550753490e-01 5.567757521488201355e-01
4.057239463205197438e+01 7.568352074410492625e-01 6.855952087672277928e-01
3.866298344545167254e+01 6.085937569599079167e-01 9.190780014346925375e-01
3.029191112904430838e+01 8.187494621010925622e-01 6.225311698103690450e-01
4.030879570985791105e+01 6.869442943575607696e-01 3.484787139573812254e-01
3.672313128472512034e+01 7.638746330941486029e-01 6.545931371945318267e-01
2.920700587090730238e+01 9.960001131316732481e-01 5.156295785900382178e-01
3.774498484498461437e+01 5.784978752201060948e-01 6.319557486372890942e-01
4.735341891742882581e+01 3.129702313281104153e-01 2.219366272348094193e-01
3.206119355405387239e+01 6.592789931270411907e-01 5.821768741852114681e-01
3.412941516590925772e+01 8.979488783635766191e-01 4.565397548814292827e-01
3.402598743120487512e+01 9.743181204771086401e-01 4.377743511165358981e-01
3.285316256083071096e+01 8.475307273215167969e-01 6.171958149120295722e-01
3.621873028152811003e+01 7.454784319187885977e-01 7.956580060778444263e-01
3.477017699105295634e+01 8.374198394877893081e-01 6.314205422249190569e-01
3.013472747030119336e+01 7.814991530886506998e-01 7.601473599611703325e-01
3.907361603045370657e+01 6.041127595118647164e-01 6.976860280425328797e-01
3.595509530773357909e+01 9.382348633563664109e-01 4.472246160006083660e-01
3.996204633833066566e+01 5.283224640092247792e-01 8.824381855501949312e-01
3.464777595075796768e+01 8.913642609916152537e-01 5.710214727017485226e-01
3.984108617090505078e+01 7.430837160240442163e-01 4.534239039468582755e-01
3.859505005975535141e+01 6.209031567670143525e-01 6.919687861240189086e-01
3.553906074610002719e+01 5.467586562815592854e-01 9.333637006020216731e-01
3.489094766758156396e+01 6.279856914678150215e-01 5.037950387558737253e-01
3.421841966579884087e+01 8.251834966230101598e-01 7.338328765457013958e-01
3.459820287552510365e+01 8.622423600331774463e-01 6.244918327754898080e-01
4.538548798229222569e+01 7.327407672198125166e-01 3.207727550134076844e-01
4.870652202653041485e+01 4.938945753298932817e-01 6.077901837734309698e-01
3.383017122591888892e+01 8.989012522203704281e-01 6.944902116274447312e-01
3.231721393636567541e+01 9.425544199951243485e-01 7.184457208889397650e-01
4.020570164419564207e+01 8.060927102822722512e-01 4.496413597202881807e-01
3.183169470227660725e+01 8.938562472412141524e-01 6.753622607528294575e-01
3.625935708663303814e+01 9.099462604984660530e-01 6.785115040673624920e-01
4.326287899759313405e+01 5.740997495386401805e-01 5.532759159125433257e-01
3.798438471897070201e+01 6.228020494936189477e-01 8.408618309164704874e-01
3.136437105663043212e+01 8.070520978914837995e-01 6.836360883709404757e-01
3.324382921009237180e+01 6.934438251575977263e-01 4.343354882091666758e-01
3.755542068876290074e+01 8.079430725461678175e-01 6.609975831974850280e-01
3.457630803035073797e+01 8.702972337042141904e-01 6.953611110979385224e-01
3.710750763946749942e+01 6.630083339415672183e-01 4.646996378218615220e-01
3.660011840598534860e+01 7.375598280639333870e-01 4.160637794965265090e-01
3.074727197040780169e+01 9.140918882959470082e-01 7.539803548068956252e-01
3.792225056073090883e+01 8.567326603719014333e-01 6.749886955753433559e-01
3.812204995168271893e+01 6.671466290879760619e-01 4.155937592127820768e-01
4.197151940497816724e+01 8.684394616671619049e-01 3.764906255251651013e-01
3.574580680194802795e+01 8.185000606294227099e-01 6.760890398124942413e-01
3.774019031909185884e+01 7.237033732865565394e-01 4.501760202389186727e-01
4.417772125125040361e+01 4.888491770968976247e-01 6.537816105200789929e-01
3.427011725907745898e+01 8.192631556967875373e-01 7.510325554577748086e-01
3.255162372357384726e+01 7.532243597030942039e-01 6.840713220797021155e-01
3.314370089640815564e+01 8.347754209498997602e-01 6.744245965004551646e-01
2.972134632103662000e+01 8.656239728917101139e-01 6.140403090032986455e-01
2.999366735756770552e+01 9.839660571207892170e-01 7.344166146749787627e-01
3.361244542325844264e+01 8.637500598352342296e-01 3.517991454605458035e-01
2.550185337578478340e+01 8.397918985327326169e-01 5.529304249550953676e-01
4.035483140082389752e+01 5.907002066769209137e-01 5.206682290524234924e-01
3.965533694510363460e+01 5.662815448402321872e-01 5.317940453788081445e-01
3.770271752151962374e+01 7.992787970076770110e-01 5.716931535817744159e-01
3.152070028461718465e+01 8.611984671991782525e-01 7.296011036469937094e-01
2.777910830138071319e+01 9.163983122728835973e-01 6.834133224382757943e-01
3.407618990811047155e+01 8.923043296764882060e-01 6.593565229116719051e-01
3.165464598767235316e+01 7.565918087502045974e-01 5.223661012910139068e-01
3.996115346060717144e+01 5.879674365707265871e-01 4.435534764246896189e-01
4.851033986051297120e+01 7.653022194632805864e-01 3.951611387305654088e-01
3.850958491392257343e+01 7.696793124319485369e-01 4.030929733668811576e-01
4.271092581037116531e+01 4.452791720422353272e-01 6.565727072771485595e-01
3.961880725770758005e+01 6.899360904623513813e-01 4.174021099303855120e-01
4.163225575784983334e+01 3.566922660109690391e-01 4.980442655510108896e-01
3.851871430736780866e+01 5.481931886901223461e-01 6.141016936307139851e-01
3.559742141283550865e+01 9.637079340828067497e-01 5.241914679931345411e-01
3.675909878954329457e+01 7.077050347181096379e-01 5.871178543853753373e-01
3.385498843610494646e+01 7.899494208281018226e-01 6.882925276395692737e-01
3.469907781240119249e+01 7.500536244280668896e-01 5.811099158488981509e-01
5.604732416868573353e+01 3.558520482438465304e-01 5.799693618464587530e-01
3.839327479744783744e+01 5.577396886490559869e-01 9.309737549381472688e-01
3.538052952241872617e+01 7.271183838841106528e-01 6.278147833685321366e-01
3.805232308367195060e+01 7.366675229736689978e-01 5.732443159479009287e-01
3.076634213612478419e+01 9.083480546681399481e-01 5.823929859648929730e-01
3.552327007539853554e+01 7.669532288873587289e-01 6.112246952072828421e-01
3.460659624656381084e+01 8.637503016416034907e-01 5.451983667798475652e-01
3.484185697542054072e+01 6.461423108395084602e-01 7.557623017382710806e-01
5.269808571725189950e+01 4.595666520721383153e-01 3.006915159645087710e-01
3.284918444936091930e+01 8.360153151418071582e-01 6.860683736419985745e-01
3.607730141092844889e+01 7.591642088735000016e-01 6.858943053200698969e-01
3.320800949375676225e+01 7.219560417010418840e-01 4.246185399607955158e-01
3.709057369386531633e+01 8.310055002082510356e-01 4.550462995110332587e-01
3.883722961316474453e+01 8.462062792384749121e-01 3.540402733096698618e-01
3.395115292437569110e+01 8.317918914762765237e-01 6.677103462765888731e-01
2.975092627717477711e+01 8.499152230170488043e-01 4.706839912264744741e-01
3.088173832956330855e+01 8.857751128159095932e-01 5.676022341545616801e-01
3.657639271846009166e+01 6.728850227866337574e-01 6.007383902144681764e-01
4.070407606051450244e+01 6.870775426129919206e-01 4.287188809676400481e-01
4.279019050890754983e+01 7.321220763402891407e-01 3.930834448514794466e-01
3.439452996301533005e+01 8.481939507541014223e-01 8.438335708670413604e-01
3.767509594312921450e+01 7.110401459248818501e-01 6.006594937682642188e-01
3.788381580330717924e+01 9.490897486077474188e-01 3.678279471382169818e-01
3.316155233403867442e+01 8.338679003922493393e-01 2.479781278972419678e-01
3.878482561890542257e+01 8.798084293256726029e-01 4.992338130213573311e-01
4.221736306423079554e+01 5.486236135492423838e-01 7.093896624998713429e-01
3.115832334442215057e+01 9.833552630420115959e-01 7.309559440609312286e-01
2.967561576120323963e+01 9.400161534313411504e-01 6.247811465141100973e-01
3.493579547993188328e+01 8.949876718518086083e-01 6.016139959412512006e-01
3.822692733195649595e+01 5.040552272567917491e-01 7.452971153197135434e-01
4.720606048428768986e+01 5.036761571324929188e-01 7.556208916773483608e-01
4.038503735240707471e+01 6.720175185621009017e-01 5.291854124363992717e-01
3.311092627432181246e+01 6.242458335603541242e-01 4.872112785980524663e-01
2.518155883055086264e+01 9.419328875985754079e-01 6.943601580469209722e-01
3.529975091566990386e+01 7.036923277113229513e-01 5.648775576905987750e-01
3.252192214961257122e+01 9.446361949044348449e-01 8.087267022346266154e-01
3.491386177861248541e+01 9.488440206965204071e-01 7.616606948268768162e-01
3.348588626970118298e+01 7.118003945580373415e-01 7.676489588259058916e-01
2.735913439918228818e+01 8.784030449117840034e-01 6.713099666401234344e-01
3.098017183832975974e+01 7.178189481110958114e-01 8.014637972714639957e-01
3.408547041074137951e+01 7.433707635005574188e-01 6.814089496015682812e-01
3.760703020024271126e+01 9.215601578298312502e-01 4.330492653379523493e-01
2.932016868363849227e+01 8.403539015721877004e-01 6.854312992945433836e-01
3.168850287994488468e+01 8.020592343375602118e-01 5.403456952487271092e-01
3.262121608467071354e+01 9.408609625124896292e-01 7.974791573620729768e-01
2.872203539687860641e+01 9.892236965141160132e-01 7.350657887364012710e-01
4.147209466637904995e+01 5.981581861576849013e-01 4.061265645999623253e-01
3.578958721651214603e+01 7.096006567517246788e-01 7.393839896336955597e-01
4.442279331907496953e+01 4.557320175935934969e-01 4.825593592674920496e-01
4.352889535863490522e+01 8.640851285674594484e-01 3.222492444569354242e-01
3.968325056602282075e+01 7.057432056241251805e-01 6.728399779033823469e-01
4.049602099941179034e+01 6.964149517494585551e-01 7.845396218322213677e-01
4.378762071880407802e+01 8.822629637221878207e-01 3.181736539344088288e-01
3.015897397723083628e+01 7.862986292599626337e-01 7.707135872830973566e-01
3.036667459717958550e+01 8.972832618562326390e-01 6.673179290004486175e-01
3.794338481810616059e+01 6.188534107730863099e-01 4.889564616027803345e-01
3.313734418300138884e+01 6.842349124931533799e-01 7.568323725189693985e-01
2.909528345242753034e+01 8.657161544005924636e-01 7.336780060065523079e-01
3.128782792173340610e+01 8.912000627082260484e-01 7.011176721228680186e-01
3.855333316699540092e+01 6.391949342474745333e-01 4.967165290237091635e-01
3.695065925340767166e+01 9.242003279090531542e-01 6.657841630883364337e-01
3.176229675962296994e+01 7.686975811803666847e-01 6.044251580944211000e-01
3.929408638882011218e+01 9.574798081194939581e-01 3.725459975408645930e-01
3.612660475582602260e+01 7.670744433363966275e-01 3.800482314065179446e-01
4.239357953617400909e+01 4.336113571528894539e-01 7.202869820834620906e-01
3.970292284440616726e+01 7.500759367562771507e-01 4.499597983152227032e-01
4.035640253970606040e+01 5.512897790502675477e-01 5.343181032818342668e-01
4.110974338252474780e+01 5.353529450321721228e-01 5.954028316284765143e-01
3.150830711682351648e+01 9.673655277544459530e-01 7.848437172929758621e-01
2.866769103833597399e+01 8.852984218240437242e-01 6.030843202036816342e-01
3.580313048699355960e+01 6.672182178481579351e-01 4.804248756754678773e-01
3.073981876080860687e+01 8.135220099296293084e-01 7.030615374592041888e-01
3.184869028071181418e+01 9.335497343859912034e-01 6.074078886378564412e-01
2.948148715555501198e+01 8.218375162803861489e-01 5.936152322338817955e-01
3.392251019877148366e+01 8.971717861274642880e-01 6.590661973487501601e-01
3.449230434751203944e+01 7.025647260652826409e-01 1.013511544496432881e+00
3.747812876968836093e+01 9.314914609449636007e-01 3.952131474154917945e-01
4.132326355179142752e+01 8.123384432674517486e-01 3.617611525157602981e-01
3.094905428938443137e+01 8.423621310780230464e-01 6.305700176857885753e-01
2.845501113199206600e+01 8.650711676224853708e-01 6.920035903928819510e-01
3.307207651288925376e+01 7.165695991320620850e-01 6.615087044378481496e-01
3.798243003075909741e+01 8.323318126333154598e-01 4.137898222023472794e-01
3.757899633044029031e+01 8.388737339831774387e-01 2.442554236640028520e-01
4.155678535791354733e+01 5.102227470154102607e-01 6.984848898221853730e-01
3.284248325518696277e+01 9.208227673110376266e-01 6.418746591423974968e-01
3.196754075428432884e+01 9.720662343734671751e-01 6.078758574230122003e-01
3.731895106965448150e+01 7.448296749350165058e-01 5.391113992671978661e-01
3.185318596072398023e+01 6.797739827523493483e-01 6.459886010977957671e-01
4.330540606449539354e+01 7.096210537601483903e-01 4.951700696113650602e-01
3.627280138467038739e+01 8.216313834652443360e-01 7.830585598865158481e-01
4.166579203576047519e+01 6.720175185621009017e-01 4.821801526536813043e-01
3.349575814444086319e+01 6.406560865295255480e-01 4.623712587359221082e-01
3.967377304449428976e+01 7.826825299008381975e-01 6.202806304282370009e-01
3.361134892758518333e+01 9.139214261927766092e-01 8.537548473356222356e-01
3.447116292150763428e+01 9.478238697856004036e-01 7.596449861038543361e-01
3.317844823123153475e+01 8.389528555239690322e-01 8.384757350580845925e-01
3.890333904270610077e+01 5.890357242927760639e-01 5.402783276319989003e-01
3.216482471469713289e+01 8.608566899944074535e-01 5.811697234824765301e-01
3.069562484643837408e+01 8.617622516162072310e-01 5.482561191620216601e-01
4.227835516431868967e+01 8.233604245601037208e-01 5.270403200190442172e-01
3.461524266791180082e+01 9.347886768746803687e-01 4.618568901990786069e-01
3.968950493812340596e+01 6.590830250727336415e-01 4.132605102393628882e-01
4.227670655823546753e+01 9.667621958302023977e-01 4.159239891958708690e-01
3.820283055735136202e+01 7.770752708679165011e-01 7.057604907618643120e-01
4.440324110245101252e+01 8.300569737050597086e-01 2.262862495637588678e-01
3.064214106049941932e+01 7.845883529030690529e-01 8.032649184305863388e-01
3.146230292076622703e+01 9.117859369454639484e-01 3.293848230160448254e-01
3.370628644538859930e+01 5.658892575962793936e-01 3.652056886941786873e-01
2.658917206806776079e+01 9.915719395884348142e-01 5.871918799112437748e-01
4.400323020984963307e+01 6.163225446612631275e-01 3.779997448102619395e-01
4.485760492027940671e+01 3.298874255858191273e-01 4.804749633428789801e-01
3.416592171491355856e+01 8.114584195020139168e-01 4.719040926107572198e-01
3.020940231196686199e+01 8.617622516162072310e-01 5.731754143700495963e-01
3.217187390638627420e+01 7.022340102490550739e-01 8.613458505478266414e-01
4.964063714061175148e+01 4.467409303742655990e-01 5.904453799890740928e-01
3.334277447953346041e+01 8.842522357045310422e-01 8.512208106103490435e-01
3.577299019335415409e+01 7.921200207231654522e-01 4.721117445134185853e-01
3.467770049618469841e+01 6.553232256466664518e-01 6.538352652970713663e-01
3.437093590252131747e+01 7.233512830211038525e-01 6.253677280839456953e-01
4.311968835014796042e+01 6.795916216441373336e-01 3.398399944558446739e-01
4.366903703730717723e+01 6.644987935633411835e-01 4.952283226263325400e-01
4.574107747041274052e+01 6.066333525140360505e-01 6.838282624588337688e-01
3.413890287267640389e+01 8.933075727011161593e-01 4.646749541567775643e-01
4.325438940462409931e+01 5.726600696055673678e-01 6.059074687244140334e-01
3.419578994522622395e+01 8.844648111245725364e-01 7.815180786167095217e-01
3.264877396190199477e+01 8.540337123547602216e-01 6.430073013643728963e-01
3.765062771187353263e+01 8.490906366953872020e-01 7.678580689110076074e-01
3.869156172271641481e+01 4.227767273550201432e-01 5.632515025747469872e-01
3.268488453765358770e+01 7.415005041586072432e-01 5.815281813356200091e-01
4.168460257984667550e+01 7.812553173359451097e-01 2.607092007015434088e-01
2.935382110159862634e+01 8.767350045781882040e-01 7.207725639933508788e-01
4.440915460725633324e+01 6.875408293060957243e-01 6.519872681389126123e-01
3.179897407923716202e+01 9.714418347201614345e-01 6.586314661779579804e-01
3.565734778647202319e+01 8.676338410141374302e-01 4.066801967539924734e-01
3.986969776195462600e+01 6.554393599854417829e-01 7.421512802708224443e-01
3.122701025609568859e+01 7.621844380791710227e-01 5.402846319753233928e-01
3.204587289530197580e+01 7.705161559386236592e-01 6.658076119320190944e-01
3.754769557865866858e+01 5.378170583688445250e-01 2.799489092298865223e-01
3.653952270495813082e+01 7.910864303167515210e-01 4.335384296875973709e-01
3.298703973989084659e+01 9.930888166965303743e-01 6.166411239233090535e-01
4.285318434314065428e+01 9.255528709071210169e-01 3.020908680484438724e-01
3.699555284357973761e+01 7.635382976110282049e-01 5.340003226860464691e-01
2.969063772260377476e+01 8.987579524898191563e-01 7.518990156415694681e-01
3.697657911755786841e+01 8.151020161501624228e-01 5.157262336738736019e-01
3.007117818108657303e+01 9.904624922898334072e-01 8.643213665389639644e-01
3.620073940163383952e+01 8.861938123687053137e-01 5.443370473664086440e-01
3.629539338676602256e+01 7.730527069417570951e-01 6.055066376893774027e-01
4.550910533659739343e+01 7.389794834777465571e-01 4.665939377702180146e-01
2.984838957270366677e+01 9.870107672757824080e-01 6.516128912054598432e-01
3.754528786282443065e+01 4.836650236303361994e-01 7.137022956137152319e-01
2.681765419865732269e+01 9.742276740555083636e-01 5.139433784642033487e-01
3.612357545572695017e+01 6.180727671475320095e-01 5.981696515826860905e-01
2.912704185058118256e+01 8.992990483637177679e-01 7.155999657068822239e-01
3.827767581143616837e+01 7.374603207908118074e-01 6.659474654139776462e-01
3.170445349765273235e+01 7.841355988054782289e-01 5.314883129461548394e-01
4.288971883206615132e+01 7.051494581287143237e-01 4.061512791944476009e-01
5.029423568415040080e+01 7.497385866504447938e-01 4.034707166699117997e-01
3.128308812075876588e+01 8.985791593304816027e-01 5.820363325051302050e-01
4.103673121294016113e+01 6.300739923994356229e-01 8.626921477580179465e-01
3.455469105928888496e+01 8.845674588700555008e-01 6.155589961494758455e-01
3.146521841036228295e+01 9.097146355246852334e-01 4.368181529962394394e-01
5.006366254954117778e+01 3.495765861304199751e-01 5.737405532812352993e-01
4.282010716594447075e+01 6.940029955473777656e-01 5.079793646886302527e-01
4.103135225258801455e+01 6.360772118298922972e-01 8.829522732857746359e-01
3.968007405229721485e+01 9.560439340458392055e-01 4.477663253421816925e-01
3.090840876527400383e+01 9.862516806931928004e-01 6.404767189751672252e-01
3.697721007555349360e+01 7.259997261088545484e-01 7.314836860103927085e-01
3.406569196885200768e+01 6.843523851875030761e-01 8.244592259223225694e-01
3.111559021128670111e+01 8.844755484857231842e-01 6.316889911213581232e-01
4.173920977728749904e+01 6.251659321619077447e-01 5.964042528725196357e-01
3.515786082703844784e+01 9.284612381356087685e-01 4.872732233977796756e-01
4.056830743528353622e+01 6.478304870518746261e-01 7.161674568519843520e-01
3.149016142927363049e+01 9.876195817685512468e-01 5.494174302530862031e-01
3.492298162923779614e+01 8.359323941922996992e-01 4.583097325619599482e-01
4.153005534947559596e+01 7.940567483203826438e-01 3.671068704876386257e-01
3.837736206112265336e+01 6.586264336131684161e-01 6.487084990163353160e-01
3.782055539972100888e+01 9.315941584332063652e-01 4.316052058928624979e-01
3.744025971425313770e+01 7.752561748892433657e-01 4.392330184474229071e-01
3.319760323988913342e+01 8.245191610424771333e-01 6.324994189604934425e-01
3.056277385373968869e+01 9.282052361271502239e-01 1.117579160508067160e+00
3.616610124670424398e+01 8.721934653377694247e-01 3.143067779342578749e-01
3.845108739510599349e+01 6.665100046692681302e-01 8.447860335161391232e-01
3.801034353017775658e+01 8.538501128680537899e-01 4.025022677754974687e-01
4.261870417585853232e+01 6.362718066546149132e-01 5.926720042898309115e-01
3.901619704338310868e+01 8.241166902514547310e-01 3.641404348255505297e-01
3.510650813053345587e+01 8.324883637746718357e-01 6.091146914969924886e-01
4.567538135945486033e+01 3.773489847801452801e-01 4.942489141554169962e-01
4.593347373620751029e+01 6.888653144884504531e-01 3.293470324206652089e-01
2.954199555921114850e+01 9.591497748794222122e-01 6.938397373903129051e-01
3.688265747991706434e+01 7.414665089617437088e-01 4.994845214207800366e-01
3.192387769231291728e+01 6.671466290879760619e-01 6.904380013019075779e-01
4.732046138761447907e+01 4.403293264684943753e-01 3.739581798967240300e-01
3.905621064807851894e+01 8.213863851141621764e-01 4.426282802418260443e-01
4.072803565485065036e+01 9.702733973571011639e-01 7.704428372403518965e-01
2.900758771164721495e+01 8.863928858366076913e-01 5.661591874376580291e-01
2.996297510205340231e+01 9.035503536662391477e-01 4.952543546628533355e-01
3.356110415240628697e+01 8.844755484857231842e-01 5.127918846007273324e-01
3.532607712242989351e+01 9.508205491153307598e-01 6.546680175502979093e-01
3.361653823198911084e+01 6.515069756101181664e-01 6.550888915461013928e-01
3.203445911489354359e+01 9.312855498055403469e-01 3.713276956680710006e-01
3.665182869481400019e+01 8.295291218498753727e-01 5.600382037169777671e-01
3.355855040713716164e+01 6.646330993768857498e-01 6.978253920015077272e-01
3.968380214146290541e+01 8.472867333073909046e-01 5.676372888423711904e-01
3.689862341120429079e+01 7.417149923518382426e-01 6.508648119784119501e-01
4.747852166210699920e+01 5.623195024253859753e-01 5.560241012929942883e-01
3.029162760936909748e+01 9.845963134378159509e-01 9.469881500114070150e-01
4.854178884339349764e+01 7.169440456610953749e-01 3.976955447375087327e-01
3.303487325443363432e+01 7.129672298313297629e-01 6.122114527214673751e-01
3.092355447602351859e+01 9.923050646978499589e-01 5.082615433540411676e-01
3.149425878098800879e+01 8.204705880108693616e-01 6.644827352357036698e-01
3.259611388230329965e+01 7.414075656104159862e-01 8.620637177535568352e-01
3.007229859783909376e+01 8.177223354151992307e-01 5.206250646661884085e-01
2.905561784774938872e+01 7.500346508546412716e-01 7.684708777920595812e-01
4.841689874030078755e+01 5.267115512347425588e-01 5.915693694742679698e-01
3.252942151160316087e+01 8.424342001723444939e-01 6.368811225556839650e-01
4.079941577055908652e+01 6.124388508863011227e-01 6.881939532502320267e-01
4.419575627428678644e+01 7.403024946012642937e-01 3.241655745587626036e-01
3.225728802712129806e+01 8.977885437229271570e-01 6.750995295875196200e-01
3.517384778799716827e+01 9.508205491153307598e-01 6.618292758959019029e-01
3.768296138999192380e+01 6.570145838257106519e-01 8.558205995607660599e-01
3.306618194411823453e+01 8.211850812448834303e-01 7.976532065436535701e-01
3.871551904738495864e+01 4.540583017145676803e-01 5.773426135720326480e-01
3.340558087241569041e+01 9.773812573459496056e-01 6.661354344524869076e-01
3.353106511512994814e+01 8.203265258233202184e-01 6.852412771851493778e-01
4.122678586234042797e+01 6.709105328413481617e-01 3.729748467174506255e-01
3.772564395090008560e+01 7.167164106388053124e-01 6.256858088312826638e-01
4.040502884546615547e+01 7.692641276651333015e-01 4.478344817854091886e-01
3.666078591151489974e+01 7.911261528627657746e-01 3.952579501012206675e-01
4.141718063951280726e+01 5.293077737715365938e-01 4.795710875002919815e-01
3.489396576770321445e+01 9.472405490942508166e-01 4.446331017684726494e-01
3.096119079386814477e+01 8.302467679652522081e-01 6.430185886156147834e-01
3.633178331576701936e+01 9.288772879544876515e-01 3.794478945450005525e-01
3.733403445115416730e+01 9.847736352605536148e-01 4.326244078972426577e-01
3.748585520462543030e+01 9.258714414837335704e-01 5.767066718196959263e-01
3.684725580824826352e+01 7.910864303167515210e-01 4.215661071909336255e-01
3.757670144405762613e+01 7.172156350534608649e-01 6.515991722262897134e-01
3.835024391856924808e+01 7.021166421921949397e-01 7.808578517783769657e-01
3.530135449172840367e+01 6.538745174869432519e-01 4.928275064444920250e-01
3.045449744283958537e+01 7.753240614565526378e-01 6.980678173088313843e-01
4.076811863044790840e+01 5.210027506634552497e-01 2.436399005700930209e-01
2.847562318409181259e+01 7.709185799197791900e-01 8.055214689286438468e-01
4.734830855889676116e+01 5.041261360591845486e-01 3.766167152290505471e-01
5.013095291961538891e+01 6.013682089106987538e-01 4.572409807796742887e-01
3.581603234485982057e+01 7.769654592578204566e-01 4.037245811013288055e-01
4.204906036941602565e+01 8.615573125886497596e-01 2.309727148540050012e-01
2.986821789171871444e+01 7.644301091502817558e-01 5.886847742983807308e-01
3.612118825226572483e+01 8.194451691384252445e-01 5.768835621410433045e-01
3.778760475683519360e+01 8.334980805571114981e-01 5.547320180269722512e-01
3.889581531306248507e+01 7.415005041586072432e-01 3.289878508508888300e-01
3.172081920262938937e+01 9.069836628971114090e-01 7.785145660842075488e-01
3.261582939564646466e+01 8.947292528405756951e-01 7.082447704805842070e-01
4.317966931171284983e+01 7.079848536519541824e-01 6.652724568340986355e-01
4.276938619166556066e+01 5.946899870022261947e-01 7.347511995497881809e-01
4.325933829815343756e+01 8.958073204224954456e-01 7.705998522698047637e-01
3.125678842326934515e+01 9.555561032339752181e-01 4.941452835004709887e-01
4.012390496777355509e+01 4.463825114094021607e-01 6.121701527295138057e-01
4.988456701942336480e+01 3.511797909865693179e-01 6.045718702706955883e-01
2.638584201152440656e+01 9.960001131316732481e-01 6.776800975563234131e-01
3.500055378039743914e+01 7.678229759756658446e-01 6.758564269589095730e-01
3.739366441347564063e+01 7.553106073874688020e-01 6.826107038957578421e-01
3.084012666624617438e+01 9.423306886346052291e-01 9.046663016559451931e-01
4.137642701270228685e+01 8.948073057340668601e-01 7.916737222680353403e-01
3.573693197009354350e+01 8.927730514797935779e-01 5.908666991217147446e-01
3.654391562055211296e+01 7.477369906517630227e-01 4.570935023189922619e-01
3.359758059650313555e+01 9.892236965141160132e-01 4.832800491945793420e-01
4.442852698857641514e+01 6.773065469665292548e-01 5.039855365265859533e-01
3.507787114468814593e+01 6.667495570793035009e-01 5.356206132867613601e-01
3.048806758628937885e+01 8.397918985327326169e-01 2.989542183319440216e-01
3.208262199846749496e+01 9.928784709572058276e-01 2.723625893778226503e-01
3.492953201873736901e+01 9.091605348981898205e-01 5.368590386840371709e-01
4.114397543607616115e+01 6.691863437357034039e-01 3.478277053261011886e-01
3.735527072902871026e+01 8.111564932754570245e-01 4.725148533659212502e-01
3.996069653688005019e+01 5.771669859004245895e-01 7.711464297095026454e-01
4.379884426544542464e+01 5.885839799009638940e-01 5.200294006964010229e-01
2.927172121011495420e+01 9.100128942877420135e-01 5.527318559010528931e-01
3.140427244593895395e+01 7.563807911650970439e-01 8.135782351921684308e-01
2.877998045523758108e+01 9.762089411368980452e-01 7.949187311070241568e-01
3.970126521601618208e+01 5.197900269894329961e-01 5.950972004401671178e-01
3.453296723267474277e+01 9.532255653965278075e-01 5.353329947805176570e-01
2.925969178862835207e+01 9.960001131316732481e-01 5.129004884871746217e-01
3.220116926327977325e+01 7.363949664705790044e-01 4.383294787005074244e-01
3.590782129150868940e+01 9.942475159215226066e-01 5.063480337859114222e-01
3.718857781902831050e+01 6.855845113676489744e-01 6.239771871324010233e-01
3.707235455263354140e+01 7.496987394425177476e-01 4.634991668244556884e-01
2.937095024377284957e+01 8.820830724681389956e-01 6.075298758851130909e-01
4.138259060706740655e+01 6.801621450701490490e-01 6.176970802926744497e-01
3.204986222202499846e+01 9.535770828341202376e-01 7.760737817113603221e-01
3.819342211215818850e+01 8.085531529981693222e-01 5.243898236986253014e-01
3.338379196796415727e+01 8.068834162226089513e-01 8.353726280944270277e-01
3.202886138319627207e+01 7.913353212621613286e-01 6.487962643500631010e-01
3.295993731661271653e+01 9.228396143301176302e-01 6.727074287308121292e-01
3.695231985378701012e+01 5.817431556156360539e-01 6.368535247402393740e-01
3.552541412654975517e+01 7.755259551018226505e-01 5.894734343941083754e-01
3.419862740882638263e+01 9.029749782912771527e-01 7.033074837666133394e-01
2.836507194558554446e+01 8.822060557398582192e-01 5.434481563799974380e-01
3.213957806521825233e+01 8.743056477466165655e-01 6.378020860505823064e-01
4.079878026020116266e+01 7.207876906790915417e-01 5.259369668149249666e-01
3.627142765805654534e+01 7.209195203588323331e-01 5.322450090451678051e-01
2.675266620659057182e+01 9.158427040772404437e-01 8.197035997857704537e-01
3.383710581165779985e+01 9.861568701297287465e-01 7.122318416499777705e-01
3.429905053626808353e+01 8.391132235090945635e-01 7.330900730661376041e-01
3.485014712939787529e+01 9.180243622320988228e-01 3.096868667592507784e-01
4.072749035496116221e+01 6.740184783862953610e-01 4.747993671228821211e-01
3.594529310346879925e+01 7.741574817885579218e-01 5.825661189144789587e-01
3.086129837493007955e+01 7.473741424919582155e-01 6.069869581471347697e-01
3.959592374928811864e+01 7.376221674719454224e-01 6.504339288504392691e-01
3.158283758857250589e+01 7.921200207231654522e-01 6.674194917512550340e-01
3.276134669176203573e+01 8.064826873821695497e-01 7.946218314274618999e-01
3.932336332970804449e+01 7.173599615199534041e-01 4.452886576226122162e-01
3.273960062222641909e+01 7.991929594422606531e-01 5.239995922896796277e-01
3.600486255718493567e+01 6.331845834809413098e-01 6.830983288368934758e-01
2.717457930038855807e+01 9.288603236343263569e-01 5.978210930161172998e-01
3.578611818068717554e+01 6.546240246648699079e-01 8.996398451701140830e-01
4.406548615713655437e+01 3.781239333247735090e-01 7.053893546532307157e-01
2.929062193134753755e+01 9.883373926478707938e-01 6.759062718113361123e-01
2.793639800507072835e+01 8.939548830276590197e-01 6.622187653387291428e-01
3.217947864469031316e+01 8.215742751647314712e-01 7.217720526725213137e-01
3.853293278470979288e+01 5.302477926113622342e-01 6.505665518726753138e-01
4.423332706164040928e+01 8.902303541340322868e-01 4.621246308213271536e-01
3.185256043808545812e+01 6.803252763324703078e-01 8.130808074991668910e-01
3.757487936537359730e+01 7.386512724716346456e-01 5.690889497394343577e-01
2.765193084489776254e+01 8.831872614677802602e-01 7.820414160732070963e-01
3.307945553641483372e+01 8.885961412144620652e-01 5.821394322039750158e-01
4.230048645598811419e+01 5.098072637388140205e-01 6.232679515741051945e-01
3.351304374018943832e+01 9.331319390787895518e-01 7.851241583365005106e-01
3.881987781532483694e+01 8.216252358338917983e-01 4.554956424333401754e-01
3.233339670393702647e+01 9.062898662092961910e-01 5.884041342846734191e-01
3.059421181936415479e+01 8.381914843329802967e-01 7.328315013640973596e-01
3.121643631134499586e+01 8.312480080239971203e-01 4.974094266811581733e-01
3.388766171744023836e+01 8.536556662445107246e-01 6.429144761955403187e-01
4.088464097386695784e+01 8.224364522767354524e-01 4.443690244888232055e-01
3.906732348217287409e+01 6.851480978411136347e-01 7.959944461518437819e-01
3.562116602508771024e+01 8.363719691476255713e-01 6.111810309516301221e-01
3.353647918785567583e+01 8.853812407477678059e-01 7.148220502772799634e-01
3.703539202854631895e+01 9.527400765657464410e-01 6.522463959024503710e-01
3.172989480170227239e+01 8.590659231360378012e-01 6.033356655588624218e-01
3.044264882441523312e+01 7.143328487508598945e-01 6.245057480128769489e-01
4.065794058087576701e+01 7.752507323428705632e-01 6.135132784088234148e-01
3.186259230457706337e+01 8.983257233449403190e-01 1.033977881664397414e+00
3.925206024563743767e+01 9.667621958302023977e-01 5.250308550785698358e-01
3.262420734075028150e+01 8.458682587863555202e-01 5.845372259950561977e-01
4.048628988568885489e+01 6.390516905028612582e-01 5.607347123781745157e-01
3.335452063862287986e+01 8.123384432674517486e-01 6.871000968558168553e-01
3.604681917672076708e+01 7.789041480855357635e-01 4.675169739848404893e-01
3.436504244261698204e+01 7.113886846891097626e-01 7.697049873152640442e-01
3.869059803337534476e+01 4.183862209421346234e-01 6.154036943570979634e-01
5.048063547479117119e+01 3.495765861304199751e-01 5.607413666443334943e-01
4.771613677140489784e+01 5.729443070915065661e-01 2.662674534919399205e-01
3.624268219435259653e+01 5.420055607787808150e-01 7.949112775692022126e-01
4.281617620653998557e+01 6.600577651976823335e-01 4.295320465971659285e-01
3.118989633491712965e+01 6.855422411602062338e-01 8.156365892310837307e-01
4.243802004299411834e+01 5.854539517373936741e-01 8.538163401661243990e-01
4.102344015389063969e+01 3.411842910289619168e-01 3.676659195213521913e-01
3.067803173093956204e+01 9.347886768746803687e-01 6.494712386963887862e-01
3.909673175112713750e+01 8.508984778109326408e-01 3.915788497700067317e-01
3.912965893865828093e+01 7.130227568845670660e-01 4.903638462942262466e-01
2.774139846811915788e+01 8.938237585971632315e-01 7.844801536191740032e-01
3.324588839709842603e+01 9.560266669322300404e-01 5.675812412505256699e-01
4.312710917602895222e+01 9.741328126210724303e-01 4.707814692865195383e-01
4.079039746806950006e+01 7.822362057987422013e-01 3.543581683224667489e-01
3.792060158741199416e+01 7.160767804932647307e-01 3.929318045822940419e-01
3.751077996460600161e+01 7.728547281360027554e-01 5.184690388668189431e-01
3.172228958596742032e+01 8.346640440988316589e-01 6.697386818961119648e-01
2.978559067155770634e+01 8.793101581660989208e-01 6.993843955672964796e-01
2.708988951255132704e+01 9.789441546399594296e-01 6.328543894394810243e-01
3.188196567453046981e+01 7.670744433363966275e-01 5.637824062971376060e-01
3.148796698987234421e+01 8.307078589481962094e-01 7.879115224589556821e-01
3.643522988094979809e+01 8.343216849981101024e-01 7.588787612811798144e-01
3.414632919216082030e+01 9.611610352913811939e-01 3.457413164794740923e-01
3.408052737202324778e+01 6.488628963313529674e-01 6.249735338738180435e-01
3.262806639947288545e+01 9.960034370010911742e-01 4.795078080624437522e-01
3.168947514849748970e+01 7.880513930762808039e-01 5.671652107609831406e-01
3.364092475157862339e+01 9.075501715032083805e-01 6.771913500193643687e-01
3.751246871251520787e+01 5.099599718213296828e-01 3.444189020589390471e-01
4.115967658501774196e+01 7.354117151024268662e-01 5.156047660176994452e-01
3.423795714627578235e+01 9.012786641087877637e-01 6.060313343192906821e-01
3.263167005467205684e+01 9.537794861245779687e-01 4.361116032824808308e-01
4.234041566776611631e+01 6.298917281053053596e-01 4.377796022995877334e-01
3.548592221970910998e+01 6.866913778677008473e-01 6.656863990749215532e-01
3.376523066195092326e+01 9.567843755088057955e-01 5.734188382094224101e-01
3.879642881479993832e+01 5.719764313784468923e-01 4.170239292495948602e-01
2.801777305521378381e+01 7.686975811803666847e-01 8.188536219339848099e-01
3.667365080734545302e+01 6.683933644364965510e-01 6.100819989313203129e-01
3.435024601850546588e+01 9.748276854284295689e-01 4.868438488762282801e-01
3.790345822942295229e+01 8.445010665009581308e-01 4.062041167163296107e-01
2.967100118364194472e+01 9.420563087821908210e-01 6.647087064669525702e-01
3.898883467547640436e+01 5.906818662627377758e-01 4.400501699353228102e-01
4.073123310767365268e+01 6.386308296354918923e-01 5.703838091744249938e-01
2.876643360054851328e+01 7.434104939755703523e-01 7.423003037486134437e-01
3.867806502043434591e+01 9.020946768701846308e-01 4.584651525405218364e-01
3.743902309189359556e+01 6.370339619693378141e-01 6.239639813989833472e-01
3.585467223425685290e+01 9.857791640132476108e-01 5.481107632875417135e-01
4.028982685337238934e+01 5.075182269675453384e-01 5.565531524430139543e-01
4.058508550202311227e+01 7.886086660502797940e-01 4.607651374060731109e-01
4.136750527449505910e+01 8.638399237290383947e-01 4.595614987985758848e-01
3.678821953425084246e+01 8.819673901230350443e-01 3.866336736548677822e-01
3.521197435388906172e+01 9.737604867535919473e-01 4.123307173915214952e-01
3.920736717877723976e+01 7.009113968348683610e-01 6.415953845235286002e-01
3.760977246392031503e+01 4.980191330275534067e-01 5.603633352554158176e-01
4.025627681532193236e+01 5.755939806827214955e-01 6.590879555602514595e-01
3.875655163175515838e+01 7.958536213916037605e-01 3.660529322381912976e-01
3.605195793591252595e+01 9.270667796265096294e-01 7.229052888172299296e-01
3.498676548052652180e+01 9.132477721264994353e-01 4.416855718793046282e-01
3.316658052337630380e+01 6.439545487391332701e-01 6.385384969577139191e-01
5.064913480667254930e+01 6.122780345922474998e-01 3.479047620573773592e-01
3.699543753512075028e+01 6.727373456338653357e-01 6.220854785953306987e-01
3.093779967539654052e+01 8.497334147728956566e-01 7.393507154548564220e-01
4.035681511093999774e+01 8.571425878808888177e-01 4.461147104787144269e-01
3.737621406700228732e+01 6.695358384972520671e-01 5.298912002562323753e-01
4.089316784699320806e+01 4.251164270221328145e-01 6.643580965568157692e-01
3.374512285720557259e+01 7.752561748892433657e-01 5.968309917856442492e-01
3.254620415072096762e+01 8.845800579408805708e-01 7.676096337866058494e-01
3.214468022277153381e+01 8.985367966637890502e-01 5.037546077611061435e-01
3.573459501877304945e+01 6.850177360126273873e-01 6.033327079794958969e-01
3.530711283327578798e+01 6.707590104176437418e-01 6.711601789311650856e-01
3.435844103449885978e+01 6.072490922364903732e-01 4.964087558098341790e-01
4.234103422896617985e+01 6.043092339634118515e-01 6.689833464591171674e-01
3.429456891960583675e+01 9.804588412402676090e-01 3.577174890039457877e-01
3.246175968292542535e+01 7.087539780144924695e-01 7.942595709201868415e-01
3.180982777821210306e+01 8.968901518447148780e-01 5.417665050545121819e-01
3.046756071124516652e+01 7.068795695599668916e-01 6.865660985138950512e-01
2.716221705201449765e+01 9.402493703963904492e-01 6.096753411650288612e-01
3.752373440847836861e+01 7.833044921275874595e-01 6.495419226188366979e-01
3.875911620030131388e+01 6.889399929983881510e-01 6.407476545996583228e-01
3.021185661225685237e+01 9.255528709071210169e-01 8.469152927649814533e-01
2.988390676905803289e+01 9.902551165158474111e-01 6.008952032180359115e-01
3.779040933412068881e+01 7.943380256109117132e-01 4.543189652719014093e-01
3.177277214237718894e+01 7.744447342164091364e-01 6.015837954576644941e-01
4.182977861884014459e+01 5.919234538338356000e-01 3.820554377488833975e-01
3.330779940947997630e+01 8.892087170051138356e-01 7.601367559369276439e-01
3.242347374632637269e+01 8.303819497226363477e-01 6.586339705841420811e-01
3.681023529456176391e+01 6.365179119041075584e-01 8.018154045812007080e-01
2.926607484559594141e+01 8.809947818684834564e-01 5.394636362306675093e-01
3.708779636899892296e+01 6.431384953280848693e-01 3.243326864535888143e-01
3.038279319286280966e+01 7.733485374599790019e-01 5.141523265480013594e-01
3.963948656561882444e+01 6.540667693149115891e-01 4.512109510998142947e-01
3.149925021738287967e+01 9.743657528801775713e-01 7.124572689108822354e-01
3.933255806049518810e+01 6.967045605602107949e-01 4.784436321319671670e-01
2.925312703968199912e+01 9.284191760577802377e-01 6.988786850918569105e-01
3.225865802072063104e+01 7.999178187137756524e-01 7.751403348278768091e-01
3.659247629607132524e+01 7.747789675138121446e-01 4.732306325436584915e-01
3.147868618648332628e+01 9.293519348400611779e-01 5.151973852225266715e-01
3.759646249082888403e+01 9.566290836802675557e-01 6.524705752610369114e-01
3.648778398384258992e+01 8.753868358242518077e-01 4.271120170810711603e-01
2.929396239827990200e+01 9.083199652180048433e-01 6.683049338135851336e-01
4.278516929852099082e+01 7.404072465260347347e-01 4.634536692639536493e-01
4.349255017509145915e+01 5.533009737181163734e-01 4.275805569009596963e-01
3.614437434738972144e+01 9.530494977834411685e-01 4.390047120501950895e-01
3.555833847519896551e+01 9.335668403548847971e-01 6.108640182935175522e-01
4.532654898931345855e+01 5.873336918850625699e-01 7.031431406392909533e-01
3.138285752982823595e+01 8.009849107784922095e-01 6.697685018068780805e-01
4.667163217862974278e+01 5.740833274442184164e-01 3.379801409343679008e-01
3.646012490743222401e+01 9.374006072745284524e-01 5.357540914125045184e-01
3.482754079374166167e+01 8.712564099810842233e-01 5.081488615882550075e-01
3.449452518791185440e+01 7.904488117485870546e-01 6.177290365937648797e-01
3.313939224216160540e+01 8.018871187263213463e-01 6.350739206092823608e-01
3.685525888663765670e+01 6.990915911219840462e-01 6.140643370047709215e-01
3.407265709328343917e+01 8.354093122011509998e-01 4.329318334737201623e-01
3.856211883568324339e+01 6.362811527870545492e-01 4.594081367729090370e-01
3.522547599392196815e+01 7.818211917614289463e-01 4.315435796723077755e-01
4.058513595307584865e+01 5.215282317022179592e-01 6.052156650484893374e-01
4.830207190061982914e+01 4.823295025047896201e-01 5.533671755193831920e-01
3.474276633450763541e+01 9.188823206822640532e-01 7.284430209679507717e-01
3.953286699418501371e+01 7.873586528992357891e-01 7.125351422136514401e-01
3.808734738851390489e+01 7.023142073863075652e-01 3.647951239491192821e-01
4.399247222886695141e+01 6.503689597642127174e-01 4.884989790828705991e-01
3.035703977658094388e+01 8.231515705245350256e-01 7.197233783076008029e-01
3.312097899059818218e+01 7.002121495818846020e-01 6.962110937586559745e-01
5.535361941527894913e+01 4.243774659613754330e-01 4.334031963607987148e-01
2.863083742511804530e+01 8.526109229663280109e-01 5.972856232238358265e-01
4.614167239300932266e+01 5.152142842882694307e-01 5.176139565025638101e-01
3.181027291737191831e+01 6.811429633367853675e-01 5.968600813940038163e-01
3.233394286931387285e+01 7.557361112144962423e-01 6.453022204875593637e-01
3.866726035978379628e+01 6.590271383192631838e-01 5.105209538130976998e-01
3.983214982587517738e+01 8.632149744793885526e-01 5.424122290303751148e-01
4.512987960627673800e+01 5.302612660279084622e-01 5.565294570435785904e-01
3.299308601693127940e+01 8.847585887910170976e-01 5.163528496341992513e-01
3.880826028810171380e+01 6.095042344553226465e-01 5.978400355918963571e-01
4.427686569966154906e+01 3.644748057201157576e-01 3.776367418090812444e-01
3.372861206064794004e+01 5.987044763286081261e-01 6.952543703009871345e-01
2.892291583378662168e+01 9.655502139988384469e-01 6.978431663738277058e-01
4.544861127464620409e+01 6.056579641147157300e-01 3.973592639876403765e-01
3.710226157837264083e+01 5.033536691230585669e-01 5.097118778508931136e-01
3.892655664558650841e+01 8.329990630600226931e-01 3.725929443609785618e-01
3.170091515675767013e+01 8.656537822485833589e-01 7.265452031700283531e-01
4.372530585042326834e+01 7.101240547490973443e-01 3.135387365036355067e-01
3.063367516949900704e+01 8.894578954005077920e-01 7.197375342170401202e-01
3.423623237721859880e+01 5.941145652183026371e-01 6.861421363179170951e-01
5.602653249715125838e+01 1.937421135973836639e-01 5.145487007305787897e-01
3.371713443906892138e+01 8.945404077187365521e-01 6.502744354077006905e-01
3.306989129209268441e+01 8.499579016897418349e-01 7.734333167893749916e-01
3.915301230920497488e+01 5.545448980636463743e-01 4.520126714907768961e-01
4.000978990829025150e+01 5.956436521630219527e-01 6.315628787261873267e-01
3.151118186475030214e+01 8.955034343630954297e-01 6.825779568525280894e-01
2.874335259216217509e+01 7.747986086527034466e-01 8.071920745308065470e-01
3.525346546800497549e+01 8.524782775325303597e-01 3.988780775256588473e-01
3.152486454104986890e+01 8.308716478247919479e-01 9.557957789069906340e-01
2.736582926143712413e+01 9.358231489408578296e-01 6.148205332214116137e-01
3.883209089615143483e+01 7.117767565663297713e-01 4.053942690324911502e-01
3.686986208239007823e+01 6.000835286747910891e-01 8.082984647735910189e-01
4.633792728820503015e+01 6.564896930919231766e-01 7.577673143082687135e-01
3.732466662795650336e+01 7.371045082657610159e-01 6.445070122615732533e-01
3.558739270053741421e+01 6.866206502801446288e-01 5.503348465077869678e-01
3.775638361132784837e+01 9.399170365950744177e-01 4.766066732957239260e-01
3.378564658712437563e+01 8.018683682537131041e-01 5.843063373663222038e-01
5.401575532886729292e+01 5.225914122551239549e-01 4.555247542374536440e-01
4.321227900928312238e+01 7.842565272417425515e-01 4.686367036176561918e-01
4.072732283326782010e+01 6.166512596081726860e-01 4.373708834154401703e-01
3.057685499531517692e+01 8.689905179659913603e-01 6.619346236814043216e-01
3.543206961185142490e+01 9.485694545320068061e-01 5.965356418547671513e-01
3.871751840895782948e+01 4.884167399964631784e-01 6.627055308665071864e-01
5.119849249679794667e+01 6.526095604863049182e-01 3.220362690216559964e-01
3.284658505457703370e+01 9.139562200132763659e-01 8.367215922068365064e-01
4.580814902993804338e+01 3.712091849538015076e-01 5.001744548789279765e-01
4.200763604531464779e+01 5.574291192041049836e-01 5.279066389444871943e-01
3.443509421496282386e+01 5.423999377187408433e-01 4.987916303587126565e-01
3.128891475992569227e+01 7.958536213916037605e-01 6.920849254832300845e-01
3.475853162551553055e+01 6.411690974990819081e-01 5.043880035949142027e-01
3.133936278547168541e+01 9.116572165187150079e-01 6.813342492217786539e-01
4.511581384596108535e+01 7.128116009301191935e-01 4.233748108646584463e-01
4.137502580549593745e+01 4.885137720735446831e-01 6.354518379783501425e-01
2.967847902322379738e+01 8.387136760900913979e-01 6.958834703292964274e-01
3.831852823264234331e+01 6.940029955473777656e-01 6.851335627497636693e-01
3.419906685767512755e+01 7.397261551953629999e-01 6.517681676838640303e-01
4.063099995870087611e+01 6.618372058196099195e-01 4.712147882345965044e-01
3.729288673774720309e+01 7.173599615199534041e-01 5.239799321427703882e-01
3.860929044204533511e+01 6.993550736934956991e-01 5.840749803937612672e-01
3.349058975591713505e+01 9.286352117449045984e-01 4.156735771314170602e-01
3.255133661367575115e+01 9.137233862925283612e-01 6.527479850826597430e-01
4.204973963719670138e+01 4.614369689737293778e-01 6.131954819523887101e-01
3.066883527894594152e+01 7.434104939755703523e-01 6.342246304478039720e-01
2.961492760236981781e+01 8.427344155793122793e-01 7.787811169859019111e-01
3.617565970460568536e+01 9.743737518038948497e-01 4.686718482492734927e-01
4.124380407490352951e+01 9.531909404893440518e-01 5.036188438722490890e-01
3.127033246363043162e+01 9.405052941708268444e-01 6.335259006091678025e-01
2.608317501961198559e+01 7.682685525752821487e-01 6.578219855323143017e-01
4.121690468731034684e+01 8.308716478247919479e-01 4.958958579677721357e-01
3.793484209785832917e+01 6.219473560036048454e-01 5.469231385917117105e-01
3.253682005878878414e+01 9.709978453442680291e-01 6.144063527133568625e-01
4.267007273809197443e+01 7.485569524056837620e-01 5.219339418192865399e-01
3.578656945860702621e+01 7.532159165596166162e-01 4.704988993389914165e-01
3.560654246338068418e+01 8.234840012218882510e-01 6.074572828536769498e-01
3.696473856677416592e+01 7.690133920007413693e-01 8.028255733397877680e-01
3.604150091618322449e+01 8.029850047643725119e-01 6.597255519161880910e-01
3.533694946414414773e+01 9.376692113036023679e-01 3.428684060051558347e-01
4.749751818355029087e+01 3.578073098741815228e-01 5.009166947314238616e-01
3.259143240986363566e+01 7.580808241489142008e-01 5.565755245739522072e-01
4.367754983084948606e+01 5.823044029099273544e-01 4.824439386081900150e-01
2.969154051066958289e+01 6.564879005744757023e-01 6.819068037933148085e-01
3.826833944324088321e+01 6.773065469665292548e-01 7.460873132241959693e-01
3.379006348971596907e+01 9.405052941708268444e-01 5.117135845437670305e-01
4.274807460866672670e+01 6.642692351232510894e-01 7.205054186250728909e-01
3.556250237773679856e+01 6.677145731798107553e-01 4.475771264124455695e-01
3.717552915919027612e+01 9.607065787342053964e-01 5.423612870302687572e-01
3.476333244598162509e+01 9.651726503278995617e-01 7.344672031570362858e-01
3.570669201672875204e+01 7.009113968348683610e-01 8.025369857797469697e-01
3.927210053921872657e+01 7.115514764063659570e-01 4.153650361658448031e-01
3.554294676801973907e+01 9.930960147974220442e-01 4.576304924333232105e-01
3.334550273701981382e+01 8.709016058678789030e-01 5.732045611584155598e-01
2.850224994466967843e+01 8.637797844580153983e-01 6.764897540636516382e-01
2.990896588223197128e+01 7.607882678395770926e-01 7.174349391503177520e-01
3.058824891332421814e+01 9.014592566745374125e-01 7.515528643636063544e-01
3.262986491620755203e+01 8.613168546755692878e-01 5.451843006238233924e-01
3.255850961505919372e+01 9.152165086047742149e-01 3.770681007850085753e-01
4.261961976440786515e+01 5.895152430491328310e-01 5.243238527025513296e-01
3.290170829417619558e+01 8.726015127528813364e-01 6.819284125072387903e-01
3.463879075033226940e+01 7.811950350665844978e-01 6.142199478907514054e-01
4.225450538877045403e+01 3.866375268276625587e-01 2.864995223550008130e-01
3.577028740360698578e+01 9.737395407216391519e-01 3.969256784601989385e-01
3.009232385381034192e+01 8.262465910272909220e-01 5.868594672841631610e-01
4.515571677049376120e+01 5.102227470154102607e-01 5.631148622608433962e-01
3.764790537747675359e+01 7.129672298313297629e-01 4.146657155556617846e-01
3.047456612257830244e+01 9.800849499638192297e-01 6.324236348402890728e-01
3.848811614455315322e+01 8.018871187263213463e-01 4.078464063164686237e-01
2.870801427113762117e+01 9.856436271517345915e-01 7.525690744338006111e-01
3.566895295312779268e+01 6.739990867522601681e-01 5.369034261263025964e-01
3.248573058376948097e+01 9.443723213002748196e-01 4.685283089749864849e-01
2.898938718235292100e+01 8.949577331962866866e-01 5.769507548551620069e-01
2.819591002684605030e+01 8.542049029388966153e-01 9.144096767440974549e-01
4.011972852350297103e+01 8.246545454652234319e-01 1.883888240188197616e-01
3.355618218147498055e+01 9.199991118093380216e-01 5.903752015466682268e-01
4.020311862946810777e+01 5.493082889484646181e-01 7.130497421043271444e-01
3.897351647943018804e+01 6.602999041747859010e-01 7.343279002210331141e-01
3.464957127461181585e+01 7.666416824781103756e-01 5.337258743786679194e-01
3.095104502480186071e+01 9.328690137788347991e-01 6.136142401647298739e-01
3.874262757979516891e+01 5.994385916240986267e-01 3.583635981222272338e-01
3.623457983749610634e+01 8.786218230194613454e-01 3.945930717736152449e-01
3.735132766604473176e+01 5.132267804428618518e-01 4.297255904117890379e-01
3.430133096019731198e+01 7.426224528316336393e-01 8.387094971091809681e-01
3.074049109295362925e+01 8.264677886545214180e-01 8.562525506653294594e-01
3.463396294034927081e+01 9.345767327490803744e-01 6.384090407942139000e-01
4.503333920326411288e+01 4.642840684611225788e-01 6.460466248220633201e-01
2.895440107724875389e+01 7.789064170822028732e-01 8.409843760120007117e-01
3.224389830862969575e+01 8.224364522767354524e-01 8.314320568426827318e-01
3.478211352823869618e+01 7.008454654625803082e-01 7.392208771582174931e-01
2.668938084559304613e+01 8.957754402208728539e-01 7.190286378477632745e-01
3.946148237430706729e+01 5.559536671211385839e-01 4.375561328870660738e-01
3.382227345460208312e+01 8.262608874408164938e-01 6.890978093675907967e-01
2.974273315528138895e+01 8.833741836819405391e-01 5.454582388248954139e-01
3.870159418702874632e+01 6.160245171919375151e-01 5.501640503508652413e-01
3.752018505525731484e+01 7.832209488867483138e-01 4.342901273206672963e-01
3.407769494297009061e+01 8.006454268588502066e-01 4.873701429872114854e-01
2.939876786408240861e+01 9.903949971084760051e-01 7.036195609132963602e-01
2.916000409639819324e+01 9.754889516206339817e-01 6.195152388827400713e-01
3.299247862130896891e+01 9.251708884357952023e-01 6.202991176744473423e-01
3.232680555576803272e+01 9.376460598046624240e-01 5.818103620472347970e-01
4.811807413252084586e+01 5.468937333939376533e-01 4.827731842197517942e-01
3.446131751051672865e+01 8.508984778109326408e-01 5.787610262839367747e-01
3.901162488224375835e+01 9.811443103394964504e-01 4.283506305670988779e-01
4.044838592363101526e+01 9.213894835100463476e-01 2.923790605315542690e-01
3.351754086553447820e+01 7.258356901280619278e-01 4.590144365359961065e-01
3.640212506690172489e+01 8.439512743846947496e-01 4.270695434545807578e-01
3.359963926023265657e+01 8.937085161485439633e-01 5.749358970836042637e-01
3.484124871499572862e+01 7.051664174528609053e-01 7.213486947781844183e-01
3.879092530970604003e+01 7.927248329848028963e-01 4.847096721765838390e-01
3.795198808713709582e+01 5.008810806105494784e-01 6.708753136832983355e-01
3.302669917899950036e+01 8.905130157815243086e-01 4.006766691784602319e-01
3.107832134114581990e+01 9.783264765872952129e-01 6.715927938881610659e-01
3.000349074847131803e+01 8.694373751290414010e-01 6.198672816920897111e-01
3.273259880522368803e+01 8.524782775325303597e-01 5.066112010675403177e-01
3.517455519433052302e+01 7.803736857257014270e-01 3.544118678060443339e-01
3.703073843244885666e+01 8.002737884815156466e-01 6.371705120218632556e-01
3.246443726116415718e+01 8.155192818939922539e-01 6.177613237986763206e-01
3.996816645101001342e+01 5.527204849169802259e-01 5.992576261497409851e-01
3.680021882094977315e+01 7.093597199754123617e-01 6.230310556196442251e-01
2.844688077082144773e+01 8.815013943719386402e-01 6.607113581485232201e-01
3.465136042786039638e+01 8.271443900939250415e-01 5.275451914852379298e-01
3.640354143002950593e+01 8.661772491821242426e-01 3.465547876494132762e-01
3.293317600300882475e+01 6.330050788600604106e-01 6.783987670958303573e-01
2.865147145691086550e+01 9.581915224988307722e-01 6.264000636086061169e-01
4.394622128487000623e+01 7.963550880454540737e-01 4.822052748918770892e-01
2.939235359657311975e+01 8.341374637723969476e-01 8.302013761249755763e-01
3.991613621803065826e+01 8.831722731759797940e-01 6.604138646581142469e-01
3.326970559497658542e+01 8.949577331962866866e-01 3.740679450708006004e-01
3.446917253646869739e+01 8.011500651977250254e-01 5.867848275769319555e-01
3.451858055514141910e+01 9.946137375398600433e-01 4.425298549126854275e-01
3.914200939830677584e+01 9.758113004614266117e-01 4.358546447651515665e-01
3.295211543917979213e+01 8.923043296764882060e-01 7.159610922207744199e-01
3.556348614675549413e+01 6.658672346423947230e-01 6.997771464402664510e-01
3.228964428254231933e+01 8.589511449894186024e-01 7.196324776492131203e-01
4.079491737809726004e+01 7.414075656104159862e-01 4.878334091831652009e-01
3.794411204102646451e+01 8.614072776003106613e-01 7.117564888532029732e-01
4.065299986347807959e+01 6.598762166223254289e-01 3.216258131117235575e-01
4.547198089826410694e+01 7.551303339404547010e-01 3.909273524174641801e-01
3.044694570350880269e+01 9.669698749231555590e-01 6.714896297179349105e-01
3.583562235221205583e+01 8.087350660142618164e-01 6.090674645822261590e-01
4.074680454210899683e+01 8.350608837225782510e-01 4.871329833331674575e-01
3.143914291546668593e+01 6.911760363212409164e-01 9.452763761544220600e-01
3.015905163556858781e+01 8.833741836819405391e-01 5.241245830750539403e-01
3.575803884126816001e+01 7.156787360104885920e-01 6.510083022748421877e-01
3.514414905165837411e+01 7.393981293168402358e-01 6.111811931132266063e-01
5.212424231723896639e+01 4.067801052526773264e-01 4.222225149828673363e-01
3.137462329973993036e+01 9.505016056722908058e-01 5.526517253962949239e-01
3.424846117801541823e+01 6.671466290879760619e-01 5.757010430191570327e-01
3.746398158182716998e+01 9.939655182933105904e-01 3.562270707672589021e-01
3.229456099739495301e+01 9.867450327917836050e-01 6.121492409882803853e-01
3.332044240153230419e+01 8.614206357439599948e-01 5.266321013090971004e-01
4.071213811718991593e+01 8.656426470616206403e-01 5.496911466155824932e-01
3.008825355375227062e+01 8.938237585971632315e-01 6.452924032816260702e-01
3.714009330542254617e+01 4.099988627469730584e-01 4.934531139667784339e-01
3.092118428781430239e+01 9.370390650915879638e-01 6.076392656018098082e-01
3.500813638661102090e+01 7.184355887689806153e-01 8.323307271087140302e-01
3.384801191864149672e+01 9.151067422718204281e-01 7.491049147082716742e-01
3.295578640337649290e+01 7.142560284788771474e-01 9.031184457966429102e-01
3.686202777311765288e+01 6.439545487391332701e-01 4.742737251050506697e-01
6.235060525558873223e+01 3.178227575699769658e-01 4.221540374229483250e-01
2.971279555770882297e+01 8.760404439454766434e-01 8.165425025447198282e-01
3.307865931882347610e+01 8.133766803392949996e-01 7.479148547927449986e-01
3.725951173685789541e+01 4.275717032027531728e-01 5.416789249864742972e-01
3.948958529737065248e+01 4.980191330275534067e-01 4.860857504094234782e-01
4.190168548548268035e+01 8.529630997990338415e-01 2.598760977834656538e-01
3.666677377301117247e+01 9.739561250996819908e-01 4.558076020118940752e-01
7.212060737737800764e+01 2.375185486997704876e-01 7.040822931082211245e-01
2.413196575205056149e+01 9.796531571163278329e-01 6.089939128436174798e-01
3.636237134418845329e+01 5.349915939176931312e-01 5.702480308431692180e-01
3.514841021363050544e+01 7.880957246859390253e-01 7.547856254414995192e-01
3.409589059483999307e+01 8.920475883682157381e-01 6.029136076671668398e-01
3.205224642751968389e+01 8.553278532465738992e-01 6.329413639807150993e-01
3.429001998840696785e+01 7.575032724669426010e-01 6.555797581685047781e-01
4.736117387583350791e+01 4.652513251894497825e-01 7.481649254949531702e-01
4.958604929096655667e+01 5.051872848914190639e-01 2.707035123985736536e-01
2.990737392419957530e+01 9.085818631355592201e-01 6.663272451238384519e-01
3.759910850305782759e+01 8.480654437131434076e-01 4.919719970338608528e-01
3.243654927363238727e+01 9.085818631355592201e-01 5.363986957919465448e-01
3.376561072402160590e+01 8.016383542973229970e-01 6.972260169791598683e-01
3.515195723251832760e+01 5.098290764481375748e-01 5.347342864337868429e-01
3.384985199905021602e+01 7.156209037460981026e-01 4.416583860209866153e-01
4.045754430720521810e+01 7.895232443793321897e-01 4.089719229411566404e-01
3.900540474111166134e+01 4.064510547922989270e-01 4.767734467138444177e-01
3.023474216903897371e+01 9.105767793150122413e-01 6.522623781841189183e-01
3.463507615922411986e+01 6.805203304545679455e-01 6.231578859984056029e-01
3.035258172772588381e+01 9.679705057155192360e-01 4.326545395734288091e-01
3.568465996947229968e+01 7.161672376083808578e-01 5.491500002323682628e-01
2.848947978126304648e+01 7.775020124746597761e-01 5.305831603383106554e-01
3.663766873455617201e+01 7.780054739082162829e-01 6.770178377110734891e-01
3.281083435549818716e+01 9.941732522616754109e-01 5.318982277443166096e-01
3.021000108896832259e+01 7.232272352204072163e-01 6.968194687923650044e-01
2.725476503378547122e+01 9.559705969478904386e-01 8.951817392654234373e-01
3.329925767984629204e+01 7.157364794632671279e-01 4.370257577531947435e-01
3.954168300941046965e+01 7.811870456257238304e-01 3.011449964776565791e-01
3.229522395881531338e+01 8.441717523119580679e-01 3.892047027515264102e-01
4.541342710139934269e+01 5.198093242486746535e-01 6.040346577973944031e-01
3.944686665342785403e+01 8.837713944396986543e-01 7.019057708647212790e-01
2.973124697506944614e+01 8.964365950140227302e-01 8.219808286353744720e-01
3.624064417775846891e+01 7.237033732865565394e-01 5.101806339741813412e-01
3.722763251917373140e+01 7.226765132789197965e-01 2.912488317714520547e-01
4.550012338499553266e+01 5.503206589803422144e-01 5.808062626862935396e-01
3.923034712499820387e+01 8.588152952650406347e-01 3.750383046095078776e-01
2.963447427558719482e+01 8.650711676224853708e-01 6.246612155918195297e-01
2.789492432318120052e+01 8.598535819160102456e-01 7.091799012474523378e-01
4.015003902636023980e+01 9.319573824062523659e-01 3.415408877843590374e-01
3.037877383991961011e+01 8.987870007462895883e-01 6.161796805466434046e-01
4.895376221149250284e+01 4.622913360492313939e-01 5.985898828758090540e-01
3.551673541772120757e+01 6.659884901954693515e-01 6.178695571026325828e-01
3.192232356507005875e+01 9.347886768746803687e-01 5.851769341555743686e-01
4.626416756433077637e+01 5.087299809315691812e-01 4.518948796949272539e-01
3.218901910399328159e+01 6.982745597128691140e-01 5.811547669585872544e-01
3.977063887752743909e+01 8.249695015107938456e-01 3.803806664775678525e-01
4.070711814084331337e+01 8.645988084913373006e-01 4.805263981468241297e-01
3.053001831520963805e+01 8.533472906471772923e-01 5.342889256199372383e-01
3.486453271389539310e+01 8.051292660399869128e-01 3.336202834426293951e-01
4.460556289313202427e+01 6.625204827036895727e-01 4.950869280537253947e-01
3.710683797242795379e+01 9.601261132377707508e-01 3.693805178915171017e-01
4.670089736692866467e+01 4.306733389546075763e-01 5.167689914704204357e-01
3.577972510597247435e+01 9.711134181492450113e-01 4.728094149388444856e-01
4.927783091944547067e+01 6.006234127190340777e-01 6.405240955542796932e-01
3.047884492004350321e+01 7.425114199703302109e-01 9.318379077180579673e-01
3.544374605258288824e+01 7.635663371574366032e-01 6.348687555213233802e-01
3.883743108720966575e+01 8.860066897964345989e-01 5.329090089999904967e-01
3.067759760012978987e+01 9.093671063379259456e-01 7.891555171767354881e-01
4.074130894385028512e+01 5.181396498254393634e-01 6.475663089890008051e-01
3.370312762992683986e+01 9.461014700736239957e-01 5.180696747731201590e-01
3.675739714707806627e+01 7.391530768953982200e-01 6.769844108752414158e-01
3.472472823149224297e+01 7.433486059691694070e-01 6.785831875031822502e-01
3.463409405049562650e+01 8.052841122627669712e-01 7.334355249041331071e-01
3.701721496112612897e+01 9.059086059014620496e-01 4.581501622065282664e-01
3.326115872364782433e+01 8.444426347829261381e-01 5.956495815723448217e-01
4.645472818326278031e+01 5.796901540412188192e-01 3.485686053927076755e-01
3.648303094575933869e+01 8.311287107295869392e-01 5.246383471454821867e-01
3.780087718755578408e+01 9.565214173586600310e-01 4.369722885129766476e-01
4.080994562322113950e+01 7.947643301973821295e-01 4.279043039656103553e-01
4.539054422765843810e+01 5.950142220998652087e-01 7.999102542202455313e-01
3.118614113309329383e+01 8.032440550886909003e-01 7.140452155292985603e-01
3.639254214441390900e+01 7.048134918912914992e-01 1.002865057097644508e+00
4.690634978809501376e+01 6.612684156190578033e-01 4.007602871855964755e-01
4.142461549511043728e+01 4.126060787789104789e-01 3.596049915453740642e-01
3.352285617036104526e+01 9.377735651080140178e-01 5.873339291133228279e-01
3.205793721368664251e+01 8.968117319467902027e-01 4.542033284692079120e-01
3.962376327533452525e+01 7.783906227680817969e-01 4.814570890731333375e-01
3.054663188182678724e+01 9.584117116212214071e-01 6.797937723054584547e-01
3.139980859379572209e+01 9.771463046780634043e-01 4.737577416043103895e-01
5.474288024746351766e+01 6.382014528196929826e-01 4.580380067542808575e-01
3.026731620967537140e+01 9.694256668931228171e-01 6.026131178586003889e-01
4.276681722076514802e+01 6.706320070255080701e-01 4.384410156697501892e-01
4.126938897649305460e+01 5.955757970474279128e-01 4.876088433237801278e-01
2.797268389675459233e+01 9.668011884422778035e-01 9.813788410353568858e-01
3.341794026222883218e+01 7.921200207231654522e-01 5.758553216256090401e-01
3.603385116045198089e+01 8.450823962052036453e-01 4.326809191202881100e-01
5.347848814904278925e+01 5.712894629621192433e-01 4.199664692906843189e-01
3.443113463262386631e+01 8.616281499770300778e-01 6.329816196857428467e-01
3.539819055831173955e+01 6.920185834864277519e-01 6.218374186507595880e-01
3.779605701990411148e+01 5.961146956089876658e-01 7.434240287366138400e-01
3.622236210583982086e+01 9.843626609821886086e-01 6.080926149929085645e-01
3.892892334053247794e+01 8.265078829140373173e-01 7.019903792462226511e-01
3.510677098640013583e+01 9.474788453662840171e-01 6.700567256018091777e-01
3.462981943589812772e+01 8.036772684791541055e-01 5.686608213639143816e-01
5.003777429717408864e+01 4.921102528827894229e-01 4.367008527007963936e-01
3.047241848381891316e+01 9.484582950573684501e-01 7.698919443705715127e-01
4.500769684429626238e+01 5.136047371444211196e-01 4.097710047129632938e-01
3.764809957416268560e+01 9.305533303043294069e-01 4.965417547574330626e-01
3.485359916293864302e+01 9.739155919447427534e-01 5.125303057956904773e-01
2.939733727539518782e+01 8.431496545718794033e-01 5.740398038950608184e-01
4.133025835005588533e+01 7.389997174832402260e-01 3.579422495897396361e-01
3.892144932165762583e+01 7.997578914458285393e-01 3.859387545978114065e-01
4.083580423367153145e+01 5.551441427458185807e-01 5.922265575557662531e-01
3.969140934839757762e+01 9.924409757110651542e-01 5.896632303016802190e-01
4.017590924824839504e+01 6.063953721168808819e-01 5.503345951707508954e-01
4.025812622313853950e+01 7.124255840046929134e-01 4.939006268362615693e-01
3.815560841890659560e+01 6.641340190154684242e-01 7.000999247035175621e-01
3.721663237339709696e+01 8.970919872757902036e-01 5.745422211249666677e-01
4.329173217651668892e+01 5.577815815743862871e-01 5.412098025542327884e-01
3.092963419525055713e+01 9.576580636453632112e-01 5.649654533396554212e-01
3.617763260404346681e+01 6.752409830702499338e-01 5.271104830067070424e-01
3.881568281421252209e+01 9.007414191787778135e-01 5.816737088937781186e-01
3.813433459202079945e+01 7.238087085464820492e-01 6.483892186007311764e-01
2.947274746476357521e+01 9.480826568667027887e-01 5.023827029678380462e-01
3.560384139349120858e+01 5.731797744664753891e-01 7.995133528404227974e-01
4.119418601083624765e+01 8.387817236040491231e-01 4.392463534636653066e-01
2.766285117570238938e+01 9.486344302474664092e-01 7.525858665857136920e-01
2.930560166265646060e+01 6.218647042582408080e-01 8.209795729258758668e-01
2.975941061954469191e+01 8.458732983447125875e-01 7.600028666428387814e-01
3.604529683949764518e+01 9.791889646365597999e-01 2.308649918339341078e-01
3.281833999643968269e+01 9.694586042253707792e-01 4.506894317374040004e-01
3.369139387121916940e+01 8.653267195083549357e-01 5.132382232351703211e-01
3.519679636637901865e+01 9.667621958302023977e-01 7.007401008002122067e-01
5.044489179472163443e+01 6.362718066546149132e-01 3.455795935933093088e-01
5.503131770279502177e+01 3.897072697890148207e-01 4.540735773793004859e-01
3.885513898408198941e+01 8.918484460539791714e-01 4.333452525498880936e-01
3.519930026400913192e+01 8.588152952650406347e-01 5.325085895288756976e-01
3.425882355957295289e+01 8.144973162565514180e-01 4.796084258951672230e-01
3.701118908973377586e+01 7.959533369103733991e-01 5.523268074609505307e-01
3.487807956773917795e+01 8.287940045510282516e-01 6.979026865566227977e-01
3.360385511100297151e+01 9.513097449216667556e-01 4.444710239244700212e-01
3.493832013279239135e+01 8.205315344859106519e-01 8.738757258838878439e-01
3.557533686820170260e+01 8.019785364326924570e-01 4.513596931291678493e-01
3.553005336970164052e+01 6.561041375195497682e-01 6.819579576247014607e-01
4.054775195247587050e+01 4.677768424058976193e-01 6.223759846686941488e-01
3.690096725441867420e+01 8.081197015636204517e-01 6.799461535138178192e-01
3.481103203824923042e+01 7.972101702925014077e-01 5.946892622719248678e-01
3.561732272324218940e+01 8.068975301315645110e-01 3.845249510519949676e-01
3.437170857963496218e+01 9.018793475657748138e-01 9.509001376710771725e-01
4.610103052386135403e+01 4.843026034811133140e-01 7.987161470735494317e-01
3.335307998818831976e+01 8.760404439454766434e-01 6.182780126787270625e-01
3.871792388095769155e+01 6.218309605324001677e-01 6.280336774720898241e-01
2.772023056322358059e+01 8.203187786938681558e-01 7.114645526412589627e-01
4.068468137050060562e+01 6.280994519446601032e-01 6.731414799614643396e-01
3.832482783256901371e+01 6.304090153546373365e-01 5.430090190710709086e-01
3.491718040294155401e+01 9.908910432608656338e-01 4.890283636882646889e-01
3.449217541043147151e+01 8.983144880301482393e-01 8.650144919692468459e-01
4.374098344737122090e+01 5.918971912726443962e-01 4.547248595029966811e-01
4.062352159044927902e+01 6.710658780243189403e-01 4.739010222608770473e-01
3.158356467471221052e+01 8.655562439423291066e-01 6.185991836738682359e-01
3.961599611218186823e+01 7.361687759246362539e-01 4.020703869899707183e-01
4.946503783562046408e+01 6.726831941693192096e-01 4.634531007650643519e-01
3.225344683238785848e+01 7.670467358606178898e-01 4.930868086830990094e-01
2.984125105200121553e+01 9.274968474603966229e-01 6.665032211062400513e-01
3.139439039411210075e+01 8.863928858366076913e-01 4.470897325822998369e-01
3.821662602368180472e+01 6.942750446572061307e-01 7.232173494120361923e-01
3.246566323557002676e+01 7.937297897991542062e-01 7.220188170604735500e-01
3.146074363189184098e+01 9.017668684411730418e-01 7.432800585299448315e-01
3.020664272834019215e+01 8.608566899944074535e-01 6.836709546766160939e-01
3.526261328269306716e+01 7.292980100197096194e-01 4.925118447143225775e-01
3.536692604876556345e+01 9.535770828341202376e-01 6.094958301298798453e-01
3.453766163381461496e+01 7.258356901280619278e-01 4.159202935765982656e-01
3.962738283316257792e+01 9.957252014003942220e-01 4.322568875909378328e-01
3.073760478101338833e+01 9.860262231479651751e-01 6.110828528379350644e-01
3.121234046117414707e+01 8.874748934472429518e-01 7.210196738312546483e-01
3.843557613536106032e+01 6.095042344553226465e-01 6.133332249689070759e-01
3.548655711127642576e+01 8.153972040742382132e-01 7.924468919467987371e-01
4.047356731506152983e+01 8.556343529105843171e-01 2.914657507975224049e-01
2.943442965778330134e+01 8.738479129555678515e-01 6.597957415180053520e-01
3.102724193779828354e+01 6.671466290879760619e-01 7.392888516545155220e-01
3.608013168427534367e+01 8.726015127528813364e-01 5.337615307018929167e-01
3.439592306158696999e+01 7.005628815898026218e-01 5.836457972785912274e-01
4.589832144883735054e+01 6.835233961489796117e-01 2.587974064455365042e-01
4.421054256301790986e+01 7.169440456610953749e-01 5.346258622203310384e-01
4.139465870182118579e+01 7.636117669803218488e-01 5.244817080041207502e-01
3.013684052018363602e+01 9.206599626406239967e-01 3.982671797256878699e-01
2.666823282343544932e+01 8.801822049904987066e-01 6.729980683531657792e-01
3.543180579654396212e+01 9.338089036023218270e-01 5.823998449852878512e-01
3.560320163633846136e+01 5.775533839157414029e-01 5.372980092929893203e-01
4.013262187314363416e+01 7.929135348197533517e-01 2.322986560988947180e-01
3.898657958406641910e+01 6.728711055319849255e-01 5.864328356026788924e-01
4.944967543808837718e+01 4.877547212880787852e-01 2.754492813398771722e-01
4.200916417385940349e+01 8.016963121844770113e-01 4.755014106795893425e-01
3.598560798948204109e+01 5.402415648287072214e-01 6.441314543662259862e-01
2.939252562902042953e+01 8.322904966668711602e-01 8.298172698333180497e-01
3.184560263633740007e+01 8.310055002082510356e-01 6.946924388995320276e-01
3.274224440140135783e+01 8.642611569705798136e-01 5.401538264078712404e-01
3.702378561499770626e+01 6.259293658632670843e-01 6.279085998052318374e-01
4.451178554486786254e+01 6.911852786572113549e-01 5.026476287404699761e-01
3.308819058531895507e+01 8.875340468173822384e-01 6.186844022762603146e-01
3.380857557551176029e+01 9.701722335021931709e-01 4.017968279718810432e-01
2.935214409535877778e+01 6.458264407356113512e-01 7.397794462338682653e-01
3.539405455062930628e+01 7.997578914458285393e-01 5.240623230333157911e-01
3.472339541610776337e+01 8.151020161501624228e-01 6.140809482589005830e-01
3.056908434804058672e+01 8.949532486419826682e-01 4.312566415750171411e-01
3.514372854994448403e+01 6.010911243455601127e-01 5.792656126718142007e-01
4.101234873780359891e+01 6.967045605602107949e-01 4.178892891934927745e-01
3.659261230877047666e+01 9.310366032817604109e-01 7.171280768315075882e-01
3.012460903432220505e+01 9.764337077603449933e-01 6.929907021164268821e-01
4.040345175793208199e+01 6.171512319005073577e-01 6.876920172201149706e-01
4.244817859400112070e+01 5.329629712810960429e-01 6.206147655466626167e-01
3.304416407519751431e+01 9.869214154232144320e-01 5.609102981883101746e-01
2.928399202046421124e+01 9.903602187036100180e-01 5.172484328281030663e-01
3.211615879882802460e+01 7.970055869296833739e-01 7.688498290173183536e-01
3.153352134016841646e+01 8.615247715555011121e-01 8.316419652893586312e-01
3.752282130878309374e+01 5.976644272575001304e-01 6.076879854948307180e-01
3.190298637147093430e+01 9.909283571504752253e-01 4.042862783548993866e-01
3.988477073330248857e+01 8.834779479134153846e-01 3.893889316939181944e-01
3.651981835249421948e+01 9.396166112400178294e-01 3.492930201454454986e-01
4.481853057678600294e+01 5.902388953046771025e-01 6.373600395995504542e-01
4.488526042308284048e+01 6.468827636056355690e-01 8.300548158958021006e-01
3.253903928734315798e+01 7.946079207775853526e-01 6.291090690135827668e-01
3.655361254702198437e+01 6.267289221923553200e-01 4.544089707032595848e-01
2.583879545998582827e+01 8.941023076731597907e-01 7.180245522182072682e-01
5.864721041284077785e+01 2.505065617313965154e-01 4.230892213370546218e-01
4.194300349084257107e+01 8.906321076818658478e-01 4.725736084561751871e-01
3.740014669133878300e+01 7.516644976280197898e-01 5.939090157046151841e-01
2.674127103597178845e+01 8.916187455374885440e-01 6.843066636366115230e-01
4.079958814697062053e+01 6.467529244705029212e-01 2.912933780169009168e-01
4.163087847804848707e+01 5.480653162505364495e-01 8.168848404167924349e-01
3.546312728202485687e+01 7.528642823939875051e-01 4.842816196494942327e-01
3.781128984603130050e+01 8.796315127278835355e-01 3.682960356728045559e-01
3.601089602048323002e+01 8.006108537252066837e-01 4.923588674225625739e-01
3.478188685393825352e+01 9.509329047873980034e-01 6.559999818836239616e-01
3.773931436998631028e+01 8.613168546755692878e-01 3.359849229295442385e-01
3.973158191342469792e+01 5.863849509763461310e-01 5.359300098589984129e-01
3.646005868539361217e+01 6.411690974990819081e-01 4.341808511939723725e-01
3.387904011461254328e+01 9.075501715032083805e-01 6.654033824194511837e-01
4.615714176642642030e+01 4.765287015317798969e-01 5.657093622847865211e-01
3.719001337118342576e+01 7.890410888860749372e-01 5.776297097398164215e-01
2.635726472125069364e+01 9.776447044307895462e-01 8.550231792671367792e-01
3.247510600653309609e+01 8.516535189987034515e-01 4.311362983896112056e-01
3.449823200441007742e+01 7.983632216254421543e-01 5.604020517085774866e-01
3.674031363521374516e+01 9.857791640132476108e-01 5.107928732214014333e-01
3.816143249102731261e+01 6.131455355689837683e-01 6.622332249952801453e-01
4.304039537508272417e+01 6.970522073681363340e-01 6.407911540906533476e-01
3.524423578861963335e+01 6.541964521075068761e-01 4.552461942318873356e-01
3.093839024201837162e+01 7.463475106392530867e-01 6.590039623422730974e-01
3.060014857601065330e+01 9.818787785098274101e-01 5.664600412292883913e-01
4.016493175694569828e+01 6.417597604092513119e-01 5.761664524439888968e-01
4.118064572684789937e+01 6.092553513049273617e-01 4.913008262996158004e-01
3.455665179733815506e+01 7.630180906824739484e-01 7.388435764088849833e-01
3.583073687035534505e+01 8.961789449665437113e-01 3.826171697012240025e-01
4.009110723537767740e+01 5.187123738746211021e-01 4.253196516751603373e-01
4.077918004008321873e+01 9.200935050694556416e-01 5.058876352991691361e-01
3.300095301104066436e+01 6.488628963313529674e-01 6.781319915661923048e-01
3.422808355806061087e+01 8.352562737349235045e-01 5.934865855834787762e-01
5.256155784442249512e+01 4.438941905359027884e-01 5.124251498652174774e-01
3.722099652269154291e+01 8.632810833252509974e-01 6.144338307376056019e-01
3.563125535164774504e+01 8.111564932754570245e-01 5.437623641698685617e-01
4.336104124304301166e+01 6.892018529135939264e-01 3.414772416087366036e-01
3.904088810340000748e+01 5.975146741450125809e-01 6.931561040550013875e-01
3.393400656675832749e+01 7.178212361948645981e-01 6.643797392120142087e-01
3.123410873281025602e+01 9.694586042253707792e-01 5.242701306853140286e-01
3.625796766359717083e+01 7.818211917614289463e-01 3.907785584636688792e-01
3.355107226884970117e+01 9.733457943671027790e-01 6.217589281198109274e-01
3.188237640564001296e+01 8.715535025782682466e-01 1.034602351301668222e+00
3.382270954778076799e+01 8.710773026002739394e-01 3.669665327872473903e-01
2.961672126605553146e+01 8.890371034371274961e-01 4.650187848352168030e-01
3.064456877742551555e+01 9.415175583249200120e-01 6.778951393787476798e-01
4.008546645026176947e+01 9.073495224357498445e-01 5.342139794309013201e-01
3.400920532493193349e+01 4.283851308388053614e-01 6.949838565542950652e-01
3.786448937989572983e+01 8.401375852546622003e-01 6.081939832610435692e-01
3.686738509987814183e+01 6.888653144884504531e-01 6.562478416784118807e-01
4.413271448670717945e+01 6.333984044124856272e-01 3.200135925821351313e-01
4.257480847782134248e+01 5.369336175837080560e-01 4.913354227553557441e-01
3.300805188231488785e+01 9.868235080604249587e-01 5.350941394741418611e-01
4.004478975096023419e+01 3.505155189126352155e-01 6.056552275557445242e-01
3.973164951019121105e+01 5.836300348493460577e-01 7.672043286798363448e-01
3.146066356014618748e+01 9.607494480240188484e-01 6.188966867348344447e-01
3.534737043471089635e+01 7.623382991887953652e-01 6.477360630709209088e-01
3.238491280813503437e+01 9.773841221177600458e-01 6.947399959098616851e-01
3.395670520710871898e+01 7.621290272353955508e-01 5.539557114909184898e-01
4.303916269479542223e+01 8.028635280186786627e-01 3.402096924849150050e-01
3.125410014627850686e+01 9.041427690654302296e-01 4.585770758601759312e-01
3.824458812334817992e+01 8.310127753356894020e-01 5.233710927176140615e-01
3.669454245677653148e+01 9.089506176070436538e-01 5.619865016034598648e-01
3.156661773932550830e+01 8.596940109578845579e-01 5.204825045353609347e-01
3.852321836790179788e+01 9.845075013134372277e-01 6.940944647131919165e-01
4.581940195291415563e+01 6.888323703347937199e-01 3.496051315455249719e-01
4.000424474511736150e+01 4.406759692631129766e-01 6.832026558436271602e-01
3.739332299118487413e+01 7.438280476234196970e-01 6.421717324902083135e-01
3.577238716006217345e+01 7.069213488389709532e-01 6.532483486600285660e-01
4.079775276877324330e+01 5.717928607079261205e-01 6.008798908647311476e-01
3.208477154811789234e+01 7.863271611733650968e-01 5.911407666854558984e-01
3.552421095931762096e+01 6.667697630819976462e-01 7.536680004333773386e-01
4.327757203424116739e+01 6.564896930919231766e-01 8.820670885962784702e-01
3.441408784139900234e+01 8.179495813103559998e-01 4.745931152925496055e-01
4.737797655349861969e+01 6.828400874200981630e-01 5.641459680389757647e-01
3.919879926843238138e+01 9.922986017957048377e-01 4.026474031381423457e-01
4.483736711108024764e+01 7.783148797850010236e-01 5.426398215721092155e-01
3.198189642028075141e+01 8.743990285405112139e-01 4.754458703729914637e-01
3.178582997498107687e+01 7.788419942392990070e-01 6.981173699879805739e-01
4.353234931718599654e+01 5.413022208064216523e-01 8.466982430526130976e-01
3.679583571354839933e+01 8.792029144365186566e-01 6.190359274287300373e-01
2.999389777915527233e+01 9.095332893493928150e-01 5.964628656325497991e-01
4.106841909025403936e+01 5.324379181937517469e-01 5.957581141844390249e-01
2.939569484660665211e+01 8.108748161044257996e-01 4.706363372454990257e-01
4.134601183143997361e+01 4.599966697927898029e-01 3.498361396385319400e-01
3.662550523883749065e+01 6.830448124401744536e-01 5.679047599623695541e-01
3.057799793983280878e+01 6.564879005744757023e-01 6.331482557576837422e-01
4.243725679512901650e+01 6.674976570235315876e-01 3.142227187126185317e-01
3.707320973962036703e+01 9.067523564840431760e-01 3.743866084933641925e-01
3.302419423240909424e+01 7.938973571390786077e-01 5.947345037207927287e-01
3.595676837242345414e+01 7.024278084887887186e-01 4.540492754654130159e-01
4.866972228568670999e+01 6.885966339709038708e-01 2.942132200849735812e-01
2.890454674153209069e+01 8.431496545718794033e-01 6.008754405933063314e-01
3.230159606019203977e+01 8.330451968866749990e-01 8.342297974872190380e-01
3.408278209734886133e+01 8.558401916925565400e-01 7.185987585372685116e-01
2.696359722611133947e+01 9.825625270069944239e-01 6.323512263926387433e-01
5.444971131376727413e+01 6.773933053009107974e-01 3.462334919940344702e-01
4.191825182943958339e+01 6.260436252253596123e-01 4.065782189559470350e-01
4.787719391003366098e+01 5.052118808675797323e-01 5.840024614330343589e-01
3.039328777713046037e+01 8.930459480233258196e-01 8.296569758354153112e-01
4.086619596117260755e+01 5.247478458162377901e-01 5.449097846049781868e-01
3.237651421735404256e+01 8.627277921224981716e-01 7.144715959029027674e-01
3.115483169295815102e+01 8.584735678194449493e-01 6.228342524292228566e-01
5.096247655743403726e+01 2.750003455680968267e-01 4.720908022484325284e-01
3.513124919573927230e+01 6.887315018485488105e-01 4.385797589608454450e-01
3.786886707108391903e+01 5.860438959102304279e-01 5.413209983397939684e-01
3.741039559050783936e+01 6.163225446612631275e-01 6.208446621020314860e-01
3.316950170556894051e+01 9.531909404893440518e-01 8.696380051313253867e-01
3.258020864408205597e+01 7.216694304743020982e-01 8.620045581267090640e-01
3.283083805612331929e+01 9.459298273453552452e-01 9.751352338051452184e-01
2.909993982448041194e+01 9.724218333820120463e-01 4.885978548848583514e-01
3.689929080549695328e+01 8.260818510045453422e-01 6.351374154598040667e-01
3.782264290619605873e+01 7.046412940183975904e-01 4.512366609634270165e-01
4.244893556132367252e+01 6.116976718451980766e-01 3.507904083287219366e-01
3.621587077183588121e+01 8.862176009836200130e-01 5.920655163381884911e-01
3.951049469500718203e+01 6.861003482672486387e-01 4.490329833110076607e-01
3.738847790442943619e+01 7.051766168834604498e-01 6.028245427156151415e-01
3.523483920583173301e+01 6.215328545686181760e-01 5.352478745254738435e-01
3.525567768464473772e+01 8.883475056143311788e-01 6.711752225276709227e-01
3.958173322549936302e+01 7.684439249283769868e-01 4.981997292073324646e-01
3.437343159669582349e+01 9.663411342028676021e-01 3.918822409514395311e-01
3.821067274240998302e+01 9.164861693955363986e-01 5.382948736927350986e-01
3.452533976081956268e+01 9.903949971084760051e-01 4.506538196862945322e-01
4.006392173169265192e+01 6.574200603020795564e-01 5.858520897054405596e-01
2.843648856773986111e+01 8.899006709348749045e-01 7.299200596731715285e-01
3.323531704713301593e+01 8.742748777906097501e-01 5.927139471824683925e-01
3.973136449732979258e+01 5.945359592577716956e-01 4.484412183696242504e-01
3.490826343582352109e+01 8.926440395471842981e-01 4.981910542799879993e-01
4.173800835548516375e+01 7.343465986622300656e-01 3.994700107036537884e-01
4.079436526967344179e+01 5.605463195812071531e-01 3.850680511017620655e-01
3.619634978935941660e+01 7.023226257097655578e-01 6.524807155439568129e-01
3.969698456709746637e+01 9.271425169840024072e-01 3.694026534462979128e-01
3.816530943398229425e+01 8.842522357045310422e-01 6.173021761233346005e-01
3.447078725752714234e+01 8.662565514245490483e-01 3.185310117939134100e-01
2.980530850891478423e+01 7.605816150293165379e-01 5.955498325332221343e-01
4.308022865220072362e+01 6.845177953521723868e-01 4.717154013239241439e-01
3.739803704091920622e+01 8.252851593573397038e-01 4.230898788021494883e-01
4.289105662768179883e+01 5.520079197052923936e-01 6.683244393148798368e-01
3.505427116530530895e+01 7.670744433363966275e-01 4.222648294381039502e-01
3.305645548411504819e+01 6.671089958335923997e-01 5.087710182347517929e-01
5.799543030670735533e+01 3.210318908892755285e-01 3.661328415186680396e-01
3.579787698301475984e+01 9.073735977376006234e-01 4.616189955852954552e-01
3.722665004082375617e+01 8.488855526385763461e-01 6.256554896461173909e-01
2.737924774695432006e+01 9.085807017104760019e-01 7.321680068903877459e-01
3.800401309432141517e+01 7.588854101817289477e-01 2.146891667842760199e-01
3.048585606371520029e+01 7.414665089617437088e-01 8.141191077072936766e-01
3.627093644716581622e+01 8.922285563221321603e-01 6.321325225840910278e-01
3.459802365133833746e+01 6.704351542456821189e-01 7.600405622488344282e-01
3.763166799151687059e+01 6.223646645101703623e-01 4.877412027715777310e-01
3.501633599348886605e+01 6.173276773224884995e-01 6.820499726456834555e-01
3.258176247929758063e+01 9.068155583021243471e-01 6.562856608597874564e-01
3.564879530943185415e+01 9.626796450949498540e-01 4.811454788776565183e-01
4.127554925647226725e+01 6.741146329095747403e-01 3.470284466603838491e-01
3.301361372075032108e+01 9.476477353748927746e-01 7.295146930283497033e-01
2.770247406561777481e+01 8.063194244098246255e-01 7.734962546531810590e-01
3.235891160188727866e+01 7.213663720633007870e-01 6.236226559899428201e-01
3.348931674242138712e+01 7.705030085205890611e-01 4.906112413086709534e-01
3.185903390964768533e+01 9.844357577776190471e-01 3.839906798507062846e-01
3.740428264281248971e+01 8.016383542973229970e-01 5.321206276632638454e-01
3.442700255273884125e+01 9.284191760577802377e-01 4.435620389509137840e-01
4.269337443467234294e+01 8.749026153596373145e-01 4.379116622401306169e-01
3.254431979238820816e+01 8.183839538314451323e-01 8.257915476204714667e-01
2.610668826168307532e+01 8.713424401458014223e-01 6.658092196178205802e-01
4.724317434128636961e+01 8.714456560126655482e-01 4.044648761464522124e-01
4.058563374943209823e+01 6.862975560830438804e-01 5.280883226535253439e-01
3.910924249983729339e+01 9.733973263615719462e-01 1.119012813923582428e+00
3.592985263993360689e+01 8.145384682298627554e-01 5.965578978257117804e-01
4.067891212236036580e+01 7.096210537601483903e-01 5.917079297803743421e-01
4.593022501055992990e+01 6.298173324977262011e-01 4.040782945255119718e-01
3.870218742285244673e+01 7.322994679067762469e-01 4.220830310873312508e-01
4.628878727925915371e+01 7.454784319187885977e-01 4.050152709259075001e-01
3.677191354539566248e+01 8.209268723771642184e-01 3.780863739234254783e-01
3.130338909868957842e+01 8.930459480233258196e-01 7.764623129042577121e-01
2.900233212578830688e+01 9.865730740380279640e-01 6.151215976989913292e-01
4.087393394224695697e+01 8.644638933230642808e-01 6.378483435088664333e-01
3.250066492071606206e+01 8.243870312115681998e-01 3.309979997494438275e-01
3.607493912046368223e+01 7.068675139850068012e-01 4.244117454615825569e-01
3.370622487289828229e+01 7.242160531108170485e-01 5.784778390527933745e-01
3.361517773340872139e+01 7.401068428781789610e-01 6.747011259753171730e-01
4.638488103705087440e+01 4.472448423962701036e-01 6.411865741165231336e-01
4.074761820473681695e+01 3.565055795079308254e-01 3.409292961729050719e-01
3.244879372766311576e+01 9.482934481352424116e-01 5.775509385533806883e-01
3.559761564035878223e+01 8.304540832389823990e-01 3.697881479656467962e-01
3.725201656328949440e+01 8.249695015107938456e-01 4.737087026343853591e-01
3.118166480906666393e+01 8.051292660399869128e-01 4.911342381719269179e-01
4.313109408758215579e+01 7.442523636540073761e-01 5.682930941340257336e-01
4.793881193333574231e+01 6.755167710096722233e-01 4.694154727479997735e-01
3.915916236161083219e+01 5.467831761742515395e-01 4.531632335370315290e-01
3.800897384105184074e+01 6.739990867522601681e-01 4.422840308514611740e-01
3.256805265624402068e+01 9.056907861978440444e-01 4.580795941723497244e-01
4.062713471915352414e+01 5.098290764481375748e-01 3.279034904365523695e-01
4.293471552941813485e+01 7.020844677710128545e-01 3.831071492557475144e-01
3.779785776534784247e+01 6.630083339415672183e-01 4.379479741264067916e-01
4.014524413183045937e+01 9.843626609821886086e-01 4.509542602037747150e-01
3.995022112060520669e+01 7.055788468303446637e-01 5.189641333099261900e-01
3.134956607818624974e+01 9.311211629324798178e-01 5.517956733012163717e-01
3.551485920666838325e+01 9.050011148703680508e-01 7.772686534583950202e-01
3.831553880878848162e+01 6.969607936509710777e-01 3.775741811542321913e-01
3.045879966400275407e+01 7.181948380975399227e-01 6.175940793303463794e-01
3.624358263677907388e+01 7.296944962685143476e-01 8.082050181621919238e-01
3.583926363274613891e+01 8.911028617298512033e-01 4.725207398452414553e-01
4.438176700981749434e+01 7.165913081800409090e-01 4.720397677169605455e-01
3.575563203199538975e+01 8.028441041977186776e-01 6.275654964769021849e-01
3.791709817614981404e+01 7.343245950908058317e-01 3.597912414202432685e-01
4.365823413877834724e+01 6.593145217534932545e-01 4.411124325368908639e-01
3.966566904951589123e+01 4.099988627469730584e-01 3.983625974078195409e-01
3.265020146102621368e+01 9.957252014003942220e-01 7.383228727623327714e-01
4.403138815580381049e+01 6.641340190154684242e-01 4.732296599522414215e-01
4.135815218921100467e+01 6.225352189465789277e-01 3.925378662111530526e-01
3.436467296811372307e+01 9.919576991245604436e-01 5.018686500491068569e-01
4.440118161534056185e+01 4.795064004243680955e-01 6.490004170227625657e-01
2.946888811922438478e+01 9.118472255583948138e-01 6.877732474593636347e-01
6.744495517293543685e+01 1.667599045056309404e-01 2.666930058881924470e-01
3.230889314997832429e+01 9.733457943671027790e-01 6.841106486508192752e-01
3.546508027645100469e+01 9.614779630405664301e-01 4.047277663454191265e-01
3.140199966143920207e+01 8.177223354151992307e-01 4.562350007332042767e-01
3.222499175288715634e+01 7.145061637382927877e-01 4.890844152256700328e-01
4.314123844296952370e+01 7.643396798280659432e-01 3.880790668344584748e-01
3.249221132030830006e+01 8.306879858441971187e-01 6.246517505260126280e-01
3.766104212518805383e+01 5.531410811793637805e-01 6.845209643726293258e-01
3.821632833894901182e+01 6.287302967097848638e-01 5.450158758402532388e-01
3.612389476944346711e+01 6.748317767092572028e-01 5.235695472835615316e-01
4.080926740812112286e+01 4.899264884736808101e-01 6.041859155494719857e-01
3.645074051116095859e+01 7.290022353236554897e-01 7.821725728756935281e-01
3.445537389785626203e+01 8.077380587934950285e-01 6.140525760906081487e-01
4.534972044649413192e+01 4.886392180376967764e-01 3.406752544755813905e-01
3.632048764475030822e+01 7.928012948470899435e-01 6.065158202366179863e-01
3.488686724330476352e+01 7.329935571151382501e-01 6.274486500617548757e-01
3.806635478802355266e+01 8.344398366738405848e-01 5.184314684679348639e-01
2.965978590354362154e+01 9.470509612938632360e-01 7.423646336511727784e-01
3.791044950811991043e+01 9.811443103394964504e-01 4.698395751826957012e-01
3.753410469542499328e+01 6.510617250176781168e-01 6.361300075844170676e-01
3.270981019899100062e+01 8.530300687791182446e-01 5.842991348692865294e-01
4.763766879131597420e+01 8.559573726795574045e-01 4.134868835620846284e-01
4.197053311540430798e+01 5.261316025435394117e-01 4.098771115747824600e-01
3.124829474729404666e+01 9.244225248183354227e-01 5.118357779856437251e-01
3.970253219262352218e+01 6.850711358541495821e-01 4.676836156769454411e-01
5.635742657489761598e+01 3.914209705678524109e-01 2.762948979653738202e-01
3.257079732847756759e+01 8.074610938337818400e-01 6.412658081680037148e-01
3.092562122920890744e+01 9.415175583249200120e-01 6.626464063213680644e-01
3.237675431196009157e+01 8.201717629552236488e-01 8.607451327431336896e-01
3.169089429844900252e+01 8.447171021114393552e-01 6.235804681131440486e-01
4.072173678081882997e+01 6.251305998032841149e-01 8.323693903730302601e-01
4.220905191155442537e+01 7.339114340724606222e-01 5.124956403610663180e-01
3.852144163407052702e+01 6.402026787123579199e-01 6.066754091897674783e-01
3.248892833723073892e+01 7.823768610573338389e-01 7.688509267984803275e-01
3.880501706303426346e+01 6.530560799279917505e-01 5.538576855166363888e-01
3.758168526128997655e+01 9.440674421354644519e-01 3.859066893322231073e-01
3.768556175680542708e+01 8.325868010976891220e-01 6.658676976909612133e-01
3.420559259392394580e+01 8.310127753356894020e-01 7.032507137545996878e-01
3.790052662259907379e+01 8.450452466944375907e-01 6.271957805258274732e-01
3.016755583741723612e+01 9.847309301927598124e-01 4.914665358535092454e-01
3.235134095387753916e+01 9.170059695387595688e-01 6.020912417167619823e-01
3.467286425255186089e+01 9.092706793228280127e-01 3.234664914255733770e-01
2.974710078994092655e+01 9.460868073051338367e-01 5.609524883749925639e-01
4.417379571641055236e+01 5.234435468823193105e-01 4.722485117084830875e-01
3.275174279485043627e+01 8.985367966637890502e-01 4.758821019930623009e-01
3.447211594945517987e+01 6.537482018002731543e-01 6.670430989574415159e-01
3.398597539388546096e+01 9.505016056722908058e-01 4.333519175313792493e-01
4.104572241826834045e+01 8.339176239253882628e-01 6.618277857290473243e-01
3.258036565100186976e+01 9.534042153376895978e-01 6.451415117359732276e-01
3.172628713635539555e+01 8.277612728370977724e-01 6.674077799472700745e-01
3.700459021730794262e+01 5.769239517470691192e-01 5.005612188627445169e-01
3.464570429592868805e+01 9.718403025961508401e-01 3.498801352263395947e-01
4.056879963375590137e+01 6.308123939407577208e-01 4.897635755954604653e-01
3.438305532821523514e+01 8.534543795370369557e-01 8.528097748114471521e-01
3.102622623423687287e+01 8.899006709348749045e-01 5.855248275639977074e-01
3.015297165575403326e+01 9.519491787145728523e-01 5.656878048035103301e-01
3.566721038411404976e+01 8.797087520865646271e-01 4.153252933535780400e-01
3.207082424835334677e+01 9.279808467283584550e-01 6.623156170592423564e-01
4.709584230759089252e+01 4.914767017408124827e-01 5.885839032534138093e-01
3.511494839315290051e+01 8.263579962680853708e-01 3.938465878407444443e-01
3.233501406466819361e+01 7.229352440340406361e-01 6.129218591244542935e-01
3.580573828157993432e+01 9.257977134743623493e-01 4.763369933694183156e-01
3.328566764086381369e+01 7.590227204635071612e-01 7.504004615028949665e-01
3.656847021147193999e+01 8.697847946080528025e-01 4.259354766129033742e-01
2.937340276755938717e+01 9.620093676434570140e-01 6.221642203682303807e-01
4.232568951336759255e+01 7.631645694401983926e-01 3.627767595323630467e-01
3.460823605701591532e+01 8.611981684747688215e-01 5.220745406734258465e-01
2.991946835796325388e+01 8.526109229663280109e-01 5.284905618260505866e-01
3.836071681074065509e+01 9.046935351370424261e-01 5.309332015286215567e-01
4.382229213793327460e+01 4.124874471734429338e-01 6.642848523404421002e-01
3.979271853083628940e+01 4.684424773152138233e-01 5.621930919805784299e-01
3.404985154956020210e+01 9.352336345119052208e-01 4.538120064326500169e-01
3.904827674856186093e+01 9.519594463560697717e-01 5.211342457561231045e-01
2.784013848432076443e+01 9.735856441852354104e-01 5.842694541494517502e-01
4.161317656459327452e+01 7.809428127620722249e-01 3.768955347848009230e-01
4.194862449903327928e+01 4.829836419607116960e-01 7.606555609875137458e-01
3.511839703056730144e+01 7.883704323275334547e-01 5.503617648780957383e-01
3.038401797541238025e+01 8.637500598352342296e-01 4.954333899081138082e-01
3.560053559629083253e+01 7.921200207231654522e-01 4.792428854774521962e-01
3.307971016580443546e+01 9.401794088255588377e-01 8.721060640977960077e-01
3.712148408651384557e+01 7.501784849823865953e-01 7.608898353217413701e-01
3.980865352457995954e+01 6.963054142775354505e-01 9.097961440232410490e-01
3.777521082829563426e+01 6.893586372827552600e-01 4.920702959460628856e-01
4.184281496882031348e+01 7.748980890057532989e-01 1.795294374142218652e-01
3.343653317073718512e+01 8.746589113081949529e-01 6.791798872598892034e-01
5.139488626841561825e+01 5.480653162505364495e-01 4.717128004714186140e-01
3.131332109316695878e+01 7.069678955394443909e-01 7.356050109887406485e-01
4.108742852672743595e+01 8.497097437352645333e-01 4.431509375532780570e-01
3.860837976539740879e+01 9.368986610054184094e-01 4.431272521292374811e-01
3.568681671700758073e+01 9.295029324556494110e-01 4.438699424665487059e-01
4.398082464695487204e+01 5.639201480133302358e-01 4.484246603232039385e-01
3.955999805933999625e+01 8.539305145076131476e-01 6.549337768367996526e-01
4.164330453151841027e+01 4.739107505796391062e-01 7.431579654073420249e-01
3.305107106358509839e+01 8.112438150918783730e-01 7.545007509269486823e-01
3.911638436149999620e+01 5.603891060713470651e-01 7.538330323679551803e-01
2.763949567351547998e+01 9.672690853146116430e-01 6.627761426210765361e-01
3.302797947586941518e+01 8.052278780773437505e-01 4.850174845189769712e-01
4.776907238364290009e+01 4.845641790982473940e-01 2.738296969910632428e-01
3.858542045389597064e+01 8.653353163486261490e-01 5.773540441971439785e-01
3.505915349530825864e+01 6.714799599102734273e-01 7.268584082642490785e-01
3.401021040717323274e+01 8.477956376478289480e-01 4.992331535016216182e-01
3.002684252998011161e+01 9.733447843656394260e-01 7.113080720590183592e-01
2.905283310731410751e+01 9.435773577717607719e-01 8.633619585406687724e-01
3.643923122021219996e+01 6.272252102073693214e-01 5.676398784262646213e-01
3.434637963865061749e+01 8.629548573958747415e-01 4.465492876602918937e-01
4.298623760948780159e+01 6.035507655722819331e-01 6.390601950343501869e-01
3.172641884198902318e+01 6.913691295552253369e-01 7.199690665301365922e-01
2.992139003726371271e+01 9.432643867501604440e-01 5.448656944892120713e-01
3.150235650206308691e+01 8.905240920061069376e-01 7.226608427355584174e-01
4.429869471586540897e+01 7.553580621933458916e-01 5.161214440015117200e-01
3.209798301788977426e+01 9.755883181150083461e-01 7.808256664645076839e-01
3.241908025342482347e+01 9.344345332121436476e-01 7.065842882496725652e-01
3.589328895261284202e+01 5.689763700760287479e-01 7.178355564295976210e-01
3.807538924467593233e+01 9.844747140778240535e-01 3.050518454502255117e-01
3.464841204026594568e+01 8.956181287758425702e-01 4.847428199657584647e-01
3.713727148255091493e+01 6.718938885472605094e-01 5.224075636941885037e-01
2.612985792536287377e+01 9.510529298360019812e-01 8.142848359686074566e-01
3.650880568646260826e+01 8.685399929321995227e-01 3.677110784951050371e-01
2.800034811964277992e+01 9.306059266748771819e-01 6.011609858717702481e-01
4.357550825021557728e+01 6.210732727729065816e-01 4.728173365524082072e-01
4.215841745879311731e+01 8.356780498277300850e-01 5.216392328460149885e-01
3.793002016741885996e+01 5.132267804428618518e-01 4.079124863179321991e-01
3.982039421662306466e+01 5.442787624202566343e-01 8.033399571424375551e-01
3.560013778675299534e+01 8.323702837281659050e-01 6.111755056561394284e-01
3.328126159828886443e+01 7.751761176198781467e-01 7.969589531147717176e-01
3.341950224135184300e+01 8.884562781401804665e-01 4.256364938029301159e-01
3.432405255564766122e+01 8.093811001922728288e-01 6.209206622615310867e-01
2.790916273999458497e+01 9.328690137788347991e-01 7.894856777064924724e-01
3.419948061081210966e+01 6.970764207448153504e-01 5.773543058705244979e-01
2.884059732785742725e+01 9.856021211962744388e-01 8.200432675955112716e-01
3.383371178783677635e+01 8.693586463594279445e-01 4.804058246428197787e-01
4.908458423486207067e+01 3.826762885378373058e-01 4.597186085384255549e-01
3.936782967256493748e+01 8.316457187228162296e-01 6.971532481141959892e-01
3.726258705858401754e+01 8.827136483391491151e-01 4.177597201434764540e-01
3.893439168719466181e+01 5.151926094866643435e-01 4.629890832154460734e-01
4.344187590227761575e+01 6.005849397806427570e-01 4.799801496746409768e-01
3.398662558132414802e+01 6.748317767092572028e-01 6.193801255233560843e-01
3.660196820084406255e+01 6.970452716525645798e-01 5.657287522226313037e-01
3.205254628471698908e+01 8.669770493813976353e-01 7.581847476145867626e-01
3.115076872567895094e+01 8.878892370674444923e-01 5.053844549699124666e-01
3.445215112989188100e+01 8.396983196470541033e-01 5.521376241033524312e-01
4.068630955495668644e+01 9.760815903555658535e-01 4.033236885954963324e-01
3.134749907809512948e+01 8.586879280627738309e-01 5.647709208890639987e-01
3.308237704647448396e+01 6.608094286215875357e-01 6.222917091055708561e-01
3.337688513270693136e+01 7.593666155686402686e-01 7.130726481115114979e-01
3.676557673755165467e+01 8.445010665009581308e-01 4.497256327699710177e-01
4.595144096278201573e+01 4.180795140472152172e-01 6.418710799756450758e-01
3.590491781797560122e+01 8.136021243111890566e-01 4.962735542902032004e-01
3.404281564098481283e+01 8.448929790516660487e-01 3.743495395155427286e-01
4.211137297249173628e+01 6.720175185621009017e-01 4.664971868844265956e-01
2.732946562095857601e+01 9.411234129654262315e-01 7.937074101590353425e-01
2.939207219234546287e+01 8.312480080239971203e-01 5.903535379915616499e-01
3.621420254428618790e+01 5.614054408279114394e-01 4.600687378201720468e-01
3.943442698248617972e+01 8.624620654711004919e-01 4.940658076803503551e-01
4.131002167699459449e+01 6.836770663808815485e-01 4.546762882350509072e-01
4.766690425468203784e+01 8.593656036585342051e-01 5.158075425656144519e-01
3.695272480738294263e+01 8.146369251785634535e-01 4.668026318094598004e-01
3.860461946792964483e+01 7.621290272353955508e-01 3.668627414870846981e-01
4.159982742836722025e+01 5.555013654881459928e-01 4.912751526872120023e-01
3.472841067572244356e+01 9.640820148776524379e-01 3.722029333554771613e-01
2.981791997557673568e+01 9.323939950498092433e-01 7.993095777285939008e-01
3.004327119634448096e+01 9.610638948397636216e-01 7.865936318722489551e-01
3.102660740792974181e+01 9.846453966972832372e-01 8.443402544028987267e-01
3.551394979866894630e+01 7.517260012300106542e-01 6.974288228075201657e-01
3.118512407739301651e+01 8.066405302848308478e-01 5.757490936399041193e-01
3.264288061228118210e+01 7.623391470373014345e-01 6.545923946332007359e-01
3.868571820534305772e+01 7.077597315892940610e-01 7.793030915086662791e-01
4.165788877359568687e+01 8.040514088752418465e-01 5.128307712018582709e-01
4.271384631299611812e+01 7.050671576895971571e-01 3.669072921263827891e-01
3.787578606094947276e+01 5.433761138629964460e-01 3.981230360416845859e-01
4.913168249626708217e+01 5.825675041512390351e-01 4.565054230625424925e-01
3.624520065508767175e+01 8.278832551872046253e-01 4.869134954681256788e-01
3.562291511774962771e+01 6.643964352590765454e-01 6.987983942349219602e-01
3.494620389287442208e+01 9.645390156898584477e-01 6.051275031745996236e-01
4.146173183095046255e+01 9.041130274214076445e-01 2.734737230774667571e-01
3.053406417460749012e+01 9.196812270785204024e-01 8.531591365114238323e-01
3.374473334263591795e+01 9.020946768701846308e-01 6.716863466431994834e-01
3.852756124648919211e+01 6.089917466503823595e-01 4.751427331824421008e-01
2.808742984695788181e+01 9.092706793228280127e-01 6.337690650243003043e-01
4.318304547240616387e+01 4.934554099713983066e-01 4.730340415811261079e-01
3.877968734555548025e+01 7.390710866962154624e-01 4.499804884694220131e-01
3.525366439372723448e+01 7.697901163623540599e-01 6.659185366968521924e-01
2.934373122808445800e+01 9.860068880652379519e-01 6.478600360720569995e-01
3.599262490504138867e+01 9.705147405833588481e-01 5.274224968321129525e-01
3.074249495118553810e+01 8.123065060483597444e-01 6.643203188694639660e-01
3.541632729592424056e+01 7.330844985037237027e-01 4.941800305219650746e-01
3.640778974355720976e+01 7.501784849823865953e-01 7.954081931482105405e-01
3.001146837718041027e+01 9.743181204771086401e-01 6.300999133117463069e-01
3.907539471284935217e+01 9.376839533717827857e-01 4.642791306516208527e-01
4.051929291860588478e+01 5.657089337772334137e-01 5.177369240755226310e-01
3.482996005056613598e+01 9.728316669700204367e-01 4.884494821336248238e-01
4.330327364154103265e+01 2.942390495252470983e-01 5.363801256858599098e-01
2.965570702677957016e+01 7.084934261856961069e-01 8.651881389997231331e-01
4.081670439838730147e+01 7.621884426833077653e-01 5.598756425449088470e-01
3.283289136453578294e+01 7.855291240358830418e-01 5.053193899756563967e-01
3.110020474188216966e+01 6.648684593080723682e-01 5.736361675488489409e-01
3.214424118331507430e+01 9.287624669642570163e-01 3.788141318142366765e-01
4.579598340043629179e+01 5.115306716691687683e-01 8.944380174435442310e-01
3.114200553894608703e+01 8.135767295180319492e-01 6.343728388445493138e-01
3.825318788156180005e+01 7.782718965900744523e-01 4.007970568598854255e-01
3.511760143399305178e+01 9.589197134562880143e-01 3.798365782776709776e-01
3.765705303514890545e+01 6.728850227866337574e-01 5.548013262044280136e-01
4.044447705583896635e+01 5.913139121843568047e-01 6.587865113789226346e-01
3.272386472997564510e+01 7.963016662201976015e-01 6.348176305409086728e-01
3.737522395627662064e+01 7.782718965900744523e-01 4.337025261089090811e-01
3.927771073876282060e+01 6.611964842538550213e-01 5.559163161637193928e-01
3.241529343550060105e+01 8.458962109028294041e-01 6.625557040609195703e-01
3.524080196764544581e+01 6.563500287852619408e-01 5.809593394370319297e-01
2.864976904870499652e+01 8.467737143530786881e-01 7.587188892986048705e-01
4.039796285888991889e+01 5.884572342469504003e-01 7.296262003128147766e-01
3.400397607968512403e+01 7.829620965483854444e-01 5.843631013546715103e-01
3.361070743138205330e+01 9.777381901890803695e-01 4.783172922331101473e-01
3.462361028471492830e+01 9.345732639170147849e-01 4.708063249684097396e-01
3.019321848368134198e+01 8.984931460708601714e-01 5.752371025204139343e-01
2.979704839007306205e+01 8.499152230170488043e-01 4.684075559167393821e-01
3.104775543833465790e+01 8.798961974770438399e-01 6.410022328729354513e-01
3.325840822814223685e+01 8.315110109180143816e-01 6.657882608200417218e-01
3.810007243282421285e+01 8.152367191977087924e-01 5.134263091406349178e-01
3.477006666615771024e+01 7.712202937405465697e-01 6.266214138452772531e-01
3.919917033090914060e+01 8.018683682537131041e-01 3.655088500124017425e-01
3.339892667992032216e+01 6.808177674755950815e-01 5.147817019645821723e-01
4.176962702260418325e+01 7.518639654789357474e-01 5.596963306553905948e-01
2.775107836467978828e+01 8.963145566166561551e-01 7.510061180846185902e-01
3.343872193248935787e+01 9.680379374920148328e-01 4.140332006546866839e-01
3.192772702954869146e+01 6.263265384315690465e-01 7.460953593221705260e-01
3.790156965839387482e+01 6.510569983409265626e-01 6.395604340422805789e-01
3.796986689915593871e+01 7.789064170822028732e-01 4.038658639908203618e-01
3.293716458505748079e+01 8.775422430288047915e-01 5.484966797396533256e-01
3.359596503508809207e+01 7.064539093493277244e-01 9.932340663547306603e-01
3.669852054206316438e+01 8.515735558956794016e-01 4.885022936384828540e-01
3.269487074617727984e+01 9.255194542344904463e-01 6.761470453712510320e-01
3.369377301946953907e+01 9.474788453662840171e-01 7.400930126204978698e-01
3.775602278379354004e+01 8.665138801545962943e-01 6.990687384460393394e-01
4.444677385406037473e+01 6.464637112093274407e-01 4.202960873443251089e-01
2.936212380242108111e+01 8.681945145643052975e-01 6.886301663203152623e-01
3.581692072803682692e+01 9.303052736663341982e-01 6.752389312192214055e-01
3.176653719490293071e+01 9.369575368144782423e-01 6.130361860222447445e-01
4.191364782724806304e+01 8.557671490208837994e-01 5.025817666735644673e-01
3.357327000314336374e+01 9.239022928374548416e-01 4.844932887184866255e-01
3.250907505847045798e+01 9.780550624048978126e-01 7.750405354877850650e-01
3.805249219799519977e+01 7.059420883822637993e-01 5.377667695332427611e-01
3.447871249778838632e+01 6.843375831188784897e-01 6.467120691830327006e-01
3.162596440026826272e+01 7.181948380975399227e-01 5.578963340508305002e-01
4.102138986163829060e+01 7.403024946012642937e-01 4.266337439416724164e-01
3.756106328523385685e+01 5.705064912404056443e-01 5.558476754563516087e-01
3.772533578941126819e+01 8.148635882924962770e-01 7.636916042686422434e-01
3.946457402202935327e+01 7.586442144339944349e-01 4.467305276912266199e-01
3.456781459121611988e+01 6.932409443415618044e-01 6.646848717657258820e-01
3.717914693348999577e+01 8.297136553131485570e-01 3.657073168148048947e-01
3.659225573992888059e+01 8.972396328464309345e-01 4.552492029589073064e-01
3.265120825376234137e+01 7.973173939369737617e-01 6.505452288672990413e-01
3.922459728786345323e+01 7.882991590148553662e-01 4.899308097697821496e-01
4.320980139507251749e+01 6.547409064100053744e-01 6.307182797659268703e-01
3.103233330300882997e+01 9.712040335163707461e-01 8.785929640149757747e-01
3.849573209750460734e+01 6.872684616758905074e-01 8.272471561739620505e-01
3.549842156982341379e+01 7.669532288873587289e-01 6.123525348139787772e-01
4.067078753808661418e+01 8.546582708486637481e-01 3.177864566750761011e-01
4.280758255643235799e+01 4.266648933449084247e-01 4.479997070212025645e-01
4.049588057994878199e+01 5.302477926113622342e-01 5.705590072164431481e-01
3.426941520687307019e+01 9.595013171892582404e-01 6.794011118245564251e-01
4.356046266162207559e+01 6.758826525004383301e-01 4.154406365918072441e-01
3.742342211483722991e+01 8.322904966668711602e-01 4.371467909845881961e-01
3.914776610441938942e+01 7.356354379916091313e-01 5.488671521707837453e-01
3.901769958806489313e+01 5.769239517470691192e-01 4.231401027287966521e-01
3.624868828359853268e+01 8.885969004211418110e-01 3.564139925649998375e-01
3.400619477644547572e+01 6.959468925502545478e-01 6.267224946413786357e-01
3.182656340489791802e+01 8.544740734309937968e-01 5.866524876584289228e-01
4.116677497161570187e+01 4.829092617919730213e-01 6.494862676714293626e-01
3.094887941437549017e+01 9.850416161174028185e-01 7.958733903038648361e-01
3.665195513318836618e+01 7.023142073863075652e-01 4.182442876814172483e-01
3.124119948664969115e+01 8.823050906035445617e-01 7.478534402411272097e-01
4.517608790380651840e+01 6.187126816625565517e-01 7.071110310439663316e-01
3.211291175182381608e+01 9.355294849527679979e-01 6.340468720348850784e-01
3.152424410828552581e+01 9.480238107714008544e-01 4.765408122114523359e-01
3.178814630240318095e+01 8.731791773935465573e-01 4.505902785691522916e-01
4.496240295337962323e+01 7.889842036927557922e-01 5.171436471206801722e-01
4.285562427295614896e+01 6.738600076806229300e-01 4.805660184966717430e-01
3.105757119040130476e+01 8.215742751647314712e-01 7.839684455790211226e-01
4.029302904396785578e+01 5.486812639954696813e-01 6.863100792411648277e-01
2.659997362426408074e+01 8.949431501266057465e-01 8.760219353932007236e-01
3.108981991658716382e+01 9.085818631355592201e-01 6.029514527168935434e-01
3.579978112748476349e+01 6.674715355950289197e-01 7.498242734201101545e-01
3.564282176763782672e+01 9.085818631355592201e-01 3.981909828825199726e-01
3.458745045908307958e+01 9.275881647852416423e-01 5.969789986499139944e-01
2.959107711847892830e+01 9.822846502923772150e-01 6.213403387752778340e-01
3.354747456803271177e+01 8.010369353193594888e-01 4.527966598845556412e-01
3.568883647895500388e+01 8.118622539544791961e-01 4.739434005089835367e-01
3.607695665390184558e+01 6.109583659917252607e-01 7.224142711405620032e-01
3.443561724126034562e+01 8.634968897992502113e-01 8.591071143424320322e-01
3.049945060546971121e+01 9.581915224988307722e-01 5.278555539503085869e-01
3.122487019710360912e+01 9.275372507976360481e-01 5.465098716240396337e-01
3.840377478180892723e+01 6.702238592849926180e-01 4.420018686869179314e-01
5.081867358446250194e+01 4.729127578248593089e-01 5.809207193586325424e-01
3.730033632518412645e+01 5.520079197052923936e-01 9.183794316537376989e-01
3.627878454470967284e+01 8.375162828776622215e-01 5.315130508721027658e-01
3.961903687236171834e+01 7.570804636282091327e-01 7.799272917003731154e-01
3.208570854187784960e+01 8.786218230194613454e-01 5.749221786405509516e-01
5.492924205494726664e+01 4.174814000672428804e-01 4.486113047109364094e-01
3.564844996981716463e+01 8.310055002082510356e-01 5.139087967553724878e-01
3.887701149288881908e+01 6.509920143132950088e-01 4.905416022165055567e-01
3.630408472320569047e+01 5.240461863474675797e-01 5.706140902528473724e-01
3.817690212145664219e+01 9.498545693720443772e-01 3.266353524146962672e-01
3.612992380710370810e+01 7.129672298313297629e-01 4.741022229758593554e-01
3.723669167116466383e+01 8.869009853160479961e-01 4.674007154699244548e-01
4.383799462527994706e+01 4.953574468483625259e-01 5.564473143270357580e-01
3.497584872436463854e+01 7.870356554441506614e-01 5.875243925480652107e-01
2.838782229407442870e+01 9.211210603486291726e-01 7.485618476046761449e-01
3.989804004628086886e+01 6.457174258996520866e-01 5.148732100597007699e-01
3.473183573459564855e+01 7.573526092577576030e-01 3.859939730179778317e-01
4.014329201426177463e+01 7.652978563021597402e-01 4.490438895577888445e-01
4.223321453096809819e+01 8.597320129947436662e-01 4.045084339129585982e-01
4.098896583612140176e+01 9.256441255888500086e-01 3.793611243095951768e-01
3.515446529334123937e+01 9.856021211962744388e-01 4.931569734312692410e-01
3.720072375026938971e+01 9.918425090782572173e-01 7.007619912110405469e-01
4.334440717406310029e+01 4.183862209421346234e-01 4.419607759083618026e-01
4.463089001697855451e+01 4.551430680253379935e-01 5.400305253570457653e-01
3.260989782536013593e+01 9.373149126942146303e-01 4.609895208855610549e-01
2.739494007501896533e+01 9.819334859254912340e-01 7.451096760600198765e-01
3.068083924883759295e+01 9.261217649904608384e-01 5.728749011267129099e-01
2.746139452817849147e+01 8.807326175288866521e-01 8.259053431736230744e-01
3.923111522272502327e+01 9.548994579856000531e-01 5.562248652221527534e-01
4.288170260300414327e+01 4.934554099713983066e-01 4.833855033438829718e-01
3.775182437726443396e+01 7.548798387385474706e-01 3.947634549738671672e-01
2.792606835705274904e+01 9.378293649765530038e-01 7.691054597566699957e-01
3.835080983896767748e+01 7.265582882331005354e-01 6.466137811732801666e-01
2.829466677271831188e+01 9.565210308055743793e-01 8.569869870551626301e-01
3.283272887625074787e+01 8.863928858366076913e-01 3.836955244028386613e-01
4.468982468504448491e+01 8.221323273960549072e-01 6.208446891544994184e-01
4.458196348432815626e+01 7.051494581287143237e-01 3.527765106442765641e-01
3.569146795654251747e+01 9.706410550337419840e-01 5.681789291532952646e-01
3.808743084559718994e+01 6.484152257883065706e-01 3.151545506722035483e-01
3.139331023648241370e+01 7.993539723498862548e-01 5.069710917271174067e-01
3.899181382592588108e+01 6.674976570235315876e-01 4.303516950759772586e-01
3.952502087687940246e+01 6.428053961859686583e-01 4.055301367973897508e-01
3.790162096986839657e+01 4.445083072370690225e-01 8.144527131088238336e-01
3.869654554672925428e+01 7.037780979415304561e-01 4.160864290541733124e-01
3.933489753971429082e+01 6.942750446572061307e-01 6.742271397430044111e-01
3.790830298972557699e+01 5.349915939176931312e-01 5.062120299997459050e-01
3.526197630649155457e+01 7.098143099948427404e-01 6.743800598927484069e-01
2.937048239712597564e+01 9.287624669642570163e-01 5.090298279995902897e-01
4.725883916798481721e+01 4.453001560192809682e-01 4.059259636874657518e-01
3.267634354830406096e+01 7.663428055306598097e-01 4.487841618514582520e-01
3.306618856881437551e+01 6.457301933811190331e-01 4.826449349604571282e-01
3.671745196975614789e+01 9.621403724940408297e-01 4.136488022849241220e-01
3.675758003596176593e+01 8.778297739018581236e-01 3.613649742731406267e-01
3.269303738945369986e+01 7.726383788591898449e-01 6.612855010382242549e-01
5.390759601470188755e+01 7.371391992995327547e-01 2.396446501115516714e-01
3.086911999066863999e+01 8.994287274586582059e-01 6.227512483395210019e-01
3.695650661346930832e+01 9.448225018185876234e-01 4.494041755688436002e-01
3.540907426509452449e+01 8.646972040729894449e-01 4.757095768389050239e-01
3.546447062912869796e+01 9.718661976388720536e-01 7.100499154268633539e-01
4.112206891958247468e+01 7.382233083385426609e-01 6.003178276047737016e-01
3.316771413057193740e+01 8.069025180838098610e-01 5.091939951888639904e-01
3.606281496073996351e+01 8.304793465473498948e-01 1.101204386914703237e+00
3.859660945714055913e+01 7.393981293168402358e-01 4.670612988137577970e-01
2.937692949459030700e+01 9.013451019755236437e-01 7.656727878777033203e-01
3.132885769022783506e+01 8.462603335088259016e-01 1.083369194158618321e+00
4.328748234115320059e+01 4.064311359489845010e-01 5.857475946283297041e-01
4.018251461982534778e+01 7.246423837213357144e-01 5.485923314838695442e-01
3.912617856179323894e+01 7.021280135916736498e-01 4.193264980451701374e-01
3.476259033784482000e+01 7.180342392886076563e-01 7.324883852062740175e-01
3.139347632568071944e+01 9.516024400057307986e-01 5.540938981673001473e-01
2.545033362281276013e+01 9.637271568758492002e-01 6.006829459981618546e-01
4.112663344295983592e+01 6.308275644906989887e-01 8.226809666773725604e-01
3.342859294552417282e+01 8.932016636205754034e-01 9.656302048692070317e-01
3.358745182467694690e+01 8.461012987855823786e-01 4.515266669971301217e-01
3.417895016090124471e+01 9.170826399650472416e-01 8.411425074134191160e-01
2.990409977008464182e+01 6.484152257883065706e-01 6.750498555422059788e-01
4.091802755504182443e+01 9.924409757110651542e-01 5.420091771316444262e-01
3.621972124715396291e+01 6.763433689344948707e-01 7.642599887491168253e-01
3.217631332655997767e+01 7.800908303477399608e-01 8.513605768137483265e-01
3.626789371193127920e+01 6.573563788371747929e-01 6.768191029520250757e-01
3.569209797807246787e+01 9.425544199951243485e-01 5.559572327218842425e-01
4.287268149095287129e+01 7.030017608217375980e-01 4.758153863865941524e-01
3.035222218726308085e+01 9.214243761226683649e-01 6.645949244929358901e-01
4.337998736929526444e+01 4.962501305184319755e-01 9.843204486714081103e-01
2.743844694115783156e+01 9.928784709572058276e-01 4.877200625655189192e-01
4.665235673446417053e+01 3.879125761214893275e-01 3.131162558127432716e-01
2.740976094815041009e+01 9.812339654571200498e-01 7.813587682272284951e-01
3.846245572629035792e+01 7.900049759339904387e-01 5.438381631834267038e-01
3.185756404364585848e+01 8.703137069718861474e-01 7.239797407220284198e-01
4.125105937216622465e+01 4.946965229404218234e-01 6.796073617142015522e-01
3.054924404228777846e+01 7.657799661343758224e-01 7.516469450414793307e-01
3.583078532418740991e+01 5.835273059061488743e-01 5.692497524480411020e-01
2.809958223581326919e+01 8.133138442390195344e-01 6.894938722431857014e-01
3.793915473061962729e+01 7.823768610573338389e-01 5.147430512894146659e-01
4.214904888886221102e+01 4.087802773033856751e-01 8.045471014198530835e-01
4.147333408617216577e+01 8.714456560126655482e-01 5.998564007932644104e-01
4.096917815384427541e+01 6.570145838257106519e-01 7.069616514491388060e-01
3.161056849632344168e+01 7.212805135752238250e-01 7.138121386934541679e-01
4.039953526202177159e+01 5.212573557001217717e-01 7.553100930510842081e-01
2.779745939309146863e+01 9.899980672948816007e-01 6.644239801101652354e-01
3.584142953107841834e+01 9.249273096932364435e-01 5.138421293423074410e-01
2.881444962090343154e+01 9.713304529406604493e-01 6.758451275421581972e-01
3.709177312298368179e+01 6.949351998112590634e-01 8.306641684359004074e-01
3.800548088334168995e+01 5.719764313784468923e-01 4.465142059048775591e-01
3.584614326324212641e+01 7.564550754476674355e-01 4.934565374818519201e-01
3.386045381917390529e+01 8.359088933956141387e-01 6.900273784161617963e-01
3.392070818836192814e+01 9.614093602553107631e-01 5.634987543743591454e-01
3.230390745275453668e+01 9.196250644324067691e-01 6.671923382261814028e-01
4.209925232516257410e+01 5.504123843445961617e-01 4.488275356743989808e-01
3.084142788756005515e+01 7.796775268332279962e-01 7.379601617478978026e-01
3.385866423722372787e+01 7.462715786134066498e-01 7.560766007606490868e-01
2.714403498119203562e+01 9.490782610419907783e-01 5.457870220500786740e-01
4.130993168200955523e+01 6.486204982268475305e-01 4.139957298800963637e-01
3.457534601112222816e+01 8.223356172727631641e-01 3.406654841599796035e-01
3.622987485263917051e+01 9.946137375398600433e-01 3.743929064765386117e-01
3.477062571540538727e+01 6.607984481044953951e-01 4.672691949111559273e-01
4.093377492967533016e+01 6.409630631915237409e-01 2.760418038584814826e-01
3.278996694554436431e+01 8.671312691560093544e-01 6.699902775425297108e-01
3.637324788341686599e+01 7.382070147081899458e-01 6.914766093255584334e-01
3.334034731258229556e+01 9.507892872670383744e-01 9.216429990764166691e-01
3.197797990331268991e+01 7.852674755480526514e-01 8.707543497393580578e-01
4.070763747954520539e+01 7.376274273920092606e-01 4.493708221128426827e-01
3.643028028460770429e+01 8.907750728315475541e-01 4.923356772242696855e-01
3.853358975261831176e+01 5.933638688148096252e-01 6.166008513589689155e-01
3.811821504751360123e+01 6.720175185621009017e-01 6.201233432106438848e-01
3.049508054469728791e+01 7.499834109836341911e-01 8.823507914945174502e-01
3.619500795629902967e+01 7.973115830655426173e-01 9.092899795308188038e-01
2.796031979777917087e+01 9.332912775349475609e-01 4.929922583830990135e-01
2.959071492483328925e+01 9.930932888682724169e-01 6.173248980826921972e-01
3.738468620340116644e+01 6.574174445084278728e-01 5.789658813460812903e-01
3.204313301235686851e+01 5.983265894296666554e-01 6.987758649882471751e-01
3.714742221735128425e+01 6.559779424182105023e-01 6.174818443239011856e-01
3.553172456534279888e+01 7.825782514862067440e-01 7.852581256883895966e-01
3.820818002368104516e+01 8.918934225447139319e-01 3.896283195664418941e-01
3.943254647348523889e+01 8.309217902679906231e-01 5.000884114794484914e-01
4.274650632037477749e+01 6.553232256466664518e-01 3.416582765891211793e-01
2.913999931531783716e+01 9.510529298360019812e-01 6.268704912110228955e-01
3.040054666651433735e+01 8.466727931190787260e-01 4.593484283908371157e-01
3.433898953394527354e+01 8.655658867884810093e-01 5.028985331377821000e-01
4.961602933618104316e+01 7.196031817633788963e-01 2.698022966150019908e-01
2.812702492802998222e+01 9.277151178439916324e-01 8.666319717190684724e-01
3.628640981017342426e+01 7.728547281360027554e-01 5.697049748920248735e-01
3.883823510005429114e+01 8.361413349923858540e-01 5.797291726037840931e-01
2.811773291007134290e+01 7.682685525752821487e-01 5.378644195212353152e-01
2.486907696488883701e+01 9.732236274103516216e-01 5.613129130131977451e-01
3.687740778753271087e+01 7.696793124319485369e-01 4.651932237565515882e-01
3.454007937983464416e+01 7.023461532857613321e-01 8.360433773937552271e-01
3.642141796095136641e+01 6.138958541239818434e-01 4.722618448707797123e-01
4.227482551528943588e+01 8.956451424565250452e-01 4.269472969955317998e-01
4.186041838762325540e+01 7.371045082657610159e-01 4.663177857330791931e-01
3.565352227380697059e+01 9.323939950498092433e-01 5.048069749735621947e-01
3.503017186321222454e+01 9.255063359752587759e-01 4.377542935463524243e-01
3.307576665334435262e+01 7.154258323002731235e-01 5.108120855891730150e-01
3.431643123657055128e+01 4.573978952993585922e-01 4.753755322332206545e-01
4.042833344430582798e+01 7.584600699078841712e-01 3.273729196363471816e-01
3.770909794494054523e+01 4.859406572097775268e-01 7.164783971896749870e-01
4.319015832233189656e+01 5.073301607938177638e-01 9.736517602882833744e-01
3.002054249451959578e+01 7.755783281363421988e-01 6.530731251462064124e-01
3.160517089401333024e+01 6.458264407356113512e-01 6.157563954091130887e-01
3.315707030111391873e+01 7.337252205719726472e-01 6.844863099416722552e-01
3.015933852348555888e+01 9.495447545225288444e-01 7.203945955112898147e-01
3.968237389996431830e+01 6.049671422618229100e-01 5.878117866344848563e-01
4.131745465221831637e+01 8.453651091499596593e-01 3.092990711879578525e-01
3.226354961331747973e+01 9.866417023511584450e-01 9.072865737810742459e-01
3.569976833120555426e+01 8.920264423996240311e-01 4.253408461343278213e-01
2.803647860444996098e+01 8.441717523119580679e-01 6.002251079020696212e-01
3.967745946398049028e+01 9.018793475657748138e-01 6.900217883373744865e-01
5.092480528938057915e+01 4.243774659613754330e-01 5.580630018932195568e-01
3.364584397663195148e+01 6.402026787123579199e-01 8.394977116040092113e-01
2.792132467853495825e+01 8.953125049231547283e-01 6.595615907730394412e-01
5.122990670369340194e+01 3.506242740890064269e-01 2.765925844499932396e-01
3.760088047556293134e+01 9.065442034205819510e-01 5.740669168230135844e-01
3.694704588736997408e+01 6.531089173592116159e-01 9.767342759320902790e-01
3.566628822562640266e+01 9.116572165187150079e-01 4.773598998210462074e-01
3.912160483434242764e+01 6.119196654839760274e-01 6.631165637378081401e-01
3.144187598889582347e+01 8.425586867581842387e-01 4.235660116402572561e-01
3.455179865550503138e+01 8.051292660399869128e-01 3.456911017450585710e-01
3.840849600695868560e+01 8.080772363769266331e-01 4.925786729481315129e-01
3.909733257679972240e+01 9.031847992102718381e-01 4.754890729868294086e-01
4.826020110043444333e+01 6.324337735162510743e-01 4.725164914275559180e-01
3.403744025729665879e+01 9.290177964974544178e-01 6.540364837785080931e-01
3.785547850351230892e+01 6.396942755107136724e-01 3.632599306653014892e-01
3.538367299582207437e+01 7.167164106388053124e-01 7.332865360597675686e-01
3.849301918680632895e+01 6.830083362259813384e-01 5.299054021770540635e-01
3.648073933130013558e+01 8.006108537252066837e-01 4.731384556642079797e-01
4.246235556431801683e+01 6.476153459974035576e-01 4.882583210504696791e-01
3.389474747160745949e+01 7.876220062050097726e-01 5.449042670656789600e-01
2.695710949162828030e+01 9.751565320336004206e-01 8.320116262961015918e-01
3.898247326851085859e+01 7.636161650888706465e-01 6.731701847323957599e-01
3.512297147532820674e+01 7.847391354148323117e-01 5.607656954226348800e-01
3.557007629469219978e+01 7.630451027825773114e-01 5.668448821493389245e-01
4.116997415664975790e+01 5.863584398489360971e-01 3.358224804986209566e-01
3.216823607794337647e+01 8.458682587863555202e-01 6.069973770008774139e-01
3.959220267477170552e+01 6.720802058680772628e-01 5.159008326213582185e-01
3.630374486280842916e+01 7.052958270836531263e-01 7.489632609512606454e-01
3.666035468668329145e+01 6.460007680150904319e-01 7.269679069143741845e-01
4.348419746696659871e+01 5.596788877432120612e-01 4.917381204810595818e-01
3.080525984773656134e+01 9.094321899368835727e-01 6.108424744758661484e-01
3.720567697444024446e+01 5.984820720964412200e-01 5.809748345772426381e-01
3.438358988680841577e+01 9.071401326335980508e-01 6.722102953554335292e-01
3.534874039835043646e+01 7.948244885367056201e-01 5.779429018241035720e-01
3.599827761815546268e+01 6.783279275044297174e-01 6.130308959758308252e-01
3.576578887147168473e+01 6.730408986866186494e-01 7.628344289168104142e-01
3.234408348658790544e+01 7.795294844171661852e-01 5.821602433477541805e-01
3.442596378443975880e+01 9.819588955474030101e-01 4.068954264656385877e-01
4.365240237498306186e+01 9.385965491708148090e-01 4.080366865495761441e-01
4.623030734420894561e+01 3.712091849538015076e-01 4.864754086175951397e-01
3.721813549518600439e+01 8.920843935497509980e-01 7.612988971056566800e-01
3.004991155967522332e+01 6.538495648093181067e-01 8.634302430075171397e-01
3.188666679948057947e+01 9.407561609211936293e-01 6.747552616841689943e-01
2.813767828549198313e+01 9.860153140088315782e-01 7.082638273244995508e-01
3.273501298086019773e+01 9.701335096419529958e-01 6.223264072340831676e-01
3.166624032085575280e+01 9.491678108917736001e-01 5.770710540306548397e-01
4.542515025620199509e+01 6.187795466197771876e-01 4.460556240214431090e-01
3.667006686066437027e+01 6.402026787123579199e-01 6.877922048838798208e-01
4.105572847316416585e+01 6.643964352590765454e-01 4.740001761156431570e-01
3.868678053749763990e+01 9.432900529662195943e-01 3.669075396114752086e-01
3.003006863143911787e+01 9.171921879991099535e-01 8.900153275234136130e-01
3.207381169177334357e+01 9.504658910652900028e-01 6.205285639103358397e-01
3.386430205767470625e+01 7.805402444975554355e-01 7.959986270030406930e-01
3.214376271022344866e+01 8.320014038270499013e-01 4.277013370747652643e-01
3.913373122886774524e+01 5.788567043834659254e-01 6.690841365981815558e-01
3.846047405835965094e+01 6.311303191193943229e-01 5.800282364640150234e-01
3.539674944223742870e+01 7.940567483203826438e-01 6.039897700959961924e-01
3.068211037443008138e+01 8.930554003840271982e-01 3.264631573034674217e-01
3.564866805085897994e+01 6.489203483742080891e-01 5.159967806622662856e-01
3.932938568964649306e+01 6.294878148549900576e-01 6.037553064706143724e-01
3.657266866603663402e+01 5.998106398257109229e-01 5.309425328317913806e-01
4.039393264226439584e+01 5.150059489981797523e-01 6.127734721188573541e-01
3.360033494535683474e+01 6.896715423070065576e-01 6.632203842873478639e-01
3.085805858717510475e+01 7.349880702786919517e-01 5.813791351177556299e-01
4.297687939314958072e+01 4.653889305196162174e-01 5.108279827862467481e-01
3.596207488140341013e+01 8.238584407086348982e-01 2.894028543380431362e-01
4.058293780051284472e+01 8.528286545527571372e-01 4.262915682577453347e-01
2.989027813711435755e+01 9.543046840999579450e-01 6.115729595766959958e-01
3.596961271609723099e+01 9.911825409562875500e-01 5.586772769146223228e-01
3.805507347643381166e+01 6.655433526152675361e-01 5.177077778017323828e-01
4.261075890301852809e+01 7.216694304743020982e-01 4.236896634033558984e-01
3.168818956104094653e+01 8.400787037159328507e-01 8.398235685789315896e-01
3.421520668699019296e+01 8.477956376478289480e-01 4.902506790756251398e-01
3.600723818213806027e+01 6.199376448778211035e-01 6.165785808275412450e-01
3.601882390972962611e+01 8.508984778109326408e-01 5.104931003953040447e-01
3.174819327907544775e+01 9.594124467503651887e-01 4.718324154463754416e-01
4.071071147437508131e+01 8.134379903254398414e-01 3.769320154299874992e-01
3.486990865331551248e+01 6.500261238985696188e-01 6.513199266590287140e-01
3.833735368222736639e+01 8.801067552832080310e-01 5.018880926748083837e-01
3.316204391968020815e+01 9.927305713476419768e-01 5.629293877522795198e-01
3.196171838154948119e+01 7.984889987813394985e-01 6.007762282748587701e-01
2.803831289223293766e+01 9.855885316836011656e-01 5.935649970001340980e-01
3.512905384956820853e+01 8.617412793374096269e-01 5.496429887669500580e-01
3.221620811823335373e+01 9.532700663643236538e-01 6.241248134471405473e-01
2.903221933105566421e+01 9.751936125318495518e-01 7.366300324849021086e-01
3.373215666301868509e+01 8.475208865396186564e-01 5.477440272070598359e-01
3.955748191496184774e+01 7.282338835742890870e-01 4.442550241902855079e-01
3.307730640906067521e+01 9.277283111059499987e-01 5.315850805228446996e-01
3.607470330895009880e+01 7.166681502106957424e-01 5.029096022128285437e-01
4.054646533076150661e+01 7.205434077436829732e-01 3.361034940547442673e-01
3.646931901237214646e+01 7.282338835742890870e-01 5.665522018828590411e-01
4.493901778132842395e+01 6.720175185621009017e-01 3.742225141747291262e-01
3.406504060003214818e+01 8.773506628426195331e-01 7.226555426428765694e-01
3.047309650976599826e+01 9.481793777405156387e-01 5.808282884728053208e-01
4.611745498545050026e+01 6.268649690415675213e-01 3.445769941026213257e-01
3.805407745655278973e+01 6.382049321749289073e-01 6.943240070295663147e-01
3.321441909548144622e+01 8.729842280354621620e-01 5.797814451958401838e-01
3.201053885263528542e+01 8.457481122198452494e-01 5.037351361561733798e-01
3.219143798246874155e+01 9.320170050612563983e-01 6.069932019865846851e-01
3.137029503780868467e+01 9.238773048673869503e-01 6.612982739623105566e-01
3.591042151928731130e+01 6.774113458918636921e-01 5.408696600868572180e-01
5.238119967134414168e+01 4.704720458645287873e-01 8.605625035601466299e-01
3.327065453173143794e+01 9.415898276535608069e-01 7.033581634515181369e-01
3.926006345853159729e+01 9.328183494586096414e-01 4.164890502212137413e-01
3.684672985431814141e+01 7.248096926168842158e-01 7.243150274448073578e-01
3.366272852776117475e+01 8.198574069744679615e-01 5.671062123349652762e-01
3.802142423586253983e+01 6.739990867522601681e-01 4.418117443452570514e-01
3.872525449308694334e+01 9.423373173753527565e-01 3.259266768451116736e-01
3.648288949581739615e+01 5.618489405388533697e-01 5.935223279577424016e-01
4.313536143784408239e+01 5.028227763894753677e-01 8.607075106036607970e-01
2.996944307407891728e+01 8.284465102926009683e-01 7.810420723555766553e-01
3.667735024440447233e+01 8.019837149636358520e-01 7.101351265027413540e-01
4.969439841202063235e+01 4.445564603354631994e-01 3.883892994931733567e-01
4.230006105073342582e+01 5.314193543677209197e-01 7.130593951883574810e-01
4.767604781968999816e+01 7.184142523791479107e-01 4.735532875060532443e-01
3.687717318457454496e+01 4.886392180376967764e-01 6.486960021499663664e-01
3.390783430694911260e+01 8.841141787881795500e-01 6.368532268256756890e-01
2.715554995705262797e+01 8.193169049939517112e-01 6.943430743537724048e-01
4.043365502280442314e+01 6.827164485662214899e-01 5.598416458870392187e-01
3.250118018441016687e+01 9.528613662013115659e-01 8.594557076726895284e-01
3.737398410942920179e+01 6.739990867522601681e-01 4.667886581074815466e-01
3.323310619873450378e+01 9.738199073096923675e-01 4.943707549639497212e-01
3.426416474265990075e+01 5.658892575962793936e-01 3.429778412986876357e-01
3.315519064470620947e+01 5.726608413120078955e-01 5.069459722131762769e-01
3.618252409000128722e+01 8.304271220949174248e-01 4.141346765285378595e-01
3.561479695767277320e+01 8.527161303974521989e-01 4.062655491065504942e-01
3.178699108168358833e+01 8.261058189207666214e-01 6.180921266762376964e-01
3.966099248455394388e+01 9.093098842690320316e-01 6.108130431905027802e-01
3.514444682166011802e+01 8.517317998651571243e-01 6.591328722824847386e-01
3.057229552997693389e+01 8.083161582546765089e-01 5.658836593758427291e-01
3.600874667215028069e+01 9.475767776854792102e-01 7.088813604165751237e-01
3.155056140907599627e+01 9.569907548098312011e-01 6.469589344629604888e-01
3.932664477236756539e+01 6.208529713896849822e-01 4.382547335882178707e-01
3.746133387595057229e+01 5.282591812418457877e-01 5.633018886600968944e-01
3.323402642481771352e+01 6.341460296949699149e-01 6.689651230035765783e-01
3.571889736656636671e+01 8.446935842022158525e-01 4.271170657052170694e-01
3.329523451171701254e+01 9.321106751662200374e-01 7.547424385744950781e-01
3.833266763966883417e+01 7.070419581461750980e-01 4.581448263766829121e-01
3.969480654062594738e+01 6.676610868897975282e-01 4.822417370842335127e-01
3.335464295865585882e+01 9.610638948397636216e-01 6.092247507050825295e-01
3.325365067708063549e+01 9.008789919258144430e-01 7.162480761649220318e-01
2.887243048151725588e+01 7.881133000973657987e-01 6.390594837623495561e-01
3.665296292947468260e+01 7.866593873260914194e-01 8.545073731362380354e-01
3.925882606177727041e+01 5.879674365707265871e-01 4.693781701272938811e-01
3.236874047250574904e+01 8.698796435464130061e-01 6.564843802168883746e-01
3.892060146508296015e+01 5.596788877432120612e-01 6.666503743061239495e-01
4.005970712034128667e+01 6.740184783862953610e-01 4.993838277339928688e-01
3.249892723220551716e+01 8.664607990168373686e-01 6.534942712431555112e-01
4.043294993840238050e+01 7.122604047240062020e-01 4.220322802959914910e-01
3.622290277605287656e+01 7.997522945608125378e-01 7.263204273441169478e-01
3.587850547010063451e+01 6.509920143132950088e-01 6.151119518702031774e-01
3.670244549316405624e+01 6.886480775128848153e-01 4.052144293656392282e-01
3.392862645756311224e+01 8.497334147728956566e-01 5.860260086657503864e-01
3.549974504585756563e+01 6.272252102073693214e-01 6.091268240436479298e-01
2.570030970113322510e+01 8.947056552655202610e-01 5.936995497837902480e-01
2.884322299977490900e+01 8.126654536317533539e-01 6.935790428268439056e-01
3.069182697979472252e+01 9.218775671132364291e-01 5.198745917181628595e-01
3.542540784371598761e+01 7.857588960889957397e-01 5.261627541033498945e-01
3.138689595970829060e+01 8.497097437352645333e-01 8.891756953640183037e-01
3.206383042365380476e+01 9.566232631673600162e-01 5.413765400761529900e-01
3.620927088400575400e+01 6.850177360126273873e-01 5.823142416631185148e-01
3.556469974966552883e+01 6.841883529881883641e-01 6.202182052877283081e-01
3.436718486887128421e+01 6.899360904623513813e-01 6.339942073889253127e-01
3.342252595957320693e+01 7.800347320471701096e-01 6.865478709832321114e-01
3.097307396257678036e+01 9.858199245662238042e-01 4.705515201698342032e-01
3.487230243645477401e+01 7.887912479653756970e-01 6.778412927170152091e-01
3.272505580489652033e+01 8.513774607341002554e-01 6.989969499664172581e-01
3.576088200204745249e+01 9.468081894990786340e-01 5.636624957068586683e-01
4.417646071420981002e+01 7.653022194632805864e-01 5.320317632016664522e-01
3.697904118907172233e+01 8.836679729732177524e-01 4.032635874651949726e-01
4.003669954128407937e+01 7.156229416122734666e-01 5.135636976647863783e-01
3.384921872937231058e+01 9.349494908762994161e-01 5.883277374832629469e-01
3.253030563613122439e+01 9.874060482955360207e-01 3.365973097930904934e-01
3.896550150126542178e+01 6.263027441492579062e-01 5.497148932636981566e-01
3.175642353388926509e+01 9.484582950573684501e-01 6.983300384076576162e-01
3.945627148276619067e+01 7.404909040612106530e-01 3.216767839499868331e-01
3.667093819796632204e+01 8.812230358159781618e-01 3.721466499810062722e-01
4.497055928392082791e+01 6.448457195241311668e-01 6.141448573434600267e-01
3.306726791982937641e+01 9.690063941043756124e-01 7.048693026796298833e-01
3.179996683485730102e+01 9.870442941010112436e-01 5.254677230300223156e-01
3.427621683586750834e+01 6.813024543214243334e-01 6.217383402077295562e-01
2.887300433545790312e+01 9.375517643128465917e-01 6.169554943981409023e-01
3.073069901430923778e+01 9.776115007205528062e-01 5.236356315291732511e-01
3.522760979708959894e+01 7.559625719653163545e-01 4.497077801803978647e-01
3.876516098875694638e+01 6.075928965706941520e-01 9.659668386803159645e-01
3.449069747655629214e+01 7.406466080190482471e-01 6.565179651363944879e-01
4.310018151191323454e+01 6.785780793050791848e-01 5.336140749599787014e-01
3.074659985134836404e+01 8.933075727011161593e-01 6.262740023855738469e-01
3.056250108070718241e+01 9.559188616725392551e-01 5.043966093803771145e-01
4.193510291631150722e+01 7.686264258410469008e-01 5.590738177148757426e-01
3.925961483583393630e+01 6.324337735162510743e-01 8.101028830047737328e-01
2.871879973255581575e+01 8.489458033906186474e-01 6.828574818610263497e-01
3.761797382916679311e+01 8.862176009836200130e-01 5.327257991576170859e-01
4.367968626711093805e+01 3.773489847801452801e-01 5.625201285245909899e-01
3.223715341214100505e+01 9.959017415852537969e-01 6.836317185362595916e-01
4.511734431768743292e+01 6.271503411701718766e-01 4.843569809525674064e-01
4.128976077208135820e+01 7.711189237000627417e-01 7.865477450253959280e-01
3.974518204840979507e+01 8.190023326136566251e-01 3.746714239087505227e-01
2.872958140073991018e+01 8.272644050267314864e-01 6.571224041145928840e-01
3.905095433034652785e+01 6.011996904316353474e-01 6.993383935928803030e-01
3.307309991209819344e+01 8.228990553250959961e-01 5.014757954949018437e-01
4.179780736588387668e+01 3.818445559765124009e-01 4.692811625838101963e-01
3.507463364936771910e+01 8.653353163486261490e-01 7.352389082215593508e-01
4.159258728493784218e+01 7.967818209748608327e-01 5.564981460877815866e-01
4.927758442682675621e+01 7.302298049806621449e-01 3.764003408226244130e-01
5.210442184072460492e+01 4.096737685624567971e-01 3.184226131515724423e-01
3.539498026960697530e+01 7.570804636282091327e-01 9.923448032136181762e-01
2.714454210741535078e+01 9.309502641435729586e-01 7.744909385243057276e-01
2.903646580305765212e+01 9.892236965141160132e-01 7.162770888856672125e-01
3.024440761644922304e+01 8.078145521092193748e-01 6.366707401826590118e-01
3.008598830555381909e+01 9.806973288512426112e-01 7.779507342999797403e-01
3.129868843970107761e+01 6.659110501459295506e-01 7.545739370452829720e-01
2.876375053683237581e+01 8.074555698293032213e-01 8.597067837694734038e-01
2.982859551300543544e+01 8.956181287758425702e-01 7.246531429067832875e-01
3.584719473014292390e+01 6.672309737832540222e-01 6.932107088692681662e-01
3.052375176315409888e+01 9.570738852543105857e-01 6.044619082218406492e-01
4.267009002732071821e+01 5.728004020347555736e-01 5.341658983631273339e-01
5.484530853932280081e+01 4.006218798276817150e-01 4.969746398843715718e-01
3.171365389872237728e+01 9.453394820590107495e-01 5.305822581974859453e-01
2.602545653005409321e+01 8.206451924197769587e-01 7.041672236866547419e-01
3.573212247211514381e+01 9.477446908203791542e-01 4.229599442260681408e-01
4.155411139583424074e+01 7.682555918972138187e-01 5.842184031541934885e-01
4.207173596922112324e+01 6.753991982517061343e-01 4.395565717637118230e-01
3.274586395682621287e+01 9.543046840999579450e-01 4.710365884225936051e-01
3.575479963249671300e+01 6.653842926139037495e-01 7.226804130659583159e-01
3.968356826434192897e+01 7.892983538121325360e-01 4.420601650235445601e-01
3.255690836559359980e+01 5.612558912575387193e-01 6.141328104586400993e-01
3.283217183914675275e+01 8.899188078500194221e-01 1.020189993063941092e+00
3.369573438412592736e+01 6.764206926279995313e-01 6.275520033133891173e-01
3.747647169727021321e+01 7.890872179944470322e-01 9.751554681544831737e-01
3.799869162825310553e+01 6.371093549428592517e-01 5.663027712182354678e-01
2.935819771820074564e+01 9.483811242261978025e-01 6.772632118855361760e-01
3.153507418729267897e+01 9.373828740895600031e-01 7.231107394031791591e-01
3.947267774348609493e+01 6.279856914678150215e-01 3.292443532959595243e-01
4.223625285765603365e+01 7.499033982556893019e-01 4.033984548715842111e-01
4.295566643627417136e+01 5.503206589803422144e-01 6.744445137803968260e-01
3.732957347597697861e+01 8.222585931604124987e-01 6.925211063731941952e-01
2.872511569478760407e+01 9.920064456789615681e-01 5.246644248659079190e-01
4.353014496959549717e+01 5.904639188303523190e-01 6.293042683303301521e-01
3.693510818640905313e+01 7.330844985037237027e-01 4.327389737949181581e-01
3.637866472029863019e+01 6.600577651976823335e-01 6.824997968066578435e-01
3.984996016996667123e+01 7.223791927970374394e-01 6.109879840829383069e-01
3.681760453071909467e+01 7.635663371574366032e-01 5.738632031764139274e-01
3.846239981133231112e+01 7.373928181143315497e-01 6.688134207655053176e-01
4.094875153303698312e+01 6.080957142930638604e-01 4.904742077608697515e-01
3.131334898605054207e+01 9.002725572351936156e-01 4.779347626028881413e-01
3.052107626406458607e+01 9.164970225385552505e-01 4.107074281221976264e-01
3.213620425466676522e+01 8.457481122198452494e-01 4.978549307984891370e-01
4.522944742135570095e+01 5.226876450566571020e-01 7.366984448921558570e-01
4.676725639223651143e+01 5.055293535550393624e-01 3.819164515010656236e-01
3.386728613596021376e+01 8.431648484706102398e-01 7.470028381511623072e-01
3.427031001659557319e+01 9.610148237387371450e-01 4.239052980953333383e-01
3.119951891193719007e+01 8.234477339043418942e-01 8.234922839862324206e-01
3.641322540141120356e+01 9.078824921807128190e-01 6.320633875431653781e-01
4.178020619745853281e+01 6.844011208673964619e-01 5.143175862030233692e-01
2.917097598313122475e+01 9.322487811537020219e-01 6.287893153618062669e-01
3.558061825992139404e+01 8.320760177145346548e-01 5.069980686760124922e-01
4.322036036079089172e+01 6.124592261623001965e-01 4.798114700131488330e-01
3.303412045093790539e+01 7.591819851158202459e-01 7.227913207050187250e-01
3.505542809443034713e+01 6.711722170453632286e-01 4.915265578601585861e-01
3.006389350219678747e+01 9.358591062165512175e-01 8.114876902428005412e-01
3.891223023969504879e+01 4.378075603165661467e-01 4.101625546002123923e-01
3.249825596246152060e+01 9.739742035529266317e-01 4.760940419513687849e-01
3.558749039205951448e+01 6.973429819568134347e-01 5.688951759424374366e-01
3.932896918198348857e+01 7.013456874100949534e-01 4.318416213613042731e-01
4.453107488988584350e+01 3.700699664576153070e-01 4.678393495245711242e-01
3.881143990994243609e+01 5.404547708899677394e-01 8.525790376971003059e-01
3.373202056297581919e+01 9.183130930576259843e-01 7.248816415065970631e-01
3.767812622360698782e+01 6.812282154371031018e-01 6.392513691751001703e-01
3.592820622171606004e+01 6.130067829459305839e-01 5.282823378700088890e-01
4.431420452225881235e+01 6.823243479561255098e-01 4.827353601032389752e-01
3.273982440429374918e+01 7.588854101817289477e-01 4.099972690734965952e-01
3.458945959597259900e+01 7.005628815898026218e-01 5.747849095145237674e-01
3.935629139425940082e+01 7.601474998748789513e-01 5.641834334263350348e-01
3.762195414705214347e+01 6.087750862944563135e-01 6.724440137815151930e-01
3.489230356730486449e+01 7.549553699665404460e-01 7.270567958851061885e-01
4.194725916470894589e+01 6.309551893833601488e-01 7.507599891481387955e-01
3.327477196964143502e+01 9.754532182002335627e-01 4.921009539989647519e-01
4.095895360760520987e+01 8.069280656582361599e-01 4.850655996423151595e-01
3.606604966133366474e+01 6.957877666451561804e-01 6.850679952663464300e-01
2.930198399931088105e+01 8.570873953443682858e-01 6.051357137150212839e-01
3.265469574167211420e+01 6.922144519797964746e-01 5.696960218369896412e-01
4.925647223242484074e+01 3.984588057391822424e-01 5.466649263982330531e-01
3.226650247999664600e+01 8.692375450917197988e-01 7.237852796249450993e-01
4.068712206863249747e+01 3.903230942593567954e-01 6.205068986884979543e-01
2.980694941800972231e+01 9.544338225172903645e-01 8.401698620946111973e-01
3.970872348242039607e+01 6.497839102479616713e-01 5.781033864697875391e-01
3.299825657564851156e+01 7.239444026744028537e-01 3.887492781608987147e-01
3.551673552841099024e+01 8.724483076459570441e-01 5.907718476774025396e-01
4.114547084545990430e+01 6.686786560287366621e-01 5.974254431761463202e-01
3.915095390843911360e+01 6.760589937326301202e-01 4.428126612727039113e-01
3.416265180748172980e+01 9.927305713476419768e-01 5.171519263808751488e-01
3.328703745585340101e+01 8.949431501266057465e-01 4.991461485925925978e-01
3.871023673154560640e+01 8.350706195533591503e-01 6.558201760560704585e-01
3.678502724061029738e+01 5.261316025435394117e-01 6.086244442052028969e-01
4.040077275452086525e+01 9.805085035144696093e-01 3.859409160369177694e-01
3.169605551137692245e+01 9.319573824062523659e-01 6.993571638801090451e-01
4.130567991640732117e+01 5.654607001895622931e-01 4.616729012132267940e-01
3.322137932265572147e+01 7.135042690978945501e-01 5.600951873980416496e-01
3.982758024490151882e+01 7.970049828750764842e-01 5.419600342870856124e-01
3.943124484064001933e+01 5.099599718213296828e-01 2.789977137120840944e-01
4.258140839202034300e+01 7.845251572700370213e-01 3.471363011738635707e-01
3.111075641258083735e+01 7.868211807007298164e-01 7.463051132382630959e-01
3.384903565798865799e+01 6.869403353217821140e-01 7.594783083855483063e-01
3.164059141620100135e+01 7.559625719653163545e-01 6.140576934301755774e-01
3.354409703282599509e+01 7.000076604037325234e-01 8.247882165407378618e-01
3.754904487643914024e+01 6.341460296949699149e-01 4.771728863549195565e-01
3.238343619422318653e+01 9.565439599335258114e-01 4.741569027352301458e-01
3.270342185856963368e+01 6.590830250727336415e-01 7.151602741320388645e-01
3.584775331954720201e+01 7.093900824490210200e-01 6.269455293366398285e-01
3.298676242969523287e+01 7.822362057987422013e-01 6.747569003700617518e-01
3.361685157612750885e+01 7.724370667056605910e-01 7.686145850202473762e-01
4.347611491813436402e+01 6.485292684213962433e-01 7.525739625878618000e-01
3.430176898399790986e+01 6.632175847931819357e-01 6.195613125934228416e-01
3.596534628367196262e+01 5.437606798844678568e-01 4.775390894574901846e-01
2.739152597061102057e+01 9.221565095856172345e-01 7.920860288202848931e-01
4.225136513810635819e+01 7.255228574146213028e-01 5.337751049741448206e-01
3.507174865632205751e+01 9.560837538395922097e-01 5.252351550585537820e-01
4.264599094007579083e+01 5.513472792516244114e-01 6.986407022828877711e-01
3.670620996031855299e+01 9.684273774718488159e-01 4.433727442107239791e-01
4.078185780786372305e+01 4.698816101497076958e-01 5.448790071513489597e-01
3.507531681582813832e+01 9.631175236532367734e-01 8.993038138414632954e-01
3.615230084901323693e+01 7.843559374578398247e-01 3.800374479170049447e-01
3.362649368509522674e+01 8.992990483637177679e-01 4.860411099641084864e-01
3.824387054465366731e+01 6.646330993768857498e-01 4.898219816290297901e-01
4.653917289060937890e+01 5.237661549847616449e-01 6.653401894823658402e-01
3.889404552002900317e+01 6.264216446182939713e-01 7.151605884157005155e-01
3.734958397457750578e+01 7.423749133787214127e-01 5.055550026547811493e-01
3.277070548890817747e+01 8.642611569705798136e-01 5.388162155089480931e-01
3.785770570991732598e+01 9.006401782707094128e-01 7.053987765319597036e-01
4.114477301330270365e+01 5.182601732227376523e-01 5.824705115993435989e-01
3.254422853807979266e+01 8.680640558296989218e-01 8.137627054496713308e-01
3.069090621616641812e+01 8.444426347829261381e-01 7.292794688494320665e-01
3.068226996083743430e+01 8.878892370674444923e-01 5.283707189805356697e-01
4.105057304416300212e+01 8.420394610911814404e-01 5.728608935748042974e-01
3.225065556213019846e+01 8.953125049231547283e-01 4.367818945798623287e-01
4.354060951864669704e+01 7.994438208109186927e-01 2.739971399859288947e-01
3.807030201745643438e+01 5.545448980636463743e-01 4.933075648817326075e-01
3.222673572793633667e+01 7.087462646586165649e-01 1.018612482169808375e+00
3.247719775960474919e+01 7.841355988054782289e-01 4.950489373930184733e-01
3.235201790478327410e+01 8.462062792384749121e-01 6.254680976862631026e-01
3.206544928512839476e+01 9.569877041595528100e-01 6.134941550310744063e-01
3.860690573610381193e+01 6.873038477603486962e-01 4.512818867947556156e-01
3.517243226358212382e+01 9.846947713182807593e-01 3.383213775846494742e-01
4.696367409098756696e+01 5.926809306280854672e-01 3.985979008530077250e-01
3.739718284382429658e+01 9.093098842690320316e-01 7.083223692757405487e-01
3.866361459137743140e+01 8.463824657026386422e-01 4.756459426513079958e-01
3.481782374165850058e+01 7.142560284788771474e-01 8.013407576924124198e-01
4.185157550646071201e+01 4.997121122156120143e-01 4.102103274675772404e-01
3.508072803785501748e+01 9.020080389944128418e-01 6.807193093705563580e-01
3.327843984618534279e+01 9.903949971084760051e-01 5.050079340104970393e-01
3.825994857761323686e+01 6.470589267044467574e-01 8.626964397359315750e-01
3.153249539701798909e+01 8.696244575356958384e-01 5.130658832828046689e-01
2.698854790561570027e+01 8.662565514245490483e-01 6.840773412097036488e-01
4.889720647443492396e+01 4.129348562771997244e-01 4.313176364500849735e-01
3.402973710142608610e+01 7.397261551953629999e-01 6.599872585449013673e-01
3.712696707359670967e+01 6.869840470006710609e-01 5.869043620829319519e-01
4.035506113370779246e+01 6.754505272816654360e-01 7.522442046540652738e-01
3.359752406612614095e+01 8.269096354398025595e-01 4.459680988510851818e-01
3.498070757219216631e+01 6.130067829459305839e-01 5.696778827781445731e-01
3.287642567444443387e+01 9.088841388453535730e-01 5.511283527284405181e-01
3.223682213773970062e+01 9.950761444896853991e-01 3.170397447549679892e-01
3.757922082112386875e+01 6.813812397360210493e-01 5.183919398330285588e-01
3.611782435923072399e+01 8.628448173354511530e-01 4.736679726501020760e-01
4.294453090562703323e+01 6.609778427913376442e-01 4.877551029816545869e-01
4.739393266445983244e+01 4.718060201929005215e-01 5.568352709276260804e-01
4.333907514061206001e+01 8.291718132737257996e-01 3.957870306123402737e-01
4.227596890298403309e+01 8.713427677307783448e-01 3.504900888497460842e-01
3.274250891380700779e+01 7.466322724723106763e-01 6.587337318276746956e-01
5.058571999849802836e+01 3.116656404680846482e-01 4.887661973030351104e-01
3.501527717749446111e+01 9.699745242417490143e-01 4.473890565851144641e-01
3.449731049423057527e+01 8.613168546755692878e-01 4.615387193280545142e-01
4.657187241476010087e+01 6.589643457815599348e-01 4.218073821531377332e-01
3.032832603690974693e+01 9.299189529130768017e-01 5.824265388598447446e-01
3.838862254646239336e+01 7.864176362542657506e-01 7.821126276984482484e-01
3.661262369900478575e+01 7.715698017583234591e-01 3.808660481596204406e-01
3.763490666042446975e+01 7.469982590213164464e-01 5.899496852724521734e-01
4.019763728139677283e+01 9.584243946206115750e-01 4.861224947578367539e-01
3.582494676324873240e+01 6.916080629844169048e-01 7.380148646549911096e-01
3.899598425324052187e+01 7.631645694401983926e-01 4.791386114380951633e-01
5.621609850045371815e+01 3.210318908892755285e-01 4.093731887025305882e-01
3.381940723272435179e+01 6.362811527870545492e-01 6.640702663039098619e-01
3.474384446834268658e+01 8.069363069003055999e-01 6.621104798180279527e-01
3.671218960756723249e+01 5.545066171541902511e-01 9.077762385919748711e-01
3.513500475479655449e+01 7.711493268986282512e-01 7.257230907795018116e-01
3.621089023831649456e+01 8.209429435717165990e-01 6.534124294090686291e-01
3.943632126184193964e+01 5.575561396112208579e-01 4.400493550839765788e-01
3.176015940603027587e+01 8.105839492758365461e-01 6.375392306792134756e-01
3.898594350866643765e+01 6.386504211833200495e-01 7.054451429454274836e-01
3.195292802533742460e+01 9.085818631355592201e-01 5.596527479573207842e-01
4.043009250449129155e+01 8.853812407477678059e-01 4.224329067169815821e-01
3.453222395451960836e+01 8.899297171205059476e-01 6.586732460509092668e-01
3.307656414182243765e+01 9.486344302474664092e-01 4.657363380345582726e-01
3.467982430896726953e+01 8.334963751568819079e-01 7.394548906178238790e-01
2.987700198876392221e+01 8.423621310780230464e-01 6.890784429769297725e-01
4.284736761357516599e+01 7.865424931988790336e-01 6.059925459271015002e-01
2.805200375715862648e+01 8.598655315069700933e-01 6.076622686353144731e-01
4.633670478182709473e+01 3.385011011216306764e-01 4.628785823066285388e-01
4.410707057992332381e+01 4.657478255320751104e-01 5.583403090770283628e-01
3.192882193474884289e+01 9.796097443409274019e-01 6.059367647446947114e-01
3.868399211144586047e+01 9.509329047873980034e-01 4.889570816285428445e-01
3.691187923610798549e+01 7.551165442211064116e-01 9.133847005793068741e-01
4.548901170659284077e+01 4.800025325403121101e-01 4.482292432493550915e-01
3.757896501841904069e+01 6.732771640869823493e-01 6.700128640913862732e-01
2.748069716955104624e+01 9.227233886854924183e-01 5.331770420542181199e-01
3.328448997975977619e+01 7.262411317215432538e-01 7.298104623207909425e-01
3.210280008766618209e+01 8.947292528405756951e-01 7.355439353530371926e-01
4.072694985703241599e+01 5.324379181937517469e-01 6.091375177874726043e-01
3.758081659677858255e+01 8.630035863268018526e-01 5.963469778658960774e-01
3.214115890480613302e+01 9.780013839926899877e-01 7.224058150473811057e-01
3.182866551966809965e+01 8.641832323846222463e-01 5.110452862147364383e-01
2.831041317987220651e+01 9.443755737158388008e-01 6.637670634029446681e-01
3.115025005192989482e+01 8.260591431704894516e-01 6.442987749572390843e-01
3.388982890501488754e+01 7.782718965900744523e-01 5.811514761607637913e-01
3.738903782174656243e+01 5.788567043834659254e-01 7.469689996143584754e-01
3.597067073871207299e+01 9.177213982385608038e-01 5.489767039577583274e-01
3.221782928088656917e+01 7.673818623690461527e-01 6.983888803601687734e-01
3.401902705690777395e+01 9.395100672390808150e-01 5.326648499611541521e-01
4.431542322213280016e+01 8.060679879598056097e-01 3.999909397009723810e-01
3.491253123239572176e+01 6.399777415769035693e-01 5.811650158661947341e-01
3.682497229073699430e+01 8.898508483925410273e-01 4.946371056427061874e-01
2.862623382755499435e+01 9.147961408573184183e-01 6.391449284828158994e-01
3.317702328339925089e+01 8.914438321599742476e-01 6.725978254886528784e-01
3.492078536006123812e+01 7.536463036111346048e-01 5.394938414382134395e-01
3.508138417998053882e+01 9.564634344123902343e-01 7.068118718693390257e-01
3.908876578004920788e+01 8.247700679879157448e-01 5.040429603435278016e-01
3.937450636946256566e+01 8.222585931604124987e-01 6.046192530556002698e-01
3.854800269181362182e+01 7.419632861441594063e-01 6.563935234330535717e-01
3.492327991359953643e+01 6.381795302576765971e-01 6.459746662459243671e-01
3.821371591910634891e+01 6.237093325821948531e-01 6.511637636488601943e-01
3.782876544423179865e+01 9.399170365950744177e-01 4.737813234267486684e-01
3.088695316701013738e+01 9.927064572964562350e-01 6.596359220938362578e-01
3.655721714268931777e+01 9.952521741455203630e-01 4.795067903798634346e-01
4.849257945401056702e+01 6.807804966835880878e-01 3.527741922290050236e-01
3.288666546543150560e+01 9.543199418457154470e-01 7.094270034489303933e-01
3.708226307585369597e+01 8.868464540706316734e-01 4.037818536996501950e-01
3.231170405121826406e+01 8.080028678781020490e-01 6.747453465847064180e-01
4.035655344807437928e+01 6.030077520392658208e-01 4.034559485580283544e-01
3.934542711840973794e+01 9.446361949044348449e-01 4.950471581607656102e-01
3.528429594638177491e+01 9.673655277544459530e-01 5.938366486172402814e-01
3.015180314786823601e+01 9.139652393895744131e-01 6.024004190746361509e-01
3.453581294393993772e+01 8.441717523119580679e-01 2.990769052642927583e-01
3.254919358790135675e+01 5.606127023004726651e-01 8.391507254499609436e-01
2.828286812630680913e+01 9.596403854496537988e-01 5.702948089161633538e-01
3.086875961534282808e+01 9.898602938487980341e-01 4.955679650002445813e-01
3.136974890190948528e+01 9.534042153376895978e-01 7.086305716886817097e-01
3.074956245258081111e+01 9.147961408573184183e-01 5.259581684246628086e-01
3.641388485918549378e+01 7.829113382247419040e-01 5.401606617057463922e-01
3.179211380682166066e+01 7.682685525752821487e-01 3.601253840102222603e-01
3.418259491071879808e+01 6.195584018416292471e-01 9.873532766436631247e-01
6.245803477518833091e+01 2.616677048993225618e-01 5.349707102549626780e-01
3.226161701010195060e+01 9.906158143430767726e-01 6.022018048200945550e-01
3.597940673165150116e+01 8.609147356378883398e-01 3.681752833543860404e-01
4.437647908664320084e+01 7.228341075150178652e-01 7.502507994911603584e-01
3.118967786082405169e+01 9.902728842142030086e-01 6.168598221830953188e-01
3.906926828211314273e+01 6.667697630819976462e-01 5.945441196942349293e-01
3.703617322555570723e+01 8.188697106328381992e-01 3.874598676016149379e-01
3.618863019458832042e+01 8.132006757158877219e-01 4.946244914262720171e-01
3.471018846453798545e+01 8.971717861274642880e-01 6.214170100948519515e-01
3.348193117721704937e+01 7.717278789873653899e-01 7.015281376232512800e-01
3.248279880246190743e+01 9.424045429511683780e-01 5.132193287566892970e-01
4.344855347321929173e+01 6.978341372119912789e-01 4.587081947173508589e-01
4.715547464179046955e+01 4.468911139128941556e-01 5.359506515455981779e-01
4.207608196742440754e+01 6.073485304157486553e-01 5.801169427199339701e-01
4.046693527276697466e+01 6.224124898750199586e-01 4.901998778390970202e-01
3.474721778075877410e+01 9.619601749996787854e-01 4.889276985119884178e-01
3.314482713160009553e+01 8.140724136657989662e-01 6.091213506179858905e-01
4.162213435278053453e+01 5.877502137060814924e-01 7.100242240519609727e-01
2.968834344984478690e+01 9.825483162770611845e-01 6.946484765980781573e-01
3.657760741911162938e+01 6.970888774793508880e-01 7.494663952942104412e-01
3.189777060460127345e+01 8.488177360660837945e-01 6.730893723432088693e-01
3.814463940817776688e+01 8.938562472412141524e-01 3.980895042506744641e-01
3.426383061430279753e+01 8.446212318077498393e-01 6.798298954925877657e-01
3.198618285708317188e+01 8.193169049939517112e-01 4.384591686222773510e-01
3.937451116660447781e+01 6.984645524645261006e-01 3.718149990853087949e-01
4.455038520869731400e+01 9.238943033212682066e-01 5.440233496919604228e-01
3.780916628818324909e+01 5.997185121312503808e-01 4.057362332427635332e-01
3.536073833730726790e+01 9.901406426184563569e-01 4.629777100955015934e-01
4.285400026420629871e+01 7.526015006074552316e-01 8.404923347582564652e-01
3.907632283265969875e+01 9.843626609821886086e-01 4.906446865393381263e-01
3.469908670760133163e+01 9.553061403384713879e-01 7.993403551547256791e-01
3.156891444234070221e+01 9.078824921807128190e-01 8.825066699250627700e-01
4.570398926364888581e+01 4.333196487131028007e-01 4.744245761845778397e-01
3.354747881366400719e+01 7.812307983173417680e-01 7.986378152334773217e-01
3.865602823346475958e+01 8.199046464263045619e-01 5.505845980345717150e-01
3.837295128538482913e+01 8.138302704769700968e-01 6.215503086336554572e-01
3.975559830102536552e+01 6.440342656468360794e-01 4.022963402002719402e-01
3.975316358528416316e+01 6.176958407757081604e-01 6.995769369412071503e-01
3.541628358483322359e+01 7.608098767826725339e-01 5.558606500315407262e-01
3.128132371637229525e+01 9.906602108836135567e-01 7.346533507339954028e-01
3.329914940312371385e+01 8.793883071849626365e-01 5.038786845198605091e-01
4.866962426613106629e+01 3.926646266903565663e-01 2.898506398309276255e-01
3.488628226769120033e+01 9.466602269377879519e-01 6.058171968608426772e-01
3.933388676930194094e+01 6.675291158015232984e-01 4.868660791906255225e-01
3.630838168170262747e+01 7.415861879263594414e-01 6.281732829142120389e-01
3.489831193242047647e+01 8.272913359047517901e-01 5.563501210367256533e-01
4.171573318043703438e+01 9.310366032817604109e-01 5.062470969458271464e-01
3.587449823464338294e+01 6.970354386728592200e-01 3.240202466199641473e-01
3.521426319328502075e+01 7.895232443793321897e-01 6.187629338463610518e-01
3.694797847564711191e+01 7.806763963223563030e-01 4.856296951720746047e-01
3.766591467176462515e+01 6.501667192335894851e-01 6.543086114595280112e-01
3.557674236126314327e+01 8.680640558296989218e-01 6.591600040444018926e-01
3.200953799305296599e+01 7.603946984763244599e-01 8.573203091185780389e-01
3.571652404259830149e+01 8.586879280627738309e-01 3.733602671272597262e-01
3.242137584713658782e+01 8.444426347829261381e-01 6.369803135509856107e-01
4.926675759196135118e+01 3.878174257906153444e-01 5.230306532744728454e-01
2.968809046283267961e+01 9.515675661574075628e-01 6.991570765776640162e-01
4.587251658172078805e+01 3.749955454084468176e-01 7.635760805901975479e-01
4.026977112677342774e+01 8.778400860357771229e-01 5.388145317468828743e-01
3.559317711282819374e+01 6.957877666451561804e-01 7.074549374266573265e-01
4.015637730902351876e+01 5.293077737715365938e-01 5.260256802654822428e-01
2.868401759642807036e+01 9.544793710489304361e-01 5.856597789029338585e-01
4.428982431875072479e+01 7.104563337192491002e-01 5.960756694641579090e-01
3.624078485377329173e+01 8.743845975770430101e-01 5.317618871661994318e-01
3.851146515714670926e+01 6.596682117140202362e-01 5.616608133341625120e-01
3.235655271294948676e+01 9.579223707089403739e-01 7.009174150364292366e-01
3.922782825051347544e+01 7.087973436018889517e-01 6.236345686347368744e-01
4.252933037304622133e+01 6.563884867528372302e-01 4.659421733927107123e-01
4.674943626269114105e+01 4.885137720735446831e-01 4.474369620153519356e-01
3.610698522693034818e+01 6.645432643234449044e-01 6.442706480993943829e-01
3.490406417212936674e+01 8.009849107784922095e-01 5.013182058564598087e-01
3.787707845125276407e+01 8.484074344813684609e-01 5.314199608782520512e-01
4.891470168446222999e+01 4.005569814898117253e-01 4.896318793894546273e-01
3.268994884958683400e+01 8.356062877240242326e-01 7.972907290352823084e-01
3.509567860906824421e+01 9.370390650915879638e-01 4.164168344975551772e-01
3.746897261648837940e+01 7.926772447999264060e-01 3.145998558371034259e-01
3.848461306086855416e+01 4.348712297769257162e-01 6.478672632019636390e-01
3.136260512193947747e+01 9.054709315868003650e-01 7.086271306752389698e-01
4.075044903904886695e+01 8.837713944396986543e-01 6.474628276038983943e-01
3.403519265129077809e+01 7.070064905990234294e-01 6.077540550640818662e-01
3.420841459044417832e+01 6.888995188287254656e-01 8.084147932795722191e-01
3.643613376594046116e+01 7.042693655261593744e-01 5.463742493082180962e-01
3.518101011861730854e+01 6.331845834809413098e-01 7.225123382097392577e-01
4.279262861307160648e+01 5.247478458162377901e-01 4.753612490333125051e-01
3.394021326972585229e+01 7.550206842115636530e-01 5.738079951208114871e-01
4.187585213875814105e+01 5.689763700760287479e-01 4.724182279488899905e-01
3.567654123809666089e+01 8.742748777906097501e-01 4.837299570810090765e-01
3.875361123697997101e+01 8.976616251094082788e-01 3.908435699165667132e-01
3.648445624862787184e+01 5.240461863474675797e-01 5.628493024928782340e-01
3.902870941108726299e+01 6.794663895307940793e-01 4.860102697509184888e-01
3.769614844977235180e+01 9.136022324490900015e-01 4.162293283393095900e-01
2.781575005395603384e+01 9.680379374920148328e-01 6.998809274702699756e-01
3.014462449981468239e+01 8.753868358242518077e-01 7.274109684239098428e-01
3.817956462051693478e+01 8.916960517208174508e-01 6.778996470162640398e-01
2.845325108189892305e+01 8.782759372302677559e-01 7.475312700428881074e-01
3.424654670195147332e+01 8.124953817881437335e-01 5.700299790208085415e-01
4.200793719744426369e+01 7.760436539702677550e-01 4.499666268713078954e-01
3.516119888193228604e+01 8.264677886545214180e-01 6.228717112749414531e-01
3.136257206533629116e+01 7.170451187982286312e-01 7.235557366720202221e-01
3.322483159957585741e+01 5.945359592577716956e-01 7.320944374849640557e-01
3.556411311968571454e+01 8.963473956829975942e-01 5.058363418138082102e-01
3.492481211586210321e+01 6.406505994801224846e-01 5.925647879072936108e-01
3.520511104680338832e+01 6.757094807877431775e-01 6.546240948525339221e-01
3.856830911373153015e+01 6.707279771251062339e-01 7.069434598718523644e-01
3.390046689969770455e+01 9.584642687115874082e-01 4.817354034863725043e-01
3.551575830431008285e+01 9.592558725621067595e-01 4.870102884327506265e-01
3.712516574199148778e+01 6.655112172176146368e-01 6.882749139920157910e-01
3.675315991648704994e+01 8.414818433563445721e-01 5.377280519122764613e-01
3.946262123290713220e+01 5.450225601051218449e-01 6.427792927739135465e-01
3.927844318007267077e+01 6.476896229550308526e-01 4.375438644840794478e-01
3.087776569887443401e+01 9.584243946206115750e-01 9.346805589038330586e-01
2.840418628164796289e+01 7.582343735826639897e-01 7.566262066179192392e-01
4.053452403741718513e+01 6.182311304968888255e-01 7.537436959758017085e-01
3.165839862411094785e+01 6.862646166573472817e-01 7.566858532650048152e-01
3.336622606790200507e+01 7.670744433363966275e-01 4.942192412932618906e-01
3.164726536790412226e+01 8.029105778378553548e-01 7.717072975557790482e-01
3.162874355186516340e+01 8.171916249883351968e-01 6.608213953823747211e-01
3.198558638974414947e+01 9.492600374337554214e-01 5.537767353840135076e-01
3.568284421614913526e+01 7.189661782875542695e-01 6.233409716197580996e-01
4.526935838072144236e+01 6.550877188562131970e-01 2.975625036694827252e-01
3.080479379925397510e+01 7.363949664705790044e-01 5.035286813418523577e-01
3.753768814551897037e+01 7.238087085464820492e-01 6.745897018568494108e-01
4.080493115162445861e+01 6.073485304157486553e-01 6.293405753572313133e-01
3.463946688080619651e+01 7.608098767826725339e-01 5.907520225299017769e-01
3.589795139518528089e+01 7.541924818786182039e-01 5.005945717343894819e-01
3.215018599723046577e+01 9.078700721905466064e-01 5.947809136910374717e-01
3.784018938146564892e+01 7.276647941101616057e-01 5.838931828749369668e-01
4.104011495549880095e+01 6.503689597642127174e-01 5.955791076853752530e-01
3.655425932081072204e+01 8.104020931607608391e-01 3.733549504973690536e-01
2.897688455517837625e+01 9.710447245811092420e-01 6.552220066538739784e-01
3.391491252318098049e+01 8.475650696856535937e-01 6.174209785299195064e-01
4.451532890666980080e+01 7.316860472927614323e-01 3.877611042596139646e-01
3.570477043264153139e+01 7.233512830211038525e-01 5.646483459512031677e-01
3.641452359309888465e+01 9.228396143301176302e-01 5.140204116373069398e-01
3.431771185803463453e+01 7.401910633689977592e-01 6.182507805221852948e-01
3.482951200325838670e+01 7.782718965900744523e-01 5.384927872370709467e-01
2.967700045062956349e+01 9.126335757863488496e-01 6.957509598626714364e-01
3.291256913181558019e+01 6.918328340883531657e-01 7.239618327197422376e-01
3.437628664901286868e+01 8.969119777504798163e-01 6.640415989096549731e-01
3.732180494885297861e+01 9.784900619076314365e-01 4.279218830127308193e-01
4.716018149167967266e+01 6.814664179645577580e-01 4.373576787858484693e-01
3.975083388836425513e+01 8.363719691476255713e-01 4.437973090370730400e-01
3.517952674264665092e+01 8.567919757449984353e-01 5.960069733381501145e-01
2.766482066307616705e+01 9.194433358078279994e-01 1.028296719627482814e+00
3.359292262307653232e+01 8.385202340485633510e-01 7.185849724293120744e-01
3.618315305443471885e+01 9.423373173753527565e-01 4.190816351121385841e-01
3.261343500649581273e+01 9.329399257247907862e-01 4.526519206138159834e-01
3.297110064051203437e+01 6.984511266777209126e-01 5.801579864757252514e-01
2.825068833233621390e+01 9.948549091983771575e-01 5.203950252368250151e-01
3.988766648428440220e+01 8.073639019751498447e-01 4.900782682641379173e-01
3.868689432607833822e+01 8.290586281261667079e-01 4.595650279928770177e-01
2.728226942083083273e+01 9.692556976387382006e-01 7.077942557236539534e-01
3.243961835440332919e+01 9.526542778105495657e-01 4.178614402150232499e-01
4.141912602430451074e+01 5.654832920829893084e-01 7.186568581439617409e-01
3.652896138409106896e+01 8.272644050267314864e-01 3.033065051976601700e-01
2.844889190958650005e+01 9.406690260645328427e-01 5.590060288096698748e-01
2.984934634320187286e+01 9.214755241405068187e-01 7.601299001968124802e-01
3.559251504062368099e+01 8.799223953920456420e-01 4.261244798819521784e-01
2.872459868864083177e+01 9.412525926765300532e-01 6.212290206308718199e-01
3.266284159341415005e+01 9.916570325223084126e-01 5.267168001100895891e-01
3.484001464177703156e+01 8.857808990578946995e-01 6.579064789122558432e-01
2.765007365734183864e+01 9.669698749231555590e-01 8.405648618041515752e-01
3.818607580416129821e+01 5.849889906267889961e-01 5.461290210282905289e-01
3.293079986528956482e+01 7.276864695493866497e-01 8.010321414183022570e-01
3.697238382424984593e+01 5.706139297867810489e-01 6.688903342913383732e-01
3.307443136799799532e+01 8.778718248054343531e-01 5.699214424058287598e-01
3.440704211917077515e+01 9.181636704454747555e-01 3.654636988927041363e-01
4.153182564699116597e+01 8.216313834652443360e-01 5.572763294763949382e-01
2.964754823970641695e+01 8.935784257330628977e-01 1.020923164221599677e+00
3.516977922559255632e+01 7.423749133787214127e-01 5.988685240048612357e-01
4.181556320088581202e+01 7.442523636540073761e-01 6.176320925068177203e-01
3.152459823978901099e+01 7.747789675138121446e-01 7.100664246359256193e-01
4.443680377800890824e+01 6.279436196068771681e-01 6.923286241666221086e-01
4.598452910279857520e+01 3.534987368590272183e-01 2.997172128563266869e-01
3.009428366970441360e+01 9.287624669642570163e-01 4.727359682801621221e-01
2.836768819259654251e+01 9.519491787145728523e-01 6.642223250437799820e-01
4.379225473436938643e+01 5.212573557001217717e-01 6.193208691843157254e-01
4.226817139908987286e+01 9.258037907844614001e-01 5.165269723823497916e-01
3.767415427584943188e+01 8.701804607144602022e-01 4.910663578189490841e-01
3.658577285675257684e+01 6.911852786572113549e-01 8.281841212397695884e-01
3.572092498573537256e+01 8.319786127082995364e-01 5.200520429323421956e-01
3.331164571998956347e+01 8.123940076467570659e-01 6.267122151663233609e-01
5.152052899937568498e+01 5.345219878300349059e-01 8.053756397013533963e-01
3.234625204054828629e+01 6.711722170453632286e-01 6.164500893165525408e-01
4.389819513530436268e+01 7.265582882331005354e-01 4.385323087967581412e-01
3.489503814196288545e+01 7.469982590213164464e-01 7.147884394498635885e-01
3.976919341995866120e+01 7.296901063366101337e-01 6.340148343915682494e-01
3.842885313297966121e+01 7.059420883822637993e-01 5.227063320758239540e-01
3.926911012492278985e+01 7.946079207775853526e-01 3.499069327358287906e-01
4.065408146051693450e+01 7.401557107188582174e-01 9.839007819751256489e-01
3.138413601857306290e+01 7.573526092577576030e-01 5.338359154291191233e-01
3.665385490969325843e+01 9.222504525743792092e-01 6.018987128274025933e-01
3.994321621599010541e+01 8.936169665866573464e-01 6.655120769510866063e-01
3.730843727316246827e+01 7.826469706589621600e-01 6.333797782475301119e-01
3.812675723609304868e+01 6.946817738566039013e-01 7.081462133461431385e-01
3.719507569788962087e+01 8.461845148495241720e-01 4.405150680481084713e-01
3.793023676777121267e+01 8.816637595147998052e-01 9.541915452260300023e-01
3.001940819573376018e+01 9.799019148097484200e-01 7.609888128145313457e-01
3.334501630993322863e+01 8.807404839469541447e-01 5.592004969124005909e-01
4.549372177263933281e+01 3.319918421103105199e-01 4.612021705372866820e-01
3.355437867500567251e+01 9.856021211962744388e-01 5.643602138608553309e-01
3.984398618060418329e+01 5.355615799425943457e-01 7.817913016584493446e-01
2.988279667808122042e+01 9.841795781557084455e-01 8.113330416527648747e-01
3.629080299641683638e+01 8.136304116621222438e-01 3.850886684696120388e-01
3.448698777442870522e+01 7.535353853254245227e-01 4.667669246981068776e-01
3.226117884391472046e+01 8.261085954235461992e-01 7.661069446861602517e-01
4.500224927634905470e+01 4.856957863522338159e-01 5.391610444770061905e-01
4.267423561401595578e+01 5.719022604793453368e-01 7.204636695562991466e-01
4.996914523437936140e+01 5.182361358275614505e-01 5.331352705887750787e-01
3.177793951765168856e+01 9.467483640303128167e-01 5.152657387762037411e-01
2.628759151215376733e+01 9.952172498544630264e-01 6.738252715033523632e-01
3.442182659831048852e+01 6.955118926560787118e-01 5.753421406945778971e-01
4.749882432837513591e+01 4.885137720735446831e-01 4.246007760570350564e-01
2.993177009400269739e+01 9.060902947298508092e-01 5.766070249702800465e-01
2.902432498214219336e+01 9.917051115356083635e-01 9.377243754886119831e-01
5.159423498810166819e+01 5.220380450672519324e-01 3.715765340123655669e-01
2.992998277238348948e+01 8.992990483637177679e-01 6.695750338389047096e-01
4.163344390901158221e+01 5.096339303751656891e-01 7.031818255287698438e-01
3.303258202251114284e+01 7.390249762839764536e-01 4.936466355060076250e-01
4.236938085851702596e+01 5.676129926504458467e-01 5.014448337687273938e-01
3.768370235219692432e+01 7.711816929080530514e-01 6.241155242123374025e-01
4.594521146228593267e+01 4.718060201929005215e-01 6.059246143761020109e-01
4.743846008215987808e+01 6.485292684213962433e-01 6.061884569616244889e-01
3.455988258655372647e+01 7.747789675138121446e-01 5.598767404659675817e-01
4.166975350052111082e+01 5.926099585679822646e-01 3.495634669232379199e-01
3.934031724895400117e+01 8.155192818939922539e-01 3.350098492506798364e-01
3.453380810515958643e+01 6.467529244705029212e-01 5.255843734224208141e-01
2.473744151358979693e+01 9.198443763124779515e-01 6.367789279160702698e-01
3.356988872002344237e+01 9.069317362938450477e-01 3.957706381091415926e-01
2.985111887212465476e+01 8.246081393676845117e-01 7.356518602182744448e-01
3.684688770215992548e+01 6.612577094947410528e-01 5.562884839426623929e-01
4.336087780306485939e+01 6.643964352590765454e-01 3.956394350421237882e-01
3.634047085333845217e+01 8.022285249389401462e-01 7.584029733101176340e-01
3.904892008994706742e+01 6.958179573129209539e-01 3.266127432122342134e-01
3.106431948649249719e+01 9.921417969360000200e-01 2.541736836353602480e-01
4.134456712031649062e+01 5.981775184697561976e-01 6.313851782198486307e-01
2.875657653694238292e+01 9.628548768027705984e-01 6.610845501249280609e-01
3.820119877725124269e+01 6.360746580014859930e-01 4.810612706136412342e-01
3.462855413640251356e+01 7.259997261088545484e-01 8.489202797149030255e-01
2.814956782269390700e+01 9.352336345119052208e-01 7.585379396159647181e-01
3.376253298379399581e+01 9.466602269377879519e-01 6.592650802263583243e-01
3.729245232978908575e+01 7.091479049583312433e-01 6.468987466115333484e-01
3.786183428741853874e+01 8.724483076459570441e-01 4.922420971763268871e-01
3.685121090076013672e+01 9.565214173586600310e-01 4.740034770168042311e-01
3.630561389377828618e+01 6.903241688284030841e-01 5.419654426940752057e-01
3.136315789298853218e+01 9.016006270332234118e-01 7.883688304403521085e-01
3.971681492079419940e+01 5.934866988337731408e-01 4.955886346490601113e-01
3.514048419850028182e+01 7.868211807007298164e-01 5.460479341465260816e-01
3.424853104319498698e+01 7.415861879263594414e-01 7.260984690245898543e-01
3.400725876047834362e+01 7.390001671834384167e-01 8.452363785618262071e-01
3.551788786921305530e+01 7.994549775466163188e-01 6.366837525377878615e-01
2.734905027567694802e+01 8.841177734586798120e-01 6.626516292757983484e-01
2.934406111860186073e+01 8.833741836819405391e-01 5.664550252337440250e-01
4.366607095549751705e+01 7.436007108523061682e-01 4.483059184430220889e-01
3.159748149631814229e+01 9.471664108906387991e-01 6.612268609482815362e-01
3.669434945716235319e+01 8.028201270572965509e-01 5.751246950834932870e-01
2.684757288158473543e+01 9.282435482351100164e-01 5.538172178168833115e-01
4.516138679800296529e+01 6.704351542456821189e-01 3.483626017147181120e-01
2.964194152044283115e+01 9.701722335021931709e-01 5.988410869549538607e-01
3.269411020710577986e+01 7.597977588503082025e-01 5.680175320647817827e-01
3.621343031834075532e+01 8.306879858441971187e-01 4.577058162110805295e-01
3.058196322573884984e+01 9.320597672080623841e-01 6.102124522390039996e-01
3.827059927635523451e+01 5.337592656714970074e-01 5.011761008794799466e-01
3.548872771498720624e+01 7.615585754202145452e-01 6.855343894094728663e-01
3.573318613812420352e+01 6.390242021628235181e-01 7.927768811987304653e-01
3.256175080407698630e+01 7.368674549735283463e-01 8.517918573484776212e-01
2.998185983888496153e+01 9.411234129654262315e-01 6.350241533856463283e-01
4.097410162786192700e+01 7.375793615893015964e-01 4.254968060186318235e-01
3.506514094232360890e+01 6.641264183770102525e-01 6.491912607771747057e-01
2.806094842990017213e+01 8.697988484320845481e-01 6.288128006143305360e-01
4.643904606387074097e+01 7.424251897370519604e-01 4.709873434102619938e-01
3.932892517046646930e+01 9.461014700736239957e-01 3.009177285734899732e-01
3.893570944141650614e+01 8.374198394877893081e-01 4.568832008916986487e-01
3.275657200710818273e+01 7.117767565663297713e-01 6.660595006143302799e-01
3.155788770669380128e+01 6.381795302576765971e-01 8.215044851625860067e-01
3.981675887495395472e+01 8.141459613638778459e-01 4.057845636252764288e-01
2.716694010971965056e+01 8.974388274392997022e-01 5.845405785909183471e-01
4.597642093676608965e+01 5.189436960075844985e-01 4.449551889080312628e-01
4.565286343717928474e+01 4.540583017145676803e-01 3.376518667669608509e-01
3.756700167594993900e+01 7.777071482829466254e-01 4.704746063182626559e-01
4.525026994857233831e+01 4.608460581513639243e-01 6.811032085875997621e-01
3.656825949739003789e+01 6.937560948378873604e-01 6.087304347694949547e-01
3.721251992571913547e+01 9.184350163930111721e-01 4.288343037809598246e-01
3.823630552340523536e+01 6.973358200625108250e-01 5.376967046151948093e-01
3.036863320998175908e+01 8.019650369476370999e-01 7.610011497791778767e-01
3.293550771409400824e+01 7.731699409662885492e-01 6.934172226570223252e-01
3.490873080676545470e+01 9.694277461436091592e-01 6.531861132234414447e-01
3.330861218523607903e+01 8.928757250206873497e-01 4.796465468424825906e-01
3.672055319824980302e+01 6.195584018416292471e-01 8.499964211660587798e-01
2.837615091077874041e+01 9.097146355246852334e-01 5.932321879084370142e-01
3.067169257482157718e+01 8.525553996874926099e-01 3.831432320375224299e-01
3.856824363783235299e+01 7.002115347977330151e-01 7.125888495271982537e-01
4.226935685654507324e+01 3.926646266903565663e-01 4.851549838587040919e-01
3.344223753542274835e+01 9.746602968149146173e-01 7.372970913940841697e-01
3.623119518544434925e+01 8.386072738001142390e-01 8.192888383235266136e-01
4.007674667890335485e+01 9.200935050694556416e-01 5.322816368307160539e-01
3.338628772754850615e+01 9.160257199623631497e-01 5.277664715598887613e-01
3.135606995837560618e+01 9.694256668931228171e-01 5.469667615996377519e-01
2.747408400097304337e+01 8.953125049231547283e-01 6.865769937355831187e-01
3.786855547438872804e+01 8.508984778109326408e-01 4.367113907156032204e-01
3.689808349461444692e+01 7.023226257097655578e-01 6.210535706747551954e-01
2.980408155788169111e+01 9.816330815437935842e-01 5.905562098243464231e-01
3.638650908340736834e+01 8.806371428900423570e-01 4.558948174601654135e-01
3.929653032335221496e+01 5.272438037689273216e-01 5.123502892234552686e-01
2.919038942251154722e+01 8.986922970138701006e-01 7.190658635510071006e-01
3.510043206224951007e+01 8.551393661145051395e-01 7.022295592839730149e-01
3.976704720139312599e+01 5.402415648287072214e-01 4.877913791378331032e-01
3.081896850635651575e+01 8.831872614677802602e-01 5.989141878592230128e-01
4.634236170555102063e+01 4.906872509979288144e-01 6.854240078714884943e-01
3.634329936451921839e+01 9.355353681974494240e-01 2.987824117609371166e-01
2.940989020127056719e+01 9.515675661574075628e-01 7.152301030291057238e-01
3.769711935744147979e+01 9.036421608185427612e-01 4.613955108250216708e-01
3.620444894797570612e+01 9.226719207201243833e-01 4.786939880490378996e-01
4.426284111896936224e+01 3.826762885378373058e-01 6.187320829094652419e-01
5.025159160383945789e+01 4.365259654989464000e-01 5.199619666208575852e-01
3.881795768239696542e+01 7.050060455651558922e-01 4.469706639273057780e-01
3.927646393224048182e+01 7.789064170822028732e-01 3.571639262628318323e-01
4.059200977180152137e+01 8.183839538314451323e-01 4.638137981844231428e-01
3.001160326732795980e+01 8.544290946878934090e-01 5.288333512641795187e-01
3.612803277840090743e+01 7.442465818726256011e-01 5.927030777718108601e-01
3.220540530358713482e+01 9.276148837463248364e-01 5.173130267842710461e-01
3.690775486743887512e+01 8.234528267408975921e-01 4.605047148927415290e-01
3.788973658218539242e+01 8.300367507843712245e-01 4.557218649530836441e-01
3.463029089488991730e+01 8.688105860060284513e-01 4.299886810164612050e-01
3.909079782158546834e+01 5.321453278251109253e-01 2.882606855415033587e-01
3.919928410142413355e+01 5.590035068623305792e-01 5.521018660080474483e-01
3.754011145899025337e+01 9.567257025312879692e-01 4.526371894119783357e-01
2.723162098476888815e+01 9.544793710489304361e-01 6.702308329511295071e-01
3.569840362645879850e+01 6.866913778677008473e-01 6.557720232674569827e-01
4.387249854139328420e+01 6.458169794627611759e-01 3.426816561272889028e-01
4.572951666083281452e+01 3.329828056510640288e-01 6.161075252146364090e-01
4.679234066769967626e+01 6.015594023196523255e-01 2.997682554910729991e-01
3.821616808587845071e+01 7.237728205376101620e-01 5.708878468687541563e-01
3.338610226558152760e+01 7.621844380791710227e-01 4.406738353996413338e-01
3.302441112599826312e+01 9.740927827881652457e-01 6.362028014319857094e-01
4.244075641901386575e+01 6.764458668218831239e-01 7.170298823268052013e-01
3.545825296825895379e+01 9.396166112400178294e-01 3.896887713026973010e-01
3.692883992357938183e+01 9.951612099659024047e-01 6.496027258387659931e-01
3.146364661109763361e+01 6.396942755107136724e-01 6.402058425674533870e-01
4.445700042522280881e+01 6.714799599102734273e-01 3.618146393352084655e-01
3.146698103897559662e+01 9.340445775446531984e-01 7.429028521061277202e-01
3.162168485704402343e+01 8.448929790516660487e-01 4.795773283907678874e-01
4.926440477016405595e+01 3.926646266903565663e-01 2.742779760128005173e-01
3.394124061479287491e+01 9.725860437492611643e-01 5.925188950353825756e-01
3.522849916460094022e+01 9.513547154242587567e-01 6.075108887097969701e-01
3.979046990822024554e+01 5.562679544704788315e-01 5.811410406842826282e-01
5.268906202898241276e+01 3.798029713221255932e-01 5.017931986808645828e-01
4.087013787022481637e+01 8.190628835937727725e-01 3.965648264079619789e-01
3.358933704016831712e+01 7.811950350665844978e-01 6.646540815358653598e-01
3.101535273588397956e+01 8.167636723732164539e-01 4.650622672889266340e-01
3.727852791386673914e+01 8.254691939877858431e-01 5.012968626151655949e-01
3.723001508970861551e+01 6.380763393172905751e-01 7.893779478594729060e-01
3.576311190161721498e+01 8.746752144214335889e-01 7.966968360237787206e-01
3.432838667523484588e+01 8.166170059476391963e-01 5.756746890474120359e-01
3.918389473583702198e+01 8.535032584324298011e-01 3.362435345691404676e-01
2.847341984933462555e+01 9.640784214495011772e-01 7.349426328623599458e-01
3.856307914587583952e+01 7.345336530001043140e-01 3.076413791867270708e-01
3.246101201848355799e+01 7.670744433363966275e-01 5.358873275919843193e-01
3.386787259276361794e+01 6.539269194114657457e-01 7.481329492378615553e-01
3.733261026464285948e+01 7.950474291899028989e-01 6.407878679196873373e-01
3.227505636202389638e+01 8.092712893137663510e-01 6.489593822250003807e-01
3.503804374640120045e+01 9.590271745526786074e-01 8.553606893842942149e-01
3.385358246127844950e+01 8.247700679879157448e-01 7.366310660694491697e-01
4.747555785761274194e+01 3.178758383568939805e-01 5.758592289611903503e-01
4.072412104529733057e+01 3.732442795367879040e-01 5.377917409277453986e-01
3.538561578546379849e+01 9.456429011828991760e-01 6.193973095570624032e-01
2.969506642186770762e+01 8.898846906989843486e-01 6.455569186407155158e-01
3.010675117136866419e+01 7.706207576756674005e-01 7.900463153012478035e-01
3.835518112826226655e+01 8.586887217573493380e-01 5.828127051984152152e-01
3.554369596550891686e+01 5.210027506634552497e-01 4.264374489698360970e-01
2.768049739858669156e+01 9.350720120625891640e-01 5.433673530079431435e-01
2.916999930949335251e+01 9.275372507976360481e-01 6.554532445355319981e-01
3.895162169043008049e+01 7.274213379926544043e-01 5.347488347240606510e-01
2.801743954229311484e+01 9.713304529406604493e-01 7.235177728181428902e-01
3.136672130912336698e+01 9.490171987756506056e-01 3.782269614333559349e-01
3.362809852740120675e+01 7.676519322621842001e-01 5.014342532290039234e-01
2.741548419870653319e+01 8.876681000806313504e-01 8.077885344202059281e-01
3.351823881867210275e+01 9.903949971084760051e-01 4.942406810497270708e-01
3.170431983356574790e+01 8.615913387047281491e-01 7.980099967212810341e-01
3.162809058440605980e+01 8.404642201463115025e-01 7.072607609965212427e-01
2.969822406866905951e+01 9.528240124797203725e-01 7.439920946195871521e-01
3.497237330188502824e+01 7.628782776281713973e-01 3.526231860692813913e-01
3.524791483561172356e+01 6.245077927931070860e-01 7.198194356380555048e-01
2.867683840789945293e+01 8.508433187622389537e-01 8.621145832202451453e-01
4.766181790274856667e+01 6.996536942662617831e-01 3.597477992181796203e-01
4.239920376322928774e+01 5.175747218697893670e-01 6.163600472949143372e-01
3.347861766472053802e+01 9.663744870174147961e-01 6.284986000916206184e-01
3.858263206696214098e+01 7.099940636251509396e-01 6.271761576825757301e-01
3.942705166182729926e+01 9.105396674933735612e-01 2.676330563258676465e-01
4.251297718563650818e+01 7.641422130199654328e-01 4.944199678743055326e-01
3.250687185199363682e+01 9.589197134562880143e-01 4.906556133923472562e-01
2.621770677974199515e+01 9.227233886854924183e-01 6.070350604636146619e-01
4.608548002307381353e+01 3.043584010660909667e-01 3.495262492407864574e-01
3.321559839713816586e+01 9.015205662621803562e-01 5.699597332707685426e-01
3.574340479576422069e+01 8.747604607677395006e-01 3.325384996799279902e-01
3.949072148862016718e+01 6.080191552082719886e-01 5.976141387586597631e-01
2.770782283595154638e+01 9.862935646851144211e-01 5.225522138557163743e-01
3.333009581952399714e+01 9.919576991245604436e-01 5.484871474557040383e-01
3.434488670729366078e+01 8.188146545383382380e-01 4.656626306270492122e-01
4.516003139285647450e+01 7.518639654789357474e-01 4.426016101110427092e-01
3.713045835131560324e+01 9.082126458263856117e-01 4.009620756043506540e-01
3.401755036573151614e+01 9.294635694490256395e-01 4.429380267618359679e-01
3.980241825628601759e+01 7.177634250699849172e-01 6.460018478815217069e-01
3.989995198869148396e+01 7.784288243643050498e-01 4.471115407949534104e-01
2.782451055210141178e+01 9.952826440188128343e-01 6.742354519685069825e-01
4.636280275408667961e+01 5.626718405009639712e-01 3.281335972418611968e-01
3.427750782170337374e+01 9.868235080604249587e-01 4.782424458500786901e-01
3.142704159494050131e+01 9.277151178439916324e-01 6.706250838593894592e-01
3.452160650202068126e+01 8.378298037752740512e-01 8.303621529404037194e-01
3.869183299823677658e+01 8.080772363769266331e-01 4.816486466953497914e-01
2.948572765873777612e+01 9.662313773543882434e-01 6.545119579419043099e-01
3.678015502412254278e+01 8.778297739018581236e-01 3.605293932877817187e-01
2.880731890711617282e+01 9.322487811537020219e-01 6.493507831533371633e-01
3.806901867942131901e+01 7.274213379926544043e-01 5.703308904128739920e-01
3.677274838057115147e+01 7.927248329848028963e-01 5.661941121167148872e-01
4.414298940464113485e+01 8.016482994273429474e-01 4.420389479401071742e-01
2.978014649112021672e+01 8.355177467661741852e-01 7.109759354337997772e-01
3.574353019532315301e+01 5.420784695794222952e-01 8.321253004989576096e-01
3.176686307312811408e+01 6.519378747194866097e-01 5.491607996267303671e-01
4.637887808434606285e+01 8.154506650297278503e-01 3.846266372207667317e-01
3.905670980052551755e+01 5.614420039898103676e-01 6.582165095516717690e-01
3.244652992791460377e+01 7.459070518544634876e-01 5.129313091125694557e-01
3.664135514542883243e+01 9.532630141534935708e-01 5.640956720223746501e-01
3.604021603137059770e+01 8.176028870878856436e-01 7.094034327201310663e-01
5.222381528577163579e+01 6.463255995552251720e-01 2.635526653675626663e-01
2.995098817699795291e+01 8.782759372302677559e-01 6.601437557304605797e-01
3.329305636182190398e+01 8.530300687791182446e-01 5.565445069628968122e-01
2.776390833676869363e+01 9.543961242677292400e-01 7.352574218161084252e-01
3.245378452493112320e+01 7.230827547412730372e-01 5.858561259770127538e-01
3.043841450924037773e+01 9.578200060461320442e-01 7.940097367233982517e-01
2.987033011466539989e+01 8.909086441351568020e-01 4.918445771753123807e-01
3.791552760205031802e+01 6.254657996126996578e-01 5.620755069434207885e-01
3.380374932960117462e+01 9.489163499891587472e-01 8.885610994664535633e-01
3.303433850090478074e+01 6.158962706737673987e-01 5.108279827862467481e-01
4.713994964891968920e+01 2.945614379583156861e-01 6.244777003438087837e-01
3.679038442294054789e+01 6.237482965816814051e-01 6.589830999956071134e-01
3.559373825086784393e+01 7.761619009394082891e-01 7.089483990492877474e-01
3.723643438897636315e+01 7.974901641790410611e-01 5.911837954479505219e-01
2.989327812232549419e+01 9.864639730930727657e-01 6.628269337539320905e-01
4.189431501837530192e+01 7.637414250824980932e-01 3.674830099232337943e-01
4.460559883372069834e+01 5.297188484113470874e-01 6.304940613199117028e-01
3.313772460064373604e+01 7.929135348197533517e-01 4.924191867729889593e-01
3.917306224377186652e+01 9.530494977834411685e-01 3.277472329411620366e-01
3.077282528167111764e+01 8.559457678916883028e-01 4.626234539084798092e-01
4.172156864905766582e+01 7.022340102490550739e-01 4.353003959105100629e-01
3.831350996101966899e+01 7.120644827969307977e-01 3.221799843329157254e-01
6.599308270841287083e+01 2.616677048993225618e-01 4.527470162835448564e-01
3.156937350652915697e+01 7.143328487508598945e-01 5.665264307437682945e-01
4.964950743650078380e+01 6.460988367613789141e-01 4.532807015715549226e-01
3.945800074100905164e+01 8.517938590489302353e-01 3.843649950370776058e-01
6.211339789595173499e+01 1.667599045056309404e-01 3.754206965638896554e-01
4.667653988595271386e+01 6.787390551367374902e-01 4.475549422705648595e-01
4.356136681257339660e+01 5.636802334063482078e-01 7.764839733555735091e-01
3.037577353317375994e+01 9.584117116212214071e-01 6.892423148981368097e-01
3.890040662703528085e+01 7.582531259772739007e-01 3.894512085237637478e-01
3.391440785350540921e+01 8.848590073470522510e-01 7.763308815599219148e-01
4.307325805679442965e+01 9.760450949795403952e-01 5.291983233111842155e-01
3.194552212051388196e+01 6.242458335603541242e-01 5.414662128304529309e-01
3.032562698520897726e+01 9.353820563806322097e-01 6.016348161141009676e-01
2.767984349915077757e+01 8.353229479322825668e-01 5.089004748629230024e-01
3.726310291372547567e+01 6.703334005313892341e-01 5.262197872161608059e-01
3.231855219755198760e+01 8.295291218498753727e-01 7.692083683232272540e-01
3.962415205932521900e+01 7.115514764063659570e-01 4.027898418312949591e-01
3.341511700763909687e+01 8.174490100428482009e-01 4.828912012689361433e-01
3.719361591401914069e+01 8.929257963794794417e-01 5.312759622957988759e-01
4.334799979915906221e+01 3.732442795367879040e-01 4.447083438718418269e-01
3.734120252011332042e+01 9.687994980885320517e-01 6.337656765911475754e-01
3.614235853899080553e+01 7.613183348746629386e-01 9.004094579467332160e-01
4.158072498049545374e+01 5.715389642575192664e-01 5.339777031285417586e-01
3.267802839509366919e+01 8.592075459246621971e-01 4.699621537513604674e-01
3.161379471090620896e+01 9.773812573459496056e-01 7.605675784564668307e-01
3.205557063109191773e+01 9.368803272426715623e-01 6.448504569392515817e-01
3.389625155618033148e+01 7.202047163092680782e-01 8.809371264645100563e-01
3.919596411335174224e+01 6.303756932856522388e-01 3.068466399210557083e-01
3.472562495336590871e+01 8.005259843513714557e-01 5.201310867951242090e-01
3.629109810117899571e+01 8.690841460073629454e-01 3.989585230641073954e-01
3.713587484602018662e+01 8.987870007462895883e-01 3.221058397998596834e-01
4.146768832365929569e+01 9.657650426837132152e-01 5.740242979196815698e-01
3.505622322784205380e+01 9.025040880351263839e-01 6.413072402592026044e-01
4.257958380123429976e+01 6.306068943837023211e-01 7.870146489734892725e-01
3.183600366829884720e+01 8.339053488388946667e-01 4.648174590592978883e-01
3.351512077690625802e+01 8.857878557363251248e-01 6.007455666687383511e-01
4.689112144621883971e+01 7.514903880173352535e-01 2.193936130442178944e-01
3.230064463518746010e+01 8.852135912158733966e-01 3.504810969772409468e-01
3.048277501715469739e+01 9.345555837665614485e-01 5.256705458682021659e-01
4.081039330263438814e+01 7.059420883822637993e-01 4.338469508506963002e-01
3.039182506276267759e+01 9.183130930576259843e-01 9.144537348396738485e-01
3.308944963506980486e+01 7.857588960889957397e-01 6.339026063068556871e-01
3.167477954905156778e+01 6.983835075489167599e-01 6.333196232631426170e-01
3.150751133240114044e+01 8.517195211939373456e-01 7.439097115707563601e-01
3.794140376295685968e+01 8.595061260027712091e-01 4.451737564210468401e-01
4.381807795463144828e+01 5.760018624862192071e-01 4.157970613004220994e-01
3.758863085823914929e+01 6.972962576713157556e-01 5.932051961630131487e-01
3.766036573730514192e+01 8.773845182202080206e-01 5.859504503121670815e-01
4.340129391549717042e+01 8.490906366953872020e-01 5.336170882277149197e-01
2.879526855424051135e+01 8.238727918178143650e-01 7.684441770035480568e-01
3.632605999080698211e+01 7.669532288873587289e-01 5.756173395761796652e-01
3.947581446128065608e+01 5.855616055692702826e-01 6.519661187475446207e-01
3.643530789972216866e+01 9.432900529662195943e-01 4.513738197448646239e-01
3.985934791439103009e+01 6.991634427015012143e-01 6.539155668474561089e-01
3.819710461180986272e+01 6.488056563906461349e-01 5.550213191194446338e-01
3.991438356145287969e+01 4.139805180731930268e-01 5.955008775709104141e-01
3.327904130992919818e+01 8.324980289489162244e-01 5.530601533458042729e-01
3.134543016058917786e+01 8.824713554647835023e-01 6.055069508433272851e-01
3.214547349906581530e+01 8.166170059476391963e-01 6.826745451913134310e-01
3.247308394138926957e+01 9.201409158132204391e-01 5.268802953698997760e-01
3.386207539556064461e+01 9.050008527907411615e-01 8.145763153092369091e-01
3.771001699356517634e+01 9.576602751690768134e-01 4.362003074472677322e-01
3.156627569365688757e+01 9.371143892138041886e-01 6.844500287591626098e-01
2.870179760067011543e+01 8.649210957885714590e-01 7.237106779278842383e-01
3.973464988156938915e+01 6.063810311933772734e-01 7.328518863315194309e-01
3.560835113004213781e+01 7.700497416806517670e-01 6.713910672990368589e-01
3.613562848132907135e+01 6.169484690115579761e-01 6.323459554737623778e-01
3.451152741736067497e+01 9.819504251452120247e-01 5.998291333876428766e-01
3.700721489530643282e+01 7.684439249283769868e-01 6.024265043387824203e-01
4.185752850029629002e+01 6.610902763908774737e-01 4.147942585664323722e-01
2.985802337815503549e+01 9.290962910260102126e-01 6.178015332167235973e-01
3.352158801100462426e+01 8.876681000806313504e-01 4.784919492396883522e-01
3.418758502730111815e+01 8.168101898223101287e-01 7.455280316625213510e-01
3.855245067673258319e+01 7.557475432255530423e-01 3.552123686791275325e-01
3.875913282787231395e+01 6.654835479692509104e-01 4.868071031392953163e-01
4.091520839692638845e+01 6.466155690217049168e-01 3.879755774204023955e-01
4.505831331942297169e+01 6.122780345922474998e-01 5.151523652477960624e-01
3.400843742327159447e+01 9.677613482487672503e-01 4.028542507323001898e-01
3.693245655711964304e+01 5.774170531086487701e-01 5.873925935397419362e-01
3.317304388402525461e+01 9.828355879300676445e-01 7.060083843331922404e-01
3.892442175259017034e+01 6.256709772055961682e-01 6.236589563670127401e-01
3.001684032713992067e+01 8.743113334193951536e-01 8.038883976419939348e-01
2.938251889013433527e+01 8.303015563833729962e-01 8.412387039480491158e-01
4.253537111330584253e+01 9.200935050694556416e-01 4.437128769000014405e-01
3.392811251628025815e+01 8.303819497226363477e-01 5.850771237036699324e-01
3.913995895516235635e+01 5.099599718213296828e-01 2.885162209233287367e-01
3.919848175503680210e+01 5.726261985229468277e-01 3.948645088269100434e-01
3.641447657706777363e+01 4.811295278085505056e-01 5.527039330178634691e-01
3.563269973727330608e+01 6.238681847851114126e-01 4.870796597141256457e-01
3.153051246082099013e+01 9.559054003095364127e-01 6.945364927509585229e-01
3.565846161972135775e+01 8.520783845704790194e-01 5.802920664652141403e-01
4.063474292725032200e+01 9.480318930278740508e-01 3.821268440297324598e-01
3.341264571571259978e+01 8.875340468173822384e-01 6.029660882201025585e-01
4.039118820600792503e+01 7.928695584574592115e-01 7.095653548941416311e-01
4.054867293631690472e+01 4.856957863522338159e-01 7.082114896530449233e-01
4.433505324315444796e+01 7.189025858845875527e-01 3.879771534841105485e-01
3.538121175485508729e+01 6.072490922364903732e-01 4.531518127822408148e-01
4.818011258252457907e+01 6.122780345922474998e-01 4.169790467605155593e-01
4.237336039654900333e+01 8.903408906003144052e-01 3.539039732301317298e-01
5.161650251271399270e+01 4.002558198751686724e-01 5.073163661337958263e-01
2.952658875410622485e+01 9.243848920953535719e-01 8.227786300750798976e-01
3.404579358526543587e+01 8.664220687896816431e-01 4.257450888443302661e-01
4.463924507411185516e+01 5.577948522981815982e-01 5.920508261734748201e-01
3.667627703557141672e+01 8.827561245275493684e-01 3.041309769148655140e-01
3.383662931079324210e+01 9.570738852543105857e-01 4.473722116398323734e-01
3.853720222975586296e+01 6.774825143030789310e-01 6.962198918926061353e-01
3.407684243843595340e+01 8.087350660142618164e-01 6.921149341865651117e-01
3.845947776193023770e+01 8.353461796279878504e-01 4.815488487054344069e-01
3.318585261418981247e+01 7.843559374578398247e-01 5.033975344863392820e-01
3.338503151538090918e+01 8.344820801918242381e-01 5.516912415114415547e-01
3.600832100449161999e+01 7.770570722707330624e-01 7.936265340431650772e-01
3.489687169842454750e+01 9.211210603486291726e-01 4.224158379858717338e-01
3.747990863251226301e+01 4.809485307241416208e-01 6.485447871770445571e-01
2.957140261139547377e+01 9.574376019670531868e-01 7.072049190032532184e-01
3.866897824385275584e+01 8.860570628069693866e-01 3.789787685553063223e-01
4.274070880360273605e+01 4.982013100551452855e-01 3.833735484287539297e-01
3.530117741267167730e+01 6.267289221923553200e-01 5.060093146047964785e-01
3.709045177601171872e+01 8.586887217573493380e-01 6.367842690787507420e-01
2.863636852353971918e+01 9.443723213002748196e-01 6.659310331470432720e-01
3.422557240512907129e+01 9.214243761226683649e-01 4.762106649947046577e-01
3.418997000938136210e+01 8.304540832389823990e-01 4.261841114987948709e-01
3.851254583540089982e+01 7.313046854594478230e-01 3.398790674743468743e-01
3.157633696187851413e+01 9.441562707898292217e-01 5.838104673248580845e-01
2.945694139325657446e+01 9.532255653965278075e-01 7.999018734557928889e-01
4.605978043154257051e+01 5.547568424572568713e-01 4.927168639500477121e-01
3.325684042181809019e+01 9.315442447300802398e-01 4.223339740045596868e-01
3.186422960454277842e+01 8.793883071849626365e-01 5.716018124869576278e-01
4.012753870404517897e+01 8.150963338386323365e-01 4.273730173793595100e-01
3.770599246556868422e+01 9.165304824224234093e-01 2.862964167907495749e-01
3.338796169381593160e+01 8.929257963794794417e-01 7.058151234955106768e-01
3.325722366030306176e+01 9.804588412402676090e-01 4.000668388798301889e-01
3.149676163345105806e+01 9.565214173586600310e-01 7.245840582642893990e-01
3.853481708287819885e+01 9.701335096419529958e-01 3.781530579418908578e-01
4.034857012916756958e+01 6.062709353034368975e-01 2.943576149739872139e-01
3.297861739893478017e+01 6.891455328674809255e-01 8.619638979159686132e-01
3.945040208144407501e+01 7.039305613899148328e-01 3.664546406576634774e-01
3.805728546731618422e+01 6.412122042466945615e-01 6.152305726794914387e-01
3.354375445426281033e+01 9.236189010600124316e-01 4.432150421923879424e-01
